doc_id;bank;field;model_value;model_conf;confidence_source;disagreement;snippet;gold_value;verdict;note
albaraka--detay-vade-farksiz-kampanyasi;albaraka;campaign_type;İhtiyaç Finansmanı;0.70;classifier;;Albaraka Mobil Mobil Bankacılık Aç Vade Farksız 140.000 TL'ye Varan Destek! Anasayfa Kampanyalar Kampanya Başlangıç ve Bitiş 01.01.2026 - 31.12.2026 Müşteri Ol Müşteri Ol Kâr payı yok. Beklemek yok. 140.000 TL 'ye kadar …;;;
albaraka--detay-vade-farksiz-kampanyasi;albaraka;kar_payi_orani;40000.0;0.50;rule_heuristic;;…ek yok. 140.000 TL 'ye kadar vade farksız destek Albaraka'da! Şimdi Albaraka Mobil'den müşteri olanlar, %0 kâr payı ile [40.000 ]TL'ye kadar Pratik Finansman Kart (İhtiyaç Finansmanı) kullanabiliyor ve 100.000 TL'ye varan seçili sektörlerde vade far…;0;fix;Model kar payı kısmı ile Finasman Desteği Tutarını karıştırmış
albaraka--detay-vade-farksiz-kampanyasi;albaraka;finansman_tutari;"{""currency"": ""TRY"", ""value"": 100000.0}";0.85;rule_heuristic;;"…rk müşterisi olun; %0 kâr paylı 40.000 TL 'ye kadar, 3 aya varan ödemesiz dönem ve 4 taksitli Pratik Finansman Kart ve, [100.000 TL] 'ye kadar vade farksız taksitli alışveriş fırsatını bir arada yakalayın. Toplamda 140.000 TL 'ye kadar vade farksız fin…";"{""currency"": ""TRY"", ""value"": 40000.0}";fix;Model Finasman Tutarı kısmı yerine Puan imkanını almış
albaraka--detay-vade-farksiz-kampanyasi;albaraka;vade_ay;6;0.85;rule_heuristic;;….000 TL Vadesiz Finansman Kampanyası Detayları 40.000 TL'ye Kadar Vade Farksız Finansman Desteği Tutar: 40.000 TL Vade: [6 aya] kadar Kar Payı: Vade Farksız Kullanım Alanları (Sektörler): Mobilya ve Beyaz Eşya, Oto Servis ve Bakım, Teknoloji Marke…;;;
albaraka--detay-vade-farksiz-kampanyasi;albaraka;taksit_sayisi;4;0.85;rule_heuristic;;"…en siz de şubeye gitmeden Albaraka Türk müşterisi olun; %0 kâr paylı 40.000 TL 'ye kadar, 3 aya varan ödemesiz dönem ve [4 taksit]li Pratik Finansman Kart ve, 100.000 TL 'ye kadar vade farksız taksitli alışveriş fırsatını bir arada yakalayın. Toplamd…";;;
albaraka--detay-vade-farksiz-kampanyasi;albaraka;kampanya_suresi;2026-01-01;0.72;rule_heuristic;;…aka Mobil Mobil Bankacılık Aç Vade Farksız 140.000 TL'ye Varan Destek! Anasayfa Kampanyalar Kampanya Başlangıç ve Bitiş [01.01.2026] - 31.12.2026 Müşteri Ol Müşteri Ol Kâr payı yok. Beklemek yok. 140.000 TL 'ye kadar vade farksız destek Albaraka'da! Şi…;2026-12-31;fix;Kampanya başlangıç tarihini almış ama bitiş tarihini almamış | baslangic=2026-01-01
albaraka--ihtiyac-saglik-harcamalariniz-icin;albaraka;campaign_type;İhtiyaç Finansmanı;0.70;classifier;;Albaraka Mobil Mobil Bankacılık Aç Sağlık Harcamalarınız İçin Anasayfa Bireysel Finansmanlar İhtiyaç Finansmanı Sağlık Harcamalarınız İçin Diş Sağlığı Genel Sağlık Diş Sağlığı Diş sağlığı ile ilgili dolgu, diş temizleme, …;;;
albaraka--tasit-finansmani-togg-finansmani;albaraka;campaign_type;Taşıt Finansmanı;0.80;classifier;;Albaraka Mobil Mobil Bankacılık Aç Togg Finansmanı Anasayfa Bireysel Finansmanlar Taşıt Finansmanı Togg Finansmanı Taşıt Finansmanı Togg Finansmanı Dijital Araç Finansmanı Deniz Taşıtları Finansmanı Taşıt Kiralama Finans …;;;
dunya-katilim--katilma-hesaplari-gunes-katilma-hesabi;dunya-katilim;campaign_type;İhtiyaç Finansmanı;0.60;classifier;;Anasayfa Kendim Için Içerik Hesaplar Katılma Hesapları Güneş Katılma Hesabı Güneş Katılma Hesabı Nedir ? Gündelik tasarruflarınızı değerlendirebildiğiniz günlük açılabilen katılma hesabıdır. Her gün bir adım daha ileri: …;Yatırım Ürünü;fix;Günlük vadeli Yatırım hesabını İhtiyaç Finasmanı ile karıştırmış | gercek urun: Gunluk Vadeli Hesap
dunya-katilim--katilma-hesaplari-gunes-katilma-hesabi;dunya-katilim;vade_ay;12;0.55;rule_heuristic;;"…çilerin İnternet Sitesini ziyaret sıklığına ve ziyaret zamanlarına ilişkin bilgi toplamak amacıyla kullanılan çerezdir. [1 yıl] 5.Kişisel Veri Sahibi Olarak Haklarınız Nelerdir? Kişisel veri sahipleri Kanunun ""ilgili kişinin haklarını düzenleyen"" …";1;fix;Vade olarak Günlük (1) değerlendirilir Çerezler kısmındaki 1 yıl yazısını 12 ay vade olarak işaretlemiş
dunya-katilim--kendim-icin-altin-bankaciligi;dunya-katilim;campaign_type;İhtiyaç Finansmanı;0.60;classifier;;Anasayfa Kendim Için Içerik Altın Bankacılığı Altın Bankacılığı Altın Hesapları Fiziki Altın Alımı Altın Hesapları Altın Cari Hesabı Altın Cari Hesabı, tasarruflarınızı altın olarak değerlendirilmesini sağlayan vadesiz b …;Yatırım Ürünü;fix;İhtiyaç Finasmanı değil Bir yatırım hesabıdır Belgede yeterli bilgi yoktur scrapping kötü yapılmış | gercek urun: Altin Yatirim Hesabi
dunya-katilim--kendim-icin-altin-bankaciligi;dunya-katilim;vade_ay;12;0.55;rule_heuristic;;"…çilerin İnternet Sitesini ziyaret sıklığına ve ziyaret zamanlarına ilişkin bilgi toplamak amacıyla kullanılan çerezdir. [1 yıl] 5.Kişisel Veri Sahibi Olarak Haklarınız Nelerdir? Kişisel veri sahipleri Kanunun ""ilgili kişinin haklarını düzenleyen"" …";;absent;Vade metinde yer almamaktadır, KVKK metindeki 1 yıl süresini 12 ay olarak kullanmış
kuveyt-turk--altin-hesaplari-altina-altin-katilma-hesabi;kuveyt-turk;campaign_type;Yatırım Ürünü;0.80;classifier;;Ana Sayfa Kendim İçin Altın Bankacılığı Altın Hesapları Altına Altın Katılma Hesabı Altın Cari Hesabı Çeyrek Altın Hesabı Altına Altın Katılma Hesabı Ziynet Altın Katılma Hesabı Birikimli Altın Katılma Hesabı Altına Altı …;;;
kuveyt-turk--altin-hesaplari-altina-altin-katilma-hesabi;kuveyt-turk;kar_payi_orani;40.0;0.50;rule_heuristic;;…için şubemiz ile iletişime geçmenizi öneririz. Altına Altın Katılma Hesabı kâr payı oranı nedir? Hesabın kâr payı oranı [%40]'a %60'dır. Altına Altın Katılma Hesabı hangi vadelerde açılabilir? Hesap açılışı esnasından 1-12 ay arasından dilediğin…;;;
kuveyt-turk--altin-hesaplari-altina-altin-katilma-hesabi;kuveyt-turk;vade_ay;1;0.85;rule_heuristic;;…ırdığınız her gram altın, reel sektörde değerlendirilir. Bu süreçte elde edilen kâr, size yine altın olarak geri döner. [1 ay] vadeli Altına Altın Katılma Hesabı'nı, 100 gram altın ile açabilirsiniz. 3 ay ila 1 yıl arasında istediğiniz vade seçen…;12;fix;100 grama kadar 1 ay , 100 gram üstünde 3 ay ile 12 ay vade imkanı | kademeli: 100 gr'a kadar 1 ay, ustu 3-12 ay #kosullu_aralik
kuveyt-turk--finansmanlar-ihtiyac-finansmanlari;kuveyt-turk;campaign_type;Konut Finansmanı;0.70;classifier;;Ana Sayfa Kendim İçin Finansmanlar İhtiyaç Finansmanları Konut Finansmanları Araç Finansmanları Alışveriş Finansmanları İhtiyaç Finansmanları Sürdürülebilir Finansmanlar İhtiyaç Finansmanları Hac-Umre Finansmanı Hac ve u …;İhtiyaç Finansmanı;fix;Birden fazla İhtiyaç Finansmanı ürünü aynı metinde geçiyor  
kuveyt-turk--finansmanlar-ihtiyac-finansmanlari;kuveyt-turk;vade_ay;36;0.85;rule_heuristic;;…her daim sizinle! Eğitim Finansmanı Alternatif finansman oranları avantajını bünyesinde barındıran Eğitim Finansmanı'na [36 aya] kadar vade seçenekleri ile başvurabilirsiniz. Seyahat Finansmanı Seyahat Finansmanı aracılığıyla dünyanın dört bir yanı…;;unclear;Birden fazla İhtiyaç Finansmanı ürünü aynı metinde geçiyor  
kuveyt-turk--kampanya-arsivi-business-plus-karttan-vade-farksiz-3-taksit-imkani;kuveyt-turk;campaign_type;Kart;0.70;classifier;;Ana Sayfa Kampanyalar Kampanya Arşivi Business Plus Kart'tan Vade Farksız 3 Taksit İmkânı! Business Plus Kartınız ile yapacağınız alışverişinize vade farksız 3 taksit fırsatı! Kampanya Tarihleri 1.07.2023 - 31.08.2023 Ka …;;;
kuveyt-turk--kampanya-arsivi-business-plus-karttan-vade-farksiz-3-taksit-imkani;kuveyt-turk;vade_ay;3;0.85;rule_heuristic;;…lacak 10.000₺ ile 50.000 ₺ arası tek çekim taksitsiz/ötelemesiz harcama, yasal/mevzuatsal taksit sınırları çerçevesinde [3 aya] kadar vade farksız olarak sonradan taksitlendirilebilmektedir. Bir müşteri kampanya süresince en fazla 1 işlemini taksi…;;;
kuveyt-turk--kampanya-arsivi-business-plus-karttan-vade-farksiz-3-taksit-imkani;kuveyt-turk;taksit_sayisi;3;0.85;rule_heuristic;;Ana Sayfa Kampanyalar Kampanya Arşivi Business Plus Kart'tan Vade Farksız [3 Taksit] İmkânı! Business Plus Kartınız ile yapacağınız alışverişinize vade farksız 3 taksit fırsatı! Kampanya Tarihleri 1.07.20…;;;
kuveyt-turk--kampanya-arsivi-business-plus-karttan-vade-farksiz-3-taksit-imkani;kuveyt-turk;kampanya_suresi;2023-07-01;0.72;rule_heuristic;;… Taksit İmkânı! Business Plus Kartınız ile yapacağınız alışverişinize vade farksız 3 taksit fırsatı! Kampanya Tarihleri [1.07.2023] - 31.08.2023 Kampanya Süresi Doldu! Kampanyayı Paylaş Facebook'da paylaş X'de paylaş LinkedIn'de paylaş Whatsapp'da pay…;2023-08-31;fix;Kampanya başlangıç tarihini almış ama bitiş tarihini almamış | baslangic=2023-07-01
kuveyt-turk--leasing-leasing-sureci-ve-hesaplama-araci;kuveyt-turk;campaign_type;Taşıt Finansmanı;0.60;classifier;;Ana Sayfa İşim İçin Leasing Leasing Süreci ve Hesaplama Aracı Leasing Nedir? Avantajları Nelerdir? Leasing Süreci ve Hesaplama Aracı Sürdürülebilir Ürünlerimiz Leasing Finansman Ürünlerimiz Leasing'e Konu Ürünler ve KDV …;Finansman;fix;Leasing ürünlerini içeren bir metin | gercek urun: Leasing (icara)
tom-katilim--hesaplama-araclari;tom-katilim;campaign_type;Finansman;0.70;classifier;;Hesaplama Araçları Finansman Hesaplama TKTCDGRFNS TKTCDGRFNS TKTCDGRFNS Finansman Tutarı TL 5.000 TL 150.000 TL Vade Ay 1 Ay 36 Ay Hesapla Aylık Kâr Oranı: 3,99 % Taksit Tutarı: 1.981,98 TL Geri Ödenecek Tutar 11.891,83 …;;;
tom-katilim--hesaplama-araclari;tom-katilim;finansman_tutari;"{""currency"": ""TRY"", ""value"": 5000.0}";0.85;rule_heuristic;;Hesaplama Araçları Finansman Hesaplama TKTCDGRFNS TKTCDGRFNS TKTCDGRFNS Finansman Tutarı TL [5.000 TL] 150.000 TL Vade Ay 1 Ay 36 Ay Hesapla Aylık Kâr Oranı: 3,99 % Taksit Tutarı: 1.981,98 TL Geri Ödenecek Tutar 11.891,83 …;"{""value"": 150000, ""currency"": ""TRY""}";fix;Finasman tutarı bir aralıktır sadece başlangıcı almış | alt=5000
tom-katilim--hesaplama-araclari;tom-katilim;vade_ay;1;0.85;rule_heuristic;;Hesaplama Araçları Finansman Hesaplama TKTCDGRFNS TKTCDGRFNS TKTCDGRFNS Finansman Tutarı TL 5.000 TL 150.000 TL Vade Ay [1 Ay] 36 Ay Hesapla Aylık Kâr Oranı: 3,99 % Taksit Tutarı: 1.981,98 TL Geri Ödenecek Tutar 11.891,83 TL Ödeme Planını Görüntü…;36;fix;1 ay ile 36 ay arasında vade seçmesine izin veriyor | aralik=1-36
turkiye-emlak-katilim--bireysel-hesaplar;turkiye-emlak-katilim;campaign_type;Yatırım Ürünü;0.80;classifier;;Türkiye Emlak Katılım Bankası A.Ş. internet sitesini ziyaretiniz esnasında kullanılabilecek çerezler ve benzeri teknolojiler hakkında bilgi vermek amacıyla işbu Çerez Politikası'nı hazırlanmıştır. Hesaplar Ana sayfa Bire …;;;
turkiye-emlak-katilim--bireysel-hesaplar;turkiye-emlak-katilim;kar_payi_orani;25.0;0.50;rule_heuristic;;…ür. DETAYLI BİLGİ Çeyiz Hesabı Çeyiz hesabı ile 3 yıl düzenli birikim yaparak hem Emlak Katılım'ın 95/5 kâr payı hem de [%25]'e kadar devlet desteğiyle hayallerinize birikim fırsatı sağlayın. DETAYLI BİLGİ Konut Hesabı Birikimlerinizi Emlak Katı…;;unclear;Metinde birden fazla yatırım ürünü vardır
turkiye-emlak-katilim--bireysel-hesaplar;turkiye-emlak-katilim;vade_ay;1;0.85;rule_heuristic;;…reysel müşterilerine sunulan katılma hesabı ürünlerine bu sayfadan ulaşabilirsiniz. Katılma Hesabı Katılma Hesabı en az [1 ay] vadeli olarak açılan ve kâr-zarar ortaklığı çerçevesinde vade sonunda getirinin paylaşıldığı bir hesap türüdür. DETAYLI…;;unclear;Metinde birden fazla yatırım ürünü vardır
turkiye-emlak-katilim--finansmanlar-ihtiyac-finansmani;turkiye-emlak-katilim;campaign_type;Konut Finansmanı;0.70;classifier;;Türkiye Emlak Katılım Bankası A.Ş. internet sitesini ziyaretiniz esnasında kullanılabilecek çerezler ve benzeri teknolojiler hakkında bilgi vermek amacıyla işbu Çerez Politikası'nı hazırlanmıştır. İhtiyaç Finansmanı Ana …;İhtiyaç Finansmanı;fix;Metinde birden finasman ürünü vardır
turkiye-emlak-katilim--finansmanlar-ihtiyac-finansmani;turkiye-emlak-katilim;finansman_tutari;"{""currency"": ""TRY"", ""value"": 20000.0}";0.72;rule_heuristic;;…adığımız ve müşterimizin belirlenen vadede ödeme yapmasına olanak sağlayan tüketici ihtiyaç finansmanı ürünüdür. Fiyatı [20.000 TL]'ye (yirmi bin Türk Lirasına) kadar olan cep telefonu alımı amacıyla kullandırılan kredilerin vadesi 12 ayı, fiyatı yirm…;;unclear;Metinde birden finasman ürünü vardır | birden fazla urun, ust sinir belirsiz (20000/25000/...)
turkiye-emlak-katilim--finansmanlar-ihtiyac-finansmani;turkiye-emlak-katilim;kampanya_suresi;2001-11-22;0.55;rule_heuristic;;…ci ihtiyaç finansmanı ürünüdür. Ev/Ofis Tadilat Finansmanı Bireysel müşterilerimizin, konut tadilatı kapsamında konutun [22/11/2001] tarihli ve 4721 sayılı Türk Medeni Kanununun 684 üncü maddesinde düzenlenen bütünleyici parçası niteliğini haiz olacak …;;absent;Kanum maddesi ile kampanya tarihini karıştırmıştır | kanun maddesinden uretilmis tarih = halusinasyon
turkiye-emlak-katilim--kampanya-market-alisverislerinize-1500-tl-parafpara-hediye;turkiye-emlak-katilim;campaign_type;Alışveriş Puanı;0.60;classifier;;Türkiye Emlak Katılım Bankası A.Ş. internet sitesini ziyaretiniz esnasında kullanılabilecek çerezler ve benzeri teknolojiler hakkında bilgi vermek amacıyla işbu Çerez Politikası'nı hazırlanmıştır. Ana sayfa Bireysel Kamp …;;;
turkiye-emlak-katilim--kampanya-market-alisverislerinize-1500-tl-parafpara-hediye;turkiye-emlak-katilim;kampanya_suresi;2026-07-31;0.85;rule_heuristic;;…fone veya Türk Telekom operatörleri üzerinden ve yurt içinden gönderilmesi gerekmektedir. Kampanya Koşulları Kampanya 1-[31 Temmuz 2026] tarihleri arasında geçerlidir. Kampanya kapsamında yurt içinde tek seferde yapacağınız 2.500 TL ve üzeri her gıda marke…;;;"Kampanya bitiş tarihini almış ama başlangıç tarihini almamış | baslangic=2026-07-01; model bitis tarihini DOGRU vermisti"
turkiye-emlak-katilim--kampanya-paraf-ile-hepsiburadada-pesin-fiyatina-9-aya-varan-taksit-firsati;turkiye-emlak-katilim;campaign_type;Kart;0.60;classifier;;Türkiye Emlak Katılım Bankası A.Ş. internet sitesini ziyaretiniz esnasında kullanılabilecek çerezler ve benzeri teknolojiler hakkında bilgi vermek amacıyla işbu Çerez Politikası'nı hazırlanmıştır. Ana sayfa Bireysel Kamp …;;;
turkiye-emlak-katilim--kampanya-paraf-ile-hepsiburadada-pesin-fiyatina-9-aya-varan-taksit-firsati;turkiye-emlak-katilim;taksit_sayisi;6;0.85;rule_heuristic;;…muz 2026 tarihine kadar www.hepsiburada.com ve mobil uygulamasından tek seferde yapılacak alışverişlerde vade farksız 3-[6 taksit] imkanı sunulacaktır. 100 TL altındaki alışverişlerde taksitlendirme yapılmaz. 100 TL – 1.000 TL arası alışverişlerde va…;;;Birden fazla taksit seçeneği | aralik=3-6
vakif-katilim--detay-dijitalden-musteri-ol-hisse-senedi-islemlerinde-75-komisyon-indirimi-kazan;vakif-katilim;campaign_type;Yeni Müşteri;0.60;classifier;;Müşteri Ol Kendim İçin SİZE ÖZEL ÇÖZÜMLER ÜRÜN VE HİZMETLERİMİZ İşim İçin SİZE ÖZEL ÇÖZÜMLER ÜRÜN VE HİZMETLERİMİZ Hakkımızda Ana Sayfa Kendim İçin Kampanyalar Dijitalden Müşteri Ol, Hisse Senedi İşlemlerinde %75 Komisyo …;;;
vakif-katilim--detay-dijitalden-musteri-ol-hisse-senedi-islemlerinde-75-komisyon-indirimi-kazan;vakif-katilim;taksit_sayisi;3;0.85;rule_heuristic;;…oşullarını değiştirme hakkını saklı tutar. Tümünü Göster İlginizi Çekebilecek Kampanyalar MTV Ödemelerinde Vade Farksız [3 Taksit] Detaylı Bilgi VKart'la Şarj Et, Yola Devam Et! Detaylı Bilgi TROY ile Gelir Vergisi Ödemelerine Vade Farksız 3 Taksit D…;;unclear;Kampanya metni ile başka kampanya metni karışmış birden fazla kampanya var
vakif-katilim--detay-dijitalden-musteri-ol-hisse-senedi-islemlerinde-75-komisyon-indirimi-kazan;vakif-katilim;kampanya_suresi;2021-12-14;0.72;rule_heuristic;;…in Kampanyalar Dijitalden Müşteri Ol, Hisse Senedi İşlemlerinde %75 Komisyon İndirimi Kazan! Kampanya Geçerlilik Tarihi [14 Aralık 2021] - 31 Aralık 2027 Kampanya Detayları Sadece görüntülü görüşme ile dijital müşteri ol an ve dijital kanallardan yatırım h…;2021-12-31;fix;Kampanya başlangıç tarihini almış ama bitiş tarihini almamış | baslangic=2021-12-14
vakif-katilim--detay-espressolab-hediye-kahve-kampanyasi;vakif-katilim;taksit_sayisi;3;0.85;rule_heuristic;;…oşullarını değiştirme hakkını saklı tutar. Tümünü Göster İlginizi Çekebilecek Kampanyalar MTV Ödemelerinde Vade Farksız [3 Taksit] Detaylı Bilgi VKart'la Şarj Et, Yola Devam Et! Detaylı Bilgi TROY ile Gelir Vergisi Ödemelerine Vade Farksız 3 Taksit D…;;unclear;Kampanya metni ile başka kampanya metni karışmış birden fazla kampanya var
vakif-katilim--detay-espressolab-hediye-kahve-kampanyasi;vakif-katilim;kampanya_suresi;2026-01-01;0.72;rule_heuristic;;…ZMETLERİMİZ Hakkımızda Ana Sayfa Kendim İçin Kampanyalar Espressolab Hediye Kahve Kampanyası Kampanya Geçerlilik Tarihi [01 Ocak 2026] - 31 Aralık 2026 Kampanya Detayları Vakıf Katılımlı Olanlara 2 Kahve Hediye! Vakıf Katılım & Espressolab iş birliği ile…;2026-01-31;fix;Kampanya başlangıç tarihini almış ama bitiş tarihini almamış | baslangic=2026-01-01
vakif-katilim--finansmanlar-kentsel-donusum-finansmani;vakif-katilim;campaign_type;Finansman;0.70;classifier;;Müşteri Ol Kendim İçin SİZE ÖZEL ÇÖZÜMLER ÜRÜN VE HİZMETLERİMİZ İşim İçin SİZE ÖZEL ÇÖZÜMLER ÜRÜN VE HİZMETLERİMİZ Hakkımızda Ana Sayfa Kendim İçin Finansmanlar Kentsel Dönüşüm Finansmanı Kentsel Dönüşüm Finansmanı Çevre …;;;
vakif-katilim--finansmanlar-kentsel-donusum-finansmani;vakif-katilim;vade_ay;120;0.85;rule_heuristic;;…kullandırılacak kâr payı destekli konut kredileri(kâr payı destekli kentsel dönüşüm finansmanında konut için azami vade [10 yıl], işyeri için 7 yıldır.) için azami vade 10 yıl, işyeri için 7 yıldır. Hak sahiplerine kullandırılacak kâr payı destekli…;;;Birden fazla vade seçeneği var | aralik=84-120
vakif-katilim--finansmanlar-konut-finansmani-2;vakif-katilim;campaign_type;Konut Finansmanı;0.80;classifier;;Müşteri Ol Kendim İçin SİZE ÖZEL ÇÖZÜMLER ÜRÜN VE HİZMETLERİMİZ İşim İçin SİZE ÖZEL ÇÖZÜMLER ÜRÜN VE HİZMETLERİMİZ Hakkımızda Ana Sayfa Diğer Yardım Merkezi Kendim İçin Konut Finansmanı ile ilgili Sıkça Sorulan Sorular F …;;;
turkiye-emlak-katilim--kampanya-paraf-ile-hepsiburadada-pesin-fiyatina-9-aya-varan-taksit-firsati;turkiye-emlak-katilim;vade_ay;9;0.45;rule_heuristic;;…ar Kampanya Paraf ile Hepsiburada'da Peşin Fiyatına 9 Aya Varan Taksit Fırsatı! Paraf ile Hepsiburada'da Peşin Fiyatına [9 Aya] Varan Taksit Fırsatı! 13 Temmuz 2026 tarihine kadar www.hepsiburada.com ve mobil uygulamasından tek seferde yapılacak a…;;;
albaraka--detay-vade-farksiz-kampanyasi;albaraka;masraf_durumu;"{""amount"": 0.0, ""has_fee"": false}";0.95;rule_heuristic;;"…ödemelerinize vade farksız 6 taksit fırsatını kaçırmayın!"" Albaraka Mobil'e Özel Diğer Avantajlar Avantajlı Kampanyalar [Masrafsız] Banka ve Kredi Kartı Ücretsiz EFT ve Havale 8.500'den Fazla ATM'den İşlem Fırsatı Yukarıdaki QR kodunu telefonunuzdaki …";;;
albaraka--detay-vade-farksiz-kampanyasi;albaraka;kampanya_kosullari;"[""Bankamız uygun görmediği başvuruları reddetme, kampanya koşullarını değiştirme, gerekli görmesi halinde ek bilgi ve belge talebinde bulunma ve kampanyayı durdurma hakkını saklı tutar."", ""140.000 TL Vadesiz Finansman Kampanyası Detayları 40.000 TL'ye Kadar Vade Farksız Finansman Desteği Tutar: 40.000 TL Vade: 6 aya kadar Kar Payı: Vade Farksız Kullanım Alanları (Sektörler): Mobilya ve Beyaz Eşya, Oto Servis ve Bakım, Teknoloji Marketler, Ulaşım Bileti Alımı, Sağlık, Okul, Kırtasiye, Giyim Başvuru: Yalnızca dijitalden müşteri olanlar.""]";0.95;rule_heuristic;;…ndirilecektir. Bu doğrultuda, başvurunun olumsuz sonuçlanması durumunda kampanyadan faydalanılması mümkün olmayacaktır. [Bankamız uygun görmediği başvuruları reddetme, kampanya koşullarını değiştirme, gerekli görmesi halinde ek bilgi ve belge talebinde bulunma ve kampanyayı durdurma hakkını saklı tutar.] Kampanya Başlangıç ve Bitiş Tarihi Kampanya 1 Ocak 2026 – 31 Aralık 2026 tarihlerinde geçerlidir. 140.000 TL Vadesiz Fi…;;;
albaraka--ihtiyac-saglik-harcamalariniz-icin;albaraka;vade_ay;36;0.95;rule_heuristic;;… İçin Diş Sağlığı Genel Sağlık Diş Sağlığı Diş sağlığı ile ilgili dolgu, diş temizleme, implant vb. ihtiyaçlarınız için [36 aya] varan vade seçenekleriyle kullanabileceğiniz bir ihtiyaç kredisi sizlerle! Detaylı Bilgi Genel Sağlık Yüksek risk içerm…;;;
albaraka--tasit-finansmani-togg-finansmani;albaraka;kar_payi_orani;2.99;0.95;rule_heuristic;;[]Albaraka Mobil Mobil Bankacılık Aç Togg Finansmanı Anasayfa Bireysel Finansmanlar Taşıt Finansmanı Togg Finansmanı Taşıt…;;absent;Kar payı bilgisi yok
albaraka--tasit-finansmani-togg-finansmani;albaraka;vade_ay;99;0.95;rule_heuristic;;[]Albaraka Mobil Mobil Bankacılık Aç Togg Finansmanı Anasayfa Bireysel Finansmanlar Taşıt Finansmanı Togg Finansmanı Taşıt…;48;fix;99 Vade metinde geçmemekte vade 48 ay olarak geçmektedir
albaraka--tasit-finansmani-togg-finansmani;albaraka;tahsis_ucreti;"{""rate"": 0.0}";0.95;rule_heuristic;;[]Albaraka Mobil Mobil Bankacılık Aç Togg Finansmanı Anasayfa Bireysel Finansmanlar Taşıt Finansmanı Togg Finansmanı Taşıt…;;absent;Tahsis ücretine dair bir bilgi yoktur
albaraka--tasit-finansmani-togg-finansmani;albaraka;kampanya_kosullari;"[""Togg Araç Finansmanı Özellikleri Sadece sıfır kilometre T10X ve T10F modeli Togg araçlar için geçerlidir."", ""Kampanyalı Togg Finansmanı tüm Togg modelleri için geçerlidir."", ""Başvurular yalnızca Albaraka Türk şubeleri üzerinden yapılmaktadır."", ""Hayır, Kampanyalı Togg Finansmanı yalnızca sıfır kilometre Togg araçlar için geçerlidir.""]";0.95;rule_heuristic;;"…lmaktadır. Sizleri en yakın Albaraka Türk şubesini öğrenmek için "" Albaraka Şubeleri "" sayfasını ziyaret edebilirsiniz. [Togg Araç Finansmanı Özellikleri Sadece sıfır kilometre T10X ve T10F modeli Togg araçlar için geçerlidir.] Bireysel müşteriler için uygundur. Maksimum 48 aya varan vade imkânı sunar. Proforma fatura tutarına göre %70 'e varan …";;;
dunya-katilim--katilma-hesaplari-gunes-katilma-hesabi;dunya-katilim;masraf_durumu;"{""amount"": 0.0, ""has_fee"": false}";0.95;rule_heuristic;;… adresi, telefon ve faks numarası d) talep konusu bulunmalıdır. Talebiniz en kısa sürede ve en geç otuz (30) gün içinde [ücretsiz] olarak sonuçlandırılmaktadır. Başvurunuza yönelik işlemlerin ayrı bir maliyeti gerektirmesi hâlinde, Kurul tarafından b…;;;
dunya-katilim--katilma-hesaplari-gunes-katilma-hesabi;dunya-katilim;kampanya_kosullari;"[""Sadece TL cinsinde açılabilmektedir."", ""Katılma Hesabı açmak için hesabınızda bulunması gereken minimum bakiye 5.000 TL ‘dir.""]";0.95;rule_heuristic;;…larken bu yeni çözümümüzden yararlanmayı düşünebilirsiniz. 1-30 gün arası kırık vadede açılabilen günlük hesap türüdür. [Sadece TL cinsinde açılabilmektedir.] Katılma Hesabı açmak için hesabınızda bulunması gereken minimum bakiye 5.000 TL ‘dir. Hesabınızı 17:40 kadar açmanız du…;;;
dunya-katilim--kendim-icin-altin-bankaciligi;dunya-katilim;masraf_durumu;"{""amount"": 0.0, ""has_fee"": false}";0.95;rule_heuristic;;… adresi, telefon ve faks numarası d) talep konusu bulunmalıdır. Talebiniz en kısa sürede ve en geç otuz (30) gün içinde [ücretsiz] olarak sonuçlandırılmaktadır. Başvurunuza yönelik işlemlerin ayrı bir maliyeti gerektirmesi hâlinde, Kurul tarafından b…;;;
kuveyt-turk--altin-hesaplari-altina-altin-katilma-hesabi;kuveyt-turk;kampanya_kosullari;"[""3 ay ila 1 yıl arasında istediğiniz vade seçeneği ile hesabınızın açılabilmesi için belirlenen minimum limit 50 gramdır."", ""Minimum bakiye koşuluna uygun olarak yapılacak çekim veya bozdurma işlemi, hesabınızın vadesini bozmaz."", ""Minimum bakiye limitlerine bağlı kalınması koşulu ile vade bozulmadan hesaptan fiziksel altın teslim işlemleri için Kuveyt Türk şubelerine başvurabilirsiniz."", ""Hesaba yönelmenin İslami koşullara göre herhangi bir sakıncası yoktur.""]";0.95;rule_heuristic;;…n kâr, size yine altın olarak geri döner. 1 ay vadeli Altına Altın Katılma Hesabı'nı, 100 gram altın ile açabilirsiniz. [3 ay ila 1 yıl arasında istediğiniz vade seçeneği ile hesabınızın açılabilmesi için belirlenen minimum limit 50 gramdır.] Bakiye aylık vade için 100, diğer vade seçeneklerinde ise 50 gramın altına düşmeyecek şekilde hesabınızdan altın çekebi…;;;
kuveyt-turk--finansmanlar-ihtiyac-finansmanlari;kuveyt-turk;kampanya_kosullari;"[""Ana Sayfa Kendim İçin Finansmanlar İhtiyaç Finansmanları Konut Finansmanları Araç Finansmanları Alışveriş Finansmanları İhtiyaç Finansmanları Sürdürülebilir Finansmanlar İhtiyaç Finansmanları Hac-Umre Finansmanı Hac ve umre ziyaretleriniz için finansman arayışınızda cazip geri ödeme koşulları ile Kuveyt Türk her daim sizinle!""]";0.95;rule_heuristic;;[Ana Sayfa Kendim İçin Finansmanlar İhtiyaç Finansmanları Konut Finansmanları Araç Finansmanları Alışveriş Finansmanları İhtiyaç Finansmanları Sürdürülebilir Finansmanlar İhtiyaç Finansmanları Hac-Umre Finansmanı Hac ve umre ziyaretleriniz için finansman arayışınızda cazip geri ödeme koşulları ile Kuveyt Türk her daim sizinle!] Eğitim Finansmanı Alternatif finansman oranları avantajını bünyesinde barındıran Eğitim Finansmanı'na 36 aya kadar vade…;;absent;Birden fazla İhtiyaç Finansmanı ürünü aynı metinde geçiyor  
kuveyt-turk--kampanya-arsivi-business-plus-karttan-vade-farksiz-3-taksit-imkani;kuveyt-turk;odul_miktari;"{""currency"": ""TRY"", ""value"": 50000.0}";0.95;rule_heuristic;;…X'de paylaş LinkedIn'de paylaş Whatsapp'da paylaş Business Plus Kart ile her ekstre döneminizde yapacağınız 10.000₺ ile [50.000₺] arası tek çekim işlemlerinizi vade farksız olarak 3 aya kadar sonradan taksitlendirin! Kampanya her ekstre döneminde ak…;;absent;"Ödül değil {""currency"": ""TRY"", ""value"": 50000.0} ile {""currency"": ""TRY"", ""value"": 10000.0} arasına 1-3 taksit seçeneği sunuyor"
kuveyt-turk--kampanya-arsivi-business-plus-karttan-vade-farksiz-3-taksit-imkani;kuveyt-turk;kampanya_kosullari;"[""Kampanyaya sadece Business Plus kartlarımız dahildir."", ""İşlemden önce kart üzerindeki taksit ve öteleme sayısının 0 olması gerekmektedir."", ""Kuveyt Türk önceden haber vermeden kampanya koşullarında değişiklik yapabilir ya da kampanyayı sonlandırabilir.""]";0.95;rule_heuristic;;"…m işlemlerinizi vade farksız olarak 3 aya kadar sonradan taksitlendirin! Kampanya her ekstre döneminde aktif olacaktır. [Kampanyaya sadece Business Plus kartlarımız dahildir.] Belirtilen kampanya dönemi içerisinde; Business Plus kartlar ile yapılacak 10.000₺ ile 50.000 ₺ arası tek çekim taksits…";;;
kuveyt-turk--leasing-leasing-sureci-ve-hesaplama-araci;kuveyt-turk;kampanya_kosullari;"[""Teklifi uygun bulduğunuz takdirde proforma fatura, başvuru formu ve diğer gerekli evrakları şubemize teslim edin.""]";0.95;rule_heuristic;;…istediğiniz malı seçin ve bankamıza başvurun. Başvurunuzu takiben nakit akışınıza uygun ödeme planı tarafınıza sunulur. [Teklifi uygun bulduğunuz takdirde proforma fatura, başvuru formu ve diğer gerekli evrakları şubemize teslim edin.] Leasing başvurunuz değerlendirilir ve sonuç en kısa sürede size iletilir. Leasing sözleşmesi imzalanarak operasyon süre…;;absent;Kampanya koşulu değil işlem talimatıdır
kuveyt-turk--leasing-leasing-sureci-ve-hesaplama-araci;kuveyt-turk;hedef_kitle;"[""belirli_segment""]";0.95;rule_heuristic;;…Kuveyt Türk Mobil 'i indirerek müşterimiz olabilirsiniz. Anonim ve Limited Şirketler Şahıs Firmaları Kolektif Şirketler [Serbest Meslek] Sahipleri Ortak Girişimler Leasing Nasıl Yapılır? Kiralamak istediğiniz malı seçin ve bankamıza başvurun. Başvurunuzu t…;;;Serbest meslek sahipleri için
tom-katilim--hesaplama-araclari;tom-katilim;kampanya_kosullari;"[""Katılım Bankası A.Ş.'nin kar oranlarında ve kampanya koşullarında değişiklik yapma ve/veya kampanyayı durdurma hakkı saklıdır.""]";0.95;rule_heuristic;;…siye kredide %0.5 tahsis ücreti yapılan harcama üzerine eklenir. Yapılan hesaplamalar bilgilendirme amaçlı olup, T.O.M. [Katılım Bankası A.Ş.'nin kar oranlarında ve kampanya koşullarında değişiklik yapma ve/veya kampanyayı durdurma hakkı saklıdır.] Ödeme Planı Taksit No Taksit Tutarı 1 1.981,98 TL 2 1.981,98 TL 3 1.981,98 TL 4 1.981,98 TL 5 1.981,98 TL 6 1.981,93 TL…;;absent;Kampanya koşulu değil yasal bilgilendirme
turkiye-emlak-katilim--bireysel-hesaplar;turkiye-emlak-katilim;kampanya_kosullari;"[""Katılma Hesabı Katılma Hesabı en az 1 ay vadeli olarak açılan ve kâr-zarar ortaklığı çerçevesinde vade sonunda getirinin paylaşıldığı bir hesap türüdür.""]";0.95;rule_heuristic;;…esapları Emlak Katılım tarafından bireysel müşterilerine sunulan katılma hesabı ürünlerine bu sayfadan ulaşabilirsiniz. [Katılma Hesabı Katılma Hesabı en az 1 ay vadeli olarak açılan ve kâr-zarar ortaklığı çerçevesinde vade sonunda getirinin paylaşıldığı bir hesap türüdür.] DETAYLI BİLGİ Zümrüt Katılma Hesabı 3 milyon TL ve üzerinde birikimi olan ve bu birikimlerini klasik katılma hesapları …;;absent;Kampanya koşulu değil yasal bilgilendirmedir
turkiye-emlak-katilim--bireysel-hesaplar;turkiye-emlak-katilim;hedef_kitle;"[""belirli_segment""]";0.95;rule_heuristic;;…trol etmek isteyen müşterilerimize yönelik bir hesap türüdür. DETAYLI BİLGİ Gerçek Kişi Ticari Cari Hesap Vergiden muaf [esnaf] tarafından oturdukları evlerde kendi imal ettikleri (Ayrı bir iş yeri açmaksızın ve sanayi tipi veya seri üretim yapabi…;;;
turkiye-emlak-katilim--finansmanlar-ihtiyac-finansmani;turkiye-emlak-katilim;kar_payi_orani;1.69;0.95;rule_heuristic;;[]Türkiye Emlak Katılım Bankası A.Ş. internet sitesini ziyaretiniz esnasında kullanılabilecek çerezler ve benzeri teknoloj…;;;
turkiye-emlak-katilim--finansmanlar-ihtiyac-finansmani;turkiye-emlak-katilim;vade_ay;12;0.95;rule_heuristic;;[]Türkiye Emlak Katılım Bankası A.Ş. internet sitesini ziyaretiniz esnasında kullanılabilecek çerezler ve benzeri teknoloj…;;;
turkiye-emlak-katilim--finansmanlar-ihtiyac-finansmani;turkiye-emlak-katilim;tahsis_ucreti;"{""currency"": ""TRY"", ""value"": 30000.0}";0.95;rule_heuristic;;…şmesi teminata alınmamaktadır. Örnek İhtiyaç Finansmanı Tablosu Finansman Tutarı Vade Kar Oranı Taksit Tutarı Finansman [Tahsis Ücreti 30.000,00 ₺ 12 Ay 1,69% 2,841.66 ₺ 157.50 ₺ * İhtiyaç Finan]smanı başvurusu için şubelerimizi ziyaret edebilirsiniz. HEMEN BAŞVUR;;;
turkiye-emlak-katilim--finansmanlar-ihtiyac-finansmani;turkiye-emlak-katilim;masraf_durumu;"{""amount"": 30000.0, ""has_fee"": true}";0.95;rule_heuristic;;…şmesi teminata alınmamaktadır. Örnek İhtiyaç Finansmanı Tablosu Finansman Tutarı Vade Kar Oranı Taksit Tutarı Finansman [Tahsis] Ücreti 30.000,00 ₺ 12 Ay 1,69% 2,841.66 ₺ 157.50 ₺ * İhtiyaç Finansmanı başvurusu için şubelerimizi ziyaret edebilirsin…;;;
turkiye-emlak-katilim--finansmanlar-ihtiyac-finansmani;turkiye-emlak-katilim;kampanya_kosullari;"[""Yalnızca sıfır devre mülkler için finansman sağlanmaktadır."", ""Finansmanın kullandırılabilmesi için finansmana konu edilecek devre mülke ilişkin oluşturulan satış teklifi veya proforma faturanın temin edilmesi gerekmektedir."", ""Onaylanan finansman bedelinin satıcıya ödenebilmesi için satış vaadi sözleşmesinin akdedilmiş olması veya tapunun alıcı adına tescil edilmiş olması gerekmektedir.""]";0.95;rule_heuristic;;…ılacak finansman tutarlarına göre uygulanacak vade sınırlamaları BDDK'nın güncel kararları kapsamında belirlenmektedir. [Yalnızca sıfır devre mülkler için finansman sağlanmaktadır.] Finansmanın kullandırılabilmesi için finansmana konu edilecek devre mülke ilişkin oluşturulan satış teklifi veya profor…;;;
turkiye-emlak-katilim--finansmanlar-ihtiyac-finansmani;turkiye-emlak-katilim;hedef_kitle;"[""belirli_segment""]";0.95;rule_heuristic;;… modellerimiz hizmetinizdedir Bu kapsamda, ihtiyaç finansmanı ürünlerimiz aşağıdaki gibidir. Eğitim Tüketici Finansmanı [Öğrenci]lerin eğitim/öğretim ihtiyaçlarına yönelik, anaokulu, özel okul, kolej, üniversite, dil eğitimi gibi hizmet ücretini eği…;;;Eğitim
turkiye-emlak-katilim--kampanya-market-alisverislerinize-1500-tl-parafpara-hediye;turkiye-emlak-katilim;masraf_durumu;"{""amount"": 0.0, ""has_fee"": false}";0.95;rule_heuristic;;"… başarılı sayılabilmesi için banka sisteminde adınıza tanımlı telefon numarasından katılım sağlanmalıdır. Katılım SMS'i [ücretsiz] olup; kampanyaya katılabilmek için SMS'in Turkcell, Vodafone veya Türk Telekom operatörleri üzerinden ve yurt içinden g…";;;
turkiye-emlak-katilim--kampanya-market-alisverislerinize-1500-tl-parafpara-hediye;turkiye-emlak-katilim;odul_miktari;"{""currency"": ""TRY"", ""value"": 1500.0}";0.95;rule_heuristic;;…rmek amacıyla işbu Çerez Politikası'nı hazırlanmıştır. Ana sayfa Bireysel Kampanyalar Kampanya Market Alışverişlerinize [1.500 TL] ParafPara Hediye! Market Alışverişlerinize 1.500 TL ParafPara Hediye! Market Alışverişlerinize 1.500 TL ParafPara Hediy…;;;
turkiye-emlak-katilim--kampanya-market-alisverislerinize-1500-tl-parafpara-hediye;turkiye-emlak-katilim;kampanya_kosullari;"[""Kampanyaya katılmak için \"" GIDA \"" yazıp 6026'ya SMS gönderilmesi gerekmektedir."", ""Katılım SMS'i ücretsiz olup; kampanyaya katılabilmek için SMS'in Turkcell, Vodafone veya Türk Telekom operatörleri üzerinden ve yurt içinden gönderilmesi gerekmektedir."", ""Kampanya Koşulları Kampanya 1-31 Temmuz 2026 tarihleri arasında geçerlidir."", ""Birden fazla kampanya koşulunun aynı anda sağlanması halinde, hak kazanılan en yüksek tutarlı ödül yüklenir."", ""Müşterinin kampanya dönemi içerisinde gerçekleştirdiği farklı işlemler, ilgili tutar koşullarını sağlamaları halinde kendi kampanyaları kapsamında ayrıca ödüllendirilecektir."", ""Kampanya kapsamında kazanılan ParafPara'lar, kampanyayı takip eden ayın 14‘ünde, kampanya koşullarını sağlayan müşterilerimizin işlem yaptığı ve kullanıma açık kartına yansıtılacaktır."", ""Türkiye Emlak Katılım Bankası A.Ş. kampanyayı dilediği zaman durdurma ve/veya kampanya koşullarını değiştirme hakkına sahiptir. × Your browser does not support the audio element.""]";0.95;rule_heuristic;;"…erişlerinize 1.500 TL ParafPara Hediye! Market Alışverişlerinize 1.500 TL ParafPara Hediye! Kampanyaya Nasıl Katılırım? [Kampanyaya katılmak için "" GIDA "" yazıp 6026'ya SMS gönderilmesi gerekmektedir.] Kampanya katılımının başarılı sayılabilmesi için banka sisteminde adınıza tanımlı telefon numarasından katılım sağlanma…";;;
turkiye-emlak-katilim--kampanya-paraf-ile-hepsiburadada-pesin-fiyatina-9-aya-varan-taksit-firsati;turkiye-emlak-katilim;kampanya_suresi;2026-07-13;0.95;rule_heuristic;;…urada'da Peşin Fiyatına 9 Aya Varan Taksit Fırsatı! Paraf ile Hepsiburada'da Peşin Fiyatına 9 Aya Varan Taksit Fırsatı! [13 Temmuz 2026] tarihine kadar www.hepsiburada.com ve mobil uygulamasından tek seferde yapılacak alışverişlerde vade farksız 3-6 taksit…;;;
turkiye-emlak-katilim--kampanya-paraf-ile-hepsiburadada-pesin-fiyatina-9-aya-varan-taksit-firsati;turkiye-emlak-katilim;kampanya_kosullari;"[""Peşin fiyatına 6 taksit kampanyası sadece seçili ürünler özelinde geçerlidir."", ""Kampanyadan faydalanmak için ödeme esnasında ilgili taksitin seçilmesi gerekmektedir."", ""Hepsiburada belirli kategorilerde yer alan ürünleri peşin fiyatına taksit uygulamasından hariç tutabilir."", ""Hepsiburada satıcılı Xiaomi (Tablet hariç) markalı ürünler vade farksız taksit kampanyalarına dahil değildir."", ""Türkiye Emlak Katılım Bankası A.Ş. kampanya koşullarının tamamında değişiklik yapma ve/veya kampanyayı durdurma hakkını saklı tutar. × Your browser does not support the audio element.""]";0.95;rule_heuristic;;… TL ve üzeri alışverişlerde Hepsiburada Premium müşterilerine özel seçili ürünlerde peşin fiyatına 9 taksit geçerlidir. [Peşin fiyatına 6 taksit kampanyası sadece seçili ürünler özelinde geçerlidir.] Kampanyadan faydalanmak için ödeme esnasında ilgili taksitin seçilmesi gerekmektedir. Kampanyaya ilişkin geriye dönük y…;;;
turkiye-finans--konut-finansmani-konut-finansmani;turkiye-finans;campaign_type;Konut Finansmanı;0.90;classifier;;Navigasyonu görüntüle İçeriği görüntüle GÜNCELLE Çerez Politikası ve 6698 sayılı Kişisel Verilerin Korunması Kanunu kapsamında Bankamız ile paylaşmış olduğunuz kişisel verileriniz ile ilgili detaylı bilgiye Kişisel Veril …;;;
turkiye-finans--konut-finansmani-konut-finansmani;turkiye-finans;kar_payi_orani;"{""max"": 4.42, ""min"": 2.95}";0.90;rule_heuristic;;[]Navigasyonu görüntüle İçeriği görüntüle GÜNCELLE Çerez Politikası ve 6698 sayılı Kişisel Verilerin Korunması Kanunu kaps…;;unclear;
turkiye-finans--konut-finansmani-konut-finansmani;turkiye-finans;vade_ay;120;0.95;rule_heuristic;;[]Navigasyonu görüntüle İçeriği görüntüle GÜNCELLE Çerez Politikası ve 6698 sayılı Kişisel Verilerin Korunması Kanunu kaps…;;;
turkiye-finans--konut-finansmani-konut-finansmani;turkiye-finans;tahsis_ucreti;"{""rate"": 0.5}";0.95;rule_heuristic;;[]Navigasyonu görüntüle İçeriği görüntüle GÜNCELLE Çerez Politikası ve 6698 sayılı Kişisel Verilerin Korunması Kanunu kaps…;;unclear;Binde 5 | binde 5, tutara bagli — para semasi oran tutamiyor
turkiye-finans--konut-finansmani-konut-finansmani;turkiye-finans;masraf_durumu;"{""amount"": 500.0, ""has_fee"": true}";0.95;rule_heuristic;;…oranındadır. Yıllık maliyete kar oranı, tahsis ücreti, ekspertiz ücreti, ipotek tesis ücreti dahil edilmiştir. Alınacak [ücret]ler: 500 TL tahsis ücreti, 3.000 TL ipotek tesis ücreti, 16.500 TL Ekspertiz(Değerleme) ücretidir. Ekspertiz ücreti mini…;"{""has_fee"": true, ""amount"": 20000}";fix;Masraflar birden fazla ve toplanmalı | kalemler: 500+3000+16500
turkiye-finans--konut-finansmani-konut-finansmani;turkiye-finans;alisveris_puani;"{""kind"": ""points"", ""value"": 10.0}";0.95;rule_heuristic;;…arı Enflasyon Nedir? Nasıl Hesaplanır? 3D Secure Nedir, Ne İşe Yarar? Kredi Notu (Kredi Puanı) Nedir? Türkiye Finans'ın [10]0'ünde Gelecek Olan 5 Üyesi Cumhuriyetimizin Unutulmaz 100'leri Bankacılığın Tarihçesi ve Türkiye'de Bankacılık Türleri …;;absent;Alışveriş Puanı yok
turkiye-finans--konut-finansmani-konut-finansmani;turkiye-finans;kampanya_kosullari;"[""Türkiye Finans'ın 100'ünde Gelecek Olan 5 Üyesi Cumhuriyetimizin Unutulmaz 100'leri Bankacılığın Tarihçesi ve Türkiye'de Bankacılık Türleri Dijital Dünyada Güvenlik İçin Temel İpuçları Avrupa Yeşil Mutabakatı: Sürdürülebilir Ekonomiler İçin Yol Haritası 2023'ü Geride Bırakırken DASK - Zorunlu Deprem Sigortası Nedir?"", ""Türkiye Finans Konut Finansmanı (bankacılık kanununa göre konut kredisi), uygun koşullarda ev sahibi olmanız için sunulan finansman desteğidir."", ""Konut Finansmanı (Konut Kredisi)* çözümlerimizden bütçenize göre dilediğinizi seçebilir, uygun ödeme koşulları ile zorlanmadan ev sahibi olabilirsiniz."", ""Banka gerekli gördüğü durumlarda kefil ve ek belge isteme hakkına sahiptir."", ""Maliyet tablosu hesaplamasında yer alan kar oranları; Yedek Hesap, DASK, Finansman Ferdi Kaza Sigortası, Konut Sigortası, Otomatik Fatura Ödeme Talimatı ürünlerinin tamamının finansman başvurusu ile birlikte alınması şartıyla uygulanmaktadır."", ""Finansmanın maksimum vadesi 120 ay olup, tahsis ücreti vergiler hariç finansman tutarının binde 5'i oranındadır."", ""Ekspertiz ücreti minimum maliyetler üzerinden hesaplanmış olup Ekspertiz ücreti Resmi Kurumlara ödenen harç miktarına, taşınmazın alanına, mevcut durumuna ve bulunduğu lokasyona göre değişebilmektedir.Gayrimenkulün bulunduğu lokasyona bağlı olarak ekspertiz firmasına ödenen meblağ arttığında, müşteriden tahsil edilecek ekspertiz ücreti de artacaktır."", ""Mortgage finansmanı için gerekli belgeler nelerdir?""]";0.95;rule_heuristic;;…ra Biriktirme Yolları Enflasyon Nedir? Nasıl Hesaplanır? 3D Secure Nedir, Ne İşe Yarar? Kredi Notu (Kredi Puanı) Nedir? [Türkiye Finans'ın 100'ünde Gelecek Olan 5 Üyesi Cumhuriyetimizin Unutulmaz 100'leri Bankacılığın Tarihçesi ve Türkiye'de Bankacılık Türleri Dijital Dünyada Güvenlik İçin Temel İpuçları Avrupa Yeşil Mutabakatı: Sürdürülebilir Ekonomiler İçin Yol Haritası 2023'ü Geride Bırakırken DASK - Zorunlu Deprem Sigortası Nedir?] Sağlık Sigortası Nedir? Neden Sağlık Sigortası Yaptırmalıyız? Katılma Hesabı Nedir, Nasıl Açılır? Sürdürülebilir Bir Ge…;;absent;Kampanya koşulları belgede açıkça yok
turkiye-finans--konut-finansmani-konut-finansmani;turkiye-finans;hedef_kitle;"[""belirli_segment"", ""maas_musterisi"", ""yeni_musteri""]";0.95;rule_heuristic;;…bı Nedir, Nasıl Açılır? Sürdürülebilir Bir Geleceğin Anahtarı: Net Sıfır Hedefi Tüm Renkleri Buluşturan Güzellikleriyle [Hoş Geldin] Ramazan! İşsizlik Maaşı (İşsizlik Ödeneği) Nedir? İşsizlik Maaşı Hesaplama 2024 Trafik Cezası (TPC) Nedir? Trafik Cezas…;;absent;Konut almak isteyenler
turkiye-finans--tasit-finansmani-tasit-finansmani-2;turkiye-finans;campaign_type;Taşıt Finansmanı;0.90;classifier;;Navigasyonu görüntüle İçeriği görüntüle GÜNCELLE Çerez Politikası ve 6698 sayılı Kişisel Verilerin Korunması Kanunu kapsamında Bankamız ile paylaşmış olduğunuz kişisel verileriniz ile ilgili detaylı bilgiye Kişisel Veril …;;;
turkiye-finans--tasit-finansmani-tasit-finansmani-2;turkiye-finans;kar_payi_orani;"{""max"": 4.27, ""min"": 3.42}";0.90;rule_heuristic;;[]Navigasyonu görüntüle İçeriği görüntüle GÜNCELLE Çerez Politikası ve 6698 sayılı Kişisel Verilerin Korunması Kanunu kaps…;;absent;Kar payı bilgisi yok metine sayfanın yapısı karışmış
turkiye-finans--tasit-finansmani-tasit-finansmani-2;turkiye-finans;vade_ay;48;0.95;rule_heuristic;;[]Navigasyonu görüntüle İçeriği görüntüle GÜNCELLE Çerez Politikası ve 6698 sayılı Kişisel Verilerin Korunması Kanunu kaps…;;absent;Vade bilgisi yok metine sayfanın yapısı karışmış
turkiye-finans--tasit-finansmani-tasit-finansmani-2;turkiye-finans;tahsis_ucreti;"{""rate"": 0.5}";0.95;rule_heuristic;;[]Navigasyonu görüntüle İçeriği görüntüle GÜNCELLE Çerez Politikası ve 6698 sayılı Kişisel Verilerin Korunması Kanunu kaps…;;absent;Vade ücreti bilgisi yok metine sayfanın yapısı karışmış
turkiye-finans--tasit-finansmani-tasit-finansmani-2;turkiye-finans;alisveris_puani;"{""kind"": ""points"", ""value"": 10.0}";0.95;rule_heuristic;;…arı Enflasyon Nedir? Nasıl Hesaplanır? 3D Secure Nedir, Ne İşe Yarar? Kredi Notu (Kredi Puanı) Nedir? Türkiye Finans'ın [10]0'ünde Gelecek Olan 5 Üyesi Cumhuriyetimizin Unutulmaz 100'leri Bankacılığın Tarihçesi ve Türkiye'de Bankacılık Türleri …;;absent;Alışveriş puanı bilgisi yok metine sayfanın yapısı karışmış
turkiye-finans--tasit-finansmani-tasit-finansmani-2;turkiye-finans;kampanya_kosullari;"[""Türkiye Finans'ın 100'ünde Gelecek Olan 5 Üyesi Cumhuriyetimizin Unutulmaz 100'leri Bankacılığın Tarihçesi ve Türkiye'de Bankacılık Türleri Dijital Dünyada Güvenlik İçin Temel İpuçları Avrupa Yeşil Mutabakatı: Sürdürülebilir Ekonomiler İçin Yol Haritası 2023'ü Geride Bırakırken DASK - Zorunlu Deprem Sigortası Nedir?"", ""Türkiye Finans Taşıt Araç / Taşıt Finansmanı (Taşıt Kredisi)* başvurunuzu gerekli belgelerle birlikte size en yakın Türkiye Finans şubesinden yapabilirsiniz."", ""Araç / Taşıt Finansmanı (Taşıt Kredisi)* kullanmak için aşağıdaki teminatlardan birini kullanabilirsiniz: Alınacak aracın rehini Gayrimenkul ipoteği Nakit bloke teminatı Türkiye Finans Araç / Taşıt Finansmanı (Taşıt Kredisi)* için Gerekli Belgeler Nelerdir?"", ""el aracı alternatif ödeme seçeneklerinden faydalanarak avantajlı ve uygun koşullarla satın alabilirsiniz."", ""Maliyet tablosu hesaplamasında yer alan kar oranları; Kasko, Finansman Güvence Sigortası ürünlerinin tamamının finansman başvurusu ile birlikte alınması şartıyla uygulanmaktadır."", ""Tahsis ücreti finansman fiyatlamasının bir parçasıdır Tahsis ücreti vergiler hariç finansman tutarının binde 5'i oranındadır."", ""Araç / Taşıt Finansmanı (Taşıt Kredisi)* Hakkında Sıkça Sorulan Sorular Araç / Taşıt Finansmanı (Taşıt Kredisi)* başvurusu için gerekli belgeler nelerdir?"", ""Taşıt kredisi başvurunuz için aşağıdaki belgeleri ibraz etmeniz gerekmektedir.""]";0.95;rule_heuristic;;…ra Biriktirme Yolları Enflasyon Nedir? Nasıl Hesaplanır? 3D Secure Nedir, Ne İşe Yarar? Kredi Notu (Kredi Puanı) Nedir? [Türkiye Finans'ın 100'ünde Gelecek Olan 5 Üyesi Cumhuriyetimizin Unutulmaz 100'leri Bankacılığın Tarihçesi ve Türkiye'de Bankacılık Türleri Dijital Dünyada Güvenlik İçin Temel İpuçları Avrupa Yeşil Mutabakatı: Sürdürülebilir Ekonomiler İçin Yol Haritası 2023'ü Geride Bırakırken DASK - Zorunlu Deprem Sigortası Nedir?] Sağlık Sigortası Nedir? Neden Sağlık Sigortası Yaptırmalıyız? Katılma Hesabı Nedir, Nasıl Açılır? Sürdürülebilir Bir Ge…;;absent;Kampanya koşulları bilgisi yok metine sayfanın yapısı karışmış
turkiye-finans--tasit-finansmani-tasit-finansmani-2;turkiye-finans;hedef_kitle;"[""belirli_segment"", ""maas_musterisi"", ""mevcut_musteri"", ""yeni_musteri""]";0.95;rule_heuristic;;…bı Nedir, Nasıl Açılır? Sürdürülebilir Bir Geleceğin Anahtarı: Net Sıfır Hedefi Tüm Renkleri Buluşturan Güzellikleriyle [Hoş Geldin] Ramazan! İşsizlik Maaşı (İşsizlik Ödeneği) Nedir? İşsizlik Maaşı Hesaplama 2024 Trafik Cezası (TPC) Nedir? Trafik Cezas…;;absent;Hedef kitle bilgisi yok metine sayfanın yapısı karışmış
vakif-katilim--detay-dijitalden-musteri-ol-hisse-senedi-islemlerinde-75-komisyon-indirimi-kazan;vakif-katilim;indirim_orani;75.0;0.95;rule_heuristic;;…ER ÜRÜN VE HİZMETLERİMİZ Hakkımızda Ana Sayfa Kendim İçin Kampanyalar Dijitalden Müşteri Ol, Hisse Senedi İşlemlerinde %[75] Komisyon İndirimi Kazan! Kampanya Geçerlilik Tarihi 14 Aralık 2021 - 31 Aralık 2027 Kampanya Detayları Sadece görüntülü…;;;
vakif-katilim--detay-dijitalden-musteri-ol-hisse-senedi-islemlerinde-75-komisyon-indirimi-kazan;vakif-katilim;kampanya_kosullari;"[""Kampanya Geçerlilik Tarihi 14 Aralık 2021 - 31 Aralık 2027 Kampanya Detayları Sadece görüntülü görüşme ile dijital müşteri ol an ve dijital kanallardan yatırım hesabı açan bireysel müşteriler kampanyadan yararlanabilir."", ""Kampanya Şartları Kampanyaya yalnızca görüntülü görüşme ile müşteri olan ve dijital kanallardan yatırım hesabı açan müşteriler katılabilir."", ""Kampanya, bireysel müşteriler için geçerlidir."", ""Vakıf Katılım Bankası AŞ önceden haber vermeksizin kampanyayı durdurma, sona erdirme, kampanya kapsamını ve koşullarını değiştirme hakkını saklı tutar.""]";0.95;rule_heuristic;;…kımızda Ana Sayfa Kendim İçin Kampanyalar Dijitalden Müşteri Ol, Hisse Senedi İşlemlerinde %75 Komisyon İndirimi Kazan! [Kampanya Geçerlilik Tarihi 14 Aralık 2021 - 31 Aralık 2027 Kampanya Detayları Sadece görüntülü görüşme ile dijital müşteri ol an ve dijital kanallardan yatırım hesabı açan bireysel müşteriler kampanyadan yararlanabilir.] Hisse senedi alım-satım işlemlerinde standart komisyon oranı yerine, on binde 5 komisyon oranı uygulanır. Bu oran, %75 …;;;
vakif-katilim--detay-dijitalden-musteri-ol-hisse-senedi-islemlerinde-75-komisyon-indirimi-kazan;vakif-katilim;hedef_kitle;"[""yeni_musteri""]";0.95;rule_heuristic;;…ranı yerine, on binde 5 komisyon oranı uygulanır. Bu oran, %75 komisyon indirimi anlamına gelir. Kampanya süresizdir ve [yeni müşteri]lere yöneliktir. Kampanya Şartları Kampanyaya yalnızca görüntülü görüşme ile müşteri olan ve dijital kanallardan yatırım…;;;
vakif-katilim--detay-espressolab-hediye-kahve-kampanyasi;vakif-katilim;masraf_durumu;"{""amount"": 0.0, ""has_fee"": false}";0.95;rule_heuristic;;"…ım Mobil 'i indirerek "" Vakıf Katılımlı Ol "" adımından ya da en yakın şubeye giderek müşteri olabilirsiniz. Espressolab [Ücretsiz] Kahve Kodu Espressolab ücretsiz kahve kodu ""KAHVE"" şeklindedir. ""KAHVE"" koduyla uzaktan müşterimiz olan Vakıf Katılımlı…";;;
vakif-katilim--detay-espressolab-hediye-kahve-kampanyasi;vakif-katilim;kampanya_kosullari;"[""Kampanya Şartları Espressolab Hediye Kahve Kodu Nasıl Kazanılır? \""KAHVE\"" davet koduyla Vakıf Katılım Mobil Şube üzerinden müşteri olanlara Espressolab mobil uygulamasında kullanabilecekleri 2 adet hediye kahve kodu iletilecektir."", ""Kampanya katılımı ilk 1.000 kişi için geçerlidir."", ""Vakıf Katılım Bankası AŞ ve Espressolab, önceden haber vermeksizin kampanyayı durdurma, sona erdirme, kampanya kapsamını ve koşullarını değiştirme hakkını saklı tutar.""]";0.95;rule_heuristic;;"…iş birliği ile sunulan Espressolab hediye kahve kampanyası 01 Ocak 2026 - 31 Aralık 2026 tarihleri arasında geçerlidir. [Kampanya Şartları Espressolab Hediye Kahve Kodu Nasıl Kazanılır? ""KAHVE"" davet koduyla Vakıf Katılım Mobil Şube üzerinden müşteri olanlara Espressolab mobil uygulamasında kullanabilecekleri 2 adet hediye kahve kodu iletilecektir.] Vakıf Katılımlı Olanlara 2 Kahve Hediye Kampanyasından Kimler Yararlanabilir? Mobilden ""KAHVE"" davet koduyla müşteri ol…";;;
vakif-katilim--finansmanlar-kentsel-donusum-finansmani;vakif-katilim;kampanya_kosullari;"[""Bu kapsamda Çevre, Şehircilik ve İklim Bakanlığı'nın kâr payı desteğinden faydalanabilmek için; Bakanlıkça yetkilendirilmiş değerleme firmaları aracılığıyla \""riskli yapı tespit raporu\"" veya bağlı olunan Belediye aracılığı ile \""riskli alan raporu\"" temin edilmesi gerekmektedir."", ""Riskli yapılarda en az 1 yıl oturan veya sınırlı ayni hak sahipleri."", ""Birden fazla bağımsız bölüme sahip olan hak sahipleri adına kâr payı desteği sağlanacak toplam finansman tutarı her bir bağımsız bölüm için 1.250.000 TL'yi aşmamak koşulu ile toplamda azami 3.000.000 TL olabilecektir.""]";0.95;rule_heuristic;;"…nda bulunan binaların yenilenmesi için Bankamızca kâr payı destekli kentsel dönüşüm finansmanı kullandırılabilmektedir. [Bu kapsamda Çevre, Şehircilik ve İklim Bakanlığı'nın kâr payı desteğinden faydalanabilmek için; Bakanlıkça yetkilendirilmiş değerleme firmaları aracılığıyla ""riskli yapı tespit raporu"" veya bağlı olunan Belediye aracılığı ile ""riskli alan raporu"" temin edilmesi gerekmektedir.] İçeriği Nedir? Kentsel Dönüşüm Finansmanından Kimler Faydalanabilir? Konutlarını yeniden inşa etmek isteyen hak sahiple…";;;
vakif-katilim--finansmanlar-konut-finansmani-2;vakif-katilim;kampanya_kosullari;"[""Konut finansmanı başvurusu için gerekli form doldurulduktan sonra bankamız sizinle iletişime geçecektir."", ""Evin değerinin ne kadarına finansman çıkacağı, bankanın belirlediği limitler ve finansman koşullarına göre belirlenir.""]";0.95;rule_heuristic;;… Finansmanı Nasıl Alınır? Herhangi bir Vakıf Katılım şubesi ne giderek ya da online başvuru formu doldurularak yapılır. [Konut finansmanı başvurusu için gerekli form doldurulduktan sonra bankamız sizinle iletişime geçecektir.] Ev Almak İçin Ne Kadar Konut Finansmanı Çekebilirim? Evin değerinin ne kadarına finansman çıkacağı, bankanın belirlediğ…;;absent;Kampanya koşulu değil bilgilendirme metni
albaraka--detay-vade-farksiz-kampanyasi;albaraka;tahsis_ucreti;;;;;Albaraka Mobil Mobil Bankacılık Aç Vade Farksız 140.000 TL'ye Varan Destek! Anasayfa Kampanyalar Kampanya Başlangıç ve Bitiş 01.01.2026 - 31.12.2026 Müşteri Ol Müşteri Ol Kâr payı yok. Beklemek yok. 140.000 TL 'ye kadar …;"Tahsis Ücreti yok {""rate"": 0.0}";fix;Tahsis ücreti yok ama bulamamış
albaraka--detay-vade-farksiz-kampanyasi;albaraka;odul_miktari;;;;;Albaraka Mobil Mobil Bankacılık Aç Vade Farksız 140.000 TL'ye Varan Destek! Anasayfa Kampanyalar Kampanya Başlangıç ve Bitiş 01.01.2026 - 31.12.2026 Müşteri Ol Müşteri Ol Kâr payı yok. Beklemek yok. 140.000 TL 'ye kadar …;;;Ödül tutarı yok
albaraka--detay-vade-farksiz-kampanyasi;albaraka;indirim_orani;;;;;Albaraka Mobil Mobil Bankacılık Aç Vade Farksız 140.000 TL'ye Varan Destek! Anasayfa Kampanyalar Kampanya Başlangıç ve Bitiş 01.01.2026 - 31.12.2026 Müşteri Ol Müşteri Ol Kâr payı yok. Beklemek yok. 140.000 TL 'ye kadar …;;;İndirim tutarı yok
albaraka--detay-vade-farksiz-kampanyasi;albaraka;alisveris_puani;;;;;Albaraka Mobil Mobil Bankacılık Aç Vade Farksız 140.000 TL'ye Varan Destek! Anasayfa Kampanyalar Kampanya Başlangıç ve Bitiş 01.01.2026 - 31.12.2026 Müşteri Ol Müşteri Ol Kâr payı yok. Beklemek yok. 140.000 TL 'ye kadar …;;;Alışveriş puanı yok
albaraka--detay-vade-farksiz-kampanyasi;albaraka;hedef_kitle;;;;;Albaraka Mobil Mobil Bankacılık Aç Vade Farksız 140.000 TL'ye Varan Destek! Anasayfa Kampanyalar Kampanya Başlangıç ve Bitiş 01.01.2026 - 31.12.2026 Müşteri Ol Müşteri Ol Kâr payı yok. Beklemek yok. 140.000 TL 'ye kadar …;;;Hedef kitle bilgisi yok
albaraka--ihtiyac-saglik-harcamalariniz-icin;albaraka;kar_payi_orani;;;;;Albaraka Mobil Mobil Bankacılık Aç Sağlık Harcamalarınız İçin Anasayfa Bireysel Finansmanlar İhtiyaç Finansmanı Sağlık Harcamalarınız İçin Diş Sağlığı Genel Sağlık Diş Sağlığı Diş sağlığı ile ilgili dolgu, diş temizleme, …;;;Kar payı bilgisi yok
albaraka--ihtiyac-saglik-harcamalariniz-icin;albaraka;finansman_tutari;;;;;Albaraka Mobil Mobil Bankacılık Aç Sağlık Harcamalarınız İçin Anasayfa Bireysel Finansmanlar İhtiyaç Finansmanı Sağlık Harcamalarınız İçin Diş Sağlığı Genel Sağlık Diş Sağlığı Diş sağlığı ile ilgili dolgu, diş temizleme, …;;;Finasman tutarı yok
albaraka--ihtiyac-saglik-harcamalariniz-icin;albaraka;taksit_sayisi;;;;;Albaraka Mobil Mobil Bankacılık Aç Sağlık Harcamalarınız İçin Anasayfa Bireysel Finansmanlar İhtiyaç Finansmanı Sağlık Harcamalarınız İçin Diş Sağlığı Genel Sağlık Diş Sağlığı Diş sağlığı ile ilgili dolgu, diş temizleme, …;36;fix;36 ay ödeme vadesi sunuyor
albaraka--ihtiyac-saglik-harcamalariniz-icin;albaraka;tahsis_ucreti;;;;;Albaraka Mobil Mobil Bankacılık Aç Sağlık Harcamalarınız İçin Anasayfa Bireysel Finansmanlar İhtiyaç Finansmanı Sağlık Harcamalarınız İçin Diş Sağlığı Genel Sağlık Diş Sağlığı Diş sağlığı ile ilgili dolgu, diş temizleme, …;;;Tahsis ücretine dair bir bilgi yoktur
albaraka--ihtiyac-saglik-harcamalariniz-icin;albaraka;masraf_durumu;;;;;Albaraka Mobil Mobil Bankacılık Aç Sağlık Harcamalarınız İçin Anasayfa Bireysel Finansmanlar İhtiyaç Finansmanı Sağlık Harcamalarınız İçin Diş Sağlığı Genel Sağlık Diş Sağlığı Diş sağlığı ile ilgili dolgu, diş temizleme, …;;;Masraf yoktur
albaraka--ihtiyac-saglik-harcamalariniz-icin;albaraka;odul_miktari;;;;;Albaraka Mobil Mobil Bankacılık Aç Sağlık Harcamalarınız İçin Anasayfa Bireysel Finansmanlar İhtiyaç Finansmanı Sağlık Harcamalarınız İçin Diş Sağlığı Genel Sağlık Diş Sağlığı Diş sağlığı ile ilgili dolgu, diş temizleme, …;;;Ödül tutarı yok
albaraka--ihtiyac-saglik-harcamalariniz-icin;albaraka;indirim_orani;;;;;Albaraka Mobil Mobil Bankacılık Aç Sağlık Harcamalarınız İçin Anasayfa Bireysel Finansmanlar İhtiyaç Finansmanı Sağlık Harcamalarınız İçin Diş Sağlığı Genel Sağlık Diş Sağlığı Diş sağlığı ile ilgili dolgu, diş temizleme, …;;;İndirim tutarı yok
albaraka--ihtiyac-saglik-harcamalariniz-icin;albaraka;alisveris_puani;;;;;Albaraka Mobil Mobil Bankacılık Aç Sağlık Harcamalarınız İçin Anasayfa Bireysel Finansmanlar İhtiyaç Finansmanı Sağlık Harcamalarınız İçin Diş Sağlığı Genel Sağlık Diş Sağlığı Diş sağlığı ile ilgili dolgu, diş temizleme, …;;;Alışveriş Puanı yok
albaraka--ihtiyac-saglik-harcamalariniz-icin;albaraka;kampanya_suresi;;;;;Albaraka Mobil Mobil Bankacılık Aç Sağlık Harcamalarınız İçin Anasayfa Bireysel Finansmanlar İhtiyaç Finansmanı Sağlık Harcamalarınız İçin Diş Sağlığı Genel Sağlık Diş Sağlığı Diş sağlığı ile ilgili dolgu, diş temizleme, …;;;Kampanya süresi bilgisi yok
albaraka--ihtiyac-saglik-harcamalariniz-icin;albaraka;kampanya_kosullari;;;;;Albaraka Mobil Mobil Bankacılık Aç Sağlık Harcamalarınız İçin Anasayfa Bireysel Finansmanlar İhtiyaç Finansmanı Sağlık Harcamalarınız İçin Diş Sağlığı Genel Sağlık Diş Sağlığı Diş sağlığı ile ilgili dolgu, diş temizleme, …;Genel Sağlık Yüksek risk içermeyen cerrahi operasyon, fizik tedavi, genel sağlık harcamaları başta olmak üzere muayene gibi sağlık ihtiyaçlarıınız için Genel Sağlık Kredisi alabilirsiniz.;fix;Bilgi metinde var çıkartılamamış
albaraka--ihtiyac-saglik-harcamalariniz-icin;albaraka;hedef_kitle;;;;;Albaraka Mobil Mobil Bankacılık Aç Sağlık Harcamalarınız İçin Anasayfa Bireysel Finansmanlar İhtiyaç Finansmanı Sağlık Harcamalarınız İçin Diş Sağlığı Genel Sağlık Diş Sağlığı Diş sağlığı ile ilgili dolgu, diş temizleme, …;;;Hedef kitle bilgisi yok
albaraka--tasit-finansmani-togg-finansmani;albaraka;finansman_tutari;;;;;Albaraka Mobil Mobil Bankacılık Aç Togg Finansmanı Anasayfa Bireysel Finansmanlar Taşıt Finansmanı Togg Finansmanı Taşıt Finansmanı Togg Finansmanı Dijital Araç Finansmanı Deniz Taşıtları Finansmanı Taşıt Kiralama Finans …;"{""value"": 1700000, ""currency"": ""TRY""}";fix;Tutar var ama bulunammış | kademeler: 800000/1700000/600000/1700000/1300000/1500000/1500000
albaraka--tasit-finansmani-togg-finansmani;albaraka;taksit_sayisi;;;;;Albaraka Mobil Mobil Bankacılık Aç Togg Finansmanı Anasayfa Bireysel Finansmanlar Taşıt Finansmanı Togg Finansmanı Taşıt Finansmanı Togg Finansmanı Dijital Araç Finansmanı Deniz Taşıtları Finansmanı Taşıt Kiralama Finans …;48;fix;48 aya kadar vade sunabiliyor metinden çıkarım yapılammış
albaraka--tasit-finansmani-togg-finansmani;albaraka;masraf_durumu;;;;;Albaraka Mobil Mobil Bankacılık Aç Togg Finansmanı Anasayfa Bireysel Finansmanlar Taşıt Finansmanı Togg Finansmanı Taşıt Finansmanı Togg Finansmanı Dijital Araç Finansmanı Deniz Taşıtları Finansmanı Taşıt Kiralama Finans …;;;Masraf yoktur
albaraka--tasit-finansmani-togg-finansmani;albaraka;odul_miktari;;;;;Albaraka Mobil Mobil Bankacılık Aç Togg Finansmanı Anasayfa Bireysel Finansmanlar Taşıt Finansmanı Togg Finansmanı Taşıt Finansmanı Togg Finansmanı Dijital Araç Finansmanı Deniz Taşıtları Finansmanı Taşıt Kiralama Finans …;;;Ödül tutarı yok
albaraka--tasit-finansmani-togg-finansmani;albaraka;indirim_orani;;;;;Albaraka Mobil Mobil Bankacılık Aç Togg Finansmanı Anasayfa Bireysel Finansmanlar Taşıt Finansmanı Togg Finansmanı Taşıt Finansmanı Togg Finansmanı Dijital Araç Finansmanı Deniz Taşıtları Finansmanı Taşıt Kiralama Finans …;;;İndirim tutarı yok
albaraka--tasit-finansmani-togg-finansmani;albaraka;alisveris_puani;;;;;Albaraka Mobil Mobil Bankacılık Aç Togg Finansmanı Anasayfa Bireysel Finansmanlar Taşıt Finansmanı Togg Finansmanı Taşıt Finansmanı Togg Finansmanı Dijital Araç Finansmanı Deniz Taşıtları Finansmanı Taşıt Kiralama Finans …;;;Alışveriş Puanı yok
albaraka--tasit-finansmani-togg-finansmani;albaraka;kampanya_suresi;;;;;Albaraka Mobil Mobil Bankacılık Aç Togg Finansmanı Anasayfa Bireysel Finansmanlar Taşıt Finansmanı Togg Finansmanı Taşıt Finansmanı Togg Finansmanı Dijital Araç Finansmanı Deniz Taşıtları Finansmanı Taşıt Kiralama Finans …;;;Kampanya süresi bilgisi yok
albaraka--tasit-finansmani-togg-finansmani;albaraka;hedef_kitle;;;;;Albaraka Mobil Mobil Bankacılık Aç Togg Finansmanı Anasayfa Bireysel Finansmanlar Taşıt Finansmanı Togg Finansmanı Taşıt Finansmanı Togg Finansmanı Dijital Araç Finansmanı Deniz Taşıtları Finansmanı Taşıt Kiralama Finans …;;;Hedef kitle bilgisi yok
dunya-katilim--katilma-hesaplari-gunes-katilma-hesabi;dunya-katilim;kar_payi_orani;;;;;Anasayfa Kendim Için Içerik Hesaplar Katılma Hesapları Güneş Katılma Hesabı Güneş Katılma Hesabı Nedir ? Gündelik tasarruflarınızı değerlendirebildiğiniz günlük açılabilen katılma hesabıdır. Her gün bir adım daha ileri: …;“85 / 15”;fix;Metinde bilgisi kesirli (85/15) şeklinde yazılmış
dunya-katilim--katilma-hesaplari-gunes-katilma-hesabi;dunya-katilim;finansman_tutari;;;;;Anasayfa Kendim Için Içerik Hesaplar Katılma Hesapları Güneş Katılma Hesabı Güneş Katılma Hesabı Nedir ? Gündelik tasarruflarınızı değerlendirebildiğiniz günlük açılabilen katılma hesabıdır. Her gün bir adım daha ileri: …;;absent;Finasman tutarı yok Yatırım hesabı
dunya-katilim--katilma-hesaplari-gunes-katilma-hesabi;dunya-katilim;taksit_sayisi;;;;;Anasayfa Kendim Için Içerik Hesaplar Katılma Hesapları Güneş Katılma Hesabı Güneş Katılma Hesabı Nedir ? Gündelik tasarruflarınızı değerlendirebildiğiniz günlük açılabilen katılma hesabıdır. Her gün bir adım daha ileri: …;;absent;Tahsis ücretine dair bir bilgi yoktur Yatırım hesabıdır
dunya-katilim--katilma-hesaplari-gunes-katilma-hesabi;dunya-katilim;tahsis_ucreti;;;;;Anasayfa Kendim Için Içerik Hesaplar Katılma Hesapları Güneş Katılma Hesabı Güneş Katılma Hesabı Nedir ? Gündelik tasarruflarınızı değerlendirebildiğiniz günlük açılabilen katılma hesabıdır. Her gün bir adım daha ileri: …;;;Tahsis ücreti yok ama bulamamış
dunya-katilim--katilma-hesaplari-gunes-katilma-hesabi;dunya-katilim;odul_miktari;;;;;Anasayfa Kendim Için Içerik Hesaplar Katılma Hesapları Güneş Katılma Hesabı Güneş Katılma Hesabı Nedir ? Gündelik tasarruflarınızı değerlendirebildiğiniz günlük açılabilen katılma hesabıdır. Her gün bir adım daha ileri: …;;;Ödül tutarı yok
dunya-katilim--katilma-hesaplari-gunes-katilma-hesabi;dunya-katilim;indirim_orani;;;;;Anasayfa Kendim Için Içerik Hesaplar Katılma Hesapları Güneş Katılma Hesabı Güneş Katılma Hesabı Nedir ? Gündelik tasarruflarınızı değerlendirebildiğiniz günlük açılabilen katılma hesabıdır. Her gün bir adım daha ileri: …;;absent;İndirim tutarı yok Yatırım hesabıdır
dunya-katilim--katilma-hesaplari-gunes-katilma-hesabi;dunya-katilim;alisveris_puani;;;;;Anasayfa Kendim Için Içerik Hesaplar Katılma Hesapları Güneş Katılma Hesabı Güneş Katılma Hesabı Nedir ? Gündelik tasarruflarınızı değerlendirebildiğiniz günlük açılabilen katılma hesabıdır. Her gün bir adım daha ileri: …;;absent;Alışveriş puanı yok Yatırım hesabıdır
dunya-katilim--katilma-hesaplari-gunes-katilma-hesabi;dunya-katilim;kampanya_suresi;;;;;Anasayfa Kendim Için Içerik Hesaplar Katılma Hesapları Güneş Katılma Hesabı Güneş Katılma Hesabı Nedir ? Gündelik tasarruflarınızı değerlendirebildiğiniz günlük açılabilen katılma hesabıdır. Her gün bir adım daha ileri: …;;;Kampanya süresi bilgisi yok
dunya-katilim--katilma-hesaplari-gunes-katilma-hesabi;dunya-katilim;hedef_kitle;;;;;Anasayfa Kendim Için Içerik Hesaplar Katılma Hesapları Güneş Katılma Hesabı Güneş Katılma Hesabı Nedir ? Gündelik tasarruflarınızı değerlendirebildiğiniz günlük açılabilen katılma hesabıdır. Her gün bir adım daha ileri: …;;;Hedef kitle bilgisi yok
dunya-katilim--kendim-icin-altin-bankaciligi;dunya-katilim;kar_payi_orani;;;;;Anasayfa Kendim Için Içerik Altın Bankacılığı Altın Bankacılığı Altın Hesapları Fiziki Altın Alımı Altın Hesapları Altın Cari Hesabı Altın Cari Hesabı, tasarruflarınızı altın olarak değerlendirilmesini sağlayan vadesiz b …;;;Kar payı bilgisi yok
dunya-katilim--kendim-icin-altin-bankaciligi;dunya-katilim;finansman_tutari;;;;;Anasayfa Kendim Için Içerik Altın Bankacılığı Altın Bankacılığı Altın Hesapları Fiziki Altın Alımı Altın Hesapları Altın Cari Hesabı Altın Cari Hesabı, tasarruflarınızı altın olarak değerlendirilmesini sağlayan vadesiz b …;;;Finasman tutarı yok
dunya-katilim--kendim-icin-altin-bankaciligi;dunya-katilim;taksit_sayisi;;;;;Anasayfa Kendim Için Içerik Altın Bankacılığı Altın Bankacılığı Altın Hesapları Fiziki Altın Alımı Altın Hesapları Altın Cari Hesabı Altın Cari Hesabı, tasarruflarınızı altın olarak değerlendirilmesini sağlayan vadesiz b …;;absent;Taksit Sayısı bilgisi yok
dunya-katilim--kendim-icin-altin-bankaciligi;dunya-katilim;tahsis_ucreti;;;;;Anasayfa Kendim Için Içerik Altın Bankacılığı Altın Bankacılığı Altın Hesapları Fiziki Altın Alımı Altın Hesapları Altın Cari Hesabı Altın Cari Hesabı, tasarruflarınızı altın olarak değerlendirilmesini sağlayan vadesiz b …;;;Tahsis ücretine dair bir bilgi yoktur
dunya-katilim--kendim-icin-altin-bankaciligi;dunya-katilim;odul_miktari;;;;;Anasayfa Kendim Için Içerik Altın Bankacılığı Altın Bankacılığı Altın Hesapları Fiziki Altın Alımı Altın Hesapları Altın Cari Hesabı Altın Cari Hesabı, tasarruflarınızı altın olarak değerlendirilmesini sağlayan vadesiz b …;;;Ödül tutarı yok
dunya-katilim--kendim-icin-altin-bankaciligi;dunya-katilim;indirim_orani;;;;;Anasayfa Kendim Için Içerik Altın Bankacılığı Altın Bankacılığı Altın Hesapları Fiziki Altın Alımı Altın Hesapları Altın Cari Hesabı Altın Cari Hesabı, tasarruflarınızı altın olarak değerlendirilmesini sağlayan vadesiz b …;;;İndirim tutarı yok
dunya-katilim--kendim-icin-altin-bankaciligi;dunya-katilim;alisveris_puani;;;;;Anasayfa Kendim Için Içerik Altın Bankacılığı Altın Bankacılığı Altın Hesapları Fiziki Altın Alımı Altın Hesapları Altın Cari Hesabı Altın Cari Hesabı, tasarruflarınızı altın olarak değerlendirilmesini sağlayan vadesiz b …;;absent;Alışveriş Puanı yok
dunya-katilim--kendim-icin-altin-bankaciligi;dunya-katilim;kampanya_suresi;;;;;Anasayfa Kendim Için Içerik Altın Bankacılığı Altın Bankacılığı Altın Hesapları Fiziki Altın Alımı Altın Hesapları Altın Cari Hesabı Altın Cari Hesabı, tasarruflarınızı altın olarak değerlendirilmesini sağlayan vadesiz b …;;;Kampanya süresi bilgisi yok
dunya-katilim--kendim-icin-altin-bankaciligi;dunya-katilim;kampanya_kosullari;;;;;Anasayfa Kendim Için Içerik Altın Bankacılığı Altın Bankacılığı Altın Hesapları Fiziki Altın Alımı Altın Hesapları Altın Cari Hesabı Altın Cari Hesabı, tasarruflarınızı altın olarak değerlendirilmesini sağlayan vadesiz b …;;;Koşul Bilgisi metinde yok
dunya-katilim--kendim-icin-altin-bankaciligi;dunya-katilim;hedef_kitle;;;;;Anasayfa Kendim Için Içerik Altın Bankacılığı Altın Bankacılığı Altın Hesapları Fiziki Altın Alımı Altın Hesapları Altın Cari Hesabı Altın Cari Hesabı, tasarruflarınızı altın olarak değerlendirilmesini sağlayan vadesiz b …;;;Hedef kitle bilgisi yok
kuveyt-turk--altin-hesaplari-altina-altin-katilma-hesabi;kuveyt-turk;finansman_tutari;;;;;Ana Sayfa Kendim İçin Altın Bankacılığı Altın Hesapları Altına Altın Katılma Hesabı Altın Cari Hesabı Çeyrek Altın Hesabı Altına Altın Katılma Hesabı Ziynet Altın Katılma Hesabı Birikimli Altın Katılma Hesabı Altına Altı …;;;Finasman tutarı yok
kuveyt-turk--altin-hesaplari-altina-altin-katilma-hesabi;kuveyt-turk;taksit_sayisi;;;;;Ana Sayfa Kendim İçin Altın Bankacılığı Altın Hesapları Altına Altın Katılma Hesabı Altın Cari Hesabı Çeyrek Altın Hesabı Altına Altın Katılma Hesabı Ziynet Altın Katılma Hesabı Birikimli Altın Katılma Hesabı Altına Altı …;;;Taksit Sayısı bilgisi yok
kuveyt-turk--altin-hesaplari-altina-altin-katilma-hesabi;kuveyt-turk;tahsis_ucreti;;;;;Ana Sayfa Kendim İçin Altın Bankacılığı Altın Hesapları Altına Altın Katılma Hesabı Altın Cari Hesabı Çeyrek Altın Hesabı Altına Altın Katılma Hesabı Ziynet Altın Katılma Hesabı Birikimli Altın Katılma Hesabı Altına Altı …;;;Tahsis ücretine dair bir bilgi yoktur
kuveyt-turk--altin-hesaplari-altina-altin-katilma-hesabi;kuveyt-turk;masraf_durumu;;;;;Ana Sayfa Kendim İçin Altın Bankacılığı Altın Hesapları Altına Altın Katılma Hesabı Altın Cari Hesabı Çeyrek Altın Hesabı Altına Altın Katılma Hesabı Ziynet Altın Katılma Hesabı Birikimli Altın Katılma Hesabı Altına Altı …;;;Masraf bilgisi metinde yoktur
kuveyt-turk--altin-hesaplari-altina-altin-katilma-hesabi;kuveyt-turk;odul_miktari;;;;;Ana Sayfa Kendim İçin Altın Bankacılığı Altın Hesapları Altına Altın Katılma Hesabı Altın Cari Hesabı Çeyrek Altın Hesabı Altına Altın Katılma Hesabı Ziynet Altın Katılma Hesabı Birikimli Altın Katılma Hesabı Altına Altı …;;;Ödül tutarı yok
kuveyt-turk--altin-hesaplari-altina-altin-katilma-hesabi;kuveyt-turk;indirim_orani;;;;;Ana Sayfa Kendim İçin Altın Bankacılığı Altın Hesapları Altına Altın Katılma Hesabı Altın Cari Hesabı Çeyrek Altın Hesabı Altına Altın Katılma Hesabı Ziynet Altın Katılma Hesabı Birikimli Altın Katılma Hesabı Altına Altı …;;;İndirim tutarı yok
kuveyt-turk--altin-hesaplari-altina-altin-katilma-hesabi;kuveyt-turk;alisveris_puani;;;;;Ana Sayfa Kendim İçin Altın Bankacılığı Altın Hesapları Altına Altın Katılma Hesabı Altın Cari Hesabı Çeyrek Altın Hesabı Altına Altın Katılma Hesabı Ziynet Altın Katılma Hesabı Birikimli Altın Katılma Hesabı Altına Altı …;;;Alışveriş Puanı yok
kuveyt-turk--altin-hesaplari-altina-altin-katilma-hesabi;kuveyt-turk;kampanya_suresi;;;;;Ana Sayfa Kendim İçin Altın Bankacılığı Altın Hesapları Altına Altın Katılma Hesabı Altın Cari Hesabı Çeyrek Altın Hesabı Altına Altın Katılma Hesabı Ziynet Altın Katılma Hesabı Birikimli Altın Katılma Hesabı Altına Altı …;;;Kampanya süresi bilgisi yok
kuveyt-turk--altin-hesaplari-altina-altin-katilma-hesabi;kuveyt-turk;hedef_kitle;;;;;Ana Sayfa Kendim İçin Altın Bankacılığı Altın Hesapları Altına Altın Katılma Hesabı Altın Cari Hesabı Çeyrek Altın Hesabı Altına Altın Katılma Hesabı Ziynet Altın Katılma Hesabı Birikimli Altın Katılma Hesabı Altına Altı …;;;Hedef kitle bilgisi yok
kuveyt-turk--finansmanlar-ihtiyac-finansmanlari;kuveyt-turk;kar_payi_orani;;;;;Ana Sayfa Kendim İçin Finansmanlar İhtiyaç Finansmanları Konut Finansmanları Araç Finansmanları Alışveriş Finansmanları İhtiyaç Finansmanları Sürdürülebilir Finansmanlar İhtiyaç Finansmanları Hac-Umre Finansmanı Hac ve u …;;;Uygun kar payı oranı yazmaktadır ve burada sayısal değer belirtilmemiştir
kuveyt-turk--finansmanlar-ihtiyac-finansmanlari;kuveyt-turk;finansman_tutari;;;;;Ana Sayfa Kendim İçin Finansmanlar İhtiyaç Finansmanları Konut Finansmanları Araç Finansmanları Alışveriş Finansmanları İhtiyaç Finansmanları Sürdürülebilir Finansmanlar İhtiyaç Finansmanları Hac-Umre Finansmanı Hac ve u …;;;Finasman tutarı yok
kuveyt-turk--finansmanlar-ihtiyac-finansmanlari;kuveyt-turk;taksit_sayisi;;;;;Ana Sayfa Kendim İçin Finansmanlar İhtiyaç Finansmanları Konut Finansmanları Araç Finansmanları Alışveriş Finansmanları İhtiyaç Finansmanları Sürdürülebilir Finansmanlar İhtiyaç Finansmanları Hac-Umre Finansmanı Hac ve u …;36;fix;Birden fazla İhtiyaç Finansmanı ürünü aynı metinde geçiyor  ve taksit yerine vade tutarı var
kuveyt-turk--finansmanlar-ihtiyac-finansmanlari;kuveyt-turk;tahsis_ucreti;;;;;Ana Sayfa Kendim İçin Finansmanlar İhtiyaç Finansmanları Konut Finansmanları Araç Finansmanları Alışveriş Finansmanları İhtiyaç Finansmanları Sürdürülebilir Finansmanlar İhtiyaç Finansmanları Hac-Umre Finansmanı Hac ve u …;;;Tahsis ücretine dair bir bilgi yoktur
kuveyt-turk--finansmanlar-ihtiyac-finansmanlari;kuveyt-turk;masraf_durumu;;;;;Ana Sayfa Kendim İçin Finansmanlar İhtiyaç Finansmanları Konut Finansmanları Araç Finansmanları Alışveriş Finansmanları İhtiyaç Finansmanları Sürdürülebilir Finansmanlar İhtiyaç Finansmanları Hac-Umre Finansmanı Hac ve u …;;;Masraf bilgisi metinde yoktur
kuveyt-turk--finansmanlar-ihtiyac-finansmanlari;kuveyt-turk;odul_miktari;;;;;Ana Sayfa Kendim İçin Finansmanlar İhtiyaç Finansmanları Konut Finansmanları Araç Finansmanları Alışveriş Finansmanları İhtiyaç Finansmanları Sürdürülebilir Finansmanlar İhtiyaç Finansmanları Hac-Umre Finansmanı Hac ve u …;;;Ödül tutarı yok
kuveyt-turk--finansmanlar-ihtiyac-finansmanlari;kuveyt-turk;indirim_orani;;;;;Ana Sayfa Kendim İçin Finansmanlar İhtiyaç Finansmanları Konut Finansmanları Araç Finansmanları Alışveriş Finansmanları İhtiyaç Finansmanları Sürdürülebilir Finansmanlar İhtiyaç Finansmanları Hac-Umre Finansmanı Hac ve u …;;;İndirim tutarı yok
kuveyt-turk--finansmanlar-ihtiyac-finansmanlari;kuveyt-turk;alisveris_puani;;;;;Ana Sayfa Kendim İçin Finansmanlar İhtiyaç Finansmanları Konut Finansmanları Araç Finansmanları Alışveriş Finansmanları İhtiyaç Finansmanları Sürdürülebilir Finansmanlar İhtiyaç Finansmanları Hac-Umre Finansmanı Hac ve u …;;;Alışveriş Puanı yok
kuveyt-turk--finansmanlar-ihtiyac-finansmanlari;kuveyt-turk;kampanya_suresi;;;;;Ana Sayfa Kendim İçin Finansmanlar İhtiyaç Finansmanları Konut Finansmanları Araç Finansmanları Alışveriş Finansmanları İhtiyaç Finansmanları Sürdürülebilir Finansmanlar İhtiyaç Finansmanları Hac-Umre Finansmanı Hac ve u …;;;Kampanya süresi bilgisi yok
kuveyt-turk--finansmanlar-ihtiyac-finansmanlari;kuveyt-turk;hedef_kitle;;;;;Ana Sayfa Kendim İçin Finansmanlar İhtiyaç Finansmanları Konut Finansmanları Araç Finansmanları Alışveriş Finansmanları İhtiyaç Finansmanları Sürdürülebilir Finansmanlar İhtiyaç Finansmanları Hac-Umre Finansmanı Hac ve u …;;;Hedef kitle bilgisi yok
kuveyt-turk--kampanya-arsivi-business-plus-karttan-vade-farksiz-3-taksit-imkani;kuveyt-turk;kar_payi_orani;;;;;Ana Sayfa Kampanyalar Kampanya Arşivi Business Plus Kart'tan Vade Farksız 3 Taksit İmkânı! Business Plus Kartınız ile yapacağınız alışverişinize vade farksız 3 taksit fırsatı! Kampanya Tarihleri 1.07.2023 - 31.08.2023 Ka …;;absent;Kar payı bilgisi yok
kuveyt-turk--kampanya-arsivi-business-plus-karttan-vade-farksiz-3-taksit-imkani;kuveyt-turk;finansman_tutari;;;;;Ana Sayfa Kampanyalar Kampanya Arşivi Business Plus Kart'tan Vade Farksız 3 Taksit İmkânı! Business Plus Kartınız ile yapacağınız alışverişinize vade farksız 3 taksit fırsatı! Kampanya Tarihleri 1.07.2023 - 31.08.2023 Ka …;;absent;Finasman tutarı yok
kuveyt-turk--kampanya-arsivi-business-plus-karttan-vade-farksiz-3-taksit-imkani;kuveyt-turk;tahsis_ucreti;;;;;Ana Sayfa Kampanyalar Kampanya Arşivi Business Plus Kart'tan Vade Farksız 3 Taksit İmkânı! Business Plus Kartınız ile yapacağınız alışverişinize vade farksız 3 taksit fırsatı! Kampanya Tarihleri 1.07.2023 - 31.08.2023 Ka …;;absent;Tahsis ücretine dair bir bilgi yoktur
kuveyt-turk--kampanya-arsivi-business-plus-karttan-vade-farksiz-3-taksit-imkani;kuveyt-turk;masraf_durumu;;;;;Ana Sayfa Kampanyalar Kampanya Arşivi Business Plus Kart'tan Vade Farksız 3 Taksit İmkânı! Business Plus Kartınız ile yapacağınız alışverişinize vade farksız 3 taksit fırsatı! Kampanya Tarihleri 1.07.2023 - 31.08.2023 Ka …;;;Masraf bilgisi metinde yoktur
kuveyt-turk--kampanya-arsivi-business-plus-karttan-vade-farksiz-3-taksit-imkani;kuveyt-turk;indirim_orani;;;;;Ana Sayfa Kampanyalar Kampanya Arşivi Business Plus Kart'tan Vade Farksız 3 Taksit İmkânı! Business Plus Kartınız ile yapacağınız alışverişinize vade farksız 3 taksit fırsatı! Kampanya Tarihleri 1.07.2023 - 31.08.2023 Ka …;;absent;İndirim tutarı yok
kuveyt-turk--kampanya-arsivi-business-plus-karttan-vade-farksiz-3-taksit-imkani;kuveyt-turk;alisveris_puani;;;;;Ana Sayfa Kampanyalar Kampanya Arşivi Business Plus Kart'tan Vade Farksız 3 Taksit İmkânı! Business Plus Kartınız ile yapacağınız alışverişinize vade farksız 3 taksit fırsatı! Kampanya Tarihleri 1.07.2023 - 31.08.2023 Ka …;;;Alışveriş Puanı yok
kuveyt-turk--kampanya-arsivi-business-plus-karttan-vade-farksiz-3-taksit-imkani;kuveyt-turk;hedef_kitle;;;;;Ana Sayfa Kampanyalar Kampanya Arşivi Business Plus Kart'tan Vade Farksız 3 Taksit İmkânı! Business Plus Kartınız ile yapacağınız alışverişinize vade farksız 3 taksit fırsatı! Kampanya Tarihleri 1.07.2023 - 31.08.2023 Ka …;;;Hedef kitle bilgisi yok
kuveyt-turk--leasing-leasing-sureci-ve-hesaplama-araci;kuveyt-turk;kar_payi_orani;;;;;Ana Sayfa İşim İçin Leasing Leasing Süreci ve Hesaplama Aracı Leasing Nedir? Avantajları Nelerdir? Leasing Süreci ve Hesaplama Aracı Sürdürülebilir Ürünlerimiz Leasing Finansman Ürünlerimiz Leasing'e Konu Ürünler ve KDV …;;;Kar payı bilgisi yok
kuveyt-turk--leasing-leasing-sureci-ve-hesaplama-araci;kuveyt-turk;finansman_tutari;;;;;Ana Sayfa İşim İçin Leasing Leasing Süreci ve Hesaplama Aracı Leasing Nedir? Avantajları Nelerdir? Leasing Süreci ve Hesaplama Aracı Sürdürülebilir Ürünlerimiz Leasing Finansman Ürünlerimiz Leasing'e Konu Ürünler ve KDV …;;;Finasman tutarı yok
kuveyt-turk--leasing-leasing-sureci-ve-hesaplama-araci;kuveyt-turk;vade_ay;;;;;Ana Sayfa İşim İçin Leasing Leasing Süreci ve Hesaplama Aracı Leasing Nedir? Avantajları Nelerdir? Leasing Süreci ve Hesaplama Aracı Sürdürülebilir Ürünlerimiz Leasing Finansman Ürünlerimiz Leasing'e Konu Ürünler ve KDV …;;;Vade bilgisi yok
kuveyt-turk--leasing-leasing-sureci-ve-hesaplama-araci;kuveyt-turk;taksit_sayisi;;;;;Ana Sayfa İşim İçin Leasing Leasing Süreci ve Hesaplama Aracı Leasing Nedir? Avantajları Nelerdir? Leasing Süreci ve Hesaplama Aracı Sürdürülebilir Ürünlerimiz Leasing Finansman Ürünlerimiz Leasing'e Konu Ürünler ve KDV …;;;Taksit Sayısı bilgisi yok
kuveyt-turk--leasing-leasing-sureci-ve-hesaplama-araci;kuveyt-turk;tahsis_ucreti;;;;;Ana Sayfa İşim İçin Leasing Leasing Süreci ve Hesaplama Aracı Leasing Nedir? Avantajları Nelerdir? Leasing Süreci ve Hesaplama Aracı Sürdürülebilir Ürünlerimiz Leasing Finansman Ürünlerimiz Leasing'e Konu Ürünler ve KDV …;;;Tahsis ücretine dair bir bilgi yoktur
kuveyt-turk--leasing-leasing-sureci-ve-hesaplama-araci;kuveyt-turk;masraf_durumu;;;;;Ana Sayfa İşim İçin Leasing Leasing Süreci ve Hesaplama Aracı Leasing Nedir? Avantajları Nelerdir? Leasing Süreci ve Hesaplama Aracı Sürdürülebilir Ürünlerimiz Leasing Finansman Ürünlerimiz Leasing'e Konu Ürünler ve KDV …;;;Masraf bilgisi metinde yoktur
kuveyt-turk--leasing-leasing-sureci-ve-hesaplama-araci;kuveyt-turk;odul_miktari;;;;;Ana Sayfa İşim İçin Leasing Leasing Süreci ve Hesaplama Aracı Leasing Nedir? Avantajları Nelerdir? Leasing Süreci ve Hesaplama Aracı Sürdürülebilir Ürünlerimiz Leasing Finansman Ürünlerimiz Leasing'e Konu Ürünler ve KDV …;;;Ödül tutarı yok
kuveyt-turk--leasing-leasing-sureci-ve-hesaplama-araci;kuveyt-turk;indirim_orani;;;;;Ana Sayfa İşim İçin Leasing Leasing Süreci ve Hesaplama Aracı Leasing Nedir? Avantajları Nelerdir? Leasing Süreci ve Hesaplama Aracı Sürdürülebilir Ürünlerimiz Leasing Finansman Ürünlerimiz Leasing'e Konu Ürünler ve KDV …;;;İndirim tutarı yok Bu Finasman Ürünüdür
kuveyt-turk--leasing-leasing-sureci-ve-hesaplama-araci;kuveyt-turk;alisveris_puani;;;;;Ana Sayfa İşim İçin Leasing Leasing Süreci ve Hesaplama Aracı Leasing Nedir? Avantajları Nelerdir? Leasing Süreci ve Hesaplama Aracı Sürdürülebilir Ürünlerimiz Leasing Finansman Ürünlerimiz Leasing'e Konu Ürünler ve KDV …;;;Alışveriş Puanı yok 
kuveyt-turk--leasing-leasing-sureci-ve-hesaplama-araci;kuveyt-turk;kampanya_suresi;;;;;Ana Sayfa İşim İçin Leasing Leasing Süreci ve Hesaplama Aracı Leasing Nedir? Avantajları Nelerdir? Leasing Süreci ve Hesaplama Aracı Sürdürülebilir Ürünlerimiz Leasing Finansman Ürünlerimiz Leasing'e Konu Ürünler ve KDV …;;;Kampanya süresi bilgisi yok
tom-katilim--hesaplama-araclari;tom-katilim;kar_payi_orani;;;;;Hesaplama Araçları Finansman Hesaplama TKTCDGRFNS TKTCDGRFNS TKTCDGRFNS Finansman Tutarı TL 5.000 TL 150.000 TL Vade Ay 1 Ay 36 Ay Hesapla Aylık Kâr Oranı: 3,99 % Taksit Tutarı: 1.981,98 TL Geri Ödenecek Tutar 11.891,83 …;;absent;Metinde kar payı bilgisi yok ama hesaplamak için gereklilikler var | turetilebilir ama metinde yok
tom-katilim--hesaplama-araclari;tom-katilim;taksit_sayisi;;;;;Hesaplama Araçları Finansman Hesaplama TKTCDGRFNS TKTCDGRFNS TKTCDGRFNS Finansman Tutarı TL 5.000 TL 150.000 TL Vade Ay 1 Ay 36 Ay Hesapla Aylık Kâr Oranı: 3,99 % Taksit Tutarı: 1.981,98 TL Geri Ödenecek Tutar 11.891,83 …;;absent;Taksit  Sayısı yerine vade sayısı var
tom-katilim--hesaplama-araclari;tom-katilim;tahsis_ucreti;;;;;Hesaplama Araçları Finansman Hesaplama TKTCDGRFNS TKTCDGRFNS TKTCDGRFNS Finansman Tutarı TL 5.000 TL 150.000 TL Vade Ay 1 Ay 36 Ay Hesapla Aylık Kâr Oranı: 3,99 % Taksit Tutarı: 1.981,98 TL Geri Ödenecek Tutar 11.891,83 …;;absent;Tahsis tutarı yok ama hesaplanabilir | turetilebilir ama metinde yok
tom-katilim--hesaplama-araclari;tom-katilim;masraf_durumu;;;;;Hesaplama Araçları Finansman Hesaplama TKTCDGRFNS TKTCDGRFNS TKTCDGRFNS Finansman Tutarı TL 5.000 TL 150.000 TL Vade Ay 1 Ay 36 Ay Hesapla Aylık Kâr Oranı: 3,99 % Taksit Tutarı: 1.981,98 TL Geri Ödenecek Tutar 11.891,83 …;;absent;Masraf bilgisi metinde yoktur ama hesaplanabilir | turetilebilir ama metinde yok
tom-katilim--hesaplama-araclari;tom-katilim;odul_miktari;;;;;Hesaplama Araçları Finansman Hesaplama TKTCDGRFNS TKTCDGRFNS TKTCDGRFNS Finansman Tutarı TL 5.000 TL 150.000 TL Vade Ay 1 Ay 36 Ay Hesapla Aylık Kâr Oranı: 3,99 % Taksit Tutarı: 1.981,98 TL Geri Ödenecek Tutar 11.891,83 …;;absent;Ödül tutarı yok
tom-katilim--hesaplama-araclari;tom-katilim;indirim_orani;;;;;Hesaplama Araçları Finansman Hesaplama TKTCDGRFNS TKTCDGRFNS TKTCDGRFNS Finansman Tutarı TL 5.000 TL 150.000 TL Vade Ay 1 Ay 36 Ay Hesapla Aylık Kâr Oranı: 3,99 % Taksit Tutarı: 1.981,98 TL Geri Ödenecek Tutar 11.891,83 …;;;İndirim tutarı yok
tom-katilim--hesaplama-araclari;tom-katilim;alisveris_puani;;;;;Hesaplama Araçları Finansman Hesaplama TKTCDGRFNS TKTCDGRFNS TKTCDGRFNS Finansman Tutarı TL 5.000 TL 150.000 TL Vade Ay 1 Ay 36 Ay Hesapla Aylık Kâr Oranı: 3,99 % Taksit Tutarı: 1.981,98 TL Geri Ödenecek Tutar 11.891,83 …;;;Alışveriş Puanı yok
tom-katilim--hesaplama-araclari;tom-katilim;kampanya_suresi;;;;;Hesaplama Araçları Finansman Hesaplama TKTCDGRFNS TKTCDGRFNS TKTCDGRFNS Finansman Tutarı TL 5.000 TL 150.000 TL Vade Ay 1 Ay 36 Ay Hesapla Aylık Kâr Oranı: 3,99 % Taksit Tutarı: 1.981,98 TL Geri Ödenecek Tutar 11.891,83 …;;;Kampanya süresi bilgisi yok
tom-katilim--hesaplama-araclari;tom-katilim;hedef_kitle;;;;;Hesaplama Araçları Finansman Hesaplama TKTCDGRFNS TKTCDGRFNS TKTCDGRFNS Finansman Tutarı TL 5.000 TL 150.000 TL Vade Ay 1 Ay 36 Ay Hesapla Aylık Kâr Oranı: 3,99 % Taksit Tutarı: 1.981,98 TL Geri Ödenecek Tutar 11.891,83 …;;;Hedef kitle bilgisi yok
turkiye-emlak-katilim--bireysel-hesaplar;turkiye-emlak-katilim;finansman_tutari;;;;;Türkiye Emlak Katılım Bankası A.Ş. internet sitesini ziyaretiniz esnasında kullanılabilecek çerezler ve benzeri teknolojiler hakkında bilgi vermek amacıyla işbu Çerez Politikası'nı hazırlanmıştır. Hesaplar Ana sayfa Bire …;;;Finasman tutarı yok
turkiye-emlak-katilim--bireysel-hesaplar;turkiye-emlak-katilim;taksit_sayisi;;;;;Türkiye Emlak Katılım Bankası A.Ş. internet sitesini ziyaretiniz esnasında kullanılabilecek çerezler ve benzeri teknolojiler hakkında bilgi vermek amacıyla işbu Çerez Politikası'nı hazırlanmıştır. Hesaplar Ana sayfa Bire …;;;Taksit Sayısı bilgisi yok
turkiye-emlak-katilim--bireysel-hesaplar;turkiye-emlak-katilim;tahsis_ucreti;;;;;Türkiye Emlak Katılım Bankası A.Ş. internet sitesini ziyaretiniz esnasında kullanılabilecek çerezler ve benzeri teknolojiler hakkında bilgi vermek amacıyla işbu Çerez Politikası'nı hazırlanmıştır. Hesaplar Ana sayfa Bire …;;;Tahsis ücreti yok
turkiye-emlak-katilim--bireysel-hesaplar;turkiye-emlak-katilim;masraf_durumu;;;;;Türkiye Emlak Katılım Bankası A.Ş. internet sitesini ziyaretiniz esnasında kullanılabilecek çerezler ve benzeri teknolojiler hakkında bilgi vermek amacıyla işbu Çerez Politikası'nı hazırlanmıştır. Hesaplar Ana sayfa Bire …;;;Masraf bilgisi metinde yoktur
turkiye-emlak-katilim--bireysel-hesaplar;turkiye-emlak-katilim;odul_miktari;;;;;Türkiye Emlak Katılım Bankası A.Ş. internet sitesini ziyaretiniz esnasında kullanılabilecek çerezler ve benzeri teknolojiler hakkında bilgi vermek amacıyla işbu Çerez Politikası'nı hazırlanmıştır. Hesaplar Ana sayfa Bire …;;;Ödül tutarı yok
turkiye-emlak-katilim--bireysel-hesaplar;turkiye-emlak-katilim;indirim_orani;;;;;Türkiye Emlak Katılım Bankası A.Ş. internet sitesini ziyaretiniz esnasında kullanılabilecek çerezler ve benzeri teknolojiler hakkında bilgi vermek amacıyla işbu Çerez Politikası'nı hazırlanmıştır. Hesaplar Ana sayfa Bire …;;;İndirim tutarı yok
turkiye-emlak-katilim--bireysel-hesaplar;turkiye-emlak-katilim;alisveris_puani;;;;;Türkiye Emlak Katılım Bankası A.Ş. internet sitesini ziyaretiniz esnasında kullanılabilecek çerezler ve benzeri teknolojiler hakkında bilgi vermek amacıyla işbu Çerez Politikası'nı hazırlanmıştır. Hesaplar Ana sayfa Bire …;;;Alışveriş Puanı yok
turkiye-emlak-katilim--bireysel-hesaplar;turkiye-emlak-katilim;kampanya_suresi;;;;;Türkiye Emlak Katılım Bankası A.Ş. internet sitesini ziyaretiniz esnasında kullanılabilecek çerezler ve benzeri teknolojiler hakkında bilgi vermek amacıyla işbu Çerez Politikası'nı hazırlanmıştır. Hesaplar Ana sayfa Bire …;;;Kampanya süresi bilgisi yok
turkiye-emlak-katilim--finansmanlar-ihtiyac-finansmani;turkiye-emlak-katilim;taksit_sayisi;;;;;Türkiye Emlak Katılım Bankası A.Ş. internet sitesini ziyaretiniz esnasında kullanılabilecek çerezler ve benzeri teknolojiler hakkında bilgi vermek amacıyla işbu Çerez Politikası'nı hazırlanmıştır. İhtiyaç Finansmanı Ana …;;unclear;Taksit Sayısı bilgisi var ama birden fazla kampanya karışmış ve hepsinin farklı taksit tutarı
turkiye-emlak-katilim--finansmanlar-ihtiyac-finansmani;turkiye-emlak-katilim;odul_miktari;;;;;Türkiye Emlak Katılım Bankası A.Ş. internet sitesini ziyaretiniz esnasında kullanılabilecek çerezler ve benzeri teknolojiler hakkında bilgi vermek amacıyla işbu Çerez Politikası'nı hazırlanmıştır. İhtiyaç Finansmanı Ana …;;;Ödül miktarı yok
turkiye-emlak-katilim--finansmanlar-ihtiyac-finansmani;turkiye-emlak-katilim;indirim_orani;;;;;Türkiye Emlak Katılım Bankası A.Ş. internet sitesini ziyaretiniz esnasında kullanılabilecek çerezler ve benzeri teknolojiler hakkında bilgi vermek amacıyla işbu Çerez Politikası'nı hazırlanmıştır. İhtiyaç Finansmanı Ana …;;;İndirim tutarı yok
turkiye-emlak-katilim--finansmanlar-ihtiyac-finansmani;turkiye-emlak-katilim;alisveris_puani;;;;;Türkiye Emlak Katılım Bankası A.Ş. internet sitesini ziyaretiniz esnasında kullanılabilecek çerezler ve benzeri teknolojiler hakkında bilgi vermek amacıyla işbu Çerez Politikası'nı hazırlanmıştır. İhtiyaç Finansmanı Ana …;;;Alışveriş puanı bilgisi yok metine sayfanın yapısı karışmışsa
turkiye-emlak-katilim--kampanya-market-alisverislerinize-1500-tl-parafpara-hediye;turkiye-emlak-katilim;kar_payi_orani;;;;;Türkiye Emlak Katılım Bankası A.Ş. internet sitesini ziyaretiniz esnasında kullanılabilecek çerezler ve benzeri teknolojiler hakkında bilgi vermek amacıyla işbu Çerez Politikası'nı hazırlanmıştır. Ana sayfa Bireysel Kamp …;;;Kar payı bilgisi yok
turkiye-emlak-katilim--kampanya-market-alisverislerinize-1500-tl-parafpara-hediye;turkiye-emlak-katilim;finansman_tutari;;;;;Türkiye Emlak Katılım Bankası A.Ş. internet sitesini ziyaretiniz esnasında kullanılabilecek çerezler ve benzeri teknolojiler hakkında bilgi vermek amacıyla işbu Çerez Politikası'nı hazırlanmıştır. Ana sayfa Bireysel Kamp …;;;Finasman tutarı yok
turkiye-emlak-katilim--kampanya-market-alisverislerinize-1500-tl-parafpara-hediye;turkiye-emlak-katilim;vade_ay;;;;;Türkiye Emlak Katılım Bankası A.Ş. internet sitesini ziyaretiniz esnasında kullanılabilecek çerezler ve benzeri teknolojiler hakkında bilgi vermek amacıyla işbu Çerez Politikası'nı hazırlanmıştır. Ana sayfa Bireysel Kamp …;;;Vade bilgisi yok
turkiye-emlak-katilim--kampanya-market-alisverislerinize-1500-tl-parafpara-hediye;turkiye-emlak-katilim;taksit_sayisi;;;;;Türkiye Emlak Katılım Bankası A.Ş. internet sitesini ziyaretiniz esnasında kullanılabilecek çerezler ve benzeri teknolojiler hakkında bilgi vermek amacıyla işbu Çerez Politikası'nı hazırlanmıştır. Ana sayfa Bireysel Kamp …;;;Taksit Sayısı bilgisi yok
turkiye-emlak-katilim--kampanya-market-alisverislerinize-1500-tl-parafpara-hediye;turkiye-emlak-katilim;tahsis_ucreti;;;;;Türkiye Emlak Katılım Bankası A.Ş. internet sitesini ziyaretiniz esnasında kullanılabilecek çerezler ve benzeri teknolojiler hakkında bilgi vermek amacıyla işbu Çerez Politikası'nı hazırlanmıştır. Ana sayfa Bireysel Kamp …;;;Tahsis tutarı yok 
turkiye-emlak-katilim--kampanya-market-alisverislerinize-1500-tl-parafpara-hediye;turkiye-emlak-katilim;indirim_orani;;;;;Türkiye Emlak Katılım Bankası A.Ş. internet sitesini ziyaretiniz esnasında kullanılabilecek çerezler ve benzeri teknolojiler hakkında bilgi vermek amacıyla işbu Çerez Politikası'nı hazırlanmıştır. Ana sayfa Bireysel Kamp …;;;İndirim tutarı yok
turkiye-emlak-katilim--kampanya-market-alisverislerinize-1500-tl-parafpara-hediye;turkiye-emlak-katilim;alisveris_puani;;;;;Türkiye Emlak Katılım Bankası A.Ş. internet sitesini ziyaretiniz esnasında kullanılabilecek çerezler ve benzeri teknolojiler hakkında bilgi vermek amacıyla işbu Çerez Politikası'nı hazırlanmıştır. Ana sayfa Bireysel Kamp …;"{""kind"": ""points"", ""value"": 150}";fix;Alışveriş puanı ParafPara olarak geçiyor metinde
turkiye-emlak-katilim--kampanya-market-alisverislerinize-1500-tl-parafpara-hediye;turkiye-emlak-katilim;hedef_kitle;;;;;Türkiye Emlak Katılım Bankası A.Ş. internet sitesini ziyaretiniz esnasında kullanılabilecek çerezler ve benzeri teknolojiler hakkında bilgi vermek amacıyla işbu Çerez Politikası'nı hazırlanmıştır. Ana sayfa Bireysel Kamp …;;;Hedef kitle bilgisi yok
turkiye-emlak-katilim--kampanya-paraf-ile-hepsiburadada-pesin-fiyatina-9-aya-varan-taksit-firsati;turkiye-emlak-katilim;kar_payi_orani;;;;;Türkiye Emlak Katılım Bankası A.Ş. internet sitesini ziyaretiniz esnasında kullanılabilecek çerezler ve benzeri teknolojiler hakkında bilgi vermek amacıyla işbu Çerez Politikası'nı hazırlanmıştır. Ana sayfa Bireysel Kamp …;;;Kar payı bilgisi yok
turkiye-emlak-katilim--kampanya-paraf-ile-hepsiburadada-pesin-fiyatina-9-aya-varan-taksit-firsati;turkiye-emlak-katilim;finansman_tutari;;;;;Türkiye Emlak Katılım Bankası A.Ş. internet sitesini ziyaretiniz esnasında kullanılabilecek çerezler ve benzeri teknolojiler hakkında bilgi vermek amacıyla işbu Çerez Politikası'nı hazırlanmıştır. Ana sayfa Bireysel Kamp …;;;Finasman tutarı yok
turkiye-emlak-katilim--kampanya-paraf-ile-hepsiburadada-pesin-fiyatina-9-aya-varan-taksit-firsati;turkiye-emlak-katilim;tahsis_ucreti;;;;;Türkiye Emlak Katılım Bankası A.Ş. internet sitesini ziyaretiniz esnasında kullanılabilecek çerezler ve benzeri teknolojiler hakkında bilgi vermek amacıyla işbu Çerez Politikası'nı hazırlanmıştır. Ana sayfa Bireysel Kamp …;;;Tahsis tutarı yok 
turkiye-emlak-katilim--kampanya-paraf-ile-hepsiburadada-pesin-fiyatina-9-aya-varan-taksit-firsati;turkiye-emlak-katilim;masraf_durumu;;;;;Türkiye Emlak Katılım Bankası A.Ş. internet sitesini ziyaretiniz esnasında kullanılabilecek çerezler ve benzeri teknolojiler hakkında bilgi vermek amacıyla işbu Çerez Politikası'nı hazırlanmıştır. Ana sayfa Bireysel Kamp …;;;Masraf bilgisi metinde yoktur
turkiye-emlak-katilim--kampanya-paraf-ile-hepsiburadada-pesin-fiyatina-9-aya-varan-taksit-firsati;turkiye-emlak-katilim;odul_miktari;;;;;Türkiye Emlak Katılım Bankası A.Ş. internet sitesini ziyaretiniz esnasında kullanılabilecek çerezler ve benzeri teknolojiler hakkında bilgi vermek amacıyla işbu Çerez Politikası'nı hazırlanmıştır. Ana sayfa Bireysel Kamp …;;;Ödül miktarı yok
turkiye-emlak-katilim--kampanya-paraf-ile-hepsiburadada-pesin-fiyatina-9-aya-varan-taksit-firsati;turkiye-emlak-katilim;indirim_orani;;;;;Türkiye Emlak Katılım Bankası A.Ş. internet sitesini ziyaretiniz esnasında kullanılabilecek çerezler ve benzeri teknolojiler hakkında bilgi vermek amacıyla işbu Çerez Politikası'nı hazırlanmıştır. Ana sayfa Bireysel Kamp …;;;İndirim tutarı yok
turkiye-emlak-katilim--kampanya-paraf-ile-hepsiburadada-pesin-fiyatina-9-aya-varan-taksit-firsati;turkiye-emlak-katilim;alisveris_puani;;;;;Türkiye Emlak Katılım Bankası A.Ş. internet sitesini ziyaretiniz esnasında kullanılabilecek çerezler ve benzeri teknolojiler hakkında bilgi vermek amacıyla işbu Çerez Politikası'nı hazırlanmıştır. Ana sayfa Bireysel Kamp …;;;Alışveriş Puanı yok
turkiye-emlak-katilim--kampanya-paraf-ile-hepsiburadada-pesin-fiyatina-9-aya-varan-taksit-firsati;turkiye-emlak-katilim;hedef_kitle;;;;;Türkiye Emlak Katılım Bankası A.Ş. internet sitesini ziyaretiniz esnasında kullanılabilecek çerezler ve benzeri teknolojiler hakkında bilgi vermek amacıyla işbu Çerez Politikası'nı hazırlanmıştır. Ana sayfa Bireysel Kamp …;;;Hedef kitle bilgisi yok
turkiye-finans--konut-finansmani-konut-finansmani;turkiye-finans;finansman_tutari;;;;;Navigasyonu görüntüle İçeriği görüntüle GÜNCELLE Çerez Politikası ve 6698 sayılı Kişisel Verilerin Korunması Kanunu kapsamında Bankamız ile paylaşmış olduğunuz kişisel verileriniz ile ilgili detaylı bilgiye Kişisel Veril …;"{""value"": 20000000, ""currency"": ""TRY""}";fix;5 Milyon ile 20 Milyon arasındadır | alt=5000000
turkiye-finans--konut-finansmani-konut-finansmani;turkiye-finans;taksit_sayisi;;;;;Navigasyonu görüntüle İçeriği görüntüle GÜNCELLE Çerez Politikası ve 6698 sayılı Kişisel Verilerin Korunması Kanunu kapsamında Bankamız ile paylaşmış olduğunuz kişisel verileriniz ile ilgili detaylı bilgiye Kişisel Veril …;120;fix;Vade sayısı olarak 120 ay görünmektedir
turkiye-finans--konut-finansmani-konut-finansmani;turkiye-finans;odul_miktari;;;;;Navigasyonu görüntüle İçeriği görüntüle GÜNCELLE Çerez Politikası ve 6698 sayılı Kişisel Verilerin Korunması Kanunu kapsamında Bankamız ile paylaşmış olduğunuz kişisel verileriniz ile ilgili detaylı bilgiye Kişisel Veril …;;;Ödül miktarı yok
turkiye-finans--konut-finansmani-konut-finansmani;turkiye-finans;indirim_orani;;;;;Navigasyonu görüntüle İçeriği görüntüle GÜNCELLE Çerez Politikası ve 6698 sayılı Kişisel Verilerin Korunması Kanunu kapsamında Bankamız ile paylaşmış olduğunuz kişisel verileriniz ile ilgili detaylı bilgiye Kişisel Veril …;;;İndirim tutarı yok
turkiye-finans--konut-finansmani-konut-finansmani;turkiye-finans;kampanya_suresi;;;;;Navigasyonu görüntüle İçeriği görüntüle GÜNCELLE Çerez Politikası ve 6698 sayılı Kişisel Verilerin Korunması Kanunu kapsamında Bankamız ile paylaşmış olduğunuz kişisel verileriniz ile ilgili detaylı bilgiye Kişisel Veril …;;;Kampanya süresi bilgisi yok
turkiye-finans--tasit-finansmani-tasit-finansmani-2;turkiye-finans;finansman_tutari;;;;;Navigasyonu görüntüle İçeriği görüntüle GÜNCELLE Çerez Politikası ve 6698 sayılı Kişisel Verilerin Korunması Kanunu kapsamında Bankamız ile paylaşmış olduğunuz kişisel verileriniz ile ilgili detaylı bilgiye Kişisel Veril …;"{""value"": 2000000, ""currency"": ""TRY""}";fix;Tutarlar belirli şartlarda farklı miktarlarda | alt=400000
turkiye-finans--tasit-finansmani-tasit-finansmani-2;turkiye-finans;taksit_sayisi;;;;;Navigasyonu görüntüle İçeriği görüntüle GÜNCELLE Çerez Politikası ve 6698 sayılı Kişisel Verilerin Korunması Kanunu kapsamında Bankamız ile paylaşmış olduğunuz kişisel verileriniz ile ilgili detaylı bilgiye Kişisel Veril …;;absent;Farklı miktarlarda farklı vade tutarları vardır 
turkiye-finans--tasit-finansmani-tasit-finansmani-2;turkiye-finans;masraf_durumu;;;;;Navigasyonu görüntüle İçeriği görüntüle GÜNCELLE Çerez Politikası ve 6698 sayılı Kişisel Verilerin Korunması Kanunu kapsamında Bankamız ile paylaşmış olduğunuz kişisel verileriniz ile ilgili detaylı bilgiye Kişisel Veril …;;;Masraf bilgisi metinde yoktur
turkiye-finans--tasit-finansmani-tasit-finansmani-2;turkiye-finans;odul_miktari;;;;;Navigasyonu görüntüle İçeriği görüntüle GÜNCELLE Çerez Politikası ve 6698 sayılı Kişisel Verilerin Korunması Kanunu kapsamında Bankamız ile paylaşmış olduğunuz kişisel verileriniz ile ilgili detaylı bilgiye Kişisel Veril …;;;Ödül miktarı yok
turkiye-finans--tasit-finansmani-tasit-finansmani-2;turkiye-finans;indirim_orani;;;;;Navigasyonu görüntüle İçeriği görüntüle GÜNCELLE Çerez Politikası ve 6698 sayılı Kişisel Verilerin Korunması Kanunu kapsamında Bankamız ile paylaşmış olduğunuz kişisel verileriniz ile ilgili detaylı bilgiye Kişisel Veril …;;;İndirim tutarı yok
turkiye-finans--tasit-finansmani-tasit-finansmani-2;turkiye-finans;kampanya_suresi;;;;;Navigasyonu görüntüle İçeriği görüntüle GÜNCELLE Çerez Politikası ve 6698 sayılı Kişisel Verilerin Korunması Kanunu kapsamında Bankamız ile paylaşmış olduğunuz kişisel verileriniz ile ilgili detaylı bilgiye Kişisel Veril …;;;Kampanya süresi bilgisi yok
vakif-katilim--detay-dijitalden-musteri-ol-hisse-senedi-islemlerinde-75-komisyon-indirimi-kazan;vakif-katilim;kar_payi_orani;;;;;Müşteri Ol Kendim İçin SİZE ÖZEL ÇÖZÜMLER ÜRÜN VE HİZMETLERİMİZ İşim İçin SİZE ÖZEL ÇÖZÜMLER ÜRÜN VE HİZMETLERİMİZ Hakkımızda Ana Sayfa Kendim İçin Kampanyalar Dijitalden Müşteri Ol, Hisse Senedi İşlemlerinde %75 Komisyo …;;;Kar payı bilgisi yok
vakif-katilim--detay-dijitalden-musteri-ol-hisse-senedi-islemlerinde-75-komisyon-indirimi-kazan;vakif-katilim;finansman_tutari;;;;;Müşteri Ol Kendim İçin SİZE ÖZEL ÇÖZÜMLER ÜRÜN VE HİZMETLERİMİZ İşim İçin SİZE ÖZEL ÇÖZÜMLER ÜRÜN VE HİZMETLERİMİZ Hakkımızda Ana Sayfa Kendim İçin Kampanyalar Dijitalden Müşteri Ol, Hisse Senedi İşlemlerinde %75 Komisyo …;;;Finasman tutarı yok
vakif-katilim--detay-dijitalden-musteri-ol-hisse-senedi-islemlerinde-75-komisyon-indirimi-kazan;vakif-katilim;vade_ay;;;;;Müşteri Ol Kendim İçin SİZE ÖZEL ÇÖZÜMLER ÜRÜN VE HİZMETLERİMİZ İşim İçin SİZE ÖZEL ÇÖZÜMLER ÜRÜN VE HİZMETLERİMİZ Hakkımızda Ana Sayfa Kendim İçin Kampanyalar Dijitalden Müşteri Ol, Hisse Senedi İşlemlerinde %75 Komisyo …;;;Vade bilgisi yok
vakif-katilim--detay-dijitalden-musteri-ol-hisse-senedi-islemlerinde-75-komisyon-indirimi-kazan;vakif-katilim;tahsis_ucreti;;;;;Müşteri Ol Kendim İçin SİZE ÖZEL ÇÖZÜMLER ÜRÜN VE HİZMETLERİMİZ İşim İçin SİZE ÖZEL ÇÖZÜMLER ÜRÜN VE HİZMETLERİMİZ Hakkımızda Ana Sayfa Kendim İçin Kampanyalar Dijitalden Müşteri Ol, Hisse Senedi İşlemlerinde %75 Komisyo …;;;Tahsis tutarı yok 
vakif-katilim--detay-dijitalden-musteri-ol-hisse-senedi-islemlerinde-75-komisyon-indirimi-kazan;vakif-katilim;masraf_durumu;;;;;Müşteri Ol Kendim İçin SİZE ÖZEL ÇÖZÜMLER ÜRÜN VE HİZMETLERİMİZ İşim İçin SİZE ÖZEL ÇÖZÜMLER ÜRÜN VE HİZMETLERİMİZ Hakkımızda Ana Sayfa Kendim İçin Kampanyalar Dijitalden Müşteri Ol, Hisse Senedi İşlemlerinde %75 Komisyo …;;;Masraf bilgisi metinde yoktur
vakif-katilim--detay-dijitalden-musteri-ol-hisse-senedi-islemlerinde-75-komisyon-indirimi-kazan;vakif-katilim;odul_miktari;;;;;Müşteri Ol Kendim İçin SİZE ÖZEL ÇÖZÜMLER ÜRÜN VE HİZMETLERİMİZ İşim İçin SİZE ÖZEL ÇÖZÜMLER ÜRÜN VE HİZMETLERİMİZ Hakkımızda Ana Sayfa Kendim İçin Kampanyalar Dijitalden Müşteri Ol, Hisse Senedi İşlemlerinde %75 Komisyo …;%75;fix;Yüzde 75 komisyon tanımaktadır
vakif-katilim--detay-dijitalden-musteri-ol-hisse-senedi-islemlerinde-75-komisyon-indirimi-kazan;vakif-katilim;alisveris_puani;;;;;Müşteri Ol Kendim İçin SİZE ÖZEL ÇÖZÜMLER ÜRÜN VE HİZMETLERİMİZ İşim İçin SİZE ÖZEL ÇÖZÜMLER ÜRÜN VE HİZMETLERİMİZ Hakkımızda Ana Sayfa Kendim İçin Kampanyalar Dijitalden Müşteri Ol, Hisse Senedi İşlemlerinde %75 Komisyo …;;;Alışveriş Puanı yok
vakif-katilim--detay-espressolab-hediye-kahve-kampanyasi;vakif-katilim;campaign_type;;;;;Müşteri Ol Kendim İçin SİZE ÖZEL ÇÖZÜMLER ÜRÜN VE HİZMETLERİMİZ İşim İçin SİZE ÖZEL ÇÖZÜMLER ÜRÜN VE HİZMETLERİMİZ Hakkımızda Ana Sayfa Kendim İçin Kampanyalar Espressolab Hediye Kahve Kampanyası Kampanya Geçerlilik Tari …;Yeni Müşteri;fix;"Müşteri Ol Kendim İçin SİZE ÖZEL ÇÖZÜMLER ÜRÜN VE HİZMETLERİMİZ İşim İçin SİZE ÖZEL ÇÖZÜMLER ÜRÜN VE HİZMETLERİMİZ Hakkımızda Ana Sayfa Kendim İçin Kampanyalar Espressolab Hediye Kahve Kampanyası Kampanya Geçerlilik Tarihi 01 Ocak 2026 - 31 Aralık 2026 Kampanya Detayları Vakıf Katılımlı Olanlara 2 Kahve Hediye! Vakıf Katılım & Espressolab iş birliği ile Vakıf Katılım Mobil Şube üzerinden müşterimiz olarak 2 kahve kazanabilirsiniz. ""KAHVE"" davet koduyla müşterimiz olduktan sonra hediye kahve kodları SMS ile iletilecektir. Vakıf Katılım müşterisi değilseniz Vakıf Katılım Mobil 'i indirerek "" Vakıf Katılımlı Ol "" adımından ya da en yakın şubeye giderek müşteri olabilirsiniz. Espressolab Ücretsiz Kahve Kodu Espressolab ücretsiz kahve kodu ""KAHVE"" şeklindedir. ""KAHVE"" koduyla uzaktan müşterimiz olan Vakıf Katılımlılar, Espressolab'den hediye kahve kazanıyor! Siz de Vakıf Katılım Mobil Şube'den şimdi müşterimiz olun ve hediye kahvenin tadını çıkarın. Espressolab Hediye Kahve Kampanya Süresi Vakıf Katılım & Espressolab iş birliği ile sunulan Espressolab hediye kahve kampanyası 01 Ocak 2026 - 31 Aralık 2026 tarihleri arasında geçerlidir. Kampanya Şartları Espressolab Hediye Kahve Kodu Nasıl Kazanılır? ""KAHVE"" davet koduyla Vakıf Katılım Mobil Şube üzerinden müşteri olanlara Espressolab mobil uygulamasında kullanabilecekleri 2 adet hediye kahve kodu iletilecektir. Vakıf Katılımlı Olanlara 2 Kahve Hediye Kampanyasından Kimler Yararlanabilir? Mobilden ""KAHVE"" davet koduyla müşteri olan herkes kampanyadan yararlanabilir. Kampanyaya Kaç Kez Katılabilirim? Kampanya müşteri bazındadır ve bir müşteri kampanyadan bir kez yararlanabilir. Espressolab Hediye Kahve Kodu Nerelerde Geçerlidir? Hediye kahve kodları Espressolab mağazalarında geçerlidir, online alışverişlerde kullanılamaz. Espressolab Mobil Uygulaması Üzerinden Espressolab Hediye Kahve Kodu Nasıl Kullanılır? Hediye kahve kodunu kazanan Vakıf Katılımlılar hediye kahvelerini Espressolab uygulamasını indirip QR Kodu Okut > Promosyon Kodu Gir > QR Kodu Baristaya Göster > Ödeme Yap adımlarıyla alabilirler. Espressolab Ücretsiz Kahve Kampanyası Hangi Kahvelerde Geçerlidir? Hediye kahve kodu sıcak ve soğuk içeceklerden; küçük boy aromasız; espresso, espresso macchiato, latte, cappuccino, filtre kahve, americano, flat white, cortado, Türk kahvesi, Karadeniz çayı ve bitki çaylarında geçerlidir. Vakıf Katılım Espressolab Hediye Kahve Kodu Kaç Kez Kullanılır? Vakıf Katılım & Espressolab iş birliği ile sunulan Espressolab hediye kahve kampanyasından her müşteri 1 kez yararlanabilir. Kampanya katılımı ilk 1.000 kişi için geçerlidir. Espressolab Hediye Kahve Kodu Geçerlilik Süresi Nedir? Kazanılan hediye kahve kodlarının kullanım süresi 1 aydır. Bu tarihten sonra kullanılmayan kodlar geçersiz olacaktır. Vakıf Katılım Bankası AŞ ve Espressolab, önceden haber vermeksizin kampanyayı durdurma, sona erdirme, kampanya kapsamını ve koşullarını değiştirme hakkını saklı tutar. Tümünü Göster İlginizi Çekebilecek Kampanyalar MTV Ödemelerinde Vade Farksız 3 Taksit Detaylı Bilgi VKart'la Şarj Et, Yola Devam Et! Detaylı Bilgi TROY ile Gelir Vergisi Ödemelerine Vade Farksız 3 Taksit Detaylı Bilgi Tüm Kampanyalar Çerezleri Özelleştirin Reddet Kabul Ediyorum"
vakif-katilim--detay-espressolab-hediye-kahve-kampanyasi;vakif-katilim;kar_payi_orani;;;;;Müşteri Ol Kendim İçin SİZE ÖZEL ÇÖZÜMLER ÜRÜN VE HİZMETLERİMİZ İşim İçin SİZE ÖZEL ÇÖZÜMLER ÜRÜN VE HİZMETLERİMİZ Hakkımızda Ana Sayfa Kendim İçin Kampanyalar Espressolab Hediye Kahve Kampanyası Kampanya Geçerlilik Tari …;;;Metinde herhangi bir kâr payı oranı bulunmuyor.
vakif-katilim--detay-espressolab-hediye-kahve-kampanyasi;vakif-katilim;finansman_tutari;;;;;Müşteri Ol Kendim İçin SİZE ÖZEL ÇÖZÜMLER ÜRÜN VE HİZMETLERİMİZ İşim İçin SİZE ÖZEL ÇÖZÜMLER ÜRÜN VE HİZMETLERİMİZ Hakkımızda Ana Sayfa Kendim İçin Kampanyalar Espressolab Hediye Kahve Kampanyası Kampanya Geçerlilik Tari …;;;Finansman ürünü veya finansman limiti yer almıyor.
vakif-katilim--detay-espressolab-hediye-kahve-kampanyasi;vakif-katilim;vade_ay;;;;;Müşteri Ol Kendim İçin SİZE ÖZEL ÇÖZÜMLER ÜRÜN VE HİZMETLERİMİZ İşim İçin SİZE ÖZEL ÇÖZÜMLER ÜRÜN VE HİZMETLERİMİZ Hakkımızda Ana Sayfa Kendim İçin Kampanyalar Espressolab Hediye Kahve Kampanyası Kampanya Geçerlilik Tari …;;;"Finansman vadesi bulunmuyor. ""1 ay"" ifadesi yalnızca hediye kahve kodunun kullanım süresidir, finansman vadesi değildir."
vakif-katilim--detay-espressolab-hediye-kahve-kampanyasi;vakif-katilim;tahsis_ucreti;;;;;Müşteri Ol Kendim İçin SİZE ÖZEL ÇÖZÜMLER ÜRÜN VE HİZMETLERİMİZ İşim İçin SİZE ÖZEL ÇÖZÜMLER ÜRÜN VE HİZMETLERİMİZ Hakkımızda Ana Sayfa Kendim İçin Kampanyalar Espressolab Hediye Kahve Kampanyası Kampanya Geçerlilik Tari …;;;Tahsis ücretinden bahsedilmiyor.
vakif-katilim--detay-espressolab-hediye-kahve-kampanyasi;vakif-katilim;odul_miktari;;;;;Müşteri Ol Kendim İçin SİZE ÖZEL ÇÖZÜMLER ÜRÜN VE HİZMETLERİMİZ İşim İçin SİZE ÖZEL ÇÖZÜMLER ÜRÜN VE HİZMETLERİMİZ Hakkımızda Ana Sayfa Kendim İçin Kampanyalar Espressolab Hediye Kahve Kampanyası Kampanya Geçerlilik Tari …;2;fix;Kampanya ödülü 2 adet ücretsiz kahvedir.
vakif-katilim--detay-espressolab-hediye-kahve-kampanyasi;vakif-katilim;indirim_orani;;;;;Müşteri Ol Kendim İçin SİZE ÖZEL ÇÖZÜMLER ÜRÜN VE HİZMETLERİMİZ İşim İçin SİZE ÖZEL ÇÖZÜMLER ÜRÜN VE HİZMETLERİMİZ Hakkımızda Ana Sayfa Kendim İçin Kampanyalar Espressolab Hediye Kahve Kampanyası Kampanya Geçerlilik Tari …;;;Yüzdesel bir indirim belirtilmiyor.
vakif-katilim--detay-espressolab-hediye-kahve-kampanyasi;vakif-katilim;alisveris_puani;;;;;Müşteri Ol Kendim İçin SİZE ÖZEL ÇÖZÜMLER ÜRÜN VE HİZMETLERİMİZ İşim İçin SİZE ÖZEL ÇÖZÜMLER ÜRÜN VE HİZMETLERİMİZ Hakkımızda Ana Sayfa Kendim İçin Kampanyalar Espressolab Hediye Kahve Kampanyası Kampanya Geçerlilik Tari …;;;Alışveriş puanı veya puan kazanımı bulunmuyor.
vakif-katilim--detay-espressolab-hediye-kahve-kampanyasi;vakif-katilim;hedef_kitle;;;;;Müşteri Ol Kendim İçin SİZE ÖZEL ÇÖZÜMLER ÜRÜN VE HİZMETLERİMİZ İşim İçin SİZE ÖZEL ÇÖZÜMLER ÜRÜN VE HİZMETLERİMİZ Hakkımızda Ana Sayfa Kendim İçin Kampanyalar Espressolab Hediye Kahve Kampanyası Kampanya Geçerlilik Tari …;"[""yeni_musteri""]";fix;"Kampanyadan yalnızca mobil üzerinden ""KAHVE"" davet koduyla müşteri olan kişiler yararlanabilir."
vakif-katilim--finansmanlar-kentsel-donusum-finansmani;vakif-katilim;kar_payi_orani;;;;;Müşteri Ol Kendim İçin SİZE ÖZEL ÇÖZÜMLER ÜRÜN VE HİZMETLERİMİZ İşim İçin SİZE ÖZEL ÇÖZÜMLER ÜRÜN VE HİZMETLERİMİZ Hakkımızda Ana Sayfa Kendim İçin Finansmanlar Kentsel Dönüşüm Finansmanı Kentsel Dönüşüm Finansmanı Çevre …;;;Kar payı bilgisi yok
vakif-katilim--finansmanlar-kentsel-donusum-finansmani;vakif-katilim;finansman_tutari;;;;;Müşteri Ol Kendim İçin SİZE ÖZEL ÇÖZÜMLER ÜRÜN VE HİZMETLERİMİZ İşim İçin SİZE ÖZEL ÇÖZÜMLER ÜRÜN VE HİZMETLERİMİZ Hakkımızda Ana Sayfa Kendim İçin Finansmanlar Kentsel Dönüşüm Finansmanı Kentsel Dönüşüm Finansmanı Çevre …;"{""value"": 3000000, ""currency"": ""TRY""}";fix;1250000 - 3000000 tl arasında belirli şartlarda finasman desteği sunuluyor | alt=1250000
vakif-katilim--finansmanlar-kentsel-donusum-finansmani;vakif-katilim;taksit_sayisi;;;;;Müşteri Ol Kendim İçin SİZE ÖZEL ÇÖZÜMLER ÜRÜN VE HİZMETLERİMİZ İşim İçin SİZE ÖZEL ÇÖZÜMLER ÜRÜN VE HİZMETLERİMİZ Hakkımızda Ana Sayfa Kendim İçin Finansmanlar Kentsel Dönüşüm Finansmanı Kentsel Dönüşüm Finansmanı Çevre …;;absent;Taksit  Sayısı yerine vade sayısı var
vakif-katilim--finansmanlar-kentsel-donusum-finansmani;vakif-katilim;tahsis_ucreti;;;;;Müşteri Ol Kendim İçin SİZE ÖZEL ÇÖZÜMLER ÜRÜN VE HİZMETLERİMİZ İşim İçin SİZE ÖZEL ÇÖZÜMLER ÜRÜN VE HİZMETLERİMİZ Hakkımızda Ana Sayfa Kendim İçin Finansmanlar Kentsel Dönüşüm Finansmanı Kentsel Dönüşüm Finansmanı Çevre …;;;Tahsis tutarı yok 
vakif-katilim--finansmanlar-kentsel-donusum-finansmani;vakif-katilim;masraf_durumu;;;;;Müşteri Ol Kendim İçin SİZE ÖZEL ÇÖZÜMLER ÜRÜN VE HİZMETLERİMİZ İşim İçin SİZE ÖZEL ÇÖZÜMLER ÜRÜN VE HİZMETLERİMİZ Hakkımızda Ana Sayfa Kendim İçin Finansmanlar Kentsel Dönüşüm Finansmanı Kentsel Dönüşüm Finansmanı Çevre …;;;Masraf bilgisi metinde yoktur
vakif-katilim--finansmanlar-kentsel-donusum-finansmani;vakif-katilim;odul_miktari;;;;;Müşteri Ol Kendim İçin SİZE ÖZEL ÇÖZÜMLER ÜRÜN VE HİZMETLERİMİZ İşim İçin SİZE ÖZEL ÇÖZÜMLER ÜRÜN VE HİZMETLERİMİZ Hakkımızda Ana Sayfa Kendim İçin Finansmanlar Kentsel Dönüşüm Finansmanı Kentsel Dönüşüm Finansmanı Çevre …;;;Ödül miktarı yok
vakif-katilim--finansmanlar-kentsel-donusum-finansmani;vakif-katilim;indirim_orani;;;;;Müşteri Ol Kendim İçin SİZE ÖZEL ÇÖZÜMLER ÜRÜN VE HİZMETLERİMİZ İşim İçin SİZE ÖZEL ÇÖZÜMLER ÜRÜN VE HİZMETLERİMİZ Hakkımızda Ana Sayfa Kendim İçin Finansmanlar Kentsel Dönüşüm Finansmanı Kentsel Dönüşüm Finansmanı Çevre …;;;İndirim tutarı yok
vakif-katilim--finansmanlar-kentsel-donusum-finansmani;vakif-katilim;alisveris_puani;;;;;Müşteri Ol Kendim İçin SİZE ÖZEL ÇÖZÜMLER ÜRÜN VE HİZMETLERİMİZ İşim İçin SİZE ÖZEL ÇÖZÜMLER ÜRÜN VE HİZMETLERİMİZ Hakkımızda Ana Sayfa Kendim İçin Finansmanlar Kentsel Dönüşüm Finansmanı Kentsel Dönüşüm Finansmanı Çevre …;;;Alışveriş puanı veya puan kazanımı bulunmuyor.
vakif-katilim--finansmanlar-kentsel-donusum-finansmani;vakif-katilim;kampanya_suresi;;;;;Müşteri Ol Kendim İçin SİZE ÖZEL ÇÖZÜMLER ÜRÜN VE HİZMETLERİMİZ İşim İçin SİZE ÖZEL ÇÖZÜMLER ÜRÜN VE HİZMETLERİMİZ Hakkımızda Ana Sayfa Kendim İçin Finansmanlar Kentsel Dönüşüm Finansmanı Kentsel Dönüşüm Finansmanı Çevre …;;;Kampanya süresi bilgisi yok
vakif-katilim--finansmanlar-kentsel-donusum-finansmani;vakif-katilim;hedef_kitle;;;;;Müşteri Ol Kendim İçin SİZE ÖZEL ÇÖZÜMLER ÜRÜN VE HİZMETLERİMİZ İşim İçin SİZE ÖZEL ÇÖZÜMLER ÜRÜN VE HİZMETLERİMİZ Hakkımızda Ana Sayfa Kendim İçin Finansmanlar Kentsel Dönüşüm Finansmanı Kentsel Dönüşüm Finansmanı Çevre …;;;Hedef kitle bilgisi yok
vakif-katilim--finansmanlar-konut-finansmani-2;vakif-katilim;kar_payi_orani;;;;;Müşteri Ol Kendim İçin SİZE ÖZEL ÇÖZÜMLER ÜRÜN VE HİZMETLERİMİZ İşim İçin SİZE ÖZEL ÇÖZÜMLER ÜRÜN VE HİZMETLERİMİZ Hakkımızda Ana Sayfa Diğer Yardım Merkezi Kendim İçin Konut Finansmanı ile ilgili Sıkça Sorulan Sorular F …;;;Metinde herhangi bir kâr payı oranı belirtilmemiştir.
vakif-katilim--finansmanlar-konut-finansmani-2;vakif-katilim;finansman_tutari;;;;;Müşteri Ol Kendim İçin SİZE ÖZEL ÇÖZÜMLER ÜRÜN VE HİZMETLERİMİZ İşim İçin SİZE ÖZEL ÇÖZÜMLER ÜRÜN VE HİZMETLERİMİZ Hakkımızda Ana Sayfa Diğer Yardım Merkezi Kendim İçin Konut Finansmanı ile ilgili Sıkça Sorulan Sorular F …;;;"Finansman tutarı veya üst limiti verilmemiştir. ""Evin değerinin bir kısmına finansman sağlanır."" ifadesi sayısal bir değer içermez."
vakif-katilim--finansmanlar-konut-finansmani-2;vakif-katilim;vade_ay;;;;;Müşteri Ol Kendim İçin SİZE ÖZEL ÇÖZÜMLER ÜRÜN VE HİZMETLERİMİZ İşim İçin SİZE ÖZEL ÇÖZÜMLER ÜRÜN VE HİZMETLERİMİZ Hakkımızda Ana Sayfa Diğer Yardım Merkezi Kendim İçin Konut Finansmanı ile ilgili Sıkça Sorulan Sorular F …;;;Vade süresi belirtilmemiştir.
vakif-katilim--finansmanlar-konut-finansmani-2;vakif-katilim;taksit_sayisi;;;;;Müşteri Ol Kendim İçin SİZE ÖZEL ÇÖZÜMLER ÜRÜN VE HİZMETLERİMİZ İşim İçin SİZE ÖZEL ÇÖZÜMLER ÜRÜN VE HİZMETLERİMİZ Hakkımızda Ana Sayfa Diğer Yardım Merkezi Kendim İçin Konut Finansmanı ile ilgili Sıkça Sorulan Sorular F …;;;Taksit sayısı belirtilmemiştir.
vakif-katilim--finansmanlar-konut-finansmani-2;vakif-katilim;tahsis_ucreti;;;;;Müşteri Ol Kendim İçin SİZE ÖZEL ÇÖZÜMLER ÜRÜN VE HİZMETLERİMİZ İşim İçin SİZE ÖZEL ÇÖZÜMLER ÜRÜN VE HİZMETLERİMİZ Hakkımızda Ana Sayfa Diğer Yardım Merkezi Kendim İçin Konut Finansmanı ile ilgili Sıkça Sorulan Sorular F …;;;Tahsis ücretine ilişkin bilgi bulunmamaktadır.
vakif-katilim--finansmanlar-konut-finansmani-2;vakif-katilim;masraf_durumu;;;;;Müşteri Ol Kendim İçin SİZE ÖZEL ÇÖZÜMLER ÜRÜN VE HİZMETLERİMİZ İşim İçin SİZE ÖZEL ÇÖZÜMLER ÜRÜN VE HİZMETLERİMİZ Hakkımızda Ana Sayfa Diğer Yardım Merkezi Kendim İçin Konut Finansmanı ile ilgili Sıkça Sorulan Sorular F …;;;Masraflı/masrafsız olduğuna dair herhangi bir ifade yoktur.
vakif-katilim--finansmanlar-konut-finansmani-2;vakif-katilim;odul_miktari;;;;;Müşteri Ol Kendim İçin SİZE ÖZEL ÇÖZÜMLER ÜRÜN VE HİZMETLERİMİZ İşim İçin SİZE ÖZEL ÇÖZÜMLER ÜRÜN VE HİZMETLERİMİZ Hakkımızda Ana Sayfa Diğer Yardım Merkezi Kendim İçin Konut Finansmanı ile ilgili Sıkça Sorulan Sorular F …;;;Herhangi bir ödül veya hediye kampanyası bulunmamaktadır.
vakif-katilim--finansmanlar-konut-finansmani-2;vakif-katilim;indirim_orani;;;;;Müşteri Ol Kendim İçin SİZE ÖZEL ÇÖZÜMLER ÜRÜN VE HİZMETLERİMİZ İşim İçin SİZE ÖZEL ÇÖZÜMLER ÜRÜN VE HİZMETLERİMİZ Hakkımızda Ana Sayfa Diğer Yardım Merkezi Kendim İçin Konut Finansmanı ile ilgili Sıkça Sorulan Sorular F …;;;İndirim oranı belirtilmemiştir.
vakif-katilim--finansmanlar-konut-finansmani-2;vakif-katilim;alisveris_puani;;;;;Müşteri Ol Kendim İçin SİZE ÖZEL ÇÖZÜMLER ÜRÜN VE HİZMETLERİMİZ İşim İçin SİZE ÖZEL ÇÖZÜMLER ÜRÜN VE HİZMETLERİMİZ Hakkımızda Ana Sayfa Diğer Yardım Merkezi Kendim İçin Konut Finansmanı ile ilgili Sıkça Sorulan Sorular F …;;;Alışveriş puanı veya puan kampanyası bulunmamaktadır.
vakif-katilim--finansmanlar-konut-finansmani-2;vakif-katilim;kampanya_suresi;;;;;Müşteri Ol Kendim İçin SİZE ÖZEL ÇÖZÜMLER ÜRÜN VE HİZMETLERİMİZ İşim İçin SİZE ÖZEL ÇÖZÜMLER ÜRÜN VE HİZMETLERİMİZ Hakkımızda Ana Sayfa Diğer Yardım Merkezi Kendim İçin Konut Finansmanı ile ilgili Sıkça Sorulan Sorular F …;;;"Bu bir kampanya değildir; geçerlilik tarihi veya kampanya süresi yer almamaktadır."
vakif-katilim--finansmanlar-konut-finansmani-2;vakif-katilim;hedef_kitle;;;;;Müşteri Ol Kendim İçin SİZE ÖZEL ÇÖZÜMLER ÜRÜN VE HİZMETLERİMİZ İşim İçin SİZE ÖZEL ÇÖZÜMLER ÜRÜN VE HİZMETLERİMİZ Hakkımızda Ana Sayfa Diğer Yardım Merkezi Kendim İçin Konut Finansmanı ile ilgili Sıkça Sorulan Sorular F …;;absent;"Sayfa konut finansmanı ürünü hakkında bilgi almak isteyen bireysel kullanıcıları hedeflemektedir; metinde özel bir kampanya hedef kitlesi tanımlanmamıştır."
