doc_id;bank;field;model_value;model_conf;confidence_source;disagreement;snippet;gold_value;verdict;note;protokol
albaraka--detay-dijital-musterilere-ozel-pratik-finansman-kart;albaraka;campaign_type;Konut Finansmanı;0.70;classifier;;Albaraka Mobil Mobil Bankacılık Aç Dijital Müşterilere Özel Pratik Finansman Kart Anasayfa Kampanyalar Kampanya Başlangıç ve Bitiş 01.01.2026 - 31.12.2026 Müşteri Ol Müşteri Ol Vade farksız 40.000 TL ve uygun oranlı hoş …;;;;v2
albaraka--detay-dijital-musterilere-ozel-pratik-finansman-kart;albaraka;finansman_tutari;"{""currency"": ""TRY"", ""value"": 250.0}";0.82;rule_heuristic;;… kartınızla birçok ihtiyacınız için birden fazla finansman kullanımını yapabilirsiniz. Pratik Finansman Kart ile asgari [250 TL], azami 150.000 TL finansman kullanılabilmektedir. Pratik Finansman Kart başvurunuz onaylandıktan sonra, kartınızın kury…;;;;v2
albaraka--detay-dijital-musterilere-ozel-pratik-finansman-kart;albaraka;taksit_sayisi;4;0.85;rule_heuristic;;"…ile Albaraka'lı olan dijital müşterilerimize özel; vade farksız, azami 40.000 TL limitli, 3 aya varan ödemesiz dönem ve [4 taksit] imkânı ile birlikte toplam 6 aya varan vade imkanıyla sunulan Pratik Finansman Kart (Karz-ı Hasen) başvurusunda bulunab…";;;;v2
albaraka--detay-dijital-musterilere-ozel-pratik-finansman-kart;albaraka;kampanya_suresi;2026-12-31;0.72;rule_heuristic;;…bil Mobil Bankacılık Aç Dijital Müşterilere Özel Pratik Finansman Kart Anasayfa Kampanyalar Kampanya Başlangıç ve Bitiş [01.01.2026] - 31.12.2026 Müşteri Ol Müşteri Ol Vade farksız 40.000 TL ve uygun oranlı hoş geldin finansmanı Albaraka'da! Beyaz eşya…;;;;v2
albaraka--finansmanlar-kobi-gayri-nakdi-finansman;albaraka;campaign_type;Finansman;0.70;classifier;;Albaraka Mobil Mobil Bankacılık Aç Kobi Gayri Nakdi Finansman Anasayfa KOBİ Finansmanlar Kobi Gayri Nakdi Finansman Teminat Mektupları Jet Teminat Mektubu Akreditifler Kabul-Aval Finansmanları Referans Mektupları Teminat …;;;;v2
albaraka--ihtiyac-eviniz-icin;albaraka;campaign_type;Konut Finansmanı;0.70;classifier;;Albaraka Mobil Mobil Bankacılık Aç Eviniz İçin Anasayfa Bireysel Finansmanlar İhtiyaç Finansmanı Eviniz İçin Konut Kirası Taşınma Ücreti ve Emlak Eşya Dekorasyon Bina Tamamlama Prefabrik Doğalgaz Dönüşüm Doğal Enerji Sis …;;;;v2
albaraka--ihtiyac-eviniz-icin;albaraka;vade_ay;12;0.85;rule_heuristic;;"…adilat Finansmanı Konut Kirası Yıllık peşin kira bedelininizi, kiracı adına ev sahibine tek seferde ödüyoruz; kiracı da [12 ay] eşit vadede geri ödemesini yapabiliyor. Böylece hem ev sahini hem de kiracı rahat ediyor. Detaylı Bilgi Taşınma Ücreti …";;;;v2
albaraka--ihtiyac-pratik-finansman-kart;albaraka;campaign_type;Konut Finansmanı;0.80;classifier;;Albaraka Mobil Mobil Bankacılık Aç Pratik Finansman Kart Anasayfa Bireysel Finansmanlar İhtiyaç Finansmanı Pratik Finansman Kart Pratik Finansman Kart SMS' li Finansman Şubesiz Umre Finansmanı Jet Finansman Motosiklet, A …;;;;v2
albaraka--ihtiyac-pratik-finansman-kart;albaraka;finansman_tutari;"{""currency"": ""TRY"", ""value"": 5672.67}";0.85;rule_heuristic;;…FİNANSMANI 2. VE SONRAKİ KONUT FİNANSMANI Finansman Tutarı Vade Kâr Oranı % Oranı kendim gireceğim. Aylık Taksit Tutarı [5.672,67 TL] Geri Ödenecek Toplam Tutar 68.072,09 TL Yıllık Maliyet Oranı % 85,17 Ücretler Toplamı 537,50 Ödeme Planı Hemen Başvur Ö…;;;;v2
albaraka--ihtiyac-pratik-finansman-kart;albaraka;vade_ay;36;0.85;rule_heuristic;;…. Kartın kullanım süresini bu seçiminize göre belirleyebilirsiniz. 125.000 TL'ye kadar 2 ay ödemesiz dönem seçeneği ile [36 aya] kadar vade imkânı, 125.000 TL ile 150.000 TL arası 2 ay ödemesiz dönem seçeneği ile 24 aya kadar vade imkânı ile 150.00…;;;;v2
albaraka--ihtiyac-pratik-finansman-kart;albaraka;taksit_sayisi;12;0.85;rule_heuristic;;"…edir? Kartınız ile yapacağınız harcamalarınızda; Cep telefonlarında 20.000 TL'ye kadar olan alışverişlerinizde maksimum [12 taksit], 20.000 TL'nin üzerindeki alışverişleriniz için maksimum 3 taksit imkanına sahip olabilirsiniz. Bilgisayar alışverişler…";;;;v2
albaraka--kobi-gayri-nakdi-finansman-kabul-aval-finansmanlari;albaraka;campaign_type;Finansman;0.70;classifier;;Albaraka Mobil Mobil Bankacılık Aç Kabul-Aval Finansmanları Anasayfa KOBİ Finansmanlar Kobi Gayri Nakdi Finansman Kabul-Aval Finansmanları Teminat Mektupları Jet Teminat Mektubu Akreditifler Kabul-Aval Finansmanları Refe …;;;;v2
albaraka--sozlesmeler-bayide-finansman-tasit-aracilik-ve-garantorluk-sozlesmesi-kredi-komi;albaraka;campaign_type;Taşıt Finansmanı;0.70;classifier;;ALBARAKA TÜRK KATILIM BANKASI A.Ş. İnkılap Mah. Dr. Adnan Büyükdeniz Cad. No:6 34768 Ümraniye/İstanbul İstanbul Ticaret Sicil Memurluğu/206671 MERSİS No: 0047000870200019 www.albaraka.com.tr / albarakaturk@hs03.kep.tr / …;;;;v2
dunya-katilim--2516-dk-bireysel-ucrt11-180526-pdf;dunya-katilim;campaign_type;Konut Finansmanı;0.70;classifier;;dunyakatilim.com.tr 444 3 166 FİNANSAL TÜKETİCİLER ÜRÜN VE HİZMET ÜCRET TABLOSU Ürün / İşlem Türü Asgari Tutar Minimum Oran Azami Tutar Maksimum Oran Açıklama Tarih Ücret Tarifesi 0,50% 0,50% 0,50% 1% 1% 14.000 TL 8.000 …;;;;v2
dunya-katilim--2516-dk-bireysel-ucrt11-180526-pdf;dunya-katilim;finansman_tutari;"{""currency"": ""TRY"", ""value"": 20778.0}";0.82;rule_heuristic;;…t Ücreti Paraf Platinum Kredi Kartı TROY Ek Kart Ücreti Kredi Kartından Yenileme Ücreti BİREYSEL KREDİLER Tahsis Ücreti [20.778 TL] 3.000 TL 3.000 TL 350,92 TL 350,92 TL 350,92 TL 14.000 TL 8.000 TL 4.250 TL 14.000 TL 8.000 TL 4.250 TL 10.000 TL 6.000…;;;;v2
hayat-finans--finansmanlar-is-ticari-finansman;hayat-finans;campaign_type;Finansman;0.70;classifier;;Ticari Finansman Firmanıza özel, ticari faaliyetlerinize uyum sağlayan esnek ve avantajlı finansman çözümlerinden faydalanın! Firmanıza özel finansman çözümleri Ticari faaliyetlerinize uygun esnek finansman seçeneklerind …;;;;v2
hayat-finans--hesaplar-katilma-hesabi;hayat-finans;campaign_type;Yatırım Ürünü;0.70;classifier;;Katılma Hesabı Tasarruflarınız aynı gün değerlenmeye başlasın! Katılma Hesabı ile vade sonunda kâr-zarar ortaklığı ile paylaşılan getiri sayesinde birikimlerinize değer katabilirsiniz. Katılma Hesabı Nedir? Önceden belir …;;;;v2
hayat-finans--hesaplar-katilma-hesabi;hayat-finans;finansman_tutari;"{""currency"": ""TRY"", ""value"": 10000000.0}";0.85;rule_heuristic;;…güvencesi altındadır. Kâr Payı Hesaplama Aracı Hesap Türü Seçiniz Katılma Hesabı Yatıracağınız Tutarı Giriniz 1.000 ₺ - [10.000.000 ₺] 1.000 ₺ 10.000.000 ₺ TL Vade Türü Seçiniz Gün Ay Vade Süresi Giriniz 31 Gün - 91 Gün 31 Gün 91 Gün Gün Gün *Kâr payı, h…;;;;v2
hayat-finans--hesaplar-katilma-hesabi;hayat-finans;vade_ay;12;0.85;rule_heuristic;;…işir. Hayat Finans Mobil İndir Katılma Hesabı Özellikleri Katılma Hesabı'nızı 7 günden başlayan vadelerle 3 ay, 6 ay ve [12 ay] vadeli olarak açabilirsiniz. Katılma Hesabı açılışında seçtiğiniz hesap türüne uygun olarak hesabınıza minimum 1.000 TL…;;;;v2
hayat-finans--kampanyalar-avantajli-hesap-musterilerine-ozel-fx-dar-makas-avantaji;hayat-finans;campaign_type;Yatırım Ürünü;0.60;classifier;;Avantajlı Hesap Müşterilerine Özel FX Dar Makas Avantajı! Kampanya dönemi içerisinde Avantajlı Hesap açan bireysel müşteriler, Hayat FX üzerinden gerçekleştirecekleri işlemlerde 5.000 USD veya karşılığı işlem hacmine kad …;;;;v2
hayat-finans--kampanyalar-avantajli-hesap-musterilerine-ozel-fx-dar-makas-avantaji;hayat-finans;kampanya_suresi;2026-08-17;0.72;rule_heuristic;;…şlemlerde 5.000 USD veya karşılığı işlem hacmine kadar %0,1 dar makastan yararlanabilir. 📢 Kampanya Dönemi: 17 Temmuz – [17 Ağustos 2026] ✅ Kampanya Koşulları Kampanyadan sadece 17 Temmuz 2026 sonrası yeni açılacak/açılan Avantajlı Hesap sahipleri faydalana…;;;;v2
hayat-finans--krediler;hayat-finans;campaign_type;Finansman;0.70;classifier;;Krediler Bana Bunu Al Avantajlı oranlar ve uygun ödeme planlarıyla hayatınızı kolaylaştırın. Bana Bunu Al İş Ortağım Anlaşmalı bayilerimiz aracılığıyla Bankamızdan kredi (finansman) desteği sağlamak çok hızlı ve kolay! E …;;;;v2
kuveyt-turk--altin-hesaplari-altina-altin-katilma-hesabi;kuveyt-turk;campaign_type;Yatırım Ürünü;0.80;classifier;;Ana Sayfa Kendim İçin Altın Bankacılığı Altın Hesapları Altına Altın Katılma Hesabı Altın Cari Hesabı Çeyrek Altın Hesabı Altına Altın Katılma Hesabı Ziynet Altın Katılma Hesabı Birikimli Altın Katılma Hesabı Altına Altı …;;;;v2
kuveyt-turk--altin-hesaplari-altina-altin-katilma-hesabi;kuveyt-turk;vade_ay;1;0.85;rule_heuristic;;…ırdığınız her gram altın, reel sektörde değerlendirilir. Bu süreçte elde edilen kâr, size yine altın olarak geri döner. [1 ay] vadeli Altına Altın Katılma Hesabı'nı, 100 gram altın ile açabilirsiniz. 3 ay ila 1 yıl arasında istediğiniz vade seçen…;;;;v2
kuveyt-turk--altin-hesaplari-birikimli-altin-katilma-hesabi;kuveyt-turk;campaign_type;Yatırım Ürünü;0.80;classifier;;Ana Sayfa Kendim İçin Altın Bankacılığı Altın Hesapları Birikimli Altın Katılma Hesabı Altın Cari Hesabı Çeyrek Altın Hesabı Altına Altın Katılma Hesabı Ziynet Altın Katılma Hesabı Birikimli Altın Katılma Hesabı Birikiml …;;;;v2
kuveyt-turk--altin-hesaplari-birikimli-altin-katilma-hesabi;kuveyt-turk;vade_ay;120;0.72;rule_heuristic;;"…zaman kredi kartınız üzerinden verdiğiniz talimat miktarını güncelleyebilirsiniz. Hesabınızın vadesini; asgari 3, azami [10 yıl] olarak belirleyebilirsiniz. Vade süresi içerisinde en fazla 5 defaya kadar ödeme atlayabilirsiniz. Vade süresinden önce…";;;;v2
kuveyt-turk--altin-hesaplari-ziynet-altin-katilma-hesabi;kuveyt-turk;campaign_type;Yatırım Ürünü;0.80;classifier;;Ana Sayfa Kendim İçin Altın Bankacılığı Altın Hesapları Ziynet Altın Katılma Hesabı Altın Cari Hesabı Çeyrek Altın Hesabı Altına Altın Katılma Hesabı Ziynet Altın Katılma Hesabı Birikimli Altın Katılma Hesabı Ziynet Altı …;;;;v2
kuveyt-turk--altin-hesaplari-ziynet-altin-katilma-hesabi;kuveyt-turk;vade_ay;12;0.72;rule_heuristic;;…Hesabı aracılığıyla %55-%45 paylaşım oranlı yüksek kâr payı getirisinden faydalanabilirsiniz. Hesap açılışında 3 ay ila [1 yıl] arasında dilediğiniz vade seçeneğini tercih edebilirsiniz. Hesabınıza yalnızca açılış tarihinde altın yatırabilirsiniz.…;;;;v2
kuveyt-turk--biz-bize-ozel-kur-avantajii;kuveyt-turk;campaign_type;İhtiyaç Finansmanı;0.60;classifier;;Ana Sayfa Kendim İçin Biz Bize Bankacılık Biz Bize Özel Kur Avantajı Biz Bize'ye Özel 1.000 Mil Hoş Geldin Avantajı Ücretsiz HGS Etiketi Avantajı Biz Bize'ye Özel BES'te Ek Katkı Avantajı Özel Kur Avantajı Yurt Dışı Seya …;;;;v2
kuveyt-turk--biz-bize-ozel-kur-avantajii;kuveyt-turk;vade_ay;1;0.55;rule_heuristic;;"…e Biz Bize programına dahil edilirken; cari hesap, yatırım fonu gibi ürünlerle varlık şartını karşılayan müşterilerimiz [1 ay] içerisinde dahil edilir. Biz Bize Bankacılık kapsamında sunulan avantajlar yalnızca kampanya iletişimleri alan müşteril…";;;;v2
kuveyt-turk--biz-bize-plus-biz-bize-plusa-ozel-2000-mil-hos-geldin-avantaji;kuveyt-turk;campaign_type;Kart;0.80;classifier;;Ana Sayfa Kendim İçin Biz Bize Bankacılık Biz Bize Plus Biz Bize Plus'a Özel 2.000 Mil Hoş Geldin Avantajı Harcadıkça Mil Kazandıran Miles&Smiles Kredi Kartı Ücretsiz! Biz Bize Plus'a Özel 2.000 Mil Hoş Geldin Avantajı B …;;;;v2
kuveyt-turk--biz-bize-plus-biz-bize-plusa-ozel-2000-mil-hos-geldin-avantaji;kuveyt-turk;vade_ay;1;0.55;rule_heuristic;;"…e Biz Bize programına dahil edilirken; cari hesap, yatırım fonu gibi ürünlerle varlık şartını karşılayan müşterilerimiz [1 ay] içerisinde dahil edilir. Biz Bize Bankacılık kapsamında sunulan avantajlar yalnızca kampanya iletişimleri alan müşteril…";;;;v2
kuveyt-turk--biz-bize-plus-finansmanlarda-size-ozel-oranlar;kuveyt-turk;campaign_type;Konut Finansmanı;0.80;classifier;;Ana Sayfa Kendim İçin Biz Bize Bankacılık Biz Bize Plus Finansmanlarda Size Özel Oranlar Harcadıkça Mil Kazandıran Miles&Smiles Kredi Kartı Ücretsiz! Biz Bize Plus'a Özel 2.000 Mil Hoş Geldin Avantajı Biz Bize Plus Müşte …;;;;v2
kuveyt-turk--biz-bize-plus-finansmanlarda-size-ozel-oranlar;kuveyt-turk;vade_ay;1;0.55;rule_heuristic;;"…e Biz Bize programına dahil edilirken; cari hesap, yatırım fonu gibi ürünlerle varlık şartını karşılayan müşterilerimiz [1 ay] içerisinde dahil edilir. Biz Bize Bankacılık kapsamında sunulan avantajlar yalnızca kampanya iletişimleri alan müşteril…";;;;v2
kuveyt-turk--biz-bize-plus-ozel-kur-avantaji;kuveyt-turk;campaign_type;Finansman;0.70;classifier;;Ana Sayfa Kendim İçin Biz Bize Bankacılık Biz Bize Plus Özel Kur Avantajı Harcadıkça Mil Kazandıran Miles&Smiles Kredi Kartı Ücretsiz! Biz Bize Plus'a Özel 2.000 Mil Hoş Geldin Avantajı Biz Bize Plus Müşterilerine Özel K …;;;;v2
kuveyt-turk--biz-bize-plus-ozel-kur-avantaji;kuveyt-turk;vade_ay;1;0.55;rule_heuristic;;"…e Biz Bize programına dahil edilirken; cari hesap, yatırım fonu gibi ürünlerle varlık şartını karşılayan müşterilerimiz [1 ay] içerisinde dahil edilir. Biz Bize Bankacılık kapsamında sunulan avantajlar yalnızca kampanya iletişimleri alan müşteril…";;;;v2
kuveyt-turk--biz-bize-plus-yurt-disi-cikis-harcinda-iade-avantaji;kuveyt-turk;campaign_type;Kart;0.70;classifier;;Ana Sayfa Kendim İçin Biz Bize Bankacılık Biz Bize Plus Yurt Dışı Çıkış Harcında İade Avantajı Harcadıkça Mil Kazandıran Miles&Smiles Kredi Kartı Ücretsiz! Biz Bize Plus'a Özel 2.000 Mil Hoş Geldin Avantajı Biz Bize Plus …;;;;v2
kuveyt-turk--biz-bize-plus-yurt-disi-cikis-harcinda-iade-avantaji;kuveyt-turk;vade_ay;1;0.55;rule_heuristic;;"…e Biz Bize programına dahil edilirken; cari hesap, yatırım fonu gibi ürünlerle varlık şartını karşılayan müşterilerimiz [1 ay] içerisinde dahil edilir. Biz Bize Bankacılık kapsamında sunulan avantajlar yalnızca kampanya iletişimleri alan müşteril…";;;;v2
kuveyt-turk--finansmanlar-ithalatin-finansmani;kuveyt-turk;campaign_type;Finansman;0.60;classifier;;Ana Sayfa İşim İçin Dış Ticaret Finansmanlar İthalatın Finansmanı İthalatın Finansmanı İhracatın Finansmanı İthalatın Finansmanı Avantajlı oranlarla nakit akışınızı düzenleme fırsatını İthalatın Finansmanı ürünlerini ter …;;;;v2
kuveyt-turk--ihtiyac-finansmanlari-egitim-finansmani;kuveyt-turk;campaign_type;İhtiyaç Finansmanı;0.70;classifier;;Ana Sayfa Kendim İçin Finansmanlar İhtiyaç Finansmanları Eğitim Finansmanı Hac-Umre Finansmanı Eğitim Finansmanı Seyahat Finansmanı Tekne Tüketici Finansmanı Kira Finansmanı İhtiyaç Kart Bisiklet Finansmanı Elektrikli Ar …;;;;v2
kuveyt-turk--ihtiyac-finansmanlari-hac-umre-finansmani;kuveyt-turk;campaign_type;İhtiyaç Finansmanı;0.70;classifier;;Ana Sayfa Kendim İçin Finansmanlar İhtiyaç Finansmanları Hac-Umre Finansmanı Hac-Umre Finansmanı Eğitim Finansmanı Seyahat Finansmanı Tekne Tüketici Finansmanı Kira Finansmanı İhtiyaç Kart Bisiklet Finansmanı Elektrikli …;;;;v2
kuveyt-turk--ihtiyac-finansmanlari-seyahat-finansmani;kuveyt-turk;campaign_type;İhtiyaç Finansmanı;0.70;classifier;;Ana Sayfa Kendim İçin Finansmanlar İhtiyaç Finansmanları Seyahat Finansmanı Hac-Umre Finansmanı Eğitim Finansmanı Seyahat Finansmanı Tekne Tüketici Finansmanı Kira Finansmanı İhtiyaç Kart Bisiklet Finansmanı Elektrikli A …;;;;v2
kuveyt-turk--ihtiyac-finansmanlari-tekne-tuketici-finansmani;kuveyt-turk;campaign_type;İhtiyaç Finansmanı;0.70;classifier;;Ana Sayfa Kendim İçin Finansmanlar İhtiyaç Finansmanları Tekne Tüketici Finansmanı Hac-Umre Finansmanı Eğitim Finansmanı Seyahat Finansmanı Tekne Tüketici Finansmanı Kira Finansmanı İhtiyaç Kart Bisiklet Finansmanı Elekt …;;;;v2
kuveyt-turk--kampanya-arsivi-bisiklet-finansmaninda-enerji-tasarrufu-haftasina-ozel-419-kar-o;kuveyt-turk;campaign_type;Finansman;0.70;classifier;;Ana Sayfa Kampanyalar Kampanya Arşivi Bisiklet Finansmanı'nda Enerji Tasarrufu Haftasına Özel %4.19 Kar Oranı Fırsatı! Daha yaşanılabilir bir dünya için Enerji Haftasına özel kar payı oranı Bisiklet Finansmanı'nda! Kampa …;;;;v2
kuveyt-turk--kampanya-arsivi-bisiklet-finansmaninda-enerji-tasarrufu-haftasina-ozel-419-kar-o;kuveyt-turk;kar_payi_orani;4.19;0.85;rule_heuristic;;…asında Kuveyt Türk Bisiklet Finansmanı ile elektrikli bisiklet, bisiklet veya scooter gibi doğa dostu ulaşım araçlarına [%4.19] kar payı oranı ile sahip olma fırsatını kaçırmayın! Kuveyt Türk Bisiklet Finansmanı ile kredi kartı limitiniz ve nakit …;;;;v2
kuveyt-turk--kampanya-arsivi-bisiklet-finansmaninda-enerji-tasarrufu-haftasina-ozel-419-kar-o;kuveyt-turk;finansman_tutari;"{""currency"": ""TRY"", ""value"": 13.88247}";0.50;rule_heuristic;;…n örnek ödeme planı: Aylık kar payı oranı %4,19, aylık maliyet %5,5507, yıllık maliyet %91,2198. Ödenecek toplam tutar: [13,882.47 TL]. Bu ödeme planı bilgi amaçlı olup Kuveyt Türk Katılım Bankası A.Ş.'yi hiçbir şekilde taahhüt altına sokmaz.;;;;v2
kuveyt-turk--kampanya-arsivi-bisiklet-finansmaninda-enerji-tasarrufu-haftasina-ozel-419-kar-o;kuveyt-turk;vade_ay;12;0.85;rule_heuristic;;…en başvurabilirsiniz. Kuveyt Türk Bisiklet Finansmanı hakkında daha fazla detaylı bilgi almak için tıklayabilirsiniz. **[12 ay] vadeli 10.000 TL'lik başvuru için örnek ödeme planı: Aylık kar payı oranı %4,19, aylık maliyet %5,5507, yıllık maliyet …;;;;v2
kuveyt-turk--kampanya-arsivi-bisiklet-finansmaninda-enerji-tasarrufu-haftasina-ozel-419-kar-o;kuveyt-turk;kampanya_suresi;2025-01-20;0.72;rule_heuristic;;…atı! Daha yaşanılabilir bir dünya için Enerji Haftasına özel kar payı oranı Bisiklet Finansmanı'nda! Kampanya Tarihleri [6.01.2025] - 20.01.2025 Kampanya Süresi Doldu! Kampanyayı Paylaş Facebook'da paylaş X'de paylaş LinkedIn'de paylaş Whatsapp'da pay…;;;;v2
kuveyt-turk--kampanya-arsivi-e-ihracatiniza-guc-veren-finansman;kuveyt-turk;campaign_type;Finansman;0.70;classifier;;Ana Sayfa Kampanyalar Kampanya Arşivi E-İhracatınıza Güç Veren Finansman! E-İhracatçılara özel ilk 6 ay ödemesiz, uygun oranlı ve KFK (Katılım Finans Kefalet) teminatlı e-ihracat finansmanı imkanı ile işletme sermayenizi …;;;;v2
kuveyt-turk--kampanya-arsivi-e-ihracatiniza-guc-veren-finansman;kuveyt-turk;vade_ay;18;0.85;rule_heuristic;;…teriler kampanyadan faydalanabilir. Gerçek kişiler faydalanamaz. Finansman Özellikleri İlk 6 ay ertelemeli ödeme imkanı [18 aya] varan vade seçeneği Ek bir teminata ihtiyaç yok (Katılım Finans Kefalet Teminatlı) Kampanya Koşulları Kampanyaya şubele…;;;;v2
kuveyt-turk--kampanya-arsivi-e-ihracatiniza-guc-veren-finansman;kuveyt-turk;kampanya_suresi;2026-06-30;0.72;rule_heuristic;;… (Katılım Finans Kefalet) teminatlı e-ihracat finansmanı imkanı ile işletme sermayenizi destekleyin. Kampanya Tarihleri [16.03.2026] - 30.06.2026 Kampanya Süresi Doldu! Kampanyayı Paylaş Facebook'da paylaş X'de paylaş LinkedIn'de paylaş Whatsapp'da pay…;;;;v2
kuveyt-turk--kampanya-arsivi-elektrikli-arac-sarj-unitesi-finansmaninda-enerji-tasarrufu-haft;kuveyt-turk;campaign_type;Finansman;0.70;classifier;;Ana Sayfa Kampanyalar Kampanya Arşivi Elektrikli Araç Şarj Ünitesi Finansmanı'nda Enerji Tasarrufu Haftasına Özel %4.19 Kar Oranı Fırsatı! Daha yaşanılabilir bir dünya için Enerji Haftasına özel kar payı oranı Elektrikli …;;;;v2
kuveyt-turk--kampanya-arsivi-elektrikli-arac-sarj-unitesi-finansmaninda-enerji-tasarrufu-haft;kuveyt-turk;kar_payi_orani;4.19;0.85;rule_heuristic;;… arasında Kuveyt Türk Elektrikli Araç Şarj Ünitesi Finansmanı ile aracınıza uygun şarj ünitesini nakit sorunu yaşamadan [%4.19] kar payı oranı ile sahip olma fırsatını kaçırmayın! Kuveyt Türk Elektrikli Araç Şarj Ünitesi Finansmanı ile kredi kartı…;;;;v2
kuveyt-turk--kampanya-arsivi-elektrikli-arac-sarj-unitesi-finansmaninda-enerji-tasarrufu-haft;kuveyt-turk;finansman_tutari;"{""currency"": ""TRY"", ""value"": 13.88247}";0.50;rule_heuristic;;…n örnek ödeme planı: Aylık kar payı oranı %4,19, aylık maliyet %5,5507, yıllık maliyet %91,2198. Ödenecek toplam tutar: [13,882.47 TL]. Bu Ödeme Planı bilgi amaçlı olup Kuveyt Türk Katılım Bankası A.Ş.'yi hiçbir şekilde taahhüt altına sokmaz.;;;;v2
kuveyt-turk--kampanya-arsivi-elektrikli-arac-sarj-unitesi-finansmaninda-enerji-tasarrufu-haft;kuveyt-turk;vade_ay;12;0.85;rule_heuristic;;… Kuveyt Türk Elektrikli Araç Şarj Ünitesi Finansmanı hakkında daha fazla detaylı bilgi almak için tıklayabilirsiniz . **[12 ay] vadeli 10.000 TL'lik başvuru için örnek ödeme planı: Aylık kar payı oranı %4,19, aylık maliyet %5,5507, yıllık maliyet …;;;;v2
kuveyt-turk--kampanya-arsivi-elektrikli-arac-sarj-unitesi-finansmaninda-enerji-tasarrufu-haft;kuveyt-turk;kampanya_suresi;2025-01-20;0.72;rule_heuristic;;…lir bir dünya için Enerji Haftasına özel kar payı oranı Elektrikli Araç Şarj Ünitesi Finansmanı'nda! Kampanya Tarihleri [6.01.2025] - 20.01.2025 Kampanya Süresi Doldu! Kampanyayı Paylaş Facebook'da paylaş X'de paylaş LinkedIn'de paylaş Whatsapp'da pay…;;;;v2
kuveyt-turk--kampanya-arsivi-elektrikli-ve-hibrit-araclar-icin-enerji-tasarrufu-haftasina-oze;kuveyt-turk;campaign_type;Taşıt Finansmanı;0.60;classifier;;Ana Sayfa Kampanyalar Kampanya Arşivi Elektrikli ve Hibrit Araçlar için Enerji Tasarrufu Haftasına Özel %3.68 Kar Oranı Fırsatı! Daha yaşanılabilir bir dünya için Enerji Haftasına özel kar payı oranı Elektrikli ve Hibrit …;;;;v2
kuveyt-turk--kampanya-arsivi-elektrikli-ve-hibrit-araclar-icin-enerji-tasarrufu-haftasina-oze;kuveyt-turk;kar_payi_orani;3.68;0.85;rule_heuristic;;…e paylaş Whatsapp'da paylaş 6-20 Ocak arasında Kuveyt Türk Araç Finansmanı ile hayalizdeki elektrikli ve hibrit aracına [%3.68] kar payı oranı ile sahip olma fırsatını kaçırmayın! Kampanya kapsamında alışveriş ödemelerinizi %3.68 kar payı oranı ve…;;;;v2
kuveyt-turk--kampanya-arsivi-elektrikli-ve-hibrit-araclar-icin-enerji-tasarrufu-haftasina-oze;kuveyt-turk;vade_ay;12;0.85;rule_heuristic;;… Türk Araç Finansmanı'na size en yakın şubemizde n başvurabilir, finansman işlemlerinizi hızlıca tamamlayabilirsiniz. **[12 ay] vadeli 100.000 TL'lik başvuru için örnek ödeme planı: Aylık kar payı oranı %3,68, aylık maliyet %4,8858, yıllık maliyet…;;;;v2
kuveyt-turk--kampanya-arsivi-elektrikli-ve-hibrit-araclar-icin-enerji-tasarrufu-haftasina-oze;kuveyt-turk;kampanya_suresi;2025-01-20;0.72;rule_heuristic;;…nya için Enerji Haftasına özel kar payı oranı Elektrikli ve Hibrit Araçlar için Araç Finansmanı'nda! Kampanya Tarihleri [6.01.2025] - 20.01.2025 Kampanya Süresi Doldu! Kampanyayı Paylaş Facebook'da paylaş X'de paylaş LinkedIn'de paylaş Whatsapp'da pay…;;;;v2
kuveyt-turk--kampanya-arsivi-esnaf-ve-kobilere-ozel-avantajli-arac-kredisi;kuveyt-turk;campaign_type;Finansman;0.70;classifier;;Ana Sayfa Kampanyalar Kampanya Arşivi Esnaf ve KOBİ'lere Özel Avantajlı Araç Kredisi Araç almanın tam zamanı! Esnaf ve KOBİ müşterilere özel sunduğumuz avantajlı finansman oranları ile işinize değer katacak araçlara kola …;;;;v2
kuveyt-turk--kampanya-arsivi-esnaf-ve-kobilere-ozel-avantajli-arac-kredisi;kuveyt-turk;vade_ay;24;0.85;rule_heuristic;;…syon tutarlarını, vadeyi, kampanya tarihlerini ve kampanya şartlarını değişiklik yapma hakkına sahiptir. Vade Kar Oranı [24 ay] 3.54 36 ay 3.29 48 ay 3.23 60 ay 3.23;;;;v2
kuveyt-turk--kampanya-arsivi-esnaf-ve-kobilere-ozel-avantajli-arac-kredisi;kuveyt-turk;kampanya_suresi;2025-01-03;0.72;rule_heuristic;;…umuz avantajlı finansman oranları ile işinize değer katacak araçlara kolaylıkla sahip olabilirsiniz. Kampanya Tarihleri [4.12.2024] - 3.01.2025 Kampanya Süresi Doldu! Kampanyayı Paylaş Facebook'da paylaş X'de paylaş LinkedIn'de paylaş Whatsapp'da payl…;;;;v2
kuveyt-turk--kampanya-arsivi-esnafa-ozel-avantajli-arac-finansmani;kuveyt-turk;campaign_type;Finansman;0.70;classifier;;Ana Sayfa Kampanyalar Kampanya Arşivi Esnafa Özel Avantajlı Araç Finansmanı! Araç almanın tam zamanı! Esnaf müşterilere özel sunduğumuz avantajlı finansman oranları ile işinize değer katacak araçlara kolaylıkla sahip ola …;;;;v2
kuveyt-turk--kampanya-arsivi-esnafa-ozel-avantajli-arac-finansmani;kuveyt-turk;vade_ay;12;0.85;rule_heuristic;;…syon tutarlarını, vadeyi, kampanya tarihlerini ve kampanya şartlarını değişiklik yapma hakkına sahiptir. Vade Kar Oranı [12 Ay] 3.42 18 Ay 3.50 24 Ay 3.25 36 Ay 3.09 48 Ay 3.09 60 Ay 3.09 Uygulamayı İndir QR Kodunu Okut;;;;v2
kuveyt-turk--kampanya-arsivi-esnafa-ozel-avantajli-arac-finansmani;kuveyt-turk;kampanya_suresi;2025-12-31;0.72;rule_heuristic;;…umuz avantajlı finansman oranları ile işinize değer katacak araçlara kolaylıkla sahip olabilirsiniz. Kampanya Tarihleri [25.11.2025] - 31.12.2025 Kampanya Süresi Doldu! Kampanyayı Paylaş Facebook'da paylaş X'de paylaş LinkedIn'de paylaş Whatsapp'da pay…;;;;v2
kuveyt-turk--kampanya-arsivi-hepsiburada-alisveris-finansmaninda-enerji-tasarrufu-haftasina-o;kuveyt-turk;campaign_type;Finansman;0.70;classifier;;Ana Sayfa Kampanyalar Kampanya Arşivi Hepsiburada Alışveriş Finansmanı'nda Enerji Tasarrufu Haftasına Özel %3.99 Kar Oranı Fırsatı! Daha yaşanılabilir bir dünya için Enerji Haftasına özel oran Hepsiburada Alışveriş Finan …;;;;v2
kuveyt-turk--kampanya-arsivi-hepsiburada-alisveris-finansmaninda-enerji-tasarrufu-haftasina-o;kuveyt-turk;kar_payi_orani;3.99;0.85;rule_heuristic;;…ulamasından Seçili A Enerji Sınıfı ürünlerinden oluşturacağınız sepetinizi Kuveyt Türk Alışveriş Finansmanı ile ödeyin, [%3.99] kar payı oranı ile avantajlı alışverişin tadını çıkarın! Kuveyt Türk Alışveriş Finansmanı Hepsiburada kampanyası ile kr…;;;;v2
kuveyt-turk--kampanya-arsivi-hepsiburada-alisveris-finansmaninda-enerji-tasarrufu-haftasina-o;kuveyt-turk;finansman_tutari;"{""currency"": ""TRY"", ""value"": 13.68222}";0.50;rule_heuristic;;…n örnek ödeme planı: Aylık kar payı oranı %3,99, aylık maliyet %5,2899, yıllık maliyet %85,6273. Ödenecek toplam tutar: [13,682.22 TL]. Bu ödeme planı bilgi amaçlı olup Kuveyt Türk Katılım Bankası A.Ş.'yi hiçbir şekilde taahhüt altına sokmaz.;;;;v2
kuveyt-turk--kampanya-arsivi-hepsiburada-alisveris-finansmaninda-enerji-tasarrufu-haftasina-o;kuveyt-turk;vade_ay;12;0.85;rule_heuristic;;…rabilir. Kuveyt Türk Hepsiburada Alışveriş Finansmanı hakkında daha fazla detaylı bilgi almak için tıklayabilirsiniz. **[12 ay] vadeli 10.000 TL'lik başvuru için örnek ödeme planı: Aylık kar payı oranı %3,99, aylık maliyet %5,2899, yıllık maliyet …;;;;v2
kuveyt-turk--kampanya-arsivi-hepsiburada-alisveris-finansmaninda-enerji-tasarrufu-haftasina-o;kuveyt-turk;kampanya_suresi;2025-01-20;0.72;rule_heuristic;;…! Daha yaşanılabilir bir dünya için Enerji Haftasına özel oran Hepsiburada Alışveriş Finansmanı'nda! Kampanya Tarihleri [6.01.2025] - 20.01.2025 Kampanya Süresi Doldu! Kampanyayı Paylaş Facebook'da paylaş X'de paylaş LinkedIn'de paylaş Whatsapp'da pay…;;;;v2
kuveyt-turk--kampanya-arsivi-hepsiburada-kasim-indirimlerinde-199-oranli-kuveyt-turk-alisveri;kuveyt-turk;campaign_type;Finansman;0.70;classifier;;Ana Sayfa Kampanyalar Kampanya Arşivi Hepsiburada Kasım İndirimlerinde %1.99 Oranlı Kuveyt Türk Alışveriş Finansmanı Fırsatı! Efsane indirimler Hepsiburada'da, %1.99 kar oranlı 36 aya varan taksit fırsatı Kuveyt Türk Alı …;;;;v2
kuveyt-turk--kampanya-arsivi-hepsiburada-kasim-indirimlerinde-199-oranli-kuveyt-turk-alisveri;kuveyt-turk;finansman_tutari;"{""currency"": ""TRY"", ""value"": 12.13579}";0.50;rule_heuristic;;…u için örnek ödeme planı: Aylık kar oranı %1,99, aylık maliyet %2,9436, yıllık maliyet %35,3242. Ödenecek toplam tutar: [12,135.79 TL]. Bu Ödeme Planı bilgi amaçlı olup Kuveyt Türk Katılım Bankası A.Ş.'yi hiçbir şekilde taahhüt altına sokmaz.;;;;v2
kuveyt-turk--kampanya-arsivi-hepsiburada-kasim-indirimlerinde-199-oranli-kuveyt-turk-alisveri;kuveyt-turk;vade_ay;6;0.85;rule_heuristic;;…a 12 taksit, 12.000 TL'nin üzerinde ise en fazla 3 taksit olarak vadelendirilmektedir. Tablet alışverişleriniz en fazla [6 ay] vadelendirilmektedir. Bilgisayar alışverişleriniz en fazla 12 ay vadelendirilmektedir. 12 ay vadeli 10.000 TL'lik başvu…;;;;v2
kuveyt-turk--kampanya-arsivi-hepsiburada-kasim-indirimlerinde-199-oranli-kuveyt-turk-alisveri;kuveyt-turk;taksit_sayisi;12;0.85;rule_heuristic;;…ında değişiklik yapabilir ya da kampanyayı sonlandırabilir. **Cep Telefonu alışverişleriniz 12.000 TL'ye kadar en fazla [12 taksit], 12.000 TL'nin üzerinde ise en fazla 3 taksit olarak vadelendirilmektedir. Tablet alışverişleriniz en fazla 6 ay vadele…;;;;v2
kuveyt-turk--kampanya-arsivi-hepsiburada-kasim-indirimlerinde-199-oranli-kuveyt-turk-alisveri;kuveyt-turk;kampanya_suresi;2024-11-30;0.72;rule_heuristic;;…r Hepsiburada'da, %1.99 kar oranlı 36 aya varan taksit fırsatı Kuveyt Türk Alışveriş Finansmanı'nda! Kampanya Tarihleri [1.11.2024] - 30.11.2024 Kampanya Süresi Doldu! Kampanyayı Paylaş Facebook'da paylaş X'de paylaş LinkedIn'de paylaş Whatsapp'da pay…;;;;v2
kuveyt-turk--kampanya-arsivi-ihracatta-yuzunuzu-guldurecek-uygun-oranli-ihracat-tesvikli-tl-f-2;kuveyt-turk;campaign_type;Finansman;0.60;classifier;;Ana Sayfa Kampanyalar Kampanya Arşivi İhracatta Yüzünüzü Güldürecek Uygun Oranlı İhracat Teşvikli TL Finansmanı Kuveyt Türk'te Net ihracatçı firmalara özel uygun oranlı ihracat finansmanı! Kampanya Tarihleri 5.02.2025 - …;;;;v2
kuveyt-turk--kampanya-arsivi-ihracatta-yuzunuzu-guldurecek-uygun-oranli-ihracat-tesvikli-tl-f-2;kuveyt-turk;kampanya_suresi;2025-06-30;0.72;rule_heuristic;;… Teşvikli TL Finansmanı Kuveyt Türk'te Net ihracatçı firmalara özel uygun oranlı ihracat finansmanı! Kampanya Tarihleri [5.02.2025] - 30.06.2025 Kampanya Süresi Doldu! Kampanyayı Paylaş Facebook'da paylaş X'de paylaş LinkedIn'de paylaş Whatsapp'da pay…;;;;v2
kuveyt-turk--kampanya-arsivi-isletmelere-ozel-finansman;kuveyt-turk;campaign_type;Kart;0.60;classifier;;Ana Sayfa Kampanyalar Kampanya Arşivi İşletmelere Özel Finansman İşletmelere özel hızlı, uygun oranlı ve esnek vadeli finansman Kuveyt Türk'te! Kampanya Tarihleri 9.02.2024 - 9.02.2025 Kampanya Süresi Doldu! Kampanyayı P …;;;;v2
kuveyt-turk--kampanya-arsivi-isletmelere-ozel-finansman;kuveyt-turk;kampanya_suresi;2025-02-09;0.72;rule_heuristic;;…melere Özel Finansman İşletmelere özel hızlı, uygun oranlı ve esnek vadeli finansman Kuveyt Türk'te! Kampanya Tarihleri [9.02.2024] - 9.02.2025 Kampanya Süresi Doldu! Kampanyayı Paylaş Facebook'da paylaş X'de paylaş LinkedIn'de paylaş Whatsapp'da payl…;;;;v2
kuveyt-turk--kampanya-arsivi-kobilere-ozel-teminat-mektubu-kampanyasi-scr;kuveyt-turk;kampanya_suresi;2026-03-31;0.72;rule_heuristic;;…panyası Kesin, Geçici ve Avans Kamu İhale, Vergi İade ve KOSGEB Teminat Mektuplarında 0,50 Komisyon! Kampanya Tarihleri [18.02.2026] - 31.03.2026 Kampanya Süresi Doldu! Kampanyayı Paylaş Facebook'da paylaş X'de paylaş LinkedIn'de paylaş Whatsapp'da pay…;;;;v2
kuveyt-turk--kampanya-arsivi-kuveyt-turk-musterilerine-ozel-199-oranli-kar-payli-taksitlendir;kuveyt-turk;campaign_type;Taşıt Finansmanı;0.60;classifier;;Ana Sayfa Kampanyalar Kampanya Arşivi Kuveyt Türk Müşterilerine Özel %1,99 Oranlı Kar Paylı Taksitlendirme Fırsatı! Kuveyt Türk Müşterilerine Özel %1,99 Oranlı Kar Paylı Taksitlendirme Fırsatı! Kampanya Tarihleri 17.02.2 …;;;;v2
kuveyt-turk--kampanya-arsivi-kuveyt-turk-musterilerine-ozel-199-oranli-kar-payli-taksitlendir;kuveyt-turk;vade_ay;6;0.85;rule_heuristic;;…aksitlendirme imkanı! Kuveyt Türk bireysel kredi kart müşterilerine özel, yapacakları harcamalarda %1.99 vade farkı ile [6 aya] kadar taksit imkanı! Kuveyt Türk bireysel kredi kart ile harcama yapmadan önce Kart Ayarları sekmesinden 2 ila 6 taksit…;;;;v2
kuveyt-turk--kampanya-arsivi-kuveyt-turk-musterilerine-ozel-199-oranli-kar-payli-taksitlendir;kuveyt-turk;taksit_sayisi;6;0.85;rule_heuristic;;…le 6 aya kadar taksit imkanı! Kuveyt Türk bireysel kredi kart ile harcama yapmadan önce Kart Ayarları sekmesinden 2 ila [6 taksit] arasında seçim yaparak, 100 TL ve üzeri harcamalarınızı %1.99 oranında kar payı ile taksitlendirebilirsiniz. Kampanya k…;;;;v2
kuveyt-turk--kampanya-arsivi-kuveyt-turk-musterilerine-ozel-199-oranli-kar-payli-taksitlendir;kuveyt-turk;kampanya_suresi;2026-06-07;0.72;rule_heuristic;;…aksitlendirme Fırsatı! Kuveyt Türk Müşterilerine Özel %1,99 Oranlı Kar Paylı Taksitlendirme Fırsatı! Kampanya Tarihleri [17.02.2026] - 7.06.2026 Kampanya Süresi Doldu! Kampanyayı Paylaş Facebook'da paylaş X'de paylaş LinkedIn'de paylaş Whatsapp'da payl…;;;;v2
kuveyt-turk--kampanya-arsivi-kuveyt-turk-musterilerine-ozel-269-oranli-kar-payli-taksitlendir;kuveyt-turk;campaign_type;Taşıt Finansmanı;0.60;classifier;;Ana Sayfa Kampanyalar Kampanya Arşivi Kuveyt Türk Müşterilerine Özel %2,69 Oranlı Kar Paylı Taksitlendirme Fırsatı! Kuveyt Türk Müşterilerine Özel %2,69 Oranlı Kar Paylı Taksitlendirme Fırsatı! Kampanya Tarihleri 8.06.20 …;;;;v2
kuveyt-turk--kampanya-arsivi-kuveyt-turk-musterilerine-ozel-269-oranli-kar-payli-taksitlendir;kuveyt-turk;vade_ay;6;0.85;rule_heuristic;;…aksitlendirme imkanı! Kuveyt Türk bireysel kredi kart müşterilerine özel, yapacakları harcamalarda %2.69 vade farkı ile [6 aya] kadar taksit imkanı! Kuveyt Türk bireysel kredi kart ile harcama yapmadan önce Kart Ayarları sekmesinden 2 ila 6 taksit…;;;;v2
kuveyt-turk--kampanya-arsivi-kuveyt-turk-musterilerine-ozel-269-oranli-kar-payli-taksitlendir;kuveyt-turk;taksit_sayisi;6;0.85;rule_heuristic;;…le 6 aya kadar taksit imkanı! Kuveyt Türk bireysel kredi kart ile harcama yapmadan önce Kart Ayarları sekmesinden 2 ila [6 taksit] arasında seçim yaparak, 100 TL ve üzeri harcamalarınızı %2.69 oranında kar payı ile taksitlendirebilirsiniz. Kampanya k…;;;;v2
kuveyt-turk--kampanya-arsivi-kuveyt-turk-musterilerine-ozel-269-oranli-kar-payli-taksitlendir;kuveyt-turk;kampanya_suresi;2026-07-06;0.72;rule_heuristic;;…aksitlendirme Fırsatı! Kuveyt Türk Müşterilerine Özel %2,69 Oranlı Kar Paylı Taksitlendirme Fırsatı! Kampanya Tarihleri [8.06.2026] - 6.07.2026 Kampanya Süresi Doldu! Kampanyayı Paylaş Facebook'da paylaş X'de paylaş LinkedIn'de paylaş Whatsapp'da payl…;;;;v2
kuveyt-turk--kampanya-arsivi-kuveyt-turk-ten-pazarci-esnafa-pos-cebinde;kuveyt-turk;campaign_type;Finansman;0.60;classifier;;Ana Sayfa Kampanyalar Kampanya Arşivi Kuveyt Türk' ten Pazarcı Esnafa: Pos Cebinde! POS cihazınızı cebinize taşıyan mobil uygulamamız CebimPOS ile artık ödeme almak çok kolay. Kampanya Tarihleri 9.10.2025 - 31.12.2025 Ka …;;;;v2
kuveyt-turk--kampanya-arsivi-kuveyt-turk-ten-pazarci-esnafa-pos-cebinde;kuveyt-turk;vade_ay;3;0.55;rule_heuristic;;…2 Gün Bloke Komisyonsuz, Banka Kartlarında 15 Gün Bloke Komisyonsuz Bu POS kampanyası, yeni POS müşterilerimiz için ilk [3 ay] boyunca geçerli olup, nakit akışınızı rahatlatacak uygun komisyon oranları sunmaktadır. Ödeme süreçlerinizi Kuveyt Türk…;;;;v2
kuveyt-turk--kampanya-arsivi-kuveyt-turk-ten-pazarci-esnafa-pos-cebinde;kuveyt-turk;kampanya_suresi;2025-12-31;0.72;rule_heuristic;;…Cebinde! POS cihazınızı cebinize taşıyan mobil uygulamamız CebimPOS ile artık ödeme almak çok kolay. Kampanya Tarihleri [9.10.2025] - 31.12.2025 Kampanya Süresi Doldu! Kampanyayı Paylaş Facebook'da paylaş X'de paylaş LinkedIn'de paylaş Whatsapp'da pay…;;;;v2
kuveyt-turk--kampanyalar-kampanya-arsivi-2;kuveyt-turk;campaign_type;Finansman;0.70;classifier;;Ana Sayfa Kampanyalar Kampanyalar Kendim İçin İşim İçin Güncel Kampanyalar Yıl Seçiniz 2026 2025 2024 2023 2021 Ay Seçiniz 31.07.2026 MTV Ödemelerinizde Vade Farksız 3 Taksit Fırsatı! Kuveyt Türk Tüzel Kredi Kartlarınızl …;;;;v2
kuveyt-turk--kampanyalar-kampanya-arsivi-2;kuveyt-turk;taksit_sayisi;;;;;…İşim İçin Güncel Kampanyalar Yıl Seçiniz 2026 2025 2024 2023 2021 Ay Seçiniz 31.07.2026 MTV Ödemelerinizde Vade Farksız [3 Taksit] Fırsatı! Kuveyt Türk Tüzel Kredi Kartlarınızla 200 TL ve üzeri Motorlu Taşıtlar Vergisi (MTV) ödemelerinizi 31 Temmuz 2…;;;;v2
kuveyt-turk--kampanyalar-kampanya-arsivi-2;kuveyt-turk;kampanya_suresi;2026-06-30;0.72;rule_heuristic;;… Sayfa Kampanyalar Kampanyalar Kendim İçin İşim İçin Güncel Kampanyalar Yıl Seçiniz 2026 2025 2024 2023 2021 Ay Seçiniz [31.07.2026] MTV Ödemelerinizde Vade Farksız 3 Taksit Fırsatı! Kuveyt Türk Tüzel Kredi Kartlarınızla 200 TL ve üzeri Motorlu Taşıtla…;;;;v2
kuveyt-turk--kart-kampanyalari-kuveyt-turk-musterilerine-ozel-299-oranli-kar-payli-taksitlend;kuveyt-turk;campaign_type;Taşıt Finansmanı;0.60;classifier;;Ana Sayfa Kampanyalar Kendim İçin Kart Kampanyaları Kuveyt Türk Müşterilerine Özel %2,99 Oranlı Kar Paylı Taksitlendirme Fırsatı! Kuveyt Türk Müşterilerine Özel %2,99 Oranlı Kar Paylı Taksitlendirme Fırsatı! Kart Taksit …;;;;v2
kuveyt-turk--kart-kampanyalari-kuveyt-turk-musterilerine-ozel-299-oranli-kar-payli-taksitlend;kuveyt-turk;vade_ay;9;0.85;rule_heuristic;;…aksitlendirme imkanı! Kuveyt Türk bireysel kredi kart müşterilerine özel, yapacakları harcamalarda %2.99 vade farkı ile [9 aya] kadar taksit imkanı! Kuveyt Türk bireysel kredi kart ile harcama yapmadan önce Kart Ayarları sekmesinden 2 ila 9 taksit…;;;;v2
kuveyt-turk--kart-kampanyalari-kuveyt-turk-musterilerine-ozel-299-oranli-kar-payli-taksitlend;kuveyt-turk;taksit_sayisi;9;0.85;rule_heuristic;;…le 9 aya kadar taksit imkanı! Kuveyt Türk bireysel kredi kart ile harcama yapmadan önce Kart Ayarları sekmesinden 2 ila [9 taksit] arasında seçim yaparak, 100 TL ve üzeri harcamalarınızı %2.99 oranında kar payı ile taksitlendirebilirsiniz. Kampanya k…;;;;v2
kuveyt-turk--kart-kampanyalari-kuveyt-turk-musterilerine-ozel-299-oranli-kar-payli-taksitlend;kuveyt-turk;kampanya_suresi;2026-12-31;0.72;rule_heuristic;;… Kuveyt Türk Müşterilerine Özel %2,99 Oranlı Kar Paylı Taksitlendirme Fırsatı! Kart Taksit Hesaplama Kampanya Tarihleri [7.07.2026] - 31.12.2026 Kampanyayı Paylaş Facebook'da paylaş X'de paylaş LinkedIn'de paylaş Whatsapp'da paylaş Kuveyt Türk bireyse…;;;;v2
kuveyt-turk--katilma-hesaplari-yuvam-tl-katilma-hesabi;kuveyt-turk;campaign_type;Konut Finansmanı;0.60;classifier;;Ana Sayfa Kendim İçin Hesaplar Katılma Hesapları Yuvam TL Katılma Hesabı Katılma Hesabı Dijital Katılma Hesabı Hoş Geldin Katılma Hesabı Sepet Hesap İncir Katılma Hesabı Ara Dönem Kâr Payı Ödemeli Hesaplar Yuvam TL Katıl …;;;;v2
kuveyt-turk--katilma-hesaplari-yuvam-tl-katilma-hesabi;kuveyt-turk;vade_ay;3;0.85;rule_heuristic;;…i oranları, tercih edilen vade oranına göre değişir. Bu koşula uygun olarak ilave getiri oranları şu şekilde sıralanır: [3 ay] vadeli hesap için %1 (Yıllık) 6 ay vadeli hesap için %2 (Yıllık) 12 ay vadeli hesap için %3 (Yıllık) Yuvam TL Katılma H…;;;;v2
kuveyt-turk--katilma-hesaplari-yuvam-tl-katilma-hesabi;kuveyt-turk;kampanya_suresi;;;;;…eya hakkı olanlar Türkiye'deki adres kayıt sistemindeki yerleşim yeri hanesinde yurt dışından bir adres kayıtlı olanlar [29.5.2009] tarihli ve 5901 sayılı Türk Vatandaşlığı Kanunu'nun 28. maddesi kapsamında verilen Mavi Kart'a sahip olanlar ve yurt dı…;;;;v2
kuveyt-turk--musteri-ol-kampanyalari-kuveyt-turk-mobilden-musterimiz-olun-ozel-kur-firsatini-;kuveyt-turk;kampanya_suresi;2026-09-01;0.72;rule_heuristic;;…en müşterimiz olan bireysel müşterilerimize özel avantajlı kur fırsatları Kuveyt Türk'te! Müşteri Ol Kampanya Tarihleri [15.05.2026] - 1.09.2026 Kampanyayı Paylaş Facebook'da paylaş X'de paylaş LinkedIn'de paylaş Whatsapp'da paylaş Kuveyt Türk Mobil 'd…;;;;v2
kuveyt-turk--pos-kampanyalari-kuveyt-turkten-yeni-musterilere-ozel-pos-kampanyasi;kuveyt-turk;campaign_type;İhtiyaç Finansmanı;0.60;classifier;;Ana Sayfa Kampanyalar İşim İçin POS Kampanyaları Kuveyt Türk'ten Yeni Müşterilere Özel POS Kampanyası İşletmenizin finansal ihtiyaçlarına uygun esnek POS çözümleri Kuveyt Türk'te! POS'a Başvur Kampanya Tarihleri 1.11.202 …;;;;v2
kuveyt-turk--pos-kampanyalari-kuveyt-turkten-yeni-musterilere-ozel-pos-kampanyasi;kuveyt-turk;vade_ay;3;0.55;rule_heuristic;;…n Bloke Komisyonsuz, Banka Kartlarında 15 Gün Bloke Komisyonsuz POS Bu POS kampanyası, yeni POS müşterilerimiz için ilk [3 ay] boyunca geçerli olup, işletmenizin nakit akışını rahatlatacak uygun komisyon oranları sunmaktadır. İşletmenizin ödeme s…;;;;v2
kuveyt-turk--pos-kampanyalari-kuveyt-turkten-yeni-musterilere-ozel-pos-kampanyasi;kuveyt-turk;kampanya_suresi;2026-12-31;0.72;rule_heuristic;;…ampanyası İşletmenizin finansal ihtiyaçlarına uygun esnek POS çözümleri Kuveyt Türk'te! POS'a Başvur Kampanya Tarihleri [1.11.2025] - 31.12.2026 Kampanyayı Paylaş Facebook'da paylaş X'de paylaş LinkedIn'de paylaş Whatsapp'da paylaş Kuveyt Türk olarak,…;;;;v2
kuveyt-turk--surdurulebilir-dis-ticaret-finansmanlari;kuveyt-turk;campaign_type;İhtiyaç Finansmanı;0.60;classifier;;Ana Sayfa Sürdürülebilir Dış Ticaret Finansmanları Sürdürülebilir Dış Ticaret Finansmanları Sürdürülebilir Dış Ticaret Finansmanları ile çevresel ve toplumsal sorumluluklara uyun olarak işletmenizi uzun vadeli global baş …;;;;v2
turkiye-emlak-katilim--finansmanlar-kentsel-donusum-finansmani;turkiye-emlak-katilim;campaign_type;Konut Finansmanı;0.70;classifier;;Türkiye Emlak Katılım Bankası A.Ş. internet sitesini ziyaretiniz esnasında kullanılabilecek çerezler ve benzeri teknolojiler hakkında bilgi vermek amacıyla işbu Çerez Politikası'nı hazırlanmıştır. Kentsel Dönüşüm Finansm …;;;;v2
turkiye-emlak-katilim--finansmanlar-kentsel-donusum-finansmani;turkiye-emlak-katilim;vade_ay;84;0.85;rule_heuristic;;…serbest bırakır. Emlak Katılım'da güçlendirme ve konut finansmanında 120 aya varan vadeler ile işyeri finansmanında ise [84 aya] varan vadelerde uygun kar payı oranları ile kat maliklerine kentsel dönüşüm finansmanı sağlanmaktadır. Kat maliklerinin…;;;;v2
turkiye-emlak-katilim--finansmanlar-konut-finansmani;turkiye-emlak-katilim;vade_ay;60;0.85;rule_heuristic;;"… sağlanmasına yönelik bir fon kullandırım ürünüdür. Vade : TL cinsinden 120 aya kadar; USD veya EUR cinsinden ise azami [60 ay] vadeye kadar vade imkanı sunmaktadır. Finansman Oranı : Ekspertiz değerinin %80'ine kadar finansman kullandırabilmekted…";;;;v2
turkiye-emlak-katilim--finansmanlar-tasit-finansmani;turkiye-emlak-katilim;campaign_type;Taşıt Finansmanı;0.70;classifier;;Türkiye Emlak Katılım Bankası A.Ş. internet sitesini ziyaretiniz esnasında kullanılabilecek çerezler ve benzeri teknolojiler hakkında bilgi vermek amacıyla işbu Çerez Politikası'nı hazırlanmıştır. Taşıt Finansmanı Ana sa …;;;;v2
turkiye-emlak-katilim--nakdi-finansman-cevreci-ihracat-finansmani;turkiye-emlak-katilim;campaign_type;Finansman;0.60;classifier;;Türkiye Emlak Katılım Bankası A.Ş. internet sitesini ziyaretiniz esnasında kullanılabilecek çerezler ve benzeri teknolojiler hakkında bilgi vermek amacıyla işbu Çerez Politikası'nı hazırlanmıştır. Çevreci İhracat Finansm …;;;;v2
turkiye-emlak-katilim--nakdi-finansman-cevreci-ihracat-finansmani;turkiye-emlak-katilim;vade_ay;24;0.85;rule_heuristic;;… limiti 5.000.000 TL'dir. İlgili ürün kapsamında kullandırılacak finansmanların vadesi azami 3 ay ödemesiz dönem, azami [24 ay] vade (ödemesiz dönem dahil) olacak şekilde uygulanacaktır. Katılım finans prensiplerine uygun olarak KFK (Katılım Finan…;;;;v2
turkiye-emlak-katilim--nakdi-finansman-ihracatci-kadin-girisimci-destek-finansmani;turkiye-emlak-katilim;campaign_type;Finansman;0.60;classifier;;Türkiye Emlak Katılım Bankası A.Ş. internet sitesini ziyaretiniz esnasında kullanılabilecek çerezler ve benzeri teknolojiler hakkında bilgi vermek amacıyla işbu Çerez Politikası'nı hazırlanmıştır. İhracatçı Kadın Girişim …;;;;v2
turkiye-emlak-katilim--nakdi-finansman-ihracatci-kadin-girisimci-destek-finansmani;turkiye-emlak-katilim;vade_ay;24;0.85;rule_heuristic;;… limiti 5.000.000 TL'dir. İlgili ürün kapsamında kullandırılacak finansmanların vadesi azami 6 ay ödemesiz dönem, azami [24 ay] vade (ödemesiz dönem dahil) olacak şekilde uygulanacaktır. Katılım finans prensiplerine uygun olarak KFK (Katılım Finan…;;;;v2
turkiye-emlak-katilim--nakdi-finansman-kadin-girisimci-destek-finansmani;turkiye-emlak-katilim;campaign_type;Finansman;0.60;classifier;;Türkiye Emlak Katılım Bankası A.Ş. internet sitesini ziyaretiniz esnasında kullanılabilecek çerezler ve benzeri teknolojiler hakkında bilgi vermek amacıyla işbu Çerez Politikası'nı hazırlanmıştır. Kadın Girişimci Destek …;;;;v2
turkiye-emlak-katilim--nakdi-finansman-kadin-girisimci-destek-finansmani;turkiye-emlak-katilim;vade_ay;12;0.85;rule_heuristic;;…limiti 1.000.000 TL' dir. İlgili ürün kapsamında kullandırılacak finansmanların vadesi azami 3 ay ödemesiz dönem, azami [12 ay] vade (ödemesiz dönem dahil) olacak şekilde uygulanacaktır. Katılım finans prensiplerine uygun olarak KFK (Katılım Finan…;;;;v2
turkiye-emlak-katilim--nakdi-finansman-turk-eximbank-alacak-sigortasi-teminatli-finansman;turkiye-emlak-katilim;campaign_type;Finansman;0.70;classifier;;Türkiye Emlak Katılım Bankası A.Ş. internet sitesini ziyaretiniz esnasında kullanılabilecek çerezler ve benzeri teknolojiler hakkında bilgi vermek amacıyla işbu Çerez Politikası'nı hazırlanmıştır. Türk Eximbank Alacak Si …;;;;v2
turkiye-finans--bireysel-arsa-finansmani;turkiye-finans;campaign_type;Yatırım Ürünü;0.80;classifier;;Navigasyonu görüntüle İçeriği görüntüle GÜNCELLE Çerez Politikası ve 6698 sayılı Kişisel Verilerin Korunması Kanunu kapsamında Bankamız ile paylaşmış olduğunuz kişisel verileriniz ile ilgili detaylı bilgiye Kişisel Veril …;;;;v2
turkiye-finans--bireysel-arsa-finansmani;turkiye-finans;kampanya_kosullari;"[""Türkiye Finans'ın 100'ünde Gelecek Olan 5 Üyesi Cumhuriyetimizin Unutulmaz 100'leri Bankacılığın Tarihçesi ve Türkiye'de Bankacılık Türleri Dijital Dünyada Güvenlik İçin Temel İpuçları Avrupa Yeşil Mutabakatı: Sürdürülebilir Ekonomiler İçin Yol Haritası 2023'ü Geride Bırakırken DASK - Zorunlu Deprem Sigortası Nedir?"", ""EN YAKIN ŞUBE HESAPLAMA ARAÇLARI Başvuru için Gerekli Belgeler Nüfus cüzdanı veya ehliyet, Gelir belgesi/maaş bordrosu, Serbest meslek sahipleri ve işletme sahipleri için son yıla ait vergi levhası ve onaylı bilanço, gelir tabloları, mizan, imza sirküleri, kuruluş ve en son ortaklık payını gösteren Ticaret Sicil Gazetesi, Finansmana konu ürünün proforma faturası."", ""Satın alınacak konuta ait kat mülkiyeti veya kat irtifakı tapusu ve yapı kullanım izin belgesi Ücretli çalışan kişiler için, maaş bordrosu antetli kağıt ile bildiriliyor ise firmanın imza sirküleri beyanı gerekmektedir."", ""Banka gerekli gördüğü durumlarda kefil ve ek belge isteme hakkına sahiptir."", ""Maliyet tablosu hesaplamasında yer alan kar oranları; Finansman Ferdi Kaza Sigortası ürünlerinin tamamının finansman başvurusu ile birlikte alınması şartıyla uygulanmaktadır."", ""Arsa Finansmanının (Arsa Kredisi)* maksimum vadesi 60 ay olup, Banka tarafından belirlenen finansman tahsisindeki özel şartların sağlanması halinde 84 aya kadar vade seçeneği sunulabilir."", ""Ekspertiz ücreti minimum maliyetler üzerinden hesaplanmış olup Ekspertiz ücreti Resmi Kurumlara ödenen harç miktarına, taşınmazın alanına, mevcut durumuna ve bulunduğu lokasyona göre değişebilmektedir.Gayrimenkulün bulunduğu lokasyona bağlı olarak ekspertiz firmasına ödenen meblağ arttığında, müşteriden tahsil edilecek ekspertiz ücreti de artacaktır.""]";0.65;rule_heuristic;;…ra Biriktirme Yolları Enflasyon Nedir? Nasıl Hesaplanır? 3D Secure Nedir, Ne İşe Yarar? Kredi Notu (Kredi Puanı) Nedir? [Türkiye Finans'ın 100'ünde Gelecek Olan 5 Üyesi Cumhuriyetimizin Unutulmaz 100'leri Bankacılığın Tarihçesi ve Türkiye'de Bankacılık Türleri Dijital Dünyada Güvenlik İçin Temel İpuçları Avrupa Yeşil Mutabakatı: Sürdürülebilir Ekonomiler İçin Yol Haritası 2023'ü Geride Bırakırken DASK - Zorunlu Deprem Sigortası Nedir?] Sağlık Sigortası Nedir? Neden Sağlık Sigortası Yaptırmalıyız? Katılma Hesabı Nedir, Nasıl Açılır? Sürdürülebilir Bir Ge…;;;;v2
turkiye-finans--bireysel-gunluk-hesap;turkiye-finans;finansman_tutari;"{""currency"": ""TRY"", ""value"": 5000.0}";0.85;rule_heuristic;;…aki tabloda belirtilmektedir. TL Günlük Hesapla ilgili cari hesap işlem limitleri dahilinde kalacak minimum tutar en az [5.000 TL], en fazla 5.500.000 TL'dir. Toplam hesap bakiyesine göre değişen getiriye konu TL Günlük Hesap bakiyesinin alt limiti (…;;;;v2
turkiye-finans--bireysel-gunluk-hesap;turkiye-finans;kampanya_kosullari;"[""Türkiye Finans'ın 100'ünde Gelecek Olan 5 Üyesi Cumhuriyetimizin Unutulmaz 100'leri Bankacılığın Tarihçesi ve Türkiye'de Bankacılık Türleri Dijital Dünyada Güvenlik İçin Temel İpuçları Avrupa Yeşil Mutabakatı: Sürdürülebilir Ekonomiler İçin Yol Haritası 2023'ü Geride Bırakırken DASK - Zorunlu Deprem Sigortası Nedir?"", ""Ancak, Günlük Hesabın getiri sağlayabilmesi için kullanılabilir bakiyenin cari hesapta kalacak minimum tutar ile kâr işletilecek minimum tutar toplamı kadar olması gerekmektedir."", ""Bu kapsamda, günlük getiri oranlarından yararlanabilmek için TL Günlük Hesap toplam bakiyesinin en az 10.000 TL olması gerekir."", ""USD ve EUR hesaplar için cari hesapta kalacak minimum tutar ve getiri işletilecek minimum tutar aşağıdaki tabloda belirtilmektedir."", ""TL Günlük Hesapla ilgili cari hesap işlem limitleri dahilinde kalacak minimum tutar en az 5.000 TL, en fazla 5.500.000 TL'dir."", ""Toplam hesap bakiyesine göre değişen getiriye konu TL Günlük Hesap bakiyesinin alt limiti (kâr işletilecek minimum tutar) 5.000 TL, üst limiti 44.500.000 TL'dir."", ""Bankanın belirlemiş olduğu tutar aralıkları doğrultusunda, hesap bakiyesinin denk geldiği ilgili tutar aralıklarına göre değişen Günlük Hesap cari hesapta kalacak minimum tutarı bulunur ve bu tutar için getiri hesaplaması yapılmaz."", ""Saat 18.30'dan sonra ise sadece getiriye konu olan tutar dışında hesapta bulunan cari bakiye kullanılabilir.""]";0.65;rule_heuristic;;…ra Biriktirme Yolları Enflasyon Nedir? Nasıl Hesaplanır? 3D Secure Nedir, Ne İşe Yarar? Kredi Notu (Kredi Puanı) Nedir? [Türkiye Finans'ın 100'ünde Gelecek Olan 5 Üyesi Cumhuriyetimizin Unutulmaz 100'leri Bankacılığın Tarihçesi ve Türkiye'de Bankacılık Türleri Dijital Dünyada Güvenlik İçin Temel İpuçları Avrupa Yeşil Mutabakatı: Sürdürülebilir Ekonomiler İçin Yol Haritası 2023'ü Geride Bırakırken DASK - Zorunlu Deprem Sigortası Nedir?] Sağlık Sigortası Nedir? Neden Sağlık Sigortası Yaptırmalıyız? Katılma Hesabı Nedir, Nasıl Açılır? Sürdürülebilir Bir Ge…;;;;v2
turkiye-finans--bireysel-isyeri-finansmani;turkiye-finans;campaign_type;Yatırım Ürünü;0.80;classifier;;Navigasyonu görüntüle İçeriği görüntüle GÜNCELLE Çerez Politikası ve 6698 sayılı Kişisel Verilerin Korunması Kanunu kapsamında Bankamız ile paylaşmış olduğunuz kişisel verileriniz ile ilgili detaylı bilgiye Kişisel Veril …;;;;v2
turkiye-finans--bireysel-isyeri-finansmani;turkiye-finans;kampanya_kosullari;"[""Türkiye Finans'ın 100'ünde Gelecek Olan 5 Üyesi Cumhuriyetimizin Unutulmaz 100'leri Bankacılığın Tarihçesi ve Türkiye'de Bankacılık Türleri Dijital Dünyada Güvenlik İçin Temel İpuçları Avrupa Yeşil Mutabakatı: Sürdürülebilir Ekonomiler İçin Yol Haritası 2023'ü Geride Bırakırken DASK - Zorunlu Deprem Sigortası Nedir?"", ""EN YAKIN ŞUBE HESAPLAMA ARAÇLARI Başvuru için Gerekli Belgeler Nüfus cüzdanı veya ehliyet, Gelir belgesi/maaş bordrosu, Serbest meslek sahipleri ve işletme sahipleri için son yıla ait vergi levhası ve onaylı bilanço, gelir tabloları, mizan, imza sirküleri, kuruluş ve en son ortaklık payını gösteren Ticaret Sicil Gazetesi, Finansmana konu ürünün proforma faturası."", ""Satın alınacak konuta ait kat mülkiyeti veya kat irtifakı tapusu ve yapı kullanım izin belgesi Ücretli çalışan kişiler için, maaş bordrosu antetli kağıt ile bildiriliyor ise firmanın imza sirküleri beyanı gerekmektedir."", ""Banka gerekli gördüğü durumlarda kefil ve ek belge isteme hakkına sahiptir."", ""Maliyet tablosu hesaplamasında yer alan kar oranları; Finansman Ferdi Kaza Sigortası ürünlerinin tamamının finansman başvurusu ile birlikte alınması şartıyla uygulanmaktadır."", ""Ekspertiz ücreti minimum maliyetler üzerinden hesaplanmış olup Ekspertiz ücreti Resmi Kurumlara ödenen harç miktarına, taşınmazın alanına, mevcut durumuna ve bulunduğu lokasyona göre değişebilmektedir.Gayrimenkulün bulunduğu lokasyona bağlı olarak ekspertiz firmasına ödenen meblağ arttığında, müşteriden tahsil edilecek ekspertiz ücreti de artacaktır.""]";0.65;rule_heuristic;;…ra Biriktirme Yolları Enflasyon Nedir? Nasıl Hesaplanır? 3D Secure Nedir, Ne İşe Yarar? Kredi Notu (Kredi Puanı) Nedir? [Türkiye Finans'ın 100'ünde Gelecek Olan 5 Üyesi Cumhuriyetimizin Unutulmaz 100'leri Bankacılığın Tarihçesi ve Türkiye'de Bankacılık Türleri Dijital Dünyada Güvenlik İçin Temel İpuçları Avrupa Yeşil Mutabakatı: Sürdürülebilir Ekonomiler İçin Yol Haritası 2023'ü Geride Bırakırken DASK - Zorunlu Deprem Sigortası Nedir?] Sağlık Sigortası Nedir? Neden Sağlık Sigortası Yaptırmalıyız? Katılma Hesabı Nedir, Nasıl Açılır? Sürdürülebilir Bir Ge…;;;;v2
turkiye-finans--ihtiyac-finansmani-ihtiyac-finansmani;turkiye-finans;campaign_type;Yatırım Ürünü;0.80;classifier;;Navigasyonu görüntüle İçeriği görüntüle GÜNCELLE Çerez Politikası ve 6698 sayılı Kişisel Verilerin Korunması Kanunu kapsamında Bankamız ile paylaşmış olduğunuz kişisel verileriniz ile ilgili detaylı bilgiye Kişisel Veril …;;;;v2
turkiye-finans--ihtiyac-finansmani-ihtiyac-finansmani;turkiye-finans;finansman_tutari;"{""currency"": ""TRY"", ""value"": 125000.0}";0.85;rule_heuristic;;… İhtiyaç Finansmanı (İhtiyaç Kredisi)* başvurunuzu hemen yapabilirsiniz. Detaylı bilgi için tıklayın . Finansman tutarı [125.000 TL]' ye kadar olması durumunda maksimum vade 36 ay, Finansman tutarı 125.000 - 250.000 TL' ye kadar olması durumunda maksim…;;;;v2
turkiye-finans--ihtiyac-finansmani-ihtiyac-finansmani;turkiye-finans;odul_miktari;"{""currency"": ""TRY"", ""value"": 500.0}";0.82;rule_heuristic;;…gerçekleştirdikleri EFT/Havale işlemleri için ücret ödemiyor, tam 8700 anlaşmalı ATM'den aynı ay içerisinde tek seferde [500 TL]'ye kadar olan tüm para çekme işlemlerini komisyon ücreti ödemeden gerçekleştiriyor ve Aidatsız Happy Zero kartları ile …;;;;v2
turkiye-finans--ihtiyac-finansmani-ihtiyac-finansmani;turkiye-finans;kampanya_kosullari;"[""Türkiye Finans'ın 100'ünde Gelecek Olan 5 Üyesi Cumhuriyetimizin Unutulmaz 100'leri Bankacılığın Tarihçesi ve Türkiye'de Bankacılık Türleri Dijital Dünyada Güvenlik İçin Temel İpuçları Avrupa Yeşil Mutabakatı: Sürdürülebilir Ekonomiler İçin Yol Haritası 2023'ü Geride Bırakırken DASK - Zorunlu Deprem Sigortası Nedir?"", ""Türkiye Finans İhtiyaç Finansmanı (bankacılık kanununa göre ihtiyaç kredisi), 36 aya varan vade seçenekleri ile bütçenize uygun ödeme koşulları sunar."", ""Banka gerekli gördüğü durumlarda kefil ve ek belge isteme hakkına sahiptir."", ""Tahsis ücreti vergiler hariç finansman tutarının binde 5'i oranındadır."", ""Sıkça Sorulan Sorular İhtiyaç Finansmanı (İhtiyaç Kredisi)* başvurusu için gerekli belgeler nelerdir?"", ""Nüfus cüzdanı, ehliyet veya pasaport, Gelir belgesi/maaş bordrosu, Serbest meslek sahipleri ve işletme sahipleri için son yıla ait vergi levhası ve onaylı bilanço, gelir tabloları, mizan, imza sirküleri, kuruluş ve en son ortaklık payını gösteren Ticaret Sicil Gazetesi Ücretli çalışan kişiler için, maaş bordrosu antetli kağıt ile bildiriliyor ise firmanın imza sirküleri beyanı gerekmektedir."", ""Banka gerekli gördüğü durumlarda kefil ve ek belge isteme hakkına sahiptir.""]";0.65;rule_heuristic;;…ra Biriktirme Yolları Enflasyon Nedir? Nasıl Hesaplanır? 3D Secure Nedir, Ne İşe Yarar? Kredi Notu (Kredi Puanı) Nedir? [Türkiye Finans'ın 100'ünde Gelecek Olan 5 Üyesi Cumhuriyetimizin Unutulmaz 100'leri Bankacılığın Tarihçesi ve Türkiye'de Bankacılık Türleri Dijital Dünyada Güvenlik İçin Temel İpuçları Avrupa Yeşil Mutabakatı: Sürdürülebilir Ekonomiler İçin Yol Haritası 2023'ü Geride Bırakırken DASK - Zorunlu Deprem Sigortası Nedir?] Sağlık Sigortası Nedir? Neden Sağlık Sigortası Yaptırmalıyız? Katılma Hesabı Nedir, Nasıl Açılır? Sürdürülebilir Bir Ge…;;;;v2
turkiye-finans--kampanyalar-banka-calisanlarina-ozel-ihtiyac-finansmani;turkiye-finans;campaign_type;Yatırım Ürünü;0.80;classifier;;Navigasyonu görüntüle İçeriği görüntüle GÜNCELLE Çerez Politikası ve 6698 sayılı Kişisel Verilerin Korunması Kanunu kapsamında Bankamız ile paylaşmış olduğunuz kişisel verileriniz ile ilgili detaylı bilgiye Kişisel Veril …;;;;v2
turkiye-finans--kampanyalar-banka-calisanlarina-ozel-ihtiyac-finansmani;turkiye-finans;finansman_tutari;"{""currency"": ""TRY"", ""value"": 125000.0}";0.85;rule_heuristic;;… Kampanyadan özel/kamu bankası çalışanı olan bireysel mevcut ve yeni müşterilerimiz yararlanabilir. Finansman tutarının [125.000 TL]' ye kadar olması durumunda maksimum vade 36 aydır. Finansman tutarının 125.000 TL – 250.000 TL arasında olması durumund…;;;;v2
turkiye-finans--kampanyalar-banka-calisanlarina-ozel-ihtiyac-finansmani;turkiye-finans;kampanya_kosullari;"[""Türkiye Finans'ın 100'ünde Gelecek Olan 5 Üyesi Cumhuriyetimizin Unutulmaz 100'leri Bankacılığın Tarihçesi ve Türkiye'de Bankacılık Türleri Dijital Dünyada Güvenlik İçin Temel İpuçları Avrupa Yeşil Mutabakatı: Sürdürülebilir Ekonomiler İçin Yol Haritası 2023'ü Geride Bırakırken DASK - Zorunlu Deprem Sigortası Nedir?"", ""Kampanya kapsamında 1.000 TL-1.000.000 TL arasında ihtiyaçlarınız için size özel koşularla ve 3 ay öteleme avantajıyla İhtiyaç Finansmanı başvurusu yapabilirsiniz."", ""Banka Çalışanlarına Özel İhtiyaç Finansmanı Kampanyasının Avantajları İhtiyaç Finansmanınızı kredi notunuzdan bağımsız olarak size özel kâr payı oranlarıyla kullanabilir, geri ödemelerinizi bütçenize uygun koşullarla yapabilirsiniz."", ""İhtiyaç Finansmanı kampanyasından sadece özel/kamu Bankası çalışanları yararlanabilir."", ""Başvurunuzu gerekli belgelerle birlikte size en yakın Türkiye Finans şubesinden yapabilirsiniz."", ""Kampanya Koşulları Kampanya kapsamında başvuru yapan ve başvurusu onaylanan banka çalışanı müşterilerimize, var olan avantajlı koşullarla İhtiyaç Finansmanı başvurusu yapma olanağı sunulacaktır."", ""Tahsis ücreti vergiler hariç finansman tutarının binde 5'i oranındadır.""]";0.65;rule_heuristic;;…ra Biriktirme Yolları Enflasyon Nedir? Nasıl Hesaplanır? 3D Secure Nedir, Ne İşe Yarar? Kredi Notu (Kredi Puanı) Nedir? [Türkiye Finans'ın 100'ünde Gelecek Olan 5 Üyesi Cumhuriyetimizin Unutulmaz 100'leri Bankacılığın Tarihçesi ve Türkiye'de Bankacılık Türleri Dijital Dünyada Güvenlik İçin Temel İpuçları Avrupa Yeşil Mutabakatı: Sürdürülebilir Ekonomiler İçin Yol Haritası 2023'ü Geride Bırakırken DASK - Zorunlu Deprem Sigortası Nedir?] Sağlık Sigortası Nedir? Neden Sağlık Sigortası Yaptırmalıyız? Katılma Hesabı Nedir, Nasıl Açılır? Sürdürülebilir Bir Ge…;;;;v2
turkiye-finans--kampanyalar-biten-kampanyalar;turkiye-finans;campaign_type;Yatırım Ürünü;0.80;classifier;;Navigasyonu görüntüle İçeriği görüntüle GÜNCELLE Çerez Politikası ve 6698 sayılı Kişisel Verilerin Korunması Kanunu kapsamında Bankamız ile paylaşmış olduğunuz kişisel verileriniz ile ilgili detaylı bilgiye Kişisel Veril …;;;;v2
turkiye-finans--kampanyalar-biten-kampanyalar;turkiye-finans;vade_ay;3;0.72;rule_heuristic;;… Türkiye Finans'ta Bayrama özel İhtiyaç Finansmanı'nda KKB skorundan bağımsız tüm vadelerde sabit %4.09 kâr payı oranı, [3 ay] erteleme fırsatı ve yeni müşterilere özel dosya masrafsızlık avantajı sizi bekliyor. Detaylı Bilgi Avukatlar Günü'ne Öz…;;;;v2
turkiye-finans--kampanyalar-biten-kampanyalar;turkiye-finans;kampanya_kosullari;"[""Türkiye Finans'ın 100'ünde Gelecek Olan 5 Üyesi Cumhuriyetimizin Unutulmaz 100'leri Bankacılığın Tarihçesi ve Türkiye'de Bankacılık Türleri Dijital Dünyada Güvenlik İçin Temel İpuçları Avrupa Yeşil Mutabakatı: Sürdürülebilir Ekonomiler İçin Yol Haritası 2023'ü Geride Bırakırken DASK - Zorunlu Deprem Sigortası Nedir?""]";0.65;rule_heuristic;;…ra Biriktirme Yolları Enflasyon Nedir? Nasıl Hesaplanır? 3D Secure Nedir, Ne İşe Yarar? Kredi Notu (Kredi Puanı) Nedir? [Türkiye Finans'ın 100'ünde Gelecek Olan 5 Üyesi Cumhuriyetimizin Unutulmaz 100'leri Bankacılığın Tarihçesi ve Türkiye'de Bankacılık Türleri Dijital Dünyada Güvenlik İçin Temel İpuçları Avrupa Yeşil Mutabakatı: Sürdürülebilir Ekonomiler İçin Yol Haritası 2023'ü Geride Bırakırken DASK - Zorunlu Deprem Sigortası Nedir?] Sağlık Sigortası Nedir? Neden Sağlık Sigortası Yaptırmalıyız? Katılma Hesabı Nedir, Nasıl Açılır? Sürdürülebilir Bir Ge…;;;;v2
turkiye-finans--kampanyalar-biten-kampanyalar-2;turkiye-finans;campaign_type;Yatırım Ürünü;0.80;classifier;;Navigasyonu görüntüle İçeriği görüntüle GÜNCELLE Çerez Politikası ve 6698 sayılı Kişisel Verilerin Korunması Kanunu kapsamında Bankamız ile paylaşmış olduğunuz kişisel verileriniz ile ilgili detaylı bilgiye Kişisel Veril …;;;;v2
turkiye-finans--kampanyalar-biten-kampanyalar-2;turkiye-finans;vade_ay;3;0.72;rule_heuristic;;… Türkiye Finans'ta Bayrama özel İhtiyaç Finansmanı'nda KKB skorundan bağımsız tüm vadelerde sabit %4.09 kâr payı oranı, [3 ay] erteleme fırsatı ve yeni müşterilere özel dosya masrafsızlık avantajı sizi bekliyor. Detaylı Bilgi Avukatlar Günü'ne Öz…;;;;v2
turkiye-finans--kampanyalar-biten-kampanyalar-2;turkiye-finans;kampanya_kosullari;"[""Türkiye Finans'ın 100'ünde Gelecek Olan 5 Üyesi Cumhuriyetimizin Unutulmaz 100'leri Bankacılığın Tarihçesi ve Türkiye'de Bankacılık Türleri Dijital Dünyada Güvenlik İçin Temel İpuçları Avrupa Yeşil Mutabakatı: Sürdürülebilir Ekonomiler İçin Yol Haritası 2023'ü Geride Bırakırken DASK - Zorunlu Deprem Sigortası Nedir?""]";0.65;rule_heuristic;;…ra Biriktirme Yolları Enflasyon Nedir? Nasıl Hesaplanır? 3D Secure Nedir, Ne İşe Yarar? Kredi Notu (Kredi Puanı) Nedir? [Türkiye Finans'ın 100'ünde Gelecek Olan 5 Üyesi Cumhuriyetimizin Unutulmaz 100'leri Bankacılığın Tarihçesi ve Türkiye'de Bankacılık Türleri Dijital Dünyada Güvenlik İçin Temel İpuçları Avrupa Yeşil Mutabakatı: Sürdürülebilir Ekonomiler İçin Yol Haritası 2023'ü Geride Bırakırken DASK - Zorunlu Deprem Sigortası Nedir?] Sağlık Sigortası Nedir? Neden Sağlık Sigortası Yaptırmalıyız? Katılma Hesabı Nedir, Nasıl Açılır? Sürdürülebilir Bir Ge…;;;;v2
turkiye-finans--kampanyalar-finansman-kampanyalari;turkiye-finans;campaign_type;Yatırım Ürünü;0.80;classifier;;Navigasyonu görüntüle İçeriği görüntüle GÜNCELLE Çerez Politikası ve 6698 sayılı Kişisel Verilerin Korunması Kanunu kapsamında Bankamız ile paylaşmış olduğunuz kişisel verileriniz ile ilgili detaylı bilgiye Kişisel Veril …;;;;v2
turkiye-finans--kampanyalar-finansman-kampanyalari;turkiye-finans;vade_ay;3;0.55;rule_heuristic;;…lışanlarına Özel İhtiyaç Finansmanı* Banka çalışanlarına, kendi çalışanlarımıza sunduğumuz sabit ve avantajlı oranlarla [3 ay] ertelemeli ihtiyaç finansmanı Türkiye Finans'ta! Detaylı Bilgi Kamu Çalışanlarına Özel İhtiyaç Finansmanı* Türkiye Fina…;;;;v2
turkiye-finans--kampanyalar-finansman-kampanyalari;turkiye-finans;kampanya_kosullari;"[""Türkiye Finans'ın 100'ünde Gelecek Olan 5 Üyesi Cumhuriyetimizin Unutulmaz 100'leri Bankacılığın Tarihçesi ve Türkiye'de Bankacılık Türleri Dijital Dünyada Güvenlik İçin Temel İpuçları Avrupa Yeşil Mutabakatı: Sürdürülebilir Ekonomiler İçin Yol Haritası 2023'ü Geride Bırakırken DASK - Zorunlu Deprem Sigortası Nedir?""]";0.65;rule_heuristic;;…ra Biriktirme Yolları Enflasyon Nedir? Nasıl Hesaplanır? 3D Secure Nedir, Ne İşe Yarar? Kredi Notu (Kredi Puanı) Nedir? [Türkiye Finans'ın 100'ünde Gelecek Olan 5 Üyesi Cumhuriyetimizin Unutulmaz 100'leri Bankacılığın Tarihçesi ve Türkiye'de Bankacılık Türleri Dijital Dünyada Güvenlik İçin Temel İpuçları Avrupa Yeşil Mutabakatı: Sürdürülebilir Ekonomiler İçin Yol Haritası 2023'ü Geride Bırakırken DASK - Zorunlu Deprem Sigortası Nedir?] Sağlık Sigortası Nedir? Neden Sağlık Sigortası Yaptırmalıyız? Katılma Hesabı Nedir, Nasıl Açılır? Sürdürülebilir Bir Ge…;;;;v2
turkiye-finans--kampanyalar-ihtiyac-finansmani-kampanyasi;turkiye-finans;campaign_type;Yatırım Ürünü;0.80;classifier;;Navigasyonu görüntüle İçeriği görüntüle GÜNCELLE Çerez Politikası ve 6698 sayılı Kişisel Verilerin Korunması Kanunu kapsamında Bankamız ile paylaşmış olduğunuz kişisel verileriniz ile ilgili detaylı bilgiye Kişisel Veril …;;;;v2
turkiye-finans--kampanyalar-ihtiyac-finansmani-kampanyasi;turkiye-finans;finansman_tutari;"{""currency"": ""TRY"", ""value"": 125000.0}";0.85;rule_heuristic;;"… 70.000 TL üzeri finansmanlar için kar payı oranları ürün hizmet ücretleri sayfasında yer almaktadır. Finansman tutarı; [125.000TL]'ye kadar olması durumunda maksimum vade 36 ayı, 125.001-250.000 TL'ye kadar olması durumunda 24 ayı, 250.000 TL'den faz…";;;;v2
turkiye-finans--kampanyalar-ihtiyac-finansmani-kampanyasi;turkiye-finans;kampanya_suresi;2026-08-31;0.72;rule_heuristic;;…z. Kâr Paysız 50.000 TL'ye Varan İhtiyaç Finansmanı Kampanyası Hangi Tarihler Arasında Geçerlidir? Kampanya 1 Ağustos - [31 Ağustos 2026] tarihleri arasında geçerlidir. Kâr Paysız 50.000 TL'ye Varan İhtiyaç Finansmanı Kampanyasına Nasıl Katılabilirim? Kampa…;;;;v2
turkiye-finans--kampanyalar-ihtiyac-finansmani-kampanyasi;turkiye-finans;kampanya_kosullari;"[""Türkiye Finans'ın 100'ünde Gelecek Olan 5 Üyesi Cumhuriyetimizin Unutulmaz 100'leri Bankacılığın Tarihçesi ve Türkiye'de Bankacılık Türleri Dijital Dünyada Güvenlik İçin Temel İpuçları Avrupa Yeşil Mutabakatı: Sürdürülebilir Ekonomiler İçin Yol Haritası 2023'ü Geride Bırakırken DASK - Zorunlu Deprem Sigortası Nedir?"", ""Mobilden müşteri olma sürecini tamamlayan ve gerekli KKB skoru koşullarını sağlayan tüm müşteriler kampanyadan yararlanabilir."", ""MOBİL ŞUBEYİ İNDİR MÜŞTERİ OL 50.000 TL'ye Kadar Kâr Paysız İhtiyaç Finansmanı Kampanya Koşulları Sunulan İhtiyaç Finansmanı fırsatından yararlanmak için dikkate alınması gereken koşullar ve kampanya katılım şartları aşağıdaki gibidir: Kampanya 1 Ağustos - 31 Ağustos 2026 tarihleri arasında geçerlidir."", ""50.000 TL'ye kadar %0 kâr payı oranı; 3 ay vadeli olarak sigortalı İhtiyaç Finansmanı başvurusu yapılması durumunda, mobilden Türkiye Finanslı olan ve Findeks kredi notu 1875 ve üzerinde olan yeni müşteriler için geçerlidir."", ""Kampanyadan her müşteri yalnızca 1(bir) defa yaralanabilir."", ""Kampanyadan sadece son 30 gün içerisinde mobilden Türkiye Finans müşterisi olan kişiler faydalanabilir."", ""Tahsis ücreti vergiler hariç finansman tutarının binde 5'i oranındadır."", ""Tahsis ücreti vergiler hariç finansman tutarının binde 5'i oranındadır.""]";0.65;rule_heuristic;;…ra Biriktirme Yolları Enflasyon Nedir? Nasıl Hesaplanır? 3D Secure Nedir, Ne İşe Yarar? Kredi Notu (Kredi Puanı) Nedir? [Türkiye Finans'ın 100'ünde Gelecek Olan 5 Üyesi Cumhuriyetimizin Unutulmaz 100'leri Bankacılığın Tarihçesi ve Türkiye'de Bankacılık Türleri Dijital Dünyada Güvenlik İçin Temel İpuçları Avrupa Yeşil Mutabakatı: Sürdürülebilir Ekonomiler İçin Yol Haritası 2023'ü Geride Bırakırken DASK - Zorunlu Deprem Sigortası Nedir?] Sağlık Sigortası Nedir? Neden Sağlık Sigortası Yaptırmalıyız? Katılma Hesabı Nedir, Nasıl Açılır? Sürdürülebilir Bir Ge…;;;;v2
turkiye-finans--kampanyalar-kamu-calisanlarina-ozel-ihtiyac-finansmani;turkiye-finans;campaign_type;Yatırım Ürünü;0.80;classifier;;Navigasyonu görüntüle İçeriği görüntüle GÜNCELLE Çerez Politikası ve 6698 sayılı Kişisel Verilerin Korunması Kanunu kapsamında Bankamız ile paylaşmış olduğunuz kişisel verileriniz ile ilgili detaylı bilgiye Kişisel Veril …;;;;v2
turkiye-finans--kampanyalar-kamu-calisanlarina-ozel-ihtiyac-finansmani;turkiye-finans;finansman_tutari;"{""currency"": ""TRY"", ""value"": 125000.0}";0.85;rule_heuristic;;…tanınacaktır. Kampanyadan kamu çalışanı olan bireysel mevcut ve yeni müşterilerimiz yararlanabilir. Finansman tutarının [125.000 TL]' ye kadar olması durumunda maksimum vade 36 aydır. Finansman tutarının 125.000 TL – 250.000 TL arasında olması durumund…;;;;v2
turkiye-finans--kampanyalar-kamu-calisanlarina-ozel-ihtiyac-finansmani;turkiye-finans;kampanya_kosullari;"[""Türkiye Finans'ın 100'ünde Gelecek Olan 5 Üyesi Cumhuriyetimizin Unutulmaz 100'leri Bankacılığın Tarihçesi ve Türkiye'de Bankacılık Türleri Dijital Dünyada Güvenlik İçin Temel İpuçları Avrupa Yeşil Mutabakatı: Sürdürülebilir Ekonomiler İçin Yol Haritası 2023'ü Geride Bırakırken DASK - Zorunlu Deprem Sigortası Nedir?"", ""Kampanya kapsamında 50.000 TL-400.000 TL arasında ihtiyaçlarınız için size özel koşularla ve 3 ay öteleme avantajıyla İhtiyaç Finansmanı başvurusu yapabilirsiniz."", ""Kamu Çalışanlarına Özel İhtiyaç Finansmanı Kampanyasının Avantajları İhtiyaç Finansmanınızı kredi notunuzdan bağımsız olarak size özel kâr payı oranlarıyla kullanabilir, geri ödemelerinizi bütçenize uygun koşullarla yapabilirsiniz."", ""Başvurunuzu gerekli belgelerle birlikte size en yakın Türkiye Finans şubesinden yapabilirsiniz."", ""Banka gerekli gördüğü durumlarda kefil ve ek belge isteme hakkına sahiptir."", ""Kampanya Koşulları Kampanya kapsamında başvuru yapan ve başvurusu onaylanan kamu çalışanı müşterilerimize, var olan avantajlı koşullarla İhtiyaç Finansmanı başvurusu yapma olanağı sunulacaktır."", ""Tahsis ücreti vergiler hariç finansman tutarının binde 5'i oranındadır.""]";0.65;rule_heuristic;;…ra Biriktirme Yolları Enflasyon Nedir? Nasıl Hesaplanır? 3D Secure Nedir, Ne İşe Yarar? Kredi Notu (Kredi Puanı) Nedir? [Türkiye Finans'ın 100'ünde Gelecek Olan 5 Üyesi Cumhuriyetimizin Unutulmaz 100'leri Bankacılığın Tarihçesi ve Türkiye'de Bankacılık Türleri Dijital Dünyada Güvenlik İçin Temel İpuçları Avrupa Yeşil Mutabakatı: Sürdürülebilir Ekonomiler İçin Yol Haritası 2023'ü Geride Bırakırken DASK - Zorunlu Deprem Sigortası Nedir?] Sağlık Sigortası Nedir? Neden Sağlık Sigortası Yaptırmalıyız? Katılma Hesabı Nedir, Nasıl Açılır? Sürdürülebilir Bir Ge…;;;;v2
turkiye-finans--kampanyalar-masrafsiz-bankacilik;turkiye-finans;finansman_tutari;"{""currency"": ""TRY"", ""value"": 10000.0}";0.72;rule_heuristic;;…ara transferi Ücretsiz Paratik Banka Kartı başvurusu Yaklaşık 15.584 anlaşmalı İş Bankası, Yapı Kredi ve PTT ATM'sinden [10.000 TL]'ye kadar komisyon ödemeden para çekme ve para yatırma Aidatsız Happy Bonus Zero kredi kartı başvurusu Türkiye Finans'ta…;;;;v2
turkiye-finans--kampanyalar-masrafsiz-bankacilik;turkiye-finans;kampanya_kosullari;"[""Türkiye Finans'ın 100'ünde Gelecek Olan 5 Üyesi Cumhuriyetimizin Unutulmaz 100'leri Bankacılığın Tarihçesi ve Türkiye'de Bankacılık Türleri Dijital Dünyada Güvenlik İçin Temel İpuçları Avrupa Yeşil Mutabakatı: Sürdürülebilir Ekonomiler İçin Yol Haritası 2023'ü Geride Bırakırken DASK - Zorunlu Deprem Sigortası Nedir?"", ""Masrafsız banka kartına sahip olmak için öncelikle masrafsız bir banka hesabı açmanız gereklidir.""]";0.65;rule_heuristic;;…ra Biriktirme Yolları Enflasyon Nedir? Nasıl Hesaplanır? 3D Secure Nedir, Ne İşe Yarar? Kredi Notu (Kredi Puanı) Nedir? [Türkiye Finans'ın 100'ünde Gelecek Olan 5 Üyesi Cumhuriyetimizin Unutulmaz 100'leri Bankacılığın Tarihçesi ve Türkiye'de Bankacılık Türleri Dijital Dünyada Güvenlik İçin Temel İpuçları Avrupa Yeşil Mutabakatı: Sürdürülebilir Ekonomiler İçin Yol Haritası 2023'ü Geride Bırakırken DASK - Zorunlu Deprem Sigortası Nedir?] Sağlık Sigortası Nedir? Neden Sağlık Sigortası Yaptırmalıyız? Katılma Hesabı Nedir, Nasıl Açılır? Sürdürülebilir Bir Ge…;;;;v2
turkiye-finans--kampanyalar-turkiye-finans-avantajlariyla-mobilden-tanis;turkiye-finans;finansman_tutari;"{""currency"": ""TRY"", ""value"": 125000.0}";0.85;rule_heuristic;;…zi planlayarak mal ve hizmet alımı ihtiyaçlarınıza yönelik harcamalarınızı gerçekleştirebilirsiniz. Finansman tutarının [125.000 TL]'ye kadar olması durumunda maksimum 36 ay, Finansman tutarının 250.000 TL'ye kadar olması durumunda maksimum 24 ay, Fina…;;;;v2
turkiye-finans--kampanyalar-turkiye-finans-avantajlariyla-mobilden-tanis;turkiye-finans;kampanya_suresi;2026-08-31;0.72;rule_heuristic;;…ardan ve bonus fırsatlarından yararlanabilirsiniz. Kampanya Hangi Tarihler Arasında Geçerlidir? Kampanyadan 1 Ağustos - [31 Ağustos 2026] tarihleri arasında yararlanabilirsiniz. Kampanyadan Kimler Yararlanabilir? Mobilden Türkiye Finanslı olan tüm müşterile…;;;;v2
turkiye-finans--kampanyalar-turkiye-finans-avantajlariyla-mobilden-tanis;turkiye-finans;kampanya_kosullari;"[""Türkiye Finans'ın 100'ünde Gelecek Olan 5 Üyesi Cumhuriyetimizin Unutulmaz 100'leri Bankacılığın Tarihçesi ve Türkiye'de Bankacılık Türleri Dijital Dünyada Güvenlik İçin Temel İpuçları Avrupa Yeşil Mutabakatı: Sürdürülebilir Ekonomiler İçin Yol Haritası 2023'ü Geride Bırakırken DASK - Zorunlu Deprem Sigortası Nedir?"", ""Kampanya Koşulları Kampanya 1 Ağustos - 31 Ağustos 2026 tarihleri arasında geçerlidir."", ""Kampanya sadece bireysel müşteriler için geçerlidir."", ""Kampanya kapsamında alınan Happy Bonus ve Âlâ kredi kartından alt limit olmaksızın en az 1(bir) kere harcama işlemi yapılması gerekmektedir."", ""Sunulan her avantaj için kendi kampanya koşulları geçerlidir."", ""Kampanyaya katılacak ve bonus kazanan müşterilerimizin kartının açık durumda olması ve kampanya tarihi itibari ile kredi kartlarını kullanmasını engelleyen herhangi bir durumun olmaması gerekmektedir."", ""Kampanya koşulları hakkında detaylı bilgi için tıklayın ."", ""Sigortalı İhtiyaç Finansmanı Kâr Oranları maliyet tablosu hesaplamasında yer alan kar oranları; Finansman Güvence Sigortası'nın finansman başvurusu ile birlikte alınması için geçerlidir.""]";0.65;rule_heuristic;;…ra Biriktirme Yolları Enflasyon Nedir? Nasıl Hesaplanır? 3D Secure Nedir, Ne İşe Yarar? Kredi Notu (Kredi Puanı) Nedir? [Türkiye Finans'ın 100'ünde Gelecek Olan 5 Üyesi Cumhuriyetimizin Unutulmaz 100'leri Bankacılığın Tarihçesi ve Türkiye'de Bankacılık Türleri Dijital Dünyada Güvenlik İçin Temel İpuçları Avrupa Yeşil Mutabakatı: Sürdürülebilir Ekonomiler İçin Yol Haritası 2023'ü Geride Bırakırken DASK - Zorunlu Deprem Sigortası Nedir?] Sağlık Sigortası Nedir? Neden Sağlık Sigortası Yaptırmalıyız? Katılma Hesabı Nedir, Nasıl Açılır? Sürdürülebilir Bir Ge…;;;;v2
turkiye-finans--kobi-kobi-icin-gunluk-hesap;turkiye-finans;campaign_type;Yatırım Ürünü;0.80;classifier;;Navigasyonu görüntüle İçeriği görüntüle GÜNCELLE Çerez Politikası ve 6698 sayılı Kişisel Verilerin Korunması Kanunu kapsamında Bankamız ile paylaşmış olduğunuz kişisel verileriniz ile ilgili detaylı bilgiye Kişisel Veril …;;;;v2
turkiye-finans--kobi-kobi-icin-gunluk-hesap;turkiye-finans;finansman_tutari;"{""currency"": ""TRY"", ""value"": 5000.0}";0.85;rule_heuristic;;…r aşağıdaki tabloda belirtilmektedir. TL Günlük Hesapla ilgili cari hesap işlem limitleri dahilinde minimum tutar en az [5.000 TL], en fazla 5.500.000 TL'dir. Toplam hesap bakiyesine göre değişen getiriye konu TL Günlük Hesap bakiyesinin alt limiti (…;;;;v2
turkiye-finans--kobi-kobi-icin-gunluk-hesap;turkiye-finans;kampanya_kosullari;"[""Türkiye Finans'ın 100'ünde Gelecek Olan 5 Üyesi Cumhuriyetimizin Unutulmaz 100'leri Bankacılığın Tarihçesi ve Türkiye'de Bankacılık Türleri Dijital Dünyada Güvenlik İçin Temel İpuçları Avrupa Yeşil Mutabakatı: Sürdürülebilir Ekonomiler İçin Yol Haritası 2023'ü Geride Bırakırken DASK - Zorunlu Deprem Sigortası Nedir?"", ""Ancak, Günlük Hesabın getiri sağlayabilmesi için kullanılabilir bakiyenin cari hesapta kalacak minimum tutar ile kâr işletilecek minimum tutar toplamı kadar olması gerekmektedir."", ""Bu kapsamda, günlük getiri oranlarından yararlanabilmek için TL Günlük Hesap toplam bakiyesinin en az 10.000 TL olması gerekir."", ""USD ve EUR hesaplar için cari hesapta kalacak minimum tutar ve getiri işletilecek minimum tutar aşağıdaki tabloda belirtilmektedir."", ""TL Günlük Hesapla ilgili cari hesap işlem limitleri dahilinde minimum tutar en az 5.000 TL, en fazla 5.500.000 TL'dir."", ""Toplam hesap bakiyesine göre değişen getiriye konu TL Günlük Hesap bakiyesinin alt limiti (kâr işletilecek minimum tutar) 5.000 TL, üst limiti 44.500.000 TL'dir."", ""Günlük Hesapta Bankanın belirlemiş olduğu tutar aralıkları doğrultusunda, hesap bakiyesinin denk geldiği ilgili tutar aralıklarına göre değişen \""Günlük Hesap Cari Hesapta Kalacak Minimum Tutar\"" bulunmakta olup, bu tutar için getiri hesaplaması yapılmaz."", ""Saat 18.30'dan sonra ise sadece getiriye konu olan tutar dışında hesapta bulunan cari bakiye kullanılabilir.""]";0.65;rule_heuristic;;…ra Biriktirme Yolları Enflasyon Nedir? Nasıl Hesaplanır? 3D Secure Nedir, Ne İşe Yarar? Kredi Notu (Kredi Puanı) Nedir? [Türkiye Finans'ın 100'ünde Gelecek Olan 5 Üyesi Cumhuriyetimizin Unutulmaz 100'leri Bankacılığın Tarihçesi ve Türkiye'de Bankacılık Türleri Dijital Dünyada Güvenlik İçin Temel İpuçları Avrupa Yeşil Mutabakatı: Sürdürülebilir Ekonomiler İçin Yol Haritası 2023'ü Geride Bırakırken DASK - Zorunlu Deprem Sigortası Nedir?] Sağlık Sigortası Nedir? Neden Sağlık Sigortası Yaptırmalıyız? Katılma Hesabı Nedir, Nasıl Açılır? Sürdürülebilir Bir Ge…;;;;v2
turkiye-finans--konut-finansmani-konut-finansmani;turkiye-finans;kampanya_kosullari;"[""Türkiye Finans'ın 100'ünde Gelecek Olan 5 Üyesi Cumhuriyetimizin Unutulmaz 100'leri Bankacılığın Tarihçesi ve Türkiye'de Bankacılık Türleri Dijital Dünyada Güvenlik İçin Temel İpuçları Avrupa Yeşil Mutabakatı: Sürdürülebilir Ekonomiler İçin Yol Haritası 2023'ü Geride Bırakırken DASK - Zorunlu Deprem Sigortası Nedir?"", ""Türkiye Finans Konut Finansmanı (bankacılık kanununa göre konut kredisi), uygun koşullarda ev sahibi olmanız için sunulan finansman desteğidir."", ""Konut Finansmanı (Konut Kredisi)* çözümlerimizden bütçenize göre dilediğinizi seçebilir, uygun ödeme koşulları ile zorlanmadan ev sahibi olabilirsiniz."", ""Banka gerekli gördüğü durumlarda kefil ve ek belge isteme hakkına sahiptir."", ""Maliyet tablosu hesaplamasında yer alan kar oranları; Yedek Hesap, DASK, Finansman Ferdi Kaza Sigortası, Konut Sigortası, Otomatik Fatura Ödeme Talimatı ürünlerinin tamamının finansman başvurusu ile birlikte alınması şartıyla uygulanmaktadır."", ""Finansmanın maksimum vadesi 120 ay olup, tahsis ücreti vergiler hariç finansman tutarının binde 5'i oranındadır."", ""Ekspertiz ücreti minimum maliyetler üzerinden hesaplanmış olup Ekspertiz ücreti Resmi Kurumlara ödenen harç miktarına, taşınmazın alanına, mevcut durumuna ve bulunduğu lokasyona göre değişebilmektedir.Gayrimenkulün bulunduğu lokasyona bağlı olarak ekspertiz firmasına ödenen meblağ arttığında, müşteriden tahsil edilecek ekspertiz ücreti de artacaktır."", ""Mortgage finansmanı için gerekli belgeler nelerdir?""]";0.65;rule_heuristic;;…ra Biriktirme Yolları Enflasyon Nedir? Nasıl Hesaplanır? 3D Secure Nedir, Ne İşe Yarar? Kredi Notu (Kredi Puanı) Nedir? [Türkiye Finans'ın 100'ünde Gelecek Olan 5 Üyesi Cumhuriyetimizin Unutulmaz 100'leri Bankacılığın Tarihçesi ve Türkiye'de Bankacılık Türleri Dijital Dünyada Güvenlik İçin Temel İpuçları Avrupa Yeşil Mutabakatı: Sürdürülebilir Ekonomiler İçin Yol Haritası 2023'ü Geride Bırakırken DASK - Zorunlu Deprem Sigortası Nedir?] Sağlık Sigortası Nedir? Neden Sağlık Sigortası Yaptırmalıyız? Katılma Hesabı Nedir, Nasıl Açılır? Sürdürülebilir Bir Ge…;;;;v2
turkiye-finans--tasit-finansmani-tasit-finansmani-2;turkiye-finans;kampanya_kosullari;"[""Türkiye Finans'ın 100'ünde Gelecek Olan 5 Üyesi Cumhuriyetimizin Unutulmaz 100'leri Bankacılığın Tarihçesi ve Türkiye'de Bankacılık Türleri Dijital Dünyada Güvenlik İçin Temel İpuçları Avrupa Yeşil Mutabakatı: Sürdürülebilir Ekonomiler İçin Yol Haritası 2023'ü Geride Bırakırken DASK - Zorunlu Deprem Sigortası Nedir?"", ""Türkiye Finans Taşıt Araç / Taşıt Finansmanı (Taşıt Kredisi)* başvurunuzu gerekli belgelerle birlikte size en yakın Türkiye Finans şubesinden yapabilirsiniz."", ""Araç / Taşıt Finansmanı (Taşıt Kredisi)* kullanmak için aşağıdaki teminatlardan birini kullanabilirsiniz: Alınacak aracın rehini Gayrimenkul ipoteği Nakit bloke teminatı Türkiye Finans Araç / Taşıt Finansmanı (Taşıt Kredisi)* için Gerekli Belgeler Nelerdir?"", ""el aracı alternatif ödeme seçeneklerinden faydalanarak avantajlı ve uygun koşullarla satın alabilirsiniz."", ""Maliyet tablosu hesaplamasında yer alan kar oranları; Kasko, Finansman Güvence Sigortası ürünlerinin tamamının finansman başvurusu ile birlikte alınması şartıyla uygulanmaktadır."", ""Tahsis ücreti finansman fiyatlamasının bir parçasıdır Tahsis ücreti vergiler hariç finansman tutarının binde 5'i oranındadır."", ""Araç / Taşıt Finansmanı (Taşıt Kredisi)* Hakkında Sıkça Sorulan Sorular Araç / Taşıt Finansmanı (Taşıt Kredisi)* başvurusu için gerekli belgeler nelerdir?"", ""Taşıt kredisi başvurunuz için aşağıdaki belgeleri ibraz etmeniz gerekmektedir.""]";0.65;rule_heuristic;;…ra Biriktirme Yolları Enflasyon Nedir? Nasıl Hesaplanır? 3D Secure Nedir, Ne İşe Yarar? Kredi Notu (Kredi Puanı) Nedir? [Türkiye Finans'ın 100'ünde Gelecek Olan 5 Üyesi Cumhuriyetimizin Unutulmaz 100'leri Bankacılığın Tarihçesi ve Türkiye'de Bankacılık Türleri Dijital Dünyada Güvenlik İçin Temel İpuçları Avrupa Yeşil Mutabakatı: Sürdürülebilir Ekonomiler İçin Yol Haritası 2023'ü Geride Bırakırken DASK - Zorunlu Deprem Sigortası Nedir?] Sağlık Sigortası Nedir? Neden Sağlık Sigortası Yaptırmalıyız? Katılma Hesabı Nedir, Nasıl Açılır? Sürdürülebilir Bir Ge…;;;;v2
vakif-katilim--detay-3-ay-ertelemeli-motosiklet-kampanyasi;vakif-katilim;campaign_type;Finansman;0.70;classifier;;Müşteri Ol Kendim İçin SİZE ÖZEL ÇÖZÜMLER ÜRÜN VE HİZMETLERİMİZ İşim İçin SİZE ÖZEL ÇÖZÜMLER ÜRÜN VE HİZMETLERİMİZ Hakkımızda Ana Sayfa Kendim İçin Kampanyalar 3 Ay Ertelemeli Motosiklet Kampanyası Kampanya Geçerlilik Ta …;;;;v2
vakif-katilim--detay-3-ay-ertelemeli-motosiklet-kampanyasi;vakif-katilim;vade_ay;48;0.85;rule_heuristic;;…Kampanya Geçerlilik Tarihi Kampanya Süresi Dolmuştur Kampanya Detayları Hayalinizdeki Motosiklet Başka Bahara Kalmasın! [48 ay] vadeye kadar, sıfır kilometre motosikletlerde uygun kâr oranlarıyla motosiklet finansmanı Vakıf Katılım'da! Siz de heme…;;;;v2
vakif-katilim--detay-3-ay-ertelemeli-tasit-finansmani;vakif-katilim;campaign_type;Taşıt Finansmanı;0.70;classifier;;Müşteri Ol Kendim İçin SİZE ÖZEL ÇÖZÜMLER ÜRÜN VE HİZMETLERİMİZ İşim İçin SİZE ÖZEL ÇÖZÜMLER ÜRÜN VE HİZMETLERİMİZ Hakkımızda Ana Sayfa Kendim İçin Kampanyalar 3 Ay Ertelemeli Taşıt Finansmanı Kampanya Geçerlilik Tarihi …;;;;v2
vakif-katilim--detay-3-ay-ertelemeli-tasit-finansmani;vakif-katilim;vade_ay;48;0.85;rule_heuristic;;…rçek kişi tacir müşterilerin bireysel amaçlı taşıt finansmanlarında, 400.000 TL ve altında olan araçlar için azami vade [48 ay], 400.001 TL – 800.000 TL aralığında olan araçlar için azami vade 36 ay, 800.001 TL – 1.200.000 TL aralığında olan araçl…;;;;v2
vakif-katilim--detay-50000-tl-ihtiyac-finansmani-kampanyasi;vakif-katilim;campaign_type;İhtiyaç Finansmanı;0.70;classifier;;Müşteri Ol Kendim İçin SİZE ÖZEL ÇÖZÜMLER ÜRÜN VE HİZMETLERİMİZ İşim İçin SİZE ÖZEL ÇÖZÜMLER ÜRÜN VE HİZMETLERİMİZ Hakkımızda Ana Sayfa Kendim İçin Kampanyalar 50.000 TL İhtiyaç Finansmanı Kampanyası Kampanya Geçerlilik …;;;;v2
vakif-katilim--detay-50000-tl-ihtiyac-finansmani-kampanyasi;vakif-katilim;finansman_tutari;"{""currency"": ""TRY"", ""value"": 50000.0}";0.82;rule_heuristic;;…uzu gerçekleştirin. Kampanya Şartları • Kampanya yeni dijital müşterilere özel olup, ihtiyaç finansmanına özel maksimum [50.000 TL] ve 12 ay finansman için %2.99 oran için geçerlidir. • Kampanyalı orandan yararlanmak isteyen kişiler, Finansman Hayat S…;;;;v2
vakif-katilim--detay-50000-tl-ihtiyac-finansmani-kampanyasi;vakif-katilim;vade_ay;12;0.85;rule_heuristic;;…Dolmuştur Kampanya Detayları 1 Nisan itibarıyla dijital kanallardan müşteri olan Vakıf Katılımlılar %2,99 kâr oranı ile [12 ay] vadeli 50.000 TL ihtiyaç finansmanından yararlanıyor. Finansmandan hemen yararlanmak için Vakıf Katılım Mobil Şube üzer…;;;;v2
vakif-katilim--detay-ogretmenlerimize-vakif-katilimdan-avantajli-paket;vakif-katilim;campaign_type;Yatırım Ürünü;0.70;classifier;;Müşteri Ol Kendim İçin SİZE ÖZEL ÇÖZÜMLER ÜRÜN VE HİZMETLERİMİZ İşim İçin SİZE ÖZEL ÇÖZÜMLER ÜRÜN VE HİZMETLERİMİZ Hakkımızda Ana Sayfa Kendim İçin Kampanyalar Öğretmenlerimize Vakıf Katılım'dan Avantajlı Paket! Kampanya …;;;;v2
vakif-katilim--detay-ogretmenlerimize-vakif-katilimdan-avantajli-paket;vakif-katilim;finansman_tutari;"{""currency"": ""TRY"", ""value"": 1000.0}";0.82;rule_heuristic;;"…""Öğretmen"", ""Akademisyen"" ve ""Öğretim Görevlisi"" olarak geçen müşterilerimiz için geçerlidir. • Kredi kartından minimum [1000 TL] ve üzeri alışverişe tek seferde maksimum 100 TL değerinde iade alınabilecektir. • Tüm kampanya sürecinde müşterilerimiz…";;;;v2
vakif-katilim--detay-ogretmenlerimize-vakif-katilimdan-avantajli-paket;vakif-katilim;vade_ay;3;0.55;rule_heuristic;;…sım tarihleri arasında hisse senedi işlemlerine ‘'0'' komisyon tanımlanacaktır. • Müşterilerimiz uygun kar oranları ile [3 ay] ödemesiz ve dosya masrafsız araç finansmanından yararlanabilirler. • Masrafsız bankacılık ile Havale, EFT, FAST işlemle…;;;;v2
vakif-katilim--detay-ogretmenlerimize-vakif-katilimdan-avantajli-paket;vakif-katilim;kampanya_suresi;2025-11-30;0.85;rule_heuristic;;"…ilmek için yatırım hesabınızı internet şube ve mobil şube üzerinden kolayca açabilirsiniz. Kampanya Şartları • Kampanya [21.11.2025] – 30.11.2025 tarihleri arasında, meslek grubu ""Öğretmen"", ""Akademisyen"" ve ""Öğretim Görevlisi"" olarak geçen müşterileri…";;;;v2
vakif-katilim--kobi-destekli-finansmanlar-kosgeb-destekli-finansman;vakif-katilim;campaign_type;Finansman;0.70;classifier;;Müşteri Ol Kendim İçin SİZE ÖZEL ÇÖZÜMLER ÜRÜN VE HİZMETLERİMİZ İşim İçin SİZE ÖZEL ÇÖZÜMLER ÜRÜN VE HİZMETLERİMİZ Hakkımızda Ana Sayfa İşim İçin Finansmanlar KOBİ Destekli Finansmanlar KOSGEB Destekli Finansman KOSGEB D …;;;;v2
vakif-katilim--kobi-destekli-finansmanlar-kosgeb-destekli-finansman;vakif-katilim;vade_ay;36;0.55;rule_heuristic;;"…öncelikli sektördeki işletmeler, Teknoloji odaklı sanayi hamlesi programından yararlanan işletmeler. İşletme, destekten [3 yıl] süreyle yararlanır. Üç yıl süre tamamlandıktan sonra destek programı yeniden başlatılabilir. Acil Destek Finansmanı; do…";;;;v2
vakif-katilim--kobi-destekli-finansmanlar-kosgeb-destekli-finansman;vakif-katilim;kampanya_kosullari;"[""Programın Amacı ve Tanımı KOBİ Finansman Destek Programı ile KOBİ'lere uygun koşullarda finansal destek temin edilerek finansman sorunlarının çözümü, üretim, kalite ve standartlarını artırmaları, istihdam oluşturmaları, uluslararası düzeyde rekabet etmelerinin sağlanması amaçlanmaktadır."", ""KOBİ Finansman Destek Programında, müşterilerimizin uygun koşullarda finansman temin edebilmeleri için kâr payı tutarı desteklenir."", ""Acil Destek Finansmanı; doğal afet, yangın, terör vb. durumlarda, yerel düzeyde uygulanan bir kredi programı olup kullanacak işletmeler için programda tanımlanmış işletme türlerine girme şartı aranmaz.""]";0.65;rule_heuristic;;…KOBİ'lerin finansman maliyetlerinde geri ödemesiz teşvik desteği sağlıyoruz. KOSGEB Destekli Finansmanın İçeriği Nedir? [Programın Amacı ve Tanımı KOBİ Finansman Destek Programı ile KOBİ'lere uygun koşullarda finansal destek temin edilerek finansman sorunlarının çözümü, üretim, kalite ve standartlarını artırmaları, istihdam oluşturmaları, uluslararası düzeyde rekabet etmelerinin sağlanması amaçlanmaktadır.] KOBİ Finansman Destek Programında, müşterilerimizin uygun koşullarda finansman temin edebilmeleri için kâr payı tutarı …;;;;v2
vakif-katilim--nakdi-finansmanlar-proje-finansmani;vakif-katilim;campaign_type;İhtiyaç Finansmanı;0.60;classifier;;Müşteri Ol Kendim İçin SİZE ÖZEL ÇÖZÜMLER ÜRÜN VE HİZMETLERİMİZ İşim İçin SİZE ÖZEL ÇÖZÜMLER ÜRÜN VE HİZMETLERİMİZ Hakkımızda Ana Sayfa İşim İçin Finansmanlar Nakdi Finansmanlar Proje Finansmanı Proje Finansmanı Vakıf Ka …;;;;v2
vakif-katilim--tarim-finansmanlari-tarim-finansman-urunleri;vakif-katilim;campaign_type;Taşıt Finansmanı;0.60;classifier;;Müşteri Ol Kendim İçin SİZE ÖZEL ÇÖZÜMLER ÜRÜN VE HİZMETLERİMİZ İşim İçin SİZE ÖZEL ÇÖZÜMLER ÜRÜN VE HİZMETLERİMİZ Hakkımızda Ana Sayfa İşim İçin Finansmanlar Tarım Finansmanları Tarım Finansman Ürünleri Tarım Finansman …;;;;v2
albaraka--sozlesmeler-bayide-finansman-tasit-aracilik-ve-garantorluk-sozlesmesi-kredi-komi;albaraka;kar_payi_orani;;;;;…len günler için Banka'nın kredi/finansman ödeme tarihinde ticari kredilere uyguladığı en yüksek kredi kâr payı oranının [%30 ]fazlası bir oranda işleyecek gecikme cezasını da Banka'ya ödemeyi kabul ve beyan etmektedir. Aracı, söz konusu bu ödeme …;;;;v2
dunya-katilim--2516-dk-bireysel-ucrt11-180526-pdf;dunya-katilim;vade_ay;12;0.45;rule_heuristic;;…Finansmanı (Rehin Kaldırma) Taşıt Finansmanı (Muvafakat Ekleme) DİĞER Kiralık Kasa Ücreti Büyük Boy Kiralık Kasa Ücreti [1 yıllık] 6 aylık 3 aylık Büyük Boy Kiralık Kasa Depozito Ücreti 1 yıllık 6 aylık 3 aylık Orta Boy Kiralık Kasa Ücreti 1 yıllık 6…;;;;v2
dunya-katilim--2516-dk-bireysel-ucrt11-180526-pdf;dunya-katilim;kampanya_suresi;2026-03-03;0.45;rule_heuristic;;… nedeniyle bir takvim yılı içerisinde yeniden basılan 2 adetin üstündeki her bir kart için tahakkuk ettirilen ücrettir. [01.01.2024] 01.01.2024 01.01.2024 03.03.2026 03.03.2026 03.03.2026 03.03.2026 03.03.2026 03.03.2026 03.03.2026 03.03.2026 03.03.202…;;;;v2
kuveyt-turk--altin-hesaplari-altina-altin-katilma-hesabi;kuveyt-turk;kar_payi_orani;40.0;0.20;rule_heuristic;;…için şubemiz ile iletişime geçmenizi öneririz. Altına Altın Katılma Hesabı kâr payı oranı nedir? Hesabın kâr payı oranı [%40]'a %60'dır. Altına Altın Katılma Hesabı hangi vadelerde açılabilir? Hesap açılışı esnasından 1-12 ay arasından dilediğin…;;;;v2
kuveyt-turk--ihtiyac-finansmanlari-egitim-finansmani;kuveyt-turk;finansman_tutari;"{""currency"": ""TRY"", ""value"": 0.0}";0.37;rule_heuristic;;…mümkündür. Bunun için tutarı girip vade süresini seçmek yeterlidir. Taksit Tutarı Ödenecek Toplam Tutar Aylık Kâr Oranı [0,00 TL] 0,00 TL %0 Ödeme Planı Hemen Başvur Detaylı Bilgi ve Ödeme Planı Finansman Tutarı Taksit Sayısı Taksit Tutarı Aylık Kâr…;;;;v2
kuveyt-turk--ihtiyac-finansmanlari-hac-umre-finansmani;kuveyt-turk;finansman_tutari;"{""currency"": ""TRY"", ""value"": 0.0}";0.37;rule_heuristic;;…rulara detaylı cevapları şubelerimiz aracılığıyla öğrenebilirsiniz. Taksit Tutarı Ödenecek Toplam Tutar Aylık Kâr Oranı [0,00 TL] 0,00 TL %0 Ödeme Planı Hemen Başvur Detaylı Bilgi ve Ödeme Planı Finansman Tutarı Taksit Sayısı Taksit Tutarı Aylık Kâr…;;;;v2
kuveyt-turk--ihtiyac-finansmanlari-seyahat-finansmani;kuveyt-turk;finansman_tutari;"{""currency"": ""TRY"", ""value"": 0.0}";0.37;rule_heuristic;;…ıyla finansman ya da taksit tutarına göre hesaplama yapabilirsiniz. Taksit Tutarı Ödenecek Toplam Tutar Aylık Kâr Oranı [0,00 TL] 0,00 TL %0 Ödeme Planı Hemen Başvur Detaylı Bilgi ve Ödeme Planı Finansman Tutarı Taksit Sayısı Taksit Tutarı Aylık Kâr…;;;;v2
kuveyt-turk--ihtiyac-finansmanlari-tekne-tuketici-finansmani;kuveyt-turk;finansman_tutari;"{""currency"": ""TRY"", ""value"": 0.0}";0.37;rule_heuristic;;…menizi uygun kâr payı oranları ile kolayca gerçekleştirebilirsiniz. Taksit Tutarı Ödenecek Toplam Tutar Aylık Kâr Oranı [0,00 TL] 0,00 TL %0 Ödeme Planı Hemen Başvur Detaylı Bilgi ve Ödeme Planı Finansman Tutarı Taksit Sayısı Taksit Tutarı Aylık Kâr…;;;;v2
kuveyt-turk--kampanyalar-kampanya-arsivi-2;kuveyt-turk;vade_ay;12;0.85;rule_heuristic;;Ana Sayfa Kampanyalar Kampanyalar Kendim İçin İşim İçin Güncel Kampanyalar Yıl Seçiniz 2026 2025 2024 2023 [2021 Ay] Seçiniz 31.07.2026 MTV Ödemelerinizde Vade Farksız 3 Taksit Fırsatı! Kuveyt Türk Tüzel Kredi Kartlarınızla 200 TL ve üz…;;;;v2
turkiye-finans--bireysel-arsa-finansmani;turkiye-finans;tahsis_ucreti;"{""currency"": ""TRY"", ""value"": 500.0}";0.95;rule_heuristic;;"[MODEL ŞEMA DIŞI DEĞER ÜRETTİ: {""rate"": 0.5} — tahsis_ucreti: para {""value"": 500, ""currency"": ""TRY""} biçiminde olmalı; {'rate': 0.5} geldi. Doğru değer metinde varsa verdict=fix ile yazın.] []Navigasyonu görüntüle İçeriği görüntüle GÜNCELLE Çerez Politikası ve 6698 sayılı Kişisel Verilerin Korunması Kanunu kaps…";;;;v2
turkiye-finans--bireysel-gunluk-hesap;turkiye-finans;kampanya_suresi;2023-08-05;0.45;rule_heuristic;;…li diğer koşulları değiştirme hakkı saklıdır. Günlük Hesap Hoş Geldin Avantajı nedir? Günlük Hesap Hoş Geldin Avantajı, [5 Ağustos 2023] tarihi itibarıyla bankamızın yeni müşterisi olan ve ilk defa Günlük Hesap açan müşterilerimizin TL cinsinden açtıkları …;;;;v2
turkiye-finans--bireysel-isyeri-finansmani;turkiye-finans;tahsis_ucreti;"{""currency"": ""TRY"", ""value"": 500.0}";0.95;rule_heuristic;;"[MODEL ŞEMA DIŞI DEĞER ÜRETTİ: {""rate"": 0.5} — tahsis_ucreti: para {""value"": 500, ""currency"": ""TRY""} biçiminde olmalı; {'rate': 0.5} geldi. Doğru değer metinde varsa verdict=fix ile yazın.] []Navigasyonu görüntüle İçeriği görüntüle GÜNCELLE Çerez Politikası ve 6698 sayılı Kişisel Verilerin Korunması Kanunu kaps…";;;;v2
turkiye-finans--ihtiyac-finansmani-ihtiyac-finansmani;turkiye-finans;tahsis_ucreti;"{""currency"": ""TRY"", ""value"": 625.0}";0.95;rule_heuristic;;"[MODEL ŞEMA DIŞI DEĞER ÜRETTİ: {""rate"": 0.5} — tahsis_ucreti: para {""value"": 500, ""currency"": ""TRY""} biçiminde olmalı; {'rate': 0.5} geldi. Doğru değer metinde varsa verdict=fix ile yazın.] …e aynı belgeler talep edilecektir. Sigortalı İhtiyaç Finansmanı (İhtiyaç Kredisi)* Kâr Payı Oranları ve Maliyet Tablosu [Vade Kâr Payı Oranı] Tahsis Ücreti Aylık Toplam Maliyet Yıllık Toplam Maliyet 3 4,09% 0,50% 5,63% 92,88% 12 4,05% 0,50% 5,37% 87,29% 18 4,05…";;;;v2
turkiye-finans--kampanyalar-banka-calisanlarina-ozel-ihtiyac-finansmani;turkiye-finans;tahsis_ucreti;"{""currency"": ""TRY"", ""value"": 625.0}";0.95;rule_heuristic;;"[MODEL ŞEMA DIŞI DEĞER ÜRETTİ: {""rate"": 0.5} — tahsis_ucreti: para {""value"": 500, ""currency"": ""TRY""} biçiminde olmalı; {'rate': 0.5} geldi. Doğru değer metinde varsa verdict=fix ile yazın.] …ada değişiklik yapma hakkına sahiptir. Banka Çalışanlarına Özel Sigortalı İhtiyaç Finansmanı Kampanyası Maliyet Tablosu [Vade Kâr Payı Oranı] Tahsis Ücreti Aylık Toplam Maliyet Yıllık Toplam Maliyet 3 4,06% 0,50% 5,59% 92,02% 12 4,04% 0,50% 5,36% 87,01% 24 4,00…";;;;v2
turkiye-finans--kampanyalar-ihtiyac-finansmani-kampanyasi;turkiye-finans;tahsis_ucreti;"{""currency"": ""TRY"", ""value"": 625.0}";0.95;rule_heuristic;;"[MODEL ŞEMA DIŞI DEĞER ÜRETTİ: {""rate"": 0.5} — tahsis_ucreti: para {""value"": 500, ""currency"": ""TRY""} biçiminde olmalı; {'rate': 0.5} geldi. Doğru değer metinde varsa verdict=fix ile yazın.] …e bulundurarak serbestçe değerlendirme hakkına sahiptir. Yapılan değerlendirme sonucunda müşterinin talep ettiği limit, [vade ve kâr payı oranı] dışında bir teklif sunulabilir. Türkiye Finans Katılım Bankası, onaylanan finansmanın kullanımı için son kararı verme, …";;;;v2
turkiye-finans--kampanyalar-kamu-calisanlarina-ozel-ihtiyac-finansmani;turkiye-finans;tahsis_ucreti;"{""currency"": ""TRY"", ""value"": 625.0}";0.95;rule_heuristic;;"[MODEL ŞEMA DIŞI DEĞER ÜRETTİ: {""rate"": 0.5} — tahsis_ucreti: para {""value"": 500, ""currency"": ""TRY""} biçiminde olmalı; {'rate': 0.5} geldi. Doğru değer metinde varsa verdict=fix ile yazın.] []Navigasyonu görüntüle İçeriği görüntüle GÜNCELLE Çerez Politikası ve 6698 sayılı Kişisel Verilerin Korunması Kanunu kaps…";;;;v2
turkiye-finans--kampanyalar-turkiye-finans-avantajlariyla-mobilden-tanis;turkiye-finans;tahsis_ucreti;"{""currency"": ""TRY"", ""value"": 625.0}";0.95;rule_heuristic;;"[MODEL ŞEMA DIŞI DEĞER ÜRETTİ: {""rate"": 0.5} — tahsis_ucreti: para {""value"": 500, ""currency"": ""TRY""} biçiminde olmalı; {'rate': 0.5} geldi. Doğru değer metinde varsa verdict=fix ile yazın.] []Navigasyonu görüntüle İçeriği görüntüle GÜNCELLE Çerez Politikası ve 6698 sayılı Kişisel Verilerin Korunması Kanunu kaps…";;;;v2
turkiye-finans--konut-finansmani-konut-finansmani;turkiye-finans;tahsis_ucreti;"{""currency"": ""TRY"", ""value"": 500.0}";0.95;rule_heuristic;;"[MODEL ŞEMA DIŞI DEĞER ÜRETTİ: {""rate"": 0.5} — tahsis_ucreti: para {""value"": 500, ""currency"": ""TRY""} biçiminde olmalı; {'rate': 0.5} geldi. Doğru değer metinde varsa verdict=fix ile yazın.] []Navigasyonu görüntüle İçeriği görüntüle GÜNCELLE Çerez Politikası ve 6698 sayılı Kişisel Verilerin Korunması Kanunu kaps…";;;;v2
turkiye-finans--tasit-finansmani-tasit-finansmani-2;turkiye-finans;tahsis_ucreti;;;;;"[MODEL ŞEMA DIŞI DEĞER ÜRETTİ: {""rate"": 0.5} — tahsis_ucreti: para {""value"": 500, ""currency"": ""TRY""} biçiminde olmalı; {'rate': 0.5} geldi. Doğru değer metinde varsa verdict=fix ile yazın.] []Navigasyonu görüntüle İçeriği görüntüle GÜNCELLE Çerez Politikası ve 6698 sayılı Kişisel Verilerin Korunması Kanunu kaps…";;;;v2
albaraka--detay-dijital-musterilere-ozel-pratik-finansman-kart;albaraka;kar_payi_orani;"{""max"": 3.95, ""min"": 3.85}";0.90;rule_heuristic;;[]Albaraka Mobil Mobil Bankacılık Aç Dijital Müşterilere Özel Pratik Finansman Kart Anasayfa Kampanyalar Kampanya Başlangı…;;;;v2
albaraka--detay-dijital-musterilere-ozel-pratik-finansman-kart;albaraka;vade_ay;95;0.95;rule_heuristic;;[]Albaraka Mobil Mobil Bankacılık Aç Dijital Müşterilere Özel Pratik Finansman Kart Anasayfa Kampanyalar Kampanya Başlangı…;;;;v2
albaraka--detay-dijital-musterilere-ozel-pratik-finansman-kart;albaraka;kampanya_kosullari;"[""Pratik Finansman Kart Finansman Kampanyası Koşulları Kampanyadan 1 Ocak 2026 – 31 Aralık 2026 tarihleri arasında Albaraka Mobil'i indirip \""Müşteri Olmak İstiyorum\"" adımından ilerleyerek ilk defa Albaraka'lı olan müşterilerimiz Dijital Müşterilere özel vade farksız veya özel oranlı Pratik Finansman Kart\"" kampanyasına başvurabilecektir."", ""Kampanyamız sadece yeni müşterilerimiz için geçerli olup daha önce Albaraka müşterisi olmuş müşterilerimiz kampanyadan faydalanamaz."", ""Müşterilerimiz kampanya süresi boyunca yalnızca 1 kez kampanyadan faydalanabilecektir."", ""Kampanyadan 25 yaş ve üzerindeki müşteriler yararlanabilecek olup, ayrıca gelir şartı aranacaktır."", ""Kampanya sadece Albaraka Mobil ve İnternet üzerinden tamamlanacak Pratik Finansman Kart başvuruları için geçerlidir."", ""Pratik Finansman Kart ile asgari 250 TL, azami 150.000 TL finansman kullanılabilmektedir."", ""Sadece ihtiyaç finansmanı olan pratik kart ürünümüzde araç veya konut alıma konu olduğunda ilgili finansman kart kullanılamamaktadır."", ""Pratik Finansman Kart kullanım koşulları ve ürün detayları için tıklayınız.""]";0.95;rule_heuristic;;"…rler; Mobilya ve Beyaz Eşya, Oto Servis ve Bakım, Teknoloji Marketler, Ulaşım Bileti Alımı, Sağlık, Okul, Kırtasiyedir. [Pratik Finansman Kart Finansman Kampanyası Koşulları Kampanyadan 1 Ocak 2026 – 31 Aralık 2026 tarihleri arasında Albaraka Mobil'i indirip ""Müşteri Olmak İstiyorum"" adımından ilerleyerek ilk defa Albaraka'lı olan müşterilerimiz Dijital Müşterilere özel vade farksız veya özel oranlı Pratik Finansman Kart"" kampanyasına başvurabilecektir.] Kampanyamız sadece yeni müşterilerimiz için geçerli olup daha önce Albaraka müşterisi olmuş müşterilerimiz kampanyadan …";;;;v2
albaraka--detay-dijital-musterilere-ozel-pratik-finansman-kart;albaraka;hedef_kitle;"[""mevcut_musteri"", ""yeni_musteri""]";0.95;rule_heuristic;;…nyalar Kampanya Başlangıç ve Bitiş 01.01.2026 - 31.12.2026 Müşteri Ol Müşteri Ol Vade farksız 40.000 TL ve uygun oranlı [hoş geldin] finansmanı Albaraka'da! Beyaz eşyadan eğitim ve sağlık harcamalarına, ev eşyalarına kadar birçok ihtiyacınız için Prati…;;;;v2
albaraka--finansmanlar-kobi-gayri-nakdi-finansman;albaraka;kampanya_kosullari;"[""Detaylı Bilgi Kabul-Aval Finansmanları İşbirliği yaptığınız ihracatçı firma tarafından düzenlenen poliçeyi Albaraka Türk'ten alacağınız kabul kredisiyle güvence altına alabilir, uygun koşullarda ürün ithal edebilirsiniz.""]";0.95;rule_heuristic;;…ödeme aracı olarak kabul edilen ve çok sık tercih edilen akreditif, ithalatçıyı da ihracatçıyı da koruyan bir işlemdir. [Detaylı Bilgi Kabul-Aval Finansmanları İşbirliği yaptığınız ihracatçı firma tarafından düzenlenen poliçeyi Albaraka Türk'ten alacağınız kabul kredisiyle güvence altına alabilir, uygun koşullarda ürün ithal edebilirsiniz.] Detaylı Bilgi Referans Mektupları Albaraka üzerindeki kredibilitenizin muhatap kurum tarafından değerlendirilmesini sağ…;;;;v2
albaraka--finansmanlar-kobi-gayri-nakdi-finansman;albaraka;hedef_kitle;"[""belirli_segment""]";0.95;rule_heuristic;;Albaraka Mobil Mobil Bankacılık Aç [Kobi] Gayri Nakdi Finansman Anasayfa KOBİ Finansmanlar Kobi Gayri Nakdi Finansman Teminat Mektupları Jet Teminat Mektubu Akre…;;;;v2
albaraka--ihtiyac-pratik-finansman-kart;albaraka;masraf_durumu;"{""amount"": 537.5, ""has_fee"": true}";0.95;rule_heuristic;;… kendim gireceğim. Aylık Taksit Tutarı 5.672,67 TL Geri Ödenecek Toplam Tutar 68.072,09 TL Yıllık Maliyet Oranı % 85,17 [Ücret]ler Toplamı 537,50 Ödeme Planı Hemen Başvur Ödeme Planı Taksit No Taksit Tutarı Ana Para Kâr Payı Kalan Ana Para KKDF BS…;;;;v2
albaraka--ihtiyac-pratik-finansman-kart;albaraka;kampanya_kosullari;"[""Standart banka kartları para çekme, yatırma ve bakiye görme gibi işlemleri yapabilmenizi sağlarken, Pratik Finansman Kart ise sadece bireysel ihtiyaç finansman ürünü olduğu için ihtiyaçlarınızı finansman kullanarak anında karşılayabilmenize yardımcı olur."", ""Şubeden ya da dijital kanallardan başvuru yaptığınızda; sizden sadece meslek bilgileri, talep edilen finansman tutarı, talep edilen taksit tutarı ve ilk taksit tarihi bilgileri istenir."", ""Pratik Finansman Kartın asgari ve azami finansman limitleri nedir?"", ""Pratik finansman kart ile asgari 250 TL, 125.000 TL'ye kadar 2 ay ödemesiz dönem seçeneği ile 36 aya kadar vade imkânı, 125.000 TL ile 150.000 TL arası 2 ay ödemesiz dönem seçeneği ile 24 aya kadar vade imkânı ile 150.000 TRY ' ye kadar finansman kullanabilirsiniz Pratik Finansman Kart ile alınan teknolojik aletlerin taksit sayıları nedir?"", ""Sadece ihtiyaç finansmanı olan pratik kart ürünümüzde araç veya konut alıma konu olduğunda ilgili finansman kart kullanılamamaktadır.""]";0.95;rule_heuristic;;"…net Şubesi ya da şubelerimiz üzerinden başvuru yapabilir. Pratik Finansman Kartın banka kartlarından farkları nelerdir? [Standart banka kartları para çekme, yatırma ve bakiye görme gibi işlemleri yapabilmenizi sağlarken, Pratik Finansman Kart ise sadece bireysel ihtiyaç finansman ürünü olduğu için ihtiyaçlarınızı finansman kullanarak anında karşılayabilmenize yardımcı olur.] Başvuru esnasında hangi bilgiler istenir? Şubeden ya da dijital kanallardan başvuru yaptığınızda; sizden sadece meslek …";;;;v2
albaraka--kobi-gayri-nakdi-finansman-kabul-aval-finansmanlari;albaraka;hedef_kitle;"[""belirli_segment""]";0.95;rule_heuristic;;Albaraka Mobil Mobil Bankacılık Aç Kabul-Aval Finansmanları Anasayfa [KOBİ] Finansmanlar Kobi Gayri Nakdi Finansman Kabul-Aval Finansmanları Teminat Mektupları Jet Teminat Mektubu Akreditifler Ka…;;;;v2
albaraka--sozlesmeler-bayide-finansman-tasit-aracilik-ve-garantorluk-sozlesmesi-kredi-komi;albaraka;masraf_durumu;"{""amount"": 0.0, ""has_fee"": false}";0.95;rule_heuristic;;…me'ye konu iş ve işlemler ile kredi/finansman hizmetine ve bankacılık işlemlerine yönelik olarak Aracı'nın işyerlerinde [ücretsiz] stant açabilecektir. 3.23. İşbu Sözleşme kapsamında verilecek hizmetler ile ilgili olarak mevzuatta Banka için yükümlül…;;;;v2
albaraka--sozlesmeler-bayide-finansman-tasit-aracilik-ve-garantorluk-sozlesmesi-kredi-komi;albaraka;kampanya_kosullari;"[""Taraflar, işbu Sözleşme gereğince uyulması gerekli her türlü kanun, tüzük, kararname, karar ve benzeri mevzuat, yasal ve idari düzenlemelerin gereğini yerine getirmek zorundadır."", ""Aracı tarafından gerekli başvurular yapılmak suretiyle ve Banka'nın izin ve yetki vermesi şartıyla Sistem, Aracı'nın bağlı veya bağımsız tacir yardımcısı, ticari temsilci, ticari vekil, personel, alt çalışan ve kendisine bağlı olarak çalışan ve Banka'nın izin ve yetki verdiği kişi tarafından kullanılabilir."", ""Aracı, işbu Sözleşme kapsamında Başvuran'dan bilgi, belge ve sözleşme alma yükümlülüğünü Banka'ya bilgi vermek koşulu ile planlı tadilat, bakım, onarım, izin süreleri dışında Aracı'ya ait işyerlerinden Banka'nın mesai (çalışma) günlerinde ve saatlerinde yerine getirmeyi taahhüt etmektedir 3.8."", ""Aracı, müşteri ilişkileri veya yönetimi anlamında Banka müşterilerinden gelen tüm talepleri de derhal tüm bilgi ve belgelerle birlikte Banka'ya iletecek ve yönlendirecek olup, yalnızca Banka tarafından kendisine bildirilen ve verilen talimatlar kapsamda Banka müşterilerine bilgi ve belge verecektir."", ""maddesinde belirtilen şartları taşıdığını ve Sözleşme süresi içerisinde bu şartların kaybedilmesi durumunda, bu durumu derhal Banka'ya yazılı olarak bildireceğini beyan ve taahhüt eder."", ""Banka tarafından talep edilmesi durumunda ya da BDDK'ca gerekli görülmesi halinde, Aracı tarafından işbu Sözleşme kapsamında verilen hizmetlerden doğabilecek zararları karşılamak amacıyla masrafları Taraflarca karşılanmak üzere Banka'ca sorumluluk sigortası yaptırılabilecektir."", ""Aracı, işbu Sözleşme kapsamında verdiği hizmeti gerçekleştirebilecek yönetim yapısına, yeterli sayı ve nitelikte personele, gerekli teknik donanıma, belge ve kayıt düzenine, iş devamlılığı planına sahip olduğunu, Sözleşme konusu hizmet ile ilgili güvenlik risklerine, yangın ve doğal afetler gibi acil durumlara karşı gerekli önlemleri almış kabul, beyan ve taahhüt eder."", ""Aracı, kendisinden mal veya hizmet satın alan Başvuran'ın olabilecek ayıplarla ilgili şikâyet, iddia ve taleplerine meydan veremeyecek yahut bu sebeplerle mağduriyetlerine yol açmayacak şekilde gerekli tedbirli alacaktır.""]";0.95;rule_heuristic;;…antör olması gibi bir ilişki kurmamakta olup, bu şekilde yorumlanamaz ve anlaşılamaz. 3. TARAFLARIN YÜKÜMLÜLÜKLERİ 3.1. [Taraflar, işbu Sözleşme gereğince uyulması gerekli her türlü kanun, tüzük, kararname, karar ve benzeri mevzuat, yasal ve idari düzenlemelerin gereğini yerine getirmek zorundadır.] Bunları bilmemek bir mazeret teşkil etmez. Bu icapları yerine getirmek için Taraflar hiçbir istekte ve hak iddiasında b…;;;;v2
dunya-katilim--2516-dk-bireysel-ucrt11-180526-pdf;dunya-katilim;tahsis_ucreti;"{""currency"": ""TRY"", ""value"": 20778.0}";0.95;rule_heuristic;;…tı TROY Ek Kart Ücreti Paraf Platinum Kredi Kartı TROY Ek Kart Ücreti Kredi Kartından Yenileme Ücreti BİREYSEL KREDİLER [Tahsis Ücreti 20.778 TL 3.000 TL 3.000 TL 350,92 TL 350,92 TL 350,92 TL 1]4.000 TL 8.000 TL 4.250 TL 14.000 TL 8.000 TL 4.250 TL 10.000 TL 6.000 TL 3.250 TL 10.000 TL 6.000 TL 3.250 TL 8.000 TL …;;;;v2
dunya-katilim--2516-dk-bireysel-ucrt11-180526-pdf;dunya-katilim;masraf_durumu;"{""amount"": 0.0, ""has_fee"": false}";0.95;rule_heuristic;;…0 TL 3.250 TL 10.000 TL 6.000 TL 3.250 TL 8.000 TL 5.000 TL 2.750 TL 8.000 TL 5.000 TL 2.750 TL 0.24 TL 0.91 TL 0.91 TL [Ücretsiz] Ücretsiz Ücretsiz 0,50% 0,50% 0,50% 1% 1% 1% Konut Finansmanı Taşıt Finansmanı İhtiyaç Finansmanı Ekspertiz Ücreti Taşı…;;;;v2
dunya-katilim--2516-dk-bireysel-ucrt11-180526-pdf;dunya-katilim;kampanya_kosullari;"[""Finansal Tüketiciler İçin Ücretlerin Değiştirilmesi Usulü: Ücretlere ilişkin artışlar, artış uygulanmaya başlanmadan en az 30 gün önceden Müşteriye kalıcı veri saklayıcısı yoluyla veya kaydı tutulan telefon vasıtasıyla bildirilecektir."", ""Değerli kağıt bedeli hariç ücrettir.""]";0.95;rule_heuristic;;"…eçerlidir. Ücretlerin Tahsil Yöntemi: Ücretler; nakden, mahsuben veya Müşteri hesabına borç kaydedilerek tahsil edilir. [Finansal Tüketiciler İçin Ücretlerin Değiştirilmesi Usulü: Ücretlere ilişkin artışlar, artış uygulanmaya başlanmadan en az 30 gün önceden Müşteriye kalıcı veri saklayıcısı yoluyla veya kaydı tutulan telefon vasıtasıyla bildirilecektir.] Bu bildirim üzerine, bildirimin yapıldığı tarihten itibaren 15 gün sonrasına kadar ürünün veya hizmetin kullanımından v…";;;;v2
hayat-finans--finansmanlar-is-ticari-finansman;hayat-finans;kampanya_kosullari;"[""Hızlı Limit Başvurusu Başvuru için Gerekli Belgeler Vergi Kimlik Numarası Yetkili T.C."", ""Hayat Finans Mobil'den müşteri olun ve sözleşmelerinizi onaylayın: Genel Kredi Sözleşmesi (GKS) ve Genel İşlem Şartları (GİŞ) Gerekli durumlarda kefalet sürecinizi tamamlayın.""]";0.95;rule_heuristic;;…aydalanın! Firmanıza özel finansman çözümleri Ticari faaliyetlerinize uygun esnek finansman seçeneklerinden faydalanın. [Hızlı Limit Başvurusu Başvuru için Gerekli Belgeler Vergi Kimlik Numarası Yetkili T.C.] Kimlik Numarası Yetkili Doğum Tarihi Cep Telefonu Süreç Nasıl İlerlerler? Başvurunuzu iletin. İşletmenize özel finansma…;;;;v2
hayat-finans--hesaplar-katilma-hesabi;hayat-finans;kampanya_kosullari;"[""Katılma Hesabı açılışında seçtiğiniz hesap türüne uygun olarak hesabınıza minimum 1.000 TL ve 250 USD/EUR yatırmanız gerekir."", ""Vade sonunda kâr payınızı alabilmeniz için hesap açılışında gereken minimum tutar kadar bakiyenin hesabınızda kalmasına dikkat etmelisiniz."", ""En az 7 gün vadeli olarak açılabileceğiniz Katılma Hesabı vade sonunda kâr-zarar ortaklığı çerçevesinde paylaşılan getiri ile birikimlerinize değer katar.Önceden belirlenmiş ve taahhüt edilen bir getirisi olmayan Katılma Hesapları'nda getiri faizsiz bankacılık ilkeleri kapsamında bankanın finansman sağladığı projelerin kâr veya zararına ortak olma esasına dayanır."", ""Katılma Hesabı açabilmek için minimum tutar nedir?"", ""Kâr payı kazanabilmeniz için hesabınızda açılış için gerekli minimum bakiye kadar birikiminiz kalmalıdır."", ""Minimum bakiyelere ulaşmak için tıklayınız ."", ""K â r payı oranları bankaların sunduğu ürünlere ve piyasa koşullarına bağlı olarak değişiklik göstermektedir.""]";0.95;rule_heuristic;;…lma Hesabı Özellikleri Katılma Hesabı'nızı 7 günden başlayan vadelerle 3 ay, 6 ay ve 12 ay vadeli olarak açabilirsiniz. [Katılma Hesabı açılışında seçtiğiniz hesap türüne uygun olarak hesabınıza minimum 1.000 TL ve 250 USD/EUR yatırmanız gerekir.] Nakit ihtiyacınız olduğunda vadenizin dolmasını beklemeden hesabınızdan kolayca para çekebilirsiniz. Hesabınızdan nakit…;;;;v2
hayat-finans--kampanyalar-avantajli-hesap-musterilerine-ozel-fx-dar-makas-avantaji;hayat-finans;kampanya_kosullari;"[""Kampanya dönemi içerisinde Avantajlı Hesap açan bireysel müşteriler, Hayat FX üzerinden gerçekleştirecekleri işlemlerde 5.000 USD veya karşılığı işlem hacmine kadar %0,1 dar makastan yararlanabilir. 📢 Kampanya Dönemi: 17 Temmuz – 17 Ağustos 2026 ✅ Kampanya Koşulları Kampanyadan sadece 17 Temmuz 2026 sonrası yeni açılacak/açılan Avantajlı Hesap sahipleri faydalanabilir."", ""Kampanyaya sadece Hayat Avantajlı Katılma Hesabı dahil olup, TL Katılma Hesabı ve TL Günlük Hesap açılışları kampanyaya dahil değildir."", ""Resmi tatillerde ve mesai saatleri dışında makas açılacağı için kampanya kapsamındaki avantaj, sadece resmi iş günlerinde mesai saatleri içerisinde (08.30-17.30) geçerli olacaktır."", ""Müşterilerimizin 17 Temmuz – 17 Ağustos 2026 tarihleri arasında %0.1 dar makas avantajından yararlanılabilmesi için Avantajlı Hesabının açık olması gerekmektedir, ilgili hesabın kampanya dönemi içerisinde kapatılması durumunda %0.1 dar makas avantajından yararlanılamayacaktır."", ""Kampanya kapsamında tanımlanan %0,1 dar makas avantajı sadece Hayat FX üzerinden yapılacak işlemleri kapsamaktadır."", ""İşlem yapılacak döviz cinsi için uygulanacak makas oranları piyasa koşullarına bağlı olarak değişiklik gösterebilir."", ""Hayat Finans kampanyayı herhangi bir bildirimde bulunmadan durdurma ve/veya kampanya koşullarını değiştirme yetkisine sahiptir.""]";0.95;rule_heuristic;;Avantajlı Hesap Müşterilerine Özel FX Dar Makas Avantajı! [Kampanya dönemi içerisinde Avantajlı Hesap açan bireysel müşteriler, Hayat FX üzerinden gerçekleştirecekleri işlemlerde 5.000 USD veya karşılığı işlem hacmine kadar %0,1 dar makastan yararlanabilir. 📢 Kampanya Dönemi: 17 Temmuz – 17 Ağustos 2026 ✅ Kampanya Koşulları Kampanyadan sadece 17 Temmuz 2026 sonrası yeni açılacak/açılan Avantajlı Hesap sahipleri faydalanabilir.] Kampanyaya sadece Hayat Avantajlı Katılma Hesabı dahil olup, TL Katılma Hesabı ve TL Günlük Hesap açılışları kampanyaya…;;;;v2
kuveyt-turk--altin-hesaplari-altina-altin-katilma-hesabi;kuveyt-turk;kampanya_kosullari;"[""3 ay ila 1 yıl arasında istediğiniz vade seçeneği ile hesabınızın açılabilmesi için belirlenen minimum limit 50 gramdır."", ""Minimum bakiye koşuluna uygun olarak yapılacak çekim veya bozdurma işlemi, hesabınızın vadesini bozmaz."", ""Minimum bakiye limitlerine bağlı kalınması koşulu ile vade bozulmadan hesaptan fiziksel altın teslim işlemleri için Kuveyt Türk şubelerine başvurabilirsiniz."", ""Hesaba yönelmenin İslami koşullara göre herhangi bir sakıncası yoktur.""]";0.95;rule_heuristic;;…n kâr, size yine altın olarak geri döner. 1 ay vadeli Altına Altın Katılma Hesabı'nı, 100 gram altın ile açabilirsiniz. [3 ay ila 1 yıl arasında istediğiniz vade seçeneği ile hesabınızın açılabilmesi için belirlenen minimum limit 50 gramdır.] Bakiye aylık vade için 100, diğer vade seçeneklerinde ise 50 gramın altına düşmeyecek şekilde hesabınızdan altın çekebi…;;;;v2
kuveyt-turk--altin-hesaplari-birikimli-altin-katilma-hesabi;kuveyt-turk;kampanya_kosullari;"[""Birikimli Altın Katılma Hesabı Özellikleri Birikimli Altın Katılma Hesabı'nı, minimum 50 gram altın ile açabilirsiniz."", ""Minimum yatırım miktarı 1 gram altındır."", ""Hesabınızın vadesini; asgari 3, azami 10 yıl olarak belirleyebilirsiniz."", ""Birikimli Altın Katılma Hesabı Paylaşım Oranları Para Birimi Açılış Bakiyesi - Alt Bakiye Paylaşım Oranı (Asgari 3 Yıl, Azami 10 yıl) Altın 50 %40 - %60 Birikimli Altın Katılma Hesabı Açmak İçin Hangi Kanallar Kullanılabilir?"", ""Para çekme şartlarını ihlal edersem ne olur?"", ""Koşulların ihlal edilmesi durumunda çekim tarihine kadar sağlanan brüt kâr paylarının %50'si sizden geri alınır.""]";0.95;rule_heuristic;;…z. Birikimli Altın Katılma Hesabı'nızı Kuveyt Türk Mobil , İnternet Şube ve tüm Kuveyt Türk şubelerinden açabilirsiniz. [Birikimli Altın Katılma Hesabı Özellikleri Birikimli Altın Katılma Hesabı'nı, minimum 50 gram altın ile açabilirsiniz.] Hesabınıza dilerseniz 1 veya 3 aylık dönemler halinde ödeme yapabilirsiniz. Minimum yatırım miktarı 1 gram altındır. He…;;;;v2
kuveyt-turk--altin-hesaplari-ziynet-altin-katilma-hesabi;kuveyt-turk;kampanya_kosullari;"[""Ziynet Altın Katılma Hesabı Özellikleri Ziynet Altın Katılma Hesabı'nı, minimum 50 gram altın ile açabilirsiniz."", ""Hesabınıza yalnızca açılış tarihinde altın yatırabilirsiniz."", ""Ziynet Altın Katılma Hesabı'na yalnızca açılış tarihinde altın yatırabilirsiniz.""]";0.95;rule_heuristic;;…üşterimiz olabilirsiniz. Yatırımlarınızı değerlendirirken Canlı Altın Fiyatları ile piyasayı anlık takip edebilirsiniz. [Ziynet Altın Katılma Hesabı Özellikleri Ziynet Altın Katılma Hesabı'nı, minimum 50 gram altın ile açabilirsiniz.] Ziynet Altın Katılma Hesabı aracılığıyla %55-%45 paylaşım oranlı yüksek kâr payı getirisinden faydalanabilirsiniz. Hesa…;;;;v2
kuveyt-turk--biz-bize-ozel-kur-avantajii;kuveyt-turk;masraf_durumu;"{""amount"": 0.0, ""has_fee"": false}";0.95;rule_heuristic;;Ana Sayfa Kendim İçin Biz Bize Bankacılık Biz Bize Özel Kur Avantajı Biz Bize'ye Özel 1.000 Mil Hoş Geldin Avantajı [Ücretsiz] HGS Etiketi Avantajı Biz Bize'ye Özel BES'te Ek Katkı Avantajı Özel Kur Avantajı Yurt Dışı Seyahatlerinde İnternet Avan…;;;;v2
kuveyt-turk--biz-bize-ozel-kur-avantajii;kuveyt-turk;kampanya_kosullari;"[""Biz Bize Plus'a giriş kriterlerini sağlamanız için toplam varlığınızın en az 3 Milyon TL veya muadili olması gerekmektedir."", ""Şartları sağladığınız takdirde Biz Bize Bankacılık programına geçişiniz bir ay içerisinde otomatik olarak gerçekleşir."", ""Katılım Hesabı ve Sukuk ile varlık şartını karşılayan müşterilerimiz 1 günde Biz Bize programına dahil edilirken; cari hesap, yatırım fonu gibi ürünlerle varlık şartını karşılayan müşterilerimiz 1 ay içerisinde dahil edilir."", ""Biz Bize Bankacılık kapsamında sunulan avantajlar yalnızca kampanya iletişimleri alan müşteriler için geçerlidir.""]";0.95;rule_heuristic;;…r varlık seviyesi kriteri bulunmamakla beraber müşterilerimiz mevcut potansiyellerine göre bu seviyeye dahil edilirler. [Biz Bize Plus'a giriş kriterlerini sağlamanız için toplam varlığınızın en az 3 Milyon TL veya muadili olması gerekmektedir.] Şartları sağladığınız takdirde Biz Bize Bankacılık programına geçişiniz bir ay içerisinde otomatik olarak gerçekleşir. …;;;;v2
kuveyt-turk--biz-bize-ozel-kur-avantajii;kuveyt-turk;hedef_kitle;"[""mevcut_musteri"", ""yeni_musteri""]";0.95;rule_heuristic;;Ana Sayfa Kendim İçin Biz Bize Bankacılık Biz Bize Özel Kur Avantajı Biz Bize'ye Özel 1.000 Mil [Hoş Geldin] Avantajı Ücretsiz HGS Etiketi Avantajı Biz Bize'ye Özel BES'te Ek Katkı Avantajı Özel Kur Avantajı Yurt Dışı Seyahatler…;;;;v2
kuveyt-turk--biz-bize-plus-biz-bize-plusa-ozel-2000-mil-hos-geldin-avantaji;kuveyt-turk;masraf_durumu;"{""amount"": 0.0, ""has_fee"": false}";0.95;rule_heuristic;;…lık Biz Bize Plus Biz Bize Plus'a Özel 2.000 Mil Hoş Geldin Avantajı Harcadıkça Mil Kazandıran Miles&Smiles Kredi Kartı [Ücretsiz]! Biz Bize Plus'a Özel 2.000 Mil Hoş Geldin Avantajı Biz Bize Plus Müşterilerine Özel Köprü Geçiş Avantajı: Her Ay 5 Geç…;;;;v2
kuveyt-turk--biz-bize-plus-biz-bize-plusa-ozel-2000-mil-hos-geldin-avantaji;kuveyt-turk;kampanya_kosullari;"[""Kampanyadan yararlanabilmek için kart başvurusu yapılması gerekmektedir."", ""Kampanya Miles&Smiles Kuveyt Türk kredi kartları ve sanal kartlar için geçerlidir."", ""Biz Bize Plus'a giriş kriterlerini sağlamanız için toplam varlığınızın en az 3 Milyon TL veya muadili olması gerekmektedir."", ""Şartları sağladığınız takdirde Biz Bize Bankacılık programına geçişiniz bir ay içerisinde otomatik olarak gerçekleşir."", ""Katılım Hesabı ve Sukuk ile varlık şartını karşılayan müşterilerimiz 1 günde Biz Bize programına dahil edilirken; cari hesap, yatırım fonu gibi ürünlerle varlık şartını karşılayan müşterilerimiz 1 ay içerisinde dahil edilir."", ""Biz Bize Bankacılık kapsamında sunulan avantajlar yalnızca kampanya iletişimleri alan müşteriler için geçerlidir.""]";0.95;rule_heuristic;;…lenir. Miles&Smiles Kuveyt Türk kredi kartı, Biz Bize Plus müşterilerine ücretsiz (yıllık kart aidatı olmadan) sunulur. [Kampanyadan yararlanabilmek için kart başvurusu yapılması gerekmektedir.] Kampanya Miles&Smiles Kuveyt Türk kredi kartları ve sanal kartlar için geçerlidir. Kampanyaya katılım öncesinde yapılan…;;;;v2
kuveyt-turk--biz-bize-plus-biz-bize-plusa-ozel-2000-mil-hos-geldin-avantaji;kuveyt-turk;hedef_kitle;"[""yeni_musteri""]";0.95;rule_heuristic;;Ana Sayfa Kendim İçin Biz Bize Bankacılık Biz Bize Plus Biz Bize Plus'a Özel 2.000 Mil [Hoş Geldin] Avantajı Harcadıkça Mil Kazandıran Miles&Smiles Kredi Kartı Ücretsiz! Biz Bize Plus'a Özel 2.000 Mil Hoş Geldin Avantaj…;;;;v2
kuveyt-turk--biz-bize-plus-finansmanlarda-size-ozel-oranlar;kuveyt-turk;masraf_durumu;"{""amount"": 0.0, ""has_fee"": false}";0.95;rule_heuristic;;…n Biz Bize Bankacılık Biz Bize Plus Finansmanlarda Size Özel Oranlar Harcadıkça Mil Kazandıran Miles&Smiles Kredi Kartı [Ücretsiz]! Biz Bize Plus'a Özel 2.000 Mil Hoş Geldin Avantajı Biz Bize Plus Müşterilerine Özel Köprü Geçiş Avantajı: Her Ay 5 Geç…;;;;v2
kuveyt-turk--biz-bize-plus-finansmanlarda-size-ozel-oranlar;kuveyt-turk;alisveris_puani;"{""kind"": ""points"", ""value"": 5.0}";0.95;rule_heuristic;;…ığıyla yapılabilir. Avantajlı oranlar, mevcut kampanya ve avantajlara ek olarak uygulanır. Kampanya kapsamında en fazla [5] puan indirim kazanılabilir. Biz Bize Plus Bankacılık , ihtiyacınıza en uygun ürün ve hizmetlerden benzersiz bankacılık …;;;;v2
kuveyt-turk--biz-bize-plus-finansmanlarda-size-ozel-oranlar;kuveyt-turk;kampanya_kosullari;"[""Biz Bize Plus'a giriş kriterlerini sağlamanız için toplam varlığınızın en az 3 Milyon TL veya muadili olması gerekmektedir."", ""Şartları sağladığınız takdirde Biz Bize Bankacılık programına geçişiniz bir ay içerisinde otomatik olarak gerçekleşir."", ""Katılım Hesabı ve Sukuk ile varlık şartını karşılayan müşterilerimiz 1 günde Biz Bize programına dahil edilirken; cari hesap, yatırım fonu gibi ürünlerle varlık şartını karşılayan müşterilerimiz 1 ay içerisinde dahil edilir."", ""Biz Bize Bankacılık kapsamında sunulan avantajlar yalnızca kampanya iletişimleri alan müşteriler için geçerlidir.""]";0.95;rule_heuristic;;…r varlık seviyesi kriteri bulunmamakla beraber müşterilerimiz mevcut potansiyellerine göre bu seviyeye dahil edilirler. [Biz Bize Plus'a giriş kriterlerini sağlamanız için toplam varlığınızın en az 3 Milyon TL veya muadili olması gerekmektedir.] Şartları sağladığınız takdirde Biz Bize Bankacılık programına geçişiniz bir ay içerisinde otomatik olarak gerçekleşir. …;;;;v2
kuveyt-turk--biz-bize-plus-finansmanlarda-size-ozel-oranlar;kuveyt-turk;hedef_kitle;"[""yeni_musteri""]";0.95;rule_heuristic;;…smanlarda Size Özel Oranlar Harcadıkça Mil Kazandıran Miles&Smiles Kredi Kartı Ücretsiz! Biz Bize Plus'a Özel 2.000 Mil [Hoş Geldin] Avantajı Biz Bize Plus Müşterilerine Özel Köprü Geçiş Avantajı: Her Ay 5 Geçiş Hediye Yurt Dışı Çıkış Harcında İade Ava…;;;;v2
kuveyt-turk--biz-bize-plus-ozel-kur-avantaji;kuveyt-turk;masraf_durumu;"{""amount"": 0.0, ""has_fee"": false}";0.95;rule_heuristic;;…ayfa Kendim İçin Biz Bize Bankacılık Biz Bize Plus Özel Kur Avantajı Harcadıkça Mil Kazandıran Miles&Smiles Kredi Kartı [Ücretsiz]! Biz Bize Plus'a Özel 2.000 Mil Hoş Geldin Avantajı Biz Bize Plus Müşterilerine Özel Köprü Geçiş Avantajı: Her Ay 5 Geç…;;;;v2
kuveyt-turk--biz-bize-plus-ozel-kur-avantaji;kuveyt-turk;kampanya_kosullari;"[""Biz Bize Plus'a giriş kriterlerini sağlamanız için toplam varlığınızın en az 3 Milyon TL veya muadili olması gerekmektedir."", ""Şartları sağladığınız takdirde Biz Bize Bankacılık programına geçişiniz bir ay içerisinde otomatik olarak gerçekleşir."", ""Katılım Hesabı ve Sukuk ile varlık şartını karşılayan müşterilerimiz 1 günde Biz Bize programına dahil edilirken; cari hesap, yatırım fonu gibi ürünlerle varlık şartını karşılayan müşterilerimiz 1 ay içerisinde dahil edilir."", ""Biz Bize Bankacılık kapsamında sunulan avantajlar yalnızca kampanya iletişimleri alan müşteriler için geçerlidir.""]";0.95;rule_heuristic;;…r varlık seviyesi kriteri bulunmamakla beraber müşterilerimiz mevcut potansiyellerine göre bu seviyeye dahil edilirler. [Biz Bize Plus'a giriş kriterlerini sağlamanız için toplam varlığınızın en az 3 Milyon TL veya muadili olması gerekmektedir.] Şartları sağladığınız takdirde Biz Bize Bankacılık programına geçişiniz bir ay içerisinde otomatik olarak gerçekleşir. …;;;;v2
kuveyt-turk--biz-bize-plus-ozel-kur-avantaji;kuveyt-turk;hedef_kitle;"[""mevcut_musteri"", ""yeni_musteri""]";0.95;rule_heuristic;;…Bize Plus Özel Kur Avantajı Harcadıkça Mil Kazandıran Miles&Smiles Kredi Kartı Ücretsiz! Biz Bize Plus'a Özel 2.000 Mil [Hoş Geldin] Avantajı Biz Bize Plus Müşterilerine Özel Köprü Geçiş Avantajı: Her Ay 5 Geçiş Hediye Yurt Dışı Çıkış Harcında İade Ava…;;;;v2
kuveyt-turk--biz-bize-plus-yurt-disi-cikis-harcinda-iade-avantaji;kuveyt-turk;masraf_durumu;"{""amount"": 0.0, ""has_fee"": false}";0.95;rule_heuristic;;…Bize Bankacılık Biz Bize Plus Yurt Dışı Çıkış Harcında İade Avantajı Harcadıkça Mil Kazandıran Miles&Smiles Kredi Kartı [Ücretsiz]! Biz Bize Plus'a Özel 2.000 Mil Hoş Geldin Avantajı Biz Bize Plus Müşterilerine Özel Köprü Geçiş Avantajı: Her Ay 5 Geç…;;;;v2
kuveyt-turk--biz-bize-plus-yurt-disi-cikis-harcinda-iade-avantaji;kuveyt-turk;kampanya_kosullari;"[""Biz Bize Plus'a giriş kriterlerini sağlamanız için toplam varlığınızın en az 3 Milyon TL veya muadili olması gerekmektedir."", ""Şartları sağladığınız takdirde Biz Bize Bankacılık programına geçişiniz bir ay içerisinde otomatik olarak gerçekleşir."", ""Katılım Hesabı ve Sukuk ile varlık şartını karşılayan müşterilerimiz 1 günde Biz Bize programına dahil edilirken; cari hesap, yatırım fonu gibi ürünlerle varlık şartını karşılayan müşterilerimiz 1 ay içerisinde dahil edilir."", ""Biz Bize Bankacılık kapsamında sunulan avantajlar yalnızca kampanya iletişimleri alan müşteriler için geçerlidir.""]";0.95;rule_heuristic;;…r varlık seviyesi kriteri bulunmamakla beraber müşterilerimiz mevcut potansiyellerine göre bu seviyeye dahil edilirler. [Biz Bize Plus'a giriş kriterlerini sağlamanız için toplam varlığınızın en az 3 Milyon TL veya muadili olması gerekmektedir.] Şartları sağladığınız takdirde Biz Bize Bankacılık programına geçişiniz bir ay içerisinde otomatik olarak gerçekleşir. …;;;;v2
kuveyt-turk--biz-bize-plus-yurt-disi-cikis-harcinda-iade-avantaji;kuveyt-turk;hedef_kitle;"[""yeni_musteri""]";0.95;rule_heuristic;;…ıkış Harcında İade Avantajı Harcadıkça Mil Kazandıran Miles&Smiles Kredi Kartı Ücretsiz! Biz Bize Plus'a Özel 2.000 Mil [Hoş Geldin] Avantajı Biz Bize Plus Müşterilerine Özel Köprü Geçiş Avantajı: Her Ay 5 Geçiş Hediye Yurt Dışı Çıkış Harcında İade Ava…;;;;v2
kuveyt-turk--finansmanlar-ithalatin-finansmani;kuveyt-turk;kampanya_kosullari;"[""Akreditif Alıcının, belli tutar ve vade ile öngörülen şartlara uygun belgelerin ibrazı karşılığında satıcıya mal bedelinin kendi ülkesinde tespit edeceği banka üzerinden ödeneceği garantisini vermesidir."", ""İthalat süreçleriniz için gerekli finansman çözümlerine Kuveyt Türk aracılığıyla hızlıca ulaşın!""]";0.95;rule_heuristic;;… yapıldıktan sonra sözleşmede yazılı vade tarihine bağlı kalarak ödemeyi ihracatçı emrine banka transferi ile gönderir. [Akreditif Alıcının, belli tutar ve vade ile öngörülen şartlara uygun belgelerin ibrazı karşılığında satıcıya mal bedelinin kendi ülkesinde tespit edeceği banka üzerinden ödeneceği garantisini vermesidir.] İthalatın Finansmanı'na Hangi Kanaldan Başvuru Yapılabilir? Size en yakın Kuveyt Türk şubesini ziyaret ederek başvuru s…;;;;v2
kuveyt-turk--ihtiyac-finansmanlari-egitim-finansmani;kuveyt-turk;kar_payi_orani;4.82;0.95;rule_heuristic;;[]Ana Sayfa Kendim İçin Finansmanlar İhtiyaç Finansmanları Eğitim Finansmanı Hac-Umre Finansmanı Eğitim Finansmanı Seyahat…;;;;v2
kuveyt-turk--ihtiyac-finansmanlari-egitim-finansmani;kuveyt-turk;vade_ay;12;0.95;rule_heuristic;;[]Ana Sayfa Kendim İçin Finansmanlar İhtiyaç Finansmanları Eğitim Finansmanı Hac-Umre Finansmanı Eğitim Finansmanı Seyahat…;;;;v2
kuveyt-turk--ihtiyac-finansmanlari-egitim-finansmani;kuveyt-turk;masraf_durumu;"{""amount"": null, ""has_fee"": true}";0.95;rule_heuristic;;…Tesis Bedeli Ekspertiz Ücreti Toplam Masraf Taksit No Taksit Tutarı Ana Para Kalan Ana Para Kâr Tutarı KKDF BSMV Tahsis [ücret]i müşteriden peşin olarak tahsil edilecektir. Ödenecek toplam tutar finansman tahsis ücretini içermemektedir. Bu tablo b…;;;;v2
kuveyt-turk--ihtiyac-finansmanlari-egitim-finansmani;kuveyt-turk;kampanya_kosullari;"[""Eğitim Finansmanı Özellikleri Kuveyt Türk Eğitim Finansmanı'nın özellikleri şu şekilde sıralanabilir: Finansman desteği, yalnızca eğitim masraflarını kapsamaz.""]";0.95;rule_heuristic;;…ini içermemektedir. Bu tablo bilgi amaçlıdır. Kuveyt Türk Katılım Bankası A.Ş.'ni hiçbir şekilde taahhüt altına sokmaz. [Eğitim Finansmanı Özellikleri Kuveyt Türk Eğitim Finansmanı'nın özellikleri şu şekilde sıralanabilir: Finansman desteği, yalnızca eğitim masraflarını kapsamaz.] Eğitim süreci boyunca öğrencinin beslenme, konaklama gibi ihtiyaçları da bu destek aracılığıyla karşılanır. Maksimum 36…;;;;v2
kuveyt-turk--ihtiyac-finansmanlari-egitim-finansmani;kuveyt-turk;hedef_kitle;"[""belirli_segment""]";0.95;rule_heuristic;;… Kuveyt Türk Mobil ile Kuveyt Türk müşterisi olabilirsiniz. Eğitim Finansmanı Nedir? Kuveyt Türk Eğitim Finansmanı, bir [öğrenci]nin eğitim süresi boyunca karşılaması gereken tüm giderleri kapsayan destek türüdür. Eğitimin yanı sıra süreç dâhilindek…;;;;v2
kuveyt-turk--ihtiyac-finansmanlari-hac-umre-finansmani;kuveyt-turk;kar_payi_orani;4.82;0.95;rule_heuristic;;[]Ana Sayfa Kendim İçin Finansmanlar İhtiyaç Finansmanları Hac-Umre Finansmanı Hac-Umre Finansmanı Eğitim Finansmanı Seyah…;;;;v2
kuveyt-turk--ihtiyac-finansmanlari-hac-umre-finansmani;kuveyt-turk;vade_ay;12;0.95;rule_heuristic;;[]Ana Sayfa Kendim İçin Finansmanlar İhtiyaç Finansmanları Hac-Umre Finansmanı Hac-Umre Finansmanı Eğitim Finansmanı Seyah…;;;;v2
kuveyt-turk--ihtiyac-finansmanlari-hac-umre-finansmani;kuveyt-turk;masraf_durumu;"{""amount"": null, ""has_fee"": true}";0.95;rule_heuristic;;…Tesis Bedeli Ekspertiz Ücreti Toplam Masraf Taksit No Taksit Tutarı Ana Para Kalan Ana Para Kâr Tutarı KKDF BSMV Tahsis [ücret]i müşteriden peşin olarak tahsil edilecektir. Ödenecek toplam tutar finansman tahsis ücretini içermemektedir. Bu tablo b…;;;;v2
kuveyt-turk--ihtiyac-finansmanlari-hac-umre-finansmani;kuveyt-turk;kampanya_kosullari;"[""Finansman desteğinden faydalanabilmek için umre hizmeti alınacak tur firmasının organizasyonu düzenlemeye yetkili olması gerekir.""]";0.95;rule_heuristic;;…Finansmanı'na özgü özellikler şunlardır: Hac veya umre bedelinin tamamı için finansman desteğinden yararlanabilirsiniz. [Finansman desteğinden faydalanabilmek için umre hizmeti alınacak tur firmasının organizasyonu düzenlemeye yetkili olması gerekir.] Firma ayrıca T.C. Diyanet İşleri Başkanlığı tarafından yayımlanan listede yer almalıdır. Ödemelerinizi, kendi gelir-gid…;;;;v2
kuveyt-turk--ihtiyac-finansmanlari-seyahat-finansmani;kuveyt-turk;kar_payi_orani;4.82;0.95;rule_heuristic;;[]Ana Sayfa Kendim İçin Finansmanlar İhtiyaç Finansmanları Seyahat Finansmanı Hac-Umre Finansmanı Eğitim Finansmanı Seyaha…;;;;v2
kuveyt-turk--ihtiyac-finansmanlari-seyahat-finansmani;kuveyt-turk;vade_ay;12;0.95;rule_heuristic;;[]Ana Sayfa Kendim İçin Finansmanlar İhtiyaç Finansmanları Seyahat Finansmanı Hac-Umre Finansmanı Eğitim Finansmanı Seyaha…;;;;v2
kuveyt-turk--ihtiyac-finansmanlari-seyahat-finansmani;kuveyt-turk;masraf_durumu;"{""amount"": null, ""has_fee"": true}";0.95;rule_heuristic;;…Tesis Bedeli Ekspertiz Ücreti Toplam Masraf Taksit No Taksit Tutarı Ana Para Kalan Ana Para Kâr Tutarı KKDF BSMV Tahsis [ücret]i müşteriden peşin olarak tahsil edilecektir. Ödenecek toplam tutar finansman tahsis ücretini içermemektedir. Bu tablo b…;;;;v2
kuveyt-turk--ihtiyac-finansmanlari-seyahat-finansmani;kuveyt-turk;kampanya_kosullari;"[""Tüketiciler, finansman kapsamında fon olarak yalnızca Türk lirası kullanabilir.""]";0.95;rule_heuristic;;…kilde sıralanır: Bilet ve konaklama ücreti başta olmak üzere tüm seyahat masrafları için finansmandan faydalanılabilir. [Tüketiciler, finansman kapsamında fon olarak yalnızca Türk lirası kullanabilir.] İşletmeler, finansman desteği kapsamındaki fon kullanımında Türk lirası, Amerikan doları ve euro seçenekleri arasından …;;;;v2
kuveyt-turk--ihtiyac-finansmanlari-tekne-tuketici-finansmani;kuveyt-turk;kar_payi_orani;4.82;0.95;rule_heuristic;;[]Ana Sayfa Kendim İçin Finansmanlar İhtiyaç Finansmanları Tekne Tüketici Finansmanı Hac-Umre Finansmanı Eğitim Finansmanı…;;;;v2
kuveyt-turk--ihtiyac-finansmanlari-tekne-tuketici-finansmani;kuveyt-turk;vade_ay;12;0.95;rule_heuristic;;[]Ana Sayfa Kendim İçin Finansmanlar İhtiyaç Finansmanları Tekne Tüketici Finansmanı Hac-Umre Finansmanı Eğitim Finansmanı…;;;;v2
kuveyt-turk--ihtiyac-finansmanlari-tekne-tuketici-finansmani;kuveyt-turk;masraf_durumu;"{""amount"": null, ""has_fee"": true}";0.95;rule_heuristic;;…Tesis Bedeli Ekspertiz Ücreti Toplam Masraf Taksit No Taksit Tutarı Ana Para Kalan Ana Para Kâr Tutarı KKDF BSMV Tahsis [ücret]i müşteriden peşin olarak tahsil edilecektir. Ödenecek toplam tutar finansman tahsis ücretini içermemektedir. Bu tablo b…;;;;v2
kuveyt-turk--kampanya-arsivi-bisiklet-finansmaninda-enerji-tasarrufu-haftasina-ozel-419-kar-o;kuveyt-turk;kampanya_kosullari;"[""Kuveyt Türk, önceden haber vermeden kampanya koşullarında değişiklik yapabilir ya da kampanyayı sonlandırabilir.""]";0.95;rule_heuristic;;…nyalı finansman başvurularında %4.19 kar payı oranlı geri ödeme planı Kuveyt Türk tarafından müşterilere sağlanacaktır. [Kuveyt Türk, önceden haber vermeden kampanya koşullarında değişiklik yapabilir ya da kampanyayı sonlandırabilir.] Kuveyt Türk Bisiklet Finansmanı'na istenilen belgeler ile birlikte size en yakın şubemizden başvurabilirsiniz. Kuveyt T…;;;;v2
kuveyt-turk--kampanya-arsivi-e-ihracatiniza-guc-veren-finansman;kuveyt-turk;kampanya_kosullari;"[""Kampanyaya katılım için Türkiye İhracatçılar Meclisi (TİM) üyesi olunması ya da YMM/SMMM onaylı muhtemel döviz geliri beyan belgesinin iletilmesi ön koşulu bulunmaktadır."", ""Kullanılan finansman tutarı kadar e-ihracat bedellerinin bankamız hesaplarınıza gelmesi zorunludur.""]";0.95;rule_heuristic;;…iz üzerinden başvuru yapılabilir. Kampanyadan kredi değerlendirme kriterlerini sağlayan müşteriler faydalanabilecektir. [Kampanyaya katılım için Türkiye İhracatçılar Meclisi (TİM) üyesi olunması ya da YMM/SMMM onaylı muhtemel döviz geliri beyan belgesinin iletilmesi ön koşulu bulunmaktadır.] Kampanya kapsamında teminat talep edilmeyecek olup Katılım Finans Kefalet (KFK) teminatı kullanılabilecektir. KFK temin…;;;;v2
kuveyt-turk--kampanya-arsivi-elektrikli-arac-sarj-unitesi-finansmaninda-enerji-tasarrufu-haft;kuveyt-turk;kampanya_kosullari;"[""Kuveyt Türk, önceden haber vermeden kampanya koşullarında değişiklik yapabilir ya da kampanyayı sonlandırabilir.""]";0.95;rule_heuristic;;…nyalı finansman başvurularında %4.19 kar payı oranlı geri ödeme planı Kuveyt Türk tarafından müşterilere sağlanacaktır. [Kuveyt Türk, önceden haber vermeden kampanya koşullarında değişiklik yapabilir ya da kampanyayı sonlandırabilir.] Kuveyt Türk Elektrikli Araç Şarj Ünitesi Finansmanı'na istenilen belgeler ile birlikte size en yakın şubemizden başvura…;;;;v2
kuveyt-turk--kampanya-arsivi-elektrikli-ve-hibrit-araclar-icin-enerji-tasarrufu-haftasina-oze;kuveyt-turk;finansman_tutari;"{""currency"": ""TRY"", ""value"": 133.74612}";0.95;rule_heuristic;;…n örnek ödeme planı: Aylık kar payı oranı %3,68, aylık maliyet %4,8858, yıllık maliyet %77,2551. Ödenecek toplam tutar: [133,746.12 TL]. Bu Ödeme Planı bilgi amaçlı olup Kuveyt Türk Katılım Bankası A.Ş.'yi hiçbir şekilde taahhüt altına sokmaz.;;;;v2
kuveyt-turk--kampanya-arsivi-elektrikli-ve-hibrit-araclar-icin-enerji-tasarrufu-haftasina-oze;kuveyt-turk;kampanya_kosullari;"[""Kuveyt Türk, önceden haber vermeden kampanya koşullarında değişiklik yapabilir ya da kampanyayı sonlandırabilir.""]";0.95;rule_heuristic;;…nyalı finansman başvurularında %3.68 kar payı oranlı geri ödeme planı Kuveyt Türk tarafından müşterilere sağlanacaktır. [Kuveyt Türk, önceden haber vermeden kampanya koşullarında değişiklik yapabilir ya da kampanyayı sonlandırabilir.] Kuveyt Türk Araç Finansmanı'na size en yakın şubemizde n başvurabilir, finansman işlemlerinizi hızlıca tamamlayabilirsi…;;;;v2
kuveyt-turk--kampanya-arsivi-esnaf-ve-kobilere-ozel-avantajli-arac-kredisi;kuveyt-turk;kampanya_kosullari;"[""Finansman talebiniz tahsis, limit ve teminat şartlarınız olumlu olduğu taktirde bankamız tarafından değerlendirmeye alınacaktır."", ""Kuveyt Türk kar payı oranlarını, komisyon tutarlarını, vadeyi, kampanya tarihlerini ve kampanya şartlarını değişiklik yapma hakkına sahiptir.""]";0.95;rule_heuristic;;…sı kullanacağınız finansmanlarda geçerlidir. Kampanya kapsamında binek veya ticari araçlar için finansman sağlanabilir. [Finansman talebiniz tahsis, limit ve teminat şartlarınız olumlu olduğu taktirde bankamız tarafından değerlendirmeye alınacaktır.] En yakın şubemize uğrayarak kampanyadan faydalanmak için başvuru yapabilirsiniz. Kuveyt Türk kar payı oranlarını, komis…;;;;v2
kuveyt-turk--kampanya-arsivi-esnaf-ve-kobilere-ozel-avantajli-arac-kredisi;kuveyt-turk;hedef_kitle;"[""belirli_segment""]";0.95;rule_heuristic;;Ana Sayfa Kampanyalar Kampanya Arşivi [Esnaf] ve KOBİ'lere Özel Avantajlı Araç Kredisi Araç almanın tam zamanı! Esnaf ve KOBİ müşterilere özel sunduğumuz avantajlı f…;;;;v2
kuveyt-turk--kampanya-arsivi-esnafa-ozel-avantajli-arac-finansmani;kuveyt-turk;kampanya_kosullari;"[""Finansman talebiniz tahsis, limit ve teminat şartlarınız olumlu olduğu taktirde bankamız tarafından değerlendirmeye alınacaktır."", ""Kuveyt Türk kar payı oranlarını, komisyon tutarlarını, vadeyi, kampanya tarihlerini ve kampanya şartlarını değişiklik yapma hakkına sahiptir.""]";0.95;rule_heuristic;;…sı kullanacağınız finansmanlarda geçerlidir. Kampanya kapsamında binek veya ticari araçlar için finansman sağlanabilir. [Finansman talebiniz tahsis, limit ve teminat şartlarınız olumlu olduğu taktirde bankamız tarafından değerlendirmeye alınacaktır.] En yakın şubemize uğrayarak kampanyadan faydalanmak için başvuru yapabilirsiniz. Kuveyt Türk kar payı oranlarını, komis…;;;;v2
kuveyt-turk--kampanya-arsivi-esnafa-ozel-avantajli-arac-finansmani;kuveyt-turk;hedef_kitle;"[""belirli_segment""]";0.95;rule_heuristic;;Ana Sayfa Kampanyalar Kampanya Arşivi [Esnaf]a Özel Avantajlı Araç Finansmanı! Araç almanın tam zamanı! Esnaf müşterilere özel sunduğumuz avantajlı finansman oranlar…;;;;v2
kuveyt-turk--kampanya-arsivi-hepsiburada-alisveris-finansmaninda-enerji-tasarrufu-haftasina-o;kuveyt-turk;kampanya_kosullari;"[""Kuveyt Türk, önceden haber vermeden kampanya koşullarında değişiklik yapabilir ya da kampanyayı sonlandırabilir.""]";0.95;rule_heuristic;;…nyalı finansman başvurularında %3.99 kar payı oranlı geri ödeme planı Kuveyt Türk tarafından müşterilere sağlanacaktır. [Kuveyt Türk, önceden haber vermeden kampanya koşullarında değişiklik yapabilir ya da kampanyayı sonlandırabilir.] Kuveyt Türk Hepsiburada Alışveriş Finansmanı hakkında daha fazla detaylı bilgi almak için tıklayabilirsiniz. **12 ay va…;;;;v2
kuveyt-turk--kampanya-arsivi-hepsiburada-kasim-indirimlerinde-199-oranli-kuveyt-turk-alisveri;kuveyt-turk;indirim_orani;1.99;0.95;rule_heuristic;;Ana Sayfa Kampanyalar Kampanya Arşivi Hepsiburada Kasım İndirimlerinde [%1.99] Oranlı Kuveyt Türk Alışveriş Finansmanı Fırsatı! Efsane indirimler Hepsiburada'da, %1.99 kar oranlı 36 aya varan taksit…;;;;v2
kuveyt-turk--kampanya-arsivi-hepsiburada-kasim-indirimlerinde-199-oranli-kuveyt-turk-alisveri;kuveyt-turk;kampanya_kosullari;"[""Kuveyt Türk, önceden haber vermeden kampanya koşullarında değişiklik yapabilir ya da kampanyayı sonlandırabilir. **Cep Telefonu alışverişleriniz 12.000 TL'ye kadar en fazla 12 taksit, 12.000 TL'nin üzerinde ise en fazla 3 taksit olarak vadelendirilmektedir.""]";0.95;rule_heuristic;;…Kampanyalı finansman başvurularında %1.99 kar oranlı geri ödeme planı Kuveyt Türk tarafından müşterilere sağlanacaktır. [Kuveyt Türk, önceden haber vermeden kampanya koşullarında değişiklik yapabilir ya da kampanyayı sonlandırabilir. **Cep Telefonu alışverişleriniz 12.000 TL'ye kadar en fazla 12 taksit, 12.000 TL'nin üzerinde ise en fazla 3 taksit olarak vadelendirilmektedir.] Tablet alışverişleriniz en fazla 6 ay vadelendirilmektedir. Bilgisayar alışverişleriniz en fazla 12 ay vadelendirilmekt…;;;;v2
kuveyt-turk--kampanya-arsivi-ihracatta-yuzunuzu-guldurecek-uygun-oranli-ihracat-tesvikli-tl-f-2;kuveyt-turk;kampanya_kosullari;"[""Finansman talebiniz tahsis, limit ve teminat şartlarınız olumlu olduğu taktirde bankamız tarafından değerlendirmeye alınacaktır."", ""Kuveyt Türk kâr payı oranlarını, komisyon tutarlarını, vadeyi, kampanya tarihlerini ve kampanya şartlarını değişiklik yapma hakkına sahiptir.""]";0.95;rule_heuristic;;… Taahhütlü Finansman, Banka Sigorta Muamele Vergisi'nden muaftır. Finansmandan avantajlı oranlarla yararlanabilirsiniz. [Finansman talebiniz tahsis, limit ve teminat şartlarınız olumlu olduğu taktirde bankamız tarafından değerlendirmeye alınacaktır.] En yakın şubemize uğrayarak kampanyadan faydalanmak için başvuru yapabilirsiniz. Kuveyt Türk kâr payı oranlarını, komis…;;;;v2
kuveyt-turk--kampanya-arsivi-isletmelere-ozel-finansman;kuveyt-turk;hedef_kitle;"[""belirli_segment""]";0.95;rule_heuristic;;…deme planları sunuyor. Finansman başvurularına hızlı bir şekilde dönüş yapan Kuveyt Türk bu sayede üreticiden çiftçiye, [esnaf]tan turizmciye kadar tüm müşterilerinin yol haritalarını hızla belirlemelerine olanak tanıyor. Bu imkânlardan faydalanab…;;;;v2
kuveyt-turk--kampanya-arsivi-kobilere-ozel-teminat-mektubu-kampanyasi-scr;kuveyt-turk;kampanya_kosullari;"[""Kampanyadan faydalanabilmeniz için yukarıda ismi geçen ilgili mektup türlerinden en az bir tanesi için bankamızda limitiniz olması gerekmektedir."", ""Kuveyt Türk 'ün kampanyayı herhangi bir zamanda sonlandırma ve kampanya şartlarında değişiklik yapma hakkı saklıdır. +Kuveyt Türk Mobil'den veya İnternet Şubesi'nden alabileceğiniz teminat mektubu türleri: Kamu İhale Mektupları Vergi İade Mektupları KOSGEB / Geçici Teminat Mektubu""]";0.95;rule_heuristic;;… Teminat Mektuplarınız için 15.000.000 TL' ye kadar size özel %0.50 komisyon oranından faydalanma fırsatını kaçırmayın! [Kampanyadan faydalanabilmeniz için yukarıda ismi geçen ilgili mektup türlerinden en az bir tanesi için bankamızda limitiniz olması gerekmektedir.] Limiti olmayan müşterilerimiz ister dijital olarak mobil bankacılık üzerinden ister en yakın şubemizden başvurularını g…;;;;v2
kuveyt-turk--kampanya-arsivi-kobilere-ozel-teminat-mektubu-kampanyasi-scr;kuveyt-turk;hedef_kitle;"[""belirli_segment""]";0.95;rule_heuristic;;Ana Sayfa Kampanyalar Kampanya Arşivi [KOBİ]'lere Özel Teminat Mektubu Kampanyası Kesin, Geçici ve Avans Kamu İhale, Vergi İade ve KOSGEB Teminat Mektuplarında 0,50…;;;;v2
kuveyt-turk--kampanya-arsivi-kuveyt-turk-musterilerine-ozel-199-oranli-kar-payli-taksitlendir;kuveyt-turk;finansman_tutari;"{""currency"": ""TRY"", ""value"": 21840.63}";0.95;rule_heuristic;;…: Aylık kar oranı(vergiler hariç) %1.99, aylık maliyet %1.99, yıllık maliyet %26,68(vergi hariç). Ödenecek toplam tutar [21.840,63 TL]'dir. Bu ödeme planı bilgi amaçlı olup Kuveyt Türk Katılım Bankası A.Ş.'yi hiçbir şekilde taahhüt altına sokmaz. Kampany…;;;;v2
kuveyt-turk--kampanya-arsivi-kuveyt-turk-musterilerine-ozel-199-oranli-kar-payli-taksitlendir;kuveyt-turk;kampanya_kosullari;"[""Taksitlendirilmesi istenmeyen işlemler için işlem öncesinde taksit sayısının 0 olarak güncellenmesi gerekmektedir."", ""Kampanyadan yalnızca Kuveyt Türk bireysel kredi kartlar faydalanabilir."", ""Kampanya yalnızca asıl kart ile yapılan işlemler için geçerlidir."", ""Kampanya Bankacılık Düzenleme ve Denetleme Kurulu tarafından taksit kısıtı kapsamında yer almayan işlemler için geçerlidir."", ""Kuveyt Türk önceden haber vermeden kampanya koşullarında değişiklik yapabilir ya da kampanyayı sonlandırabilir. *6 Ay taksitli 20.000 TL'lik bir harcama için örnek ödeme planı: Aylık kar oranı(vergiler hariç) %1.99, aylık maliyet %1.99, yıllık maliyet %26,68(vergi hariç).""]";0.95;rule_heuristic;;"…taksit uygulanmaktadır. Taksit sayısı belirlendikten sonra yapılan tüm işlemler otomatik olarak taksitlendirilmektedir. [Taksitlendirilmesi istenmeyen işlemler için işlem öncesinde taksit sayısının 0 olarak güncellenmesi gerekmektedir.] Müşterilerimiz kartlarına ait ""Kart Ayarları"" sekmesinden ""Taksit Sayısı"" seçeneği üzerinden taksit sayılarını 2 ila 6 …";;;;v2
kuveyt-turk--kampanya-arsivi-kuveyt-turk-musterilerine-ozel-269-oranli-kar-payli-taksitlendir;kuveyt-turk;finansman_tutari;"{""currency"": ""TRY"", ""value"": 22502.03}";0.95;rule_heuristic;;…: Aylık kar oranı(vergiler hariç) %2.69, aylık maliyet %2.69, yıllık maliyet %37.51(vergi hariç). Ödenecek toplam tutar [22.502,03 TL]'dir. Bu ödeme planı bilgi amaçlı olup Kuveyt Türk Katılım Bankası A.Ş.'yi hiçbir şekilde taahhüt altına sokmaz. Kampany…;;;;v2
kuveyt-turk--kampanya-arsivi-kuveyt-turk-musterilerine-ozel-269-oranli-kar-payli-taksitlendir;kuveyt-turk;kampanya_kosullari;"[""Taksitlendirilmesi istenmeyen işlemler için işlem öncesinde taksit sayısının 0 olarak güncellenmesi gerekmektedir."", ""Kampanyadan yalnızca Kuveyt Türk bireysel kredi kartlar faydalanabilir."", ""Kampanya yalnızca asıl kart ile yapılan işlemler için geçerlidir."", ""Kampanya Bankacılık Düzenleme ve Denetleme Kurulu tarafından taksit kısıtı kapsamında yer almayan işlemler için geçerlidir."", ""Kuveyt Türk önceden haber vermeden kampanya koşullarında değişiklik yapabilir ya da kampanyayı sonlandırabilir. *6 Ay taksitli 20.000 TL'lik bir harcama için örnek ödeme planı: Aylık kar oranı(vergiler hariç) %2.69, aylık maliyet %2.69, yıllık maliyet %37.51(vergi hariç).""]";0.95;rule_heuristic;;"…taksit uygulanmaktadır. Taksit sayısı belirlendikten sonra yapılan tüm işlemler otomatik olarak taksitlendirilmektedir. [Taksitlendirilmesi istenmeyen işlemler için işlem öncesinde taksit sayısının 0 olarak güncellenmesi gerekmektedir.] Müşterilerimiz kartlarına ait ""Kart Ayarları"" sekmesinden ""Taksit Sayısı"" seçeneği üzerinden taksit sayılarını 2 ila 6 …";;;;v2
kuveyt-turk--kampanya-arsivi-kuveyt-turk-ten-pazarci-esnafa-pos-cebinde;kuveyt-turk;masraf_durumu;"{""amount"": 0.0, ""has_fee"": false}";0.95;rule_heuristic;;…rebilir, en pratik ve güvenli şekilde ödemelerinizi alabilirsiniz. Hiçbir ekstra kurulum ve aidat ödemesine katlanmadan [ücretsiz] CebimPOS hizmetimizi tüm pazar esnafımıza sunuyoruz. Kampanya Paketlerimiz Paket 1: 250.00 TL'ye Kadar Pos İşlemleri İç…;;;;v2
kuveyt-turk--kampanya-arsivi-kuveyt-turk-ten-pazarci-esnafa-pos-cebinde;kuveyt-turk;kampanya_kosullari;"[""Açılan başvuru ekranından bağlı hesap ve blokeli hesap, faaliyet sektörü, çalışma koşulu seçimlerini yapın."", ""Kampanyamızdan faydalanmak için müşterilerimizin minimum 3 adet fatura için ödeme talimatı tanımlaması gerekmektedir."", ""Kuveyt Türk, önceden haber vermeden kampanya koşullarında değişiklik yapabilir ya da kampanyayı sonlandırabilir.""]";0.95;rule_heuristic;;…ebimPOS' a Nasıl Başvuru Yapılır? Kuveyt Türk Mobil'e giriş yapın. Başvurular veya POS menüsünden talebinizi oluşturun. [Açılan başvuru ekranından bağlı hesap ve blokeli hesap, faaliyet sektörü, çalışma koşulu seçimlerini yapın.] Yapılan değerlendirmeler sonucunda başvurunuzun sonucu e-mail yolu ile sizinle paylaşılır. Cebim POS ile müşterileriniz…;;;;v2
kuveyt-turk--kampanya-arsivi-kuveyt-turk-ten-pazarci-esnafa-pos-cebinde;kuveyt-turk;hedef_kitle;"[""belirli_segment""]";0.95;rule_heuristic;;Ana Sayfa Kampanyalar Kampanya Arşivi Kuveyt Türk' ten Pazarcı [Esnaf]a: Pos Cebinde! POS cihazınızı cebinize taşıyan mobil uygulamamız CebimPOS ile artık ödeme almak çok kolay. Kampanya Tar…;;;;v2
kuveyt-turk--kampanyalar-kampanya-arsivi-2;kuveyt-turk;finansman_tutari;;;;;…2023 2021 Ay Seçiniz 31.07.2026 MTV Ödemelerinizde Vade Farksız 3 Taksit Fırsatı! Kuveyt Türk Tüzel Kredi Kartlarınızla [200 TL] ve üzeri Motorlu Taşıtlar Vergisi (MTV) ödemelerinizi 31 Temmuz 2026'ya kadar vade farksız 3 taksitle ödeyin. Kampanyay…;;;;v2
kuveyt-turk--kampanyalar-kampanya-arsivi-2;kuveyt-turk;odul_miktari;"{""currency"": ""TRY"", ""value"": 1000.0}";0.95;rule_heuristic;;…6 Yeni Tohum Kart Müşterilerine Özel 2.000 TL indirim! Yeni Tohum Kart müşterilerimize özel yapacakları ilk alışverişte [2.000 TL] iade Kuveyt Türk'ten! Kampanyayı Keşfet Daha Fazla Yükle;;;;v2
kuveyt-turk--kampanyalar-kampanya-arsivi-2;kuveyt-turk;hedef_kitle;"[""yeni_musteri""]";0.95;rule_heuristic;;…mi uygulanmayacaktır. Kampanyayı Keşfet 30.04.2026 Yeni Tohum Kart Müşterilerine Özel 2.000 TL indirim! Yeni Tohum Kart [müşterilerimize özel] yapacakları ilk alışverişte 2.000 TL iade Kuveyt Türk'ten! Kampanyayı Keşfet Daha Fazla Yükle;;;;v2
kuveyt-turk--kart-kampanyalari-kuveyt-turk-musterilerine-ozel-299-oranli-kar-payli-taksitlend;kuveyt-turk;finansman_tutari;"{""currency"": ""TRY"", ""value"": 24039.51}";0.95;rule_heuristic;;…: Aylık kar oranı(vergiler hariç) %2.99, aylık maliyet %2.99, yıllık maliyet %42.41(vergi hariç). Ödenecek toplam tutar [24.039,51 TL]'dir. Bu ödeme planı bilgi amaçlı olup Kuveyt Türk Katılım Bankası A.Ş.'yi hiçbir şekilde taahhüt altına sokmaz. Kampany…;;;;v2
kuveyt-turk--kart-kampanyalari-kuveyt-turk-musterilerine-ozel-299-oranli-kar-payli-taksitlend;kuveyt-turk;kampanya_kosullari;"[""Taksitlendirilmesi istenmeyen işlemler için işlem öncesinde taksit sayısının 0 olarak güncellenmesi gerekmektedir."", ""Kampanyadan yalnızca Kuveyt Türk bireysel kredi kartlar faydalanabilir."", ""Kampanya yalnızca asıl kart ile yapılan işlemler için geçerlidir."", ""Kampanya Bankacılık Düzenleme ve Denetleme Kurulu tarafından taksit kısıtı kapsamında yer almayan işlemler için geçerlidir."", ""Kuveyt Türk önceden haber vermeden kampanya koşullarında değişiklik yapabilir ya da kampanyayı sonlandırabilir. *9 Ay taksitli 20.000 TL'lik bir harcama için örnek ödeme planı: Aylık kar oranı(vergiler hariç) %2.99, aylık maliyet %2.99, yıllık maliyet %42.41(vergi hariç).""]";0.95;rule_heuristic;;"…taksit uygulanmaktadır. Taksit sayısı belirlendikten sonra yapılan tüm işlemler otomatik olarak taksitlendirilmektedir. [Taksitlendirilmesi istenmeyen işlemler için işlem öncesinde taksit sayısının 0 olarak güncellenmesi gerekmektedir.] Müşterilerimiz kartlarına ait ""Kart Ayarları"" sekmesinden ""Taksit Sayısı"" seçeneği üzerinden taksit sayılarını 2 ila 9 …";;;;v2
kuveyt-turk--katilma-hesaplari-yuvam-tl-katilma-hesabi;kuveyt-turk;kampanya_kosullari;"[""Hesabın açılabilmesi ve yenilenebilmesi için gerekli olan en düşük bakiye 500 USD / EUR / GBP'dir."", ""Bu koşula uygun olarak ilave getiri oranları şu şekilde sıralanır: 3 ay vadeli hesap için %1 (Yıllık) 6 ay vadeli hesap için %2 (Yıllık) 12 ay vadeli hesap için %3 (Yıllık) Yuvam TL Katılma Hesabı'nda dönüşüm kuru nasıl hesaplanır?""]";0.95;rule_heuristic;;…i tasarrufların Türk Lirasına dönüştürülmesiyle açılabilir. Döviz bozdurma işlemi hesap açılışı sırasında yapılmalıdır. [Hesabın açılabilmesi ve yenilenebilmesi için gerekli olan en düşük bakiye 500 USD / EUR / GBP'dir.] Hesap açılışı esnasında 3, 6 ve 12 ay gibi farklı vade seçeneklerini tercih edebilmek mümkündür. Yuvam TL Katılma Hesab…;;;;v2
kuveyt-turk--katilma-hesaplari-yuvam-tl-katilma-hesabi;kuveyt-turk;hedef_kitle;"[""yeni_musteri""]";0.95;rule_heuristic;;Ana Sayfa Kendim İçin Hesaplar Katılma Hesapları Yuvam TL Katılma Hesabı Katılma Hesabı Dijital Katılma Hesabı [Hoş Geldin] Katılma Hesabı Sepet Hesap İncir Katılma Hesabı Ara Dönem Kâr Payı Ödemeli Hesaplar Yuvam TL Katılma Hesabı Birikimli K…;;;;v2
kuveyt-turk--musteri-ol-kampanyalari-kuveyt-turk-mobilden-musterimiz-olun-ozel-kur-firsatini-;kuveyt-turk;hedef_kitle;"[""mevcut_musteri""]";0.95;rule_heuristic;;…arı Kuveyt Türk Mobil'den Müşterimiz Olun Özel Kur Fırsatını Kaçırmayın! Kuveyt Türk Mobil'den müşterimiz olan bireysel [müşterilerimize özel] avantajlı kur fırsatları Kuveyt Türk'te! Müşteri Ol Kampanya Tarihleri 15.05.2026 - 1.09.2026 Kampanyayı Paylaş Faceboo…;;;;v2
kuveyt-turk--pos-kampanyalari-kuveyt-turkten-yeni-musterilere-ozel-pos-kampanyasi;kuveyt-turk;kampanya_kosullari;"[""Tüm POS türleri için geçerli olan bu kampanya kapsamında, ilk defa POS alacak müşterilerimize özel fırsatlar sunuyoruz."", ""Kampanya Genel Şartları: Kampanyamıza Tüzel ve Şahıs Firması olan Esnaf ve KOBİ'ler faydalanabilir."", ""Kuveyt Türk, önceden haber vermeden kampanya koşullarında değişiklik yapabilir ya da kampanyayı sonlandırabilir.""]";0.95;rule_heuristic;;…laş Kuveyt Türk olarak, yeni müşterilerimize özel hazırladığımız cazip POS kampanyası ile sizlere avantajlar sunuyoruz. [Tüm POS türleri için geçerli olan bu kampanya kapsamında, ilk defa POS alacak müşterilerimize özel fırsatlar sunuyoruz.] İşletmenizin finansal ihtiyaçlarına uygun esnek POS çözümleri ile tanışın. Kampanya Paketleri: Paket 1: 350.000 TL'ye K…;;;;v2
kuveyt-turk--pos-kampanyalari-kuveyt-turkten-yeni-musterilere-ozel-pos-kampanyasi;kuveyt-turk;hedef_kitle;"[""belirli_segment"", ""mevcut_musteri"", ""yeni_musteri""]";0.95;rule_heuristic;;Ana Sayfa Kampanyalar İşim İçin POS Kampanyaları Kuveyt Türk'ten [Yeni Müşteri]lere Özel POS Kampanyası İşletmenizin finansal ihtiyaçlarına uygun esnek POS çözümleri Kuveyt Türk'te! POS'a Başvur Kamp…;;;;v2
turkiye-emlak-katilim--finansmanlar-kentsel-donusum-finansmani;turkiye-emlak-katilim;alisveris_puani;"{""kind"": ""rate"", ""value"": 0.5}";0.95;rule_heuristic;;…eği (Yıllık) Azami Vade Devlet Kar Payı Desteği (Aylık) Finansman Üst Limiti 1 Güçlendirme Kredisi 600 baz puan 10 yıl %[0,50] 320.000 TL 2 Konut Yapım Kredisi* 840 baz puan 10 Yıl %0,70 1.250.000 TL 3 Konut Edinme Kredisi 840 baz puan 10 Yıl %0,…;;;;v2
turkiye-emlak-katilim--finansmanlar-konut-finansmani;turkiye-emlak-katilim;campaign_type;Konut Finansmanı;0.90;classifier;;Türkiye Emlak Katılım Bankası A.Ş. internet sitesini ziyaretiniz esnasında kullanılabilecek çerezler ve benzeri teknolojiler hakkında bilgi vermek amacıyla işbu Çerez Politikası'nı hazırlanmıştır. Konut Finansmanı Ana sa …;;;;v2
turkiye-emlak-katilim--finansmanlar-konut-finansmani;turkiye-emlak-katilim;finansman_tutari;"{""currency"": ""TRY"", ""value"": 100000.0}";0.95;rule_heuristic;;…ılım'ın anlaşmalı olduğu SPK lisanslı kuruluşlar tarafından yapılmaktadır. Web sitemizdeki konut finansmanı oranlarımız [100.000 TL] finansman tutarı ile sınırlıdır. Bu tutarın üzerindeki konut finansmanı talepleriniz için şubelerimize başvurmanızı ric…;;;;v2
turkiye-emlak-katilim--finansmanlar-konut-finansmani;turkiye-emlak-katilim;alisveris_puani;"{""kind"": ""points"", ""value"": 2.0}";0.95;rule_heuristic;;… enerji performansı A ve B sınıfı olan konutların finansmanı kapsamında kullandırılır. Avantaj : Mevcut fiyatlarımızdan [2] puan kâr payı indirimi uygulanır. Sosyal Sorumluluk : Finansman kullanan müşterilerimiz adına OGEM-VAK aracılığı ile is…;;;;v2
turkiye-emlak-katilim--finansmanlar-konut-finansmani;turkiye-emlak-katilim;kampanya_kosullari;"[""Geri ödemelerinizi bütçenize uygun şartlarda belirleyebilir ve rahatça ödeyebilirsiniz."", ""Ek Teminat : Gerekli görülmesi halinde finansman talebiniz için ek teminat istenebilir. (*) Ekspertiz işlemi, Emlak Katılım'ın anlaşmalı olduğu SPK lisanslı kuruluşlar tarafından yapılmaktadır."", ""Şartlar : Finansman kullanacak olan kişinin yurtdışında yerleşik olma zorunluluğu bulunmaktadır."", ""Belge Onayı : Yabancı dilde düzenlenmiş olan başvuru belgeleri, Türkiye'deki yeminli mütercimler tarafından Türkçeye çevrilmesi ve çevirilerin noter tarafından onaylanmış olması gerekmektedir."", ""Gerekli Belgelere Ek Olarak Talep Edilen Belgeler: İşveren Referans Yazısı Adres (Yerleşim Yeri) Belgesi / Yurtdışında İkamet Adresini Gösteren Belge Son 3 Aylık Banka Maaş Hesabı Ekstresi **Kredi tutarı, teminat olarak alınacak mevcut ve satın alınacak konutun toplam ekspertiz değerine göre belirlenir.""]";0.95;rule_heuristic;;…ze istediğiniz vade üzerinden satılır. Esnek Ödeme : Finansman geri ödemeleriniz için size uygun vadeler sunulmaktadır. [Geri ödemelerinizi bütçenize uygun şartlarda belirleyebilir ve rahatça ödeyebilirsiniz.] Finansman Oranı : Satın almak istediğiniz konutun ekspertiz* değerinin %80'ine kadar finansman kullanabilirsiniz. Vergi…;;;;v2
turkiye-emlak-katilim--finansmanlar-tasit-finansmani;turkiye-emlak-katilim;alisveris_puani;"{""kind"": ""points"", ""value"": 2.0}";0.95;rule_heuristic;;…elektrikli ya da hibrit araçlara yönelik bankamızdan kullanacakları finansmanda, klasik taşıt finansmanı oranlarımızdan [2] puan indirimli olarak finansman kullanabilmektedirler. Ayrıca, finansman kullanan müşterilerimiz adına OGEM-VAK aracılı…;;;;v2
turkiye-emlak-katilim--finansmanlar-tasit-finansmani;turkiye-emlak-katilim;kampanya_kosullari;"[""Doğa Dostu Finansman Olarak Çevreci Araç Finansmanının Önemi Çevreci Araç Finansmanı, yalnızca elektrikli ve hibrit araçların alımına yönelik finansman ürünümüzdür."", ""Başvuru için gerekli belgeler temin edildikten sonra bankamızca onay sürecinden geçmektedir.""]";0.95;rule_heuristic;;…yı oranlarıyla Çevreci Araç Finansmanı sizleri bekliyor! Güncel oranlarımızdan 2 puan düşük oranlarla Emlak Katılım'da! [Doğa Dostu Finansman Olarak Çevreci Araç Finansmanının Önemi Çevreci Araç Finansmanı, yalnızca elektrikli ve hibrit araçların alımına yönelik finansman ürünümüzdür.] Klasik taşıt finansmanlarımı kıyasla düşük oran sunarak araç almak isteyen müşterilerimizi çevre dostu seçeneklere yönl…;;;;v2
turkiye-emlak-katilim--nakdi-finansman-cevreci-ihracat-finansmani;turkiye-emlak-katilim;finansman_tutari;"{""currency"": ""TRY"", ""value"": 5000000.0}";0.95;rule_heuristic;;…TL, EURO ve USD cinsinden finansman kullandırılabilecektir Söz konusu ürün kapsamında firma başına finansman üst limiti [5.000.000 TL]'dir. İlgili ürün kapsamında kullandırılacak finansmanların vadesi azami 3 ay ödemesiz dönem, azami 24 ay vade (ödemesiz…;;;;v2
turkiye-emlak-katilim--nakdi-finansman-cevreci-ihracat-finansmani;turkiye-emlak-katilim;indirim_orani;25.0;0.95;rule_heuristic;;…. Çevreci İhracat Finansmanı ürünümüzü kullanan müşterilerimiz, tüm bankacılık hizmetlerimizden liste fiyatı üzerinden %[25] indirim ile yararlanabilecektir. Çevreci İhracat Finansmanı hakkında detaylı bilgi için sizleri en yakın şubemize bekli…;;;;v2
turkiye-emlak-katilim--nakdi-finansman-ihracatci-kadin-girisimci-destek-finansmani;turkiye-emlak-katilim;finansman_tutari;"{""currency"": ""TRY"", ""value"": 5000000.0}";0.95;rule_heuristic;;…lan tüzel kişi işletmeler yararlanabilecektir. Özellikleri Söz konusu ürün kapsamında firma başına finansman üst limiti [5.000.000 TL]'dir. İlgili ürün kapsamında kullandırılacak finansmanların vadesi azami 6 ay ödemesiz dönem, azami 24 ay vade (ödemesiz…;;;;v2
turkiye-emlak-katilim--nakdi-finansman-ihracatci-kadin-girisimci-destek-finansmani;turkiye-emlak-katilim;indirim_orani;25.0;0.95;rule_heuristic;;… Girişimci Destek Finansmanı ürünümüzü kullanan müşterilerimiz, tüm bankacılık hizmetlerimizden liste fiyatı üzerinden %[25] indirim ile yararlanabilecektir. İhracatçı Kadın Girişimci Destek Finansmanı hakkında detaylı bilgi için sizleri en yak…;;;;v2
turkiye-emlak-katilim--nakdi-finansman-ihracatci-kadin-girisimci-destek-finansmani;turkiye-emlak-katilim;hedef_kitle;"[""belirli_segment""]";0.95;rule_heuristic;;… işletmelerin, mal ve hizmet alımlarının finanse edilebilmesi amacıyla oluşturulmuş finansman ürünüdür. İhracatçı kadın [KOBİ]'lere veya kadın çalışan oranı %51'in üstünde olan ihracatçılara, 6 aya kadar ödemesiz dönem ve 24 aya varan vade imkânı…;;;;v2
turkiye-emlak-katilim--nakdi-finansman-kadin-girisimci-destek-finansmani;turkiye-emlak-katilim;finansman_tutari;"{""currency"": ""TRY"", ""value"": 1000000.0}";0.95;rule_heuristic;;…lan tüzel kişi işletmeler yararlanabilecektir. Özellikleri Söz konusu ürün kapsamında firma başına finansman üst limiti [1.000.000 TL]' dir. İlgili ürün kapsamında kullandırılacak finansmanların vadesi azami 3 ay ödemesiz dönem, azami 12 ay vade (ödemesi…;;;;v2
turkiye-emlak-katilim--nakdi-finansman-kadin-girisimci-destek-finansmani;turkiye-emlak-katilim;hedef_kitle;"[""belirli_segment""]";0.95;rule_heuristic;;… mal ve hizmet alımlarının finanse edilebilmesi amacıyla oluşturulmuş finansman ürünüdür. Kimler Faydalanabilir? KOSGEB [Kobi] tanımında yer alan küçük ve mikro işletmelerin, gerçek kişi şahıs işletmesi veya hisseleri toplamının en az %51'i başvu…;;;;v2
turkiye-emlak-katilim--nakdi-finansman-turk-eximbank-alacak-sigortasi-teminatli-finansman;turkiye-emlak-katilim;kampanya_kosullari;"[""Finansman Koşulları Vade: 360 güne kadar Teminat: Eximbank sigorta poliçesi kapsamında uygunluğu onaylanmış ihracat alacakları Fonlama: Alacakların teminata alınması sonrasında uygun koşullarla finansman sağlanır.""]";0.95;rule_heuristic;;… alıcılara ihracat gerçekleştiren firmalar, Eximbank'tan sigorta uygunluk onayı alınmış yüklemelere sahip ihracatçılar. [Finansman Koşulları Vade: 360 güne kadar Teminat: Eximbank sigorta poliçesi kapsamında uygunluğu onaylanmış ihracat alacakları Fonlama: Alacakların teminata alınması sonrasında uygun koşullarla finansman sağlanır.] Başvuru ve Detaylı Bilgi KVİKS teminatlı finansman ürünümüz hakkında detaylı bilgi almak ve başvuru sürecini başlatmak …;;;;v2
turkiye-finans--bireysel-arsa-finansmani;turkiye-finans;kar_payi_orani;"{""max"": 4.92, ""min"": 3.8}";0.90;rule_heuristic;;[]Navigasyonu görüntüle İçeriği görüntüle GÜNCELLE Çerez Politikası ve 6698 sayılı Kişisel Verilerin Korunması Kanunu kaps…;;;;v2
turkiye-finans--bireysel-arsa-finansmani;turkiye-finans;vade_ay;60;0.95;rule_heuristic;;[]Navigasyonu görüntüle İçeriği görüntüle GÜNCELLE Çerez Politikası ve 6698 sayılı Kişisel Verilerin Korunması Kanunu kaps…;;;;v2
turkiye-finans--bireysel-arsa-finansmani;turkiye-finans;masraf_durumu;"{""amount"": 60.0, ""has_fee"": true}";0.95;rule_heuristic;;…sunulabilir. Yıllık maliyete kar oranı, tahsis ücreti, ekspertiz ücreti, ipotek tesis ücreti dahil edilmiştir. Alınacak [ücret]ler: 60 ay vadede 500 TL tahsis ücreti, 3.000 TL ipotek tesis ücreti, 16.500 TL Ekspertiz(Değerleme) ücretidir. Eksperti…;;;;v2
turkiye-finans--bireysel-arsa-finansmani;turkiye-finans;hedef_kitle;"[""belirli_segment"", ""maas_musterisi"", ""yeni_musteri""]";0.95;rule_heuristic;;…bı Nedir, Nasıl Açılır? Sürdürülebilir Bir Geleceğin Anahtarı: Net Sıfır Hedefi Tüm Renkleri Buluşturan Güzellikleriyle [Hoş Geldin] Ramazan! İşsizlik Maaşı (İşsizlik Ödeneği) Nedir? İşsizlik Maaşı Hesaplama 2024 Trafik Cezası (TPC) Nedir? Trafik Cezas…;;;;v2
turkiye-finans--bireysel-gunluk-hesap;turkiye-finans;campaign_type;Yatırım Ürünü;0.90;classifier;;Navigasyonu görüntüle İçeriği görüntüle GÜNCELLE Çerez Politikası ve 6698 sayılı Kişisel Verilerin Korunması Kanunu kapsamında Bankamız ile paylaşmış olduğunuz kişisel verileriniz ile ilgili detaylı bilgiye Kişisel Veril …;;;;v2
turkiye-finans--bireysel-gunluk-hesap;turkiye-finans;hedef_kitle;"[""belirli_segment"", ""maas_musterisi"", ""mevcut_musteri"", ""yeni_musteri""]";0.95;rule_heuristic;;…bı Nedir, Nasıl Açılır? Sürdürülebilir Bir Geleceğin Anahtarı: Net Sıfır Hedefi Tüm Renkleri Buluşturan Güzellikleriyle [Hoş Geldin] Ramazan! İşsizlik Maaşı (İşsizlik Ödeneği) Nedir? İşsizlik Maaşı Hesaplama 2024 Trafik Cezası (TPC) Nedir? Trafik Cezas…;;;;v2
turkiye-finans--bireysel-isyeri-finansmani;turkiye-finans;kar_payi_orani;"{""max"": 4.92, ""min"": 3.59}";0.90;rule_heuristic;;[]Navigasyonu görüntüle İçeriği görüntüle GÜNCELLE Çerez Politikası ve 6698 sayılı Kişisel Verilerin Korunması Kanunu kaps…;;;;v2
turkiye-finans--bireysel-isyeri-finansmani;turkiye-finans;vade_ay;84;0.95;rule_heuristic;;[]Navigasyonu görüntüle İçeriği görüntüle GÜNCELLE Çerez Politikası ve 6698 sayılı Kişisel Verilerin Korunması Kanunu kaps…;;;;v2
turkiye-finans--bireysel-isyeri-finansmani;turkiye-finans;masraf_durumu;"{""amount"": 60.0, ""has_fee"": true}";0.95;rule_heuristic;;…si 84 aydır. Yıllık maliyete kar oranı, tahsis ücreti, ekspertiz ücreti, ipotek tesis ücreti dahil edilmiştir. Alınacak [ücret]ler: 60 ay vadede 500 TL tahsis ücreti, 3.000 TL ipotek tesis ücreti, 16.500 TL Ekspertiz(Değerleme) ücretidir. Eksperti…;;;;v2
turkiye-finans--bireysel-isyeri-finansmani;turkiye-finans;hedef_kitle;"[""belirli_segment"", ""maas_musterisi"", ""yeni_musteri""]";0.95;rule_heuristic;;…bı Nedir, Nasıl Açılır? Sürdürülebilir Bir Geleceğin Anahtarı: Net Sıfır Hedefi Tüm Renkleri Buluşturan Güzellikleriyle [Hoş Geldin] Ramazan! İşsizlik Maaşı (İşsizlik Ödeneği) Nedir? İşsizlik Maaşı Hesaplama 2024 Trafik Cezası (TPC) Nedir? Trafik Cezas…;;;;v2
turkiye-finans--ihtiyac-finansmani-ihtiyac-finansmani;turkiye-finans;kar_payi_orani;"{""max"": 5.99, ""min"": 3.89}";0.90;rule_heuristic;;…e aynı belgeler talep edilecektir. Sigortalı İhtiyaç Finansmanı (İhtiyaç Kredisi)* Kâr Payı Oranları ve Maliyet Tablosu [Vade Kâr Payı Oranı] Tahsis Ücreti Aylık Toplam Maliyet Yıllık Toplam Maliyet 3 4,09% 0,50% 5,63% 92,88% 12 4,05% 0,50% 5,37% 87,29% 18 4,05…;;;;v2
turkiye-finans--ihtiyac-finansmani-ihtiyac-finansmani;turkiye-finans;vade_ay;36;0.95;rule_heuristic;;…e aynı belgeler talep edilecektir. Sigortalı İhtiyaç Finansmanı (İhtiyaç Kredisi)* Kâr Payı Oranları ve Maliyet Tablosu [Vade Kâr Payı Oranı] Tahsis Ücreti Aylık Toplam Maliyet Yıllık Toplam Maliyet 3 4,09% 0,50% 5,63% 92,88% 12 4,05% 0,50% 5,37% 87,29% 18 4,05…;;;;v2
turkiye-finans--ihtiyac-finansmani-ihtiyac-finansmani;turkiye-finans;masraf_durumu;"{""amount"": 0.0, ""has_fee"": false}";0.95;rule_heuristic;;…isi)* başvurunuzu hemen yapın, ödemeye 3 ay sonra başlayın. Üstelik Türkiye Finans'ın temel bankacılık işlemlerinden de [ücretsiz] yararlanın. Türkiye Finans müşterileri ATM, Mobil Şube ve İnternet Şubesinden gerçekleştirdikleri EFT/Havale işlemleri …;;;;v2
turkiye-finans--ihtiyac-finansmani-ihtiyac-finansmani;turkiye-finans;hedef_kitle;"[""belirli_segment"", ""maas_musterisi"", ""yeni_musteri""]";0.95;rule_heuristic;;…bı Nedir, Nasıl Açılır? Sürdürülebilir Bir Geleceğin Anahtarı: Net Sıfır Hedefi Tüm Renkleri Buluşturan Güzellikleriyle [Hoş Geldin] Ramazan! İşsizlik Maaşı (İşsizlik Ödeneği) Nedir? İşsizlik Maaşı Hesaplama 2024 Trafik Cezası (TPC) Nedir? Trafik Cezas…;;;;v2
turkiye-finans--kampanyalar-banka-calisanlarina-ozel-ihtiyac-finansmani;turkiye-finans;kar_payi_orani;"{""max"": 5.06, ""min"": 3.96}";0.90;rule_heuristic;;…ada değişiklik yapma hakkına sahiptir. Banka Çalışanlarına Özel Sigortalı İhtiyaç Finansmanı Kampanyası Maliyet Tablosu [Vade Kâr Payı Oranı] Tahsis Ücreti Aylık Toplam Maliyet Yıllık Toplam Maliyet 3 4,06% 0,50% 5,59% 92,02% 12 4,04% 0,50% 5,36% 87,01% 24 4,00…;;;;v2
turkiye-finans--kampanyalar-banka-calisanlarina-ozel-ihtiyac-finansmani;turkiye-finans;vade_ay;36;0.95;rule_heuristic;;…ada değişiklik yapma hakkına sahiptir. Banka Çalışanlarına Özel Sigortalı İhtiyaç Finansmanı Kampanyası Maliyet Tablosu [Vade Kâr Payı Oranı] Tahsis Ücreti Aylık Toplam Maliyet Yıllık Toplam Maliyet 3 4,06% 0,50% 5,59% 92,02% 12 4,04% 0,50% 5,36% 87,01% 24 4,00…;;;;v2
turkiye-finans--kampanyalar-banka-calisanlarina-ozel-ihtiyac-finansmani;turkiye-finans;hedef_kitle;"[""belirli_segment"", ""maas_musterisi"", ""yeni_musteri""]";0.95;rule_heuristic;;…bı Nedir, Nasıl Açılır? Sürdürülebilir Bir Geleceğin Anahtarı: Net Sıfır Hedefi Tüm Renkleri Buluşturan Güzellikleriyle [Hoş Geldin] Ramazan! İşsizlik Maaşı (İşsizlik Ödeneği) Nedir? İşsizlik Maaşı Hesaplama 2024 Trafik Cezası (TPC) Nedir? Trafik Cezas…;;;;v2
turkiye-finans--kampanyalar-biten-kampanyalar;turkiye-finans;kar_payi_orani;4.09;0.95;rule_heuristic;;…eri Güldüren Finansman Türkiye Finans'ta Bayrama özel İhtiyaç Finansmanı'nda KKB skorundan bağımsız tüm vadelerde sabit [%4.09] kâr payı oranı, 3 ay erteleme fırsatı ve yeni müşterilere özel dosya masrafsızlık avantajı sizi bekliyor. Detaylı Bilgi…;;;;v2
turkiye-finans--kampanyalar-biten-kampanyalar;turkiye-finans;finansman_tutari;"{""currency"": ""TRY"", ""value"": 1000.0}";0.95;rule_heuristic;;…ayan özel bir avantaj paketidir. Detaylı Bilgi 3 Ay Ertelemeli Katılım Bankacılığına Uygun İhtiyaç Finansmanı Fırsatı + [1.000 TL]'ye Varan Bonus! Bu kampanya ile %3,59'dan başlayan kar payı oranları ile 3 ay öteleme fırsatından yararlanarak finansma…;;;;v2
turkiye-finans--kampanyalar-biten-kampanyalar;turkiye-finans;masraf_durumu;"{""amount"": 0.0, ""has_fee"": false}";0.95;rule_heuristic;;…a KKB skorundan bağımsız tüm vadelerde sabit %4.09 kâr payı oranı, 3 ay erteleme fırsatı ve yeni müşterilere özel dosya [masrafsız]lık avantajı sizi bekliyor. Detaylı Bilgi Avukatlar Günü'ne Özel Avantajlar Türkiye Finans'ta! Avukat müşterilerimizin T…;;;;v2
turkiye-finans--kampanyalar-biten-kampanyalar;turkiye-finans;odul_miktari;"{""currency"": ""TRY"", ""value"": 100.0}";0.95;rule_heuristic;;…inansman kullanılabilir ve finansman kullanan müşteriler market ve giyim alışverişlerinde her 1.000 TL'lik alışverişine [100 TL] bonus kazanabilir. Detaylı Bilgi Başvuru Merkezi Hesaplama Araçları Müşteri Memnuniyet Merkezi Yatırımcı İlişkileri Fin…;;;;v2
turkiye-finans--kampanyalar-biten-kampanyalar;turkiye-finans;hedef_kitle;"[""belirli_segment"", ""maas_musterisi"", ""mevcut_musteri"", ""yeni_musteri""]";0.95;rule_heuristic;;…bı Nedir, Nasıl Açılır? Sürdürülebilir Bir Geleceğin Anahtarı: Net Sıfır Hedefi Tüm Renkleri Buluşturan Güzellikleriyle [Hoş Geldin] Ramazan! İşsizlik Maaşı (İşsizlik Ödeneği) Nedir? İşsizlik Maaşı Hesaplama 2024 Trafik Cezası (TPC) Nedir? Trafik Cezas…;;;;v2
turkiye-finans--kampanyalar-biten-kampanyalar-2;turkiye-finans;kar_payi_orani;4.09;0.95;rule_heuristic;;…eri Güldüren Finansman Türkiye Finans'ta Bayrama özel İhtiyaç Finansmanı'nda KKB skorundan bağımsız tüm vadelerde sabit [%4.09] kâr payı oranı, 3 ay erteleme fırsatı ve yeni müşterilere özel dosya masrafsızlık avantajı sizi bekliyor. Detaylı Bilgi…;;;;v2
turkiye-finans--kampanyalar-biten-kampanyalar-2;turkiye-finans;finansman_tutari;"{""currency"": ""TRY"", ""value"": 1000.0}";0.95;rule_heuristic;;…ayan özel bir avantaj paketidir. Detaylı Bilgi 3 Ay Ertelemeli Katılım Bankacılığına Uygun İhtiyaç Finansmanı Fırsatı + [1.000 TL]'ye Varan Bonus! Bu kampanya ile %3,59'dan başlayan kar payı oranları ile 3 ay öteleme fırsatından yararlanarak finansma…;;;;v2
turkiye-finans--kampanyalar-biten-kampanyalar-2;turkiye-finans;masraf_durumu;"{""amount"": 0.0, ""has_fee"": false}";0.95;rule_heuristic;;…a KKB skorundan bağımsız tüm vadelerde sabit %4.09 kâr payı oranı, 3 ay erteleme fırsatı ve yeni müşterilere özel dosya [masrafsız]lık avantajı sizi bekliyor. Detaylı Bilgi Avukatlar Günü'ne Özel Avantajlar Türkiye Finans'ta! Avukat müşterilerimizin T…;;;;v2
turkiye-finans--kampanyalar-biten-kampanyalar-2;turkiye-finans;odul_miktari;"{""currency"": ""TRY"", ""value"": 100.0}";0.95;rule_heuristic;;…inansman kullanılabilir ve finansman kullanan müşteriler market ve giyim alışverişlerinde her 1.000 TL'lik alışverişine [100 TL] bonus kazanabilir. Detaylı Bilgi Başvuru Merkezi Hesaplama Araçları Müşteri Memnuniyet Merkezi Yatırımcı İlişkileri Fin…;;;;v2
turkiye-finans--kampanyalar-biten-kampanyalar-2;turkiye-finans;hedef_kitle;"[""belirli_segment"", ""maas_musterisi"", ""mevcut_musteri"", ""yeni_musteri""]";0.95;rule_heuristic;;…bı Nedir, Nasıl Açılır? Sürdürülebilir Bir Geleceğin Anahtarı: Net Sıfır Hedefi Tüm Renkleri Buluşturan Güzellikleriyle [Hoş Geldin] Ramazan! İşsizlik Maaşı (İşsizlik Ödeneği) Nedir? İşsizlik Maaşı Hesaplama 2024 Trafik Cezası (TPC) Nedir? Trafik Cezas…;;;;v2
turkiye-finans--kampanyalar-finansman-kampanyalari;turkiye-finans;hedef_kitle;"[""belirli_segment"", ""maas_musterisi"", ""yeni_musteri""]";0.95;rule_heuristic;;…bı Nedir, Nasıl Açılır? Sürdürülebilir Bir Geleceğin Anahtarı: Net Sıfır Hedefi Tüm Renkleri Buluşturan Güzellikleriyle [Hoş Geldin] Ramazan! İşsizlik Maaşı (İşsizlik Ödeneği) Nedir? İşsizlik Maaşı Hesaplama 2024 Trafik Cezası (TPC) Nedir? Trafik Cezas…;;;;v2
turkiye-finans--kampanyalar-ihtiyac-finansmani-kampanyasi;turkiye-finans;kar_payi_orani;"{""max"": 5.99, ""min"": 1.9}";0.90;rule_heuristic;;…e bulundurarak serbestçe değerlendirme hakkına sahiptir. Yapılan değerlendirme sonucunda müşterinin talep ettiği limit, [vade ve kâr payı oranı] dışında bir teklif sunulabilir. Türkiye Finans Katılım Bankası, onaylanan finansmanın kullanımı için son kararı verme, …;;;;v2
turkiye-finans--kampanyalar-ihtiyac-finansmani-kampanyasi;turkiye-finans;vade_ay;36;0.95;rule_heuristic;;…e bulundurarak serbestçe değerlendirme hakkına sahiptir. Yapılan değerlendirme sonucunda müşterinin talep ettiği limit, [vade ve kâr payı oranı] dışında bir teklif sunulabilir. Türkiye Finans Katılım Bankası, onaylanan finansmanın kullanımı için son kararı verme, …;;;;v2
turkiye-finans--kampanyalar-ihtiyac-finansmani-kampanyasi;turkiye-finans;masraf_durumu;"{""amount"": 15.0, ""has_fee"": true}";0.95;rule_heuristic;;…ri İletişim Merkezi kanallarından gerçekleştirilebilir. İhtiyaç Finansmanı tahsis ücreti finansman tutarının %0,5'idir. [Tahsis] ücreti %15 BSMV içermektedir. Kampanyadan her müşteri yalnızca 1(bir) defa yaralanabilir. Türkiye Finans Katılım Bankas…;;;;v2
turkiye-finans--kampanyalar-ihtiyac-finansmani-kampanyasi;turkiye-finans;odul_miktari;"{""currency"": ""TRY"", ""value"": 11000.0}";0.95;rule_heuristic;;…ı tutar. Kampanyadan sadece son 30 gün içerisinde mobilden Türkiye Finans müşterisi olan kişiler faydalanabilir. Ekstra [11.000 TL] Bonus kazanma Fırsatı! 50.000 TL %0 kar paylı nakit desteğine ek olarak mobilden müşteri olanlara özel 11.000 TL'ye var…;;;;v2
turkiye-finans--kampanyalar-ihtiyac-finansmani-kampanyasi;turkiye-finans;hedef_kitle;"[""belirli_segment"", ""maas_musterisi"", ""yeni_musteri""]";0.95;rule_heuristic;;…bı Nedir, Nasıl Açılır? Sürdürülebilir Bir Geleceğin Anahtarı: Net Sıfır Hedefi Tüm Renkleri Buluşturan Güzellikleriyle [Hoş Geldin] Ramazan! İşsizlik Maaşı (İşsizlik Ödeneği) Nedir? İşsizlik Maaşı Hesaplama 2024 Trafik Cezası (TPC) Nedir? Trafik Cezas…;;;;v2
turkiye-finans--kampanyalar-kamu-calisanlarina-ozel-ihtiyac-finansmani;turkiye-finans;kar_payi_orani;"{""max"": 5.26, ""min"": 4.01}";0.90;rule_heuristic;;[]Navigasyonu görüntüle İçeriği görüntüle GÜNCELLE Çerez Politikası ve 6698 sayılı Kişisel Verilerin Korunması Kanunu kaps…;;;;v2
turkiye-finans--kampanyalar-kamu-calisanlarina-ozel-ihtiyac-finansmani;turkiye-finans;vade_ay;36;0.95;rule_heuristic;;[]Navigasyonu görüntüle İçeriği görüntüle GÜNCELLE Çerez Politikası ve 6698 sayılı Kişisel Verilerin Korunması Kanunu kaps…;;;;v2
turkiye-finans--kampanyalar-kamu-calisanlarina-ozel-ihtiyac-finansmani;turkiye-finans;hedef_kitle;"[""belirli_segment"", ""maas_musterisi"", ""mevcut_musteri"", ""yeni_musteri""]";0.95;rule_heuristic;;…bı Nedir, Nasıl Açılır? Sürdürülebilir Bir Geleceğin Anahtarı: Net Sıfır Hedefi Tüm Renkleri Buluşturan Güzellikleriyle [Hoş Geldin] Ramazan! İşsizlik Maaşı (İşsizlik Ödeneği) Nedir? İşsizlik Maaşı Hesaplama 2024 Trafik Cezası (TPC) Nedir? Trafik Cezas…;;;;v2
turkiye-finans--kampanyalar-masrafsiz-bankacilik;turkiye-finans;campaign_type;Kart;0.90;classifier;;Navigasyonu görüntüle İçeriği görüntüle GÜNCELLE Çerez Politikası ve 6698 sayılı Kişisel Verilerin Korunması Kanunu kapsamında Bankamız ile paylaşmış olduğunuz kişisel verileriniz ile ilgili detaylı bilgiye Kişisel Veril …;;;;v2
turkiye-finans--kampanyalar-masrafsiz-bankacilik;turkiye-finans;masraf_durumu;"{""amount"": 0.0, ""has_fee"": false}";0.95;rule_heuristic;;…yaları Ticari Kampanyalar Diğer Kampanyalar Biten Kampanyalar Başvuru Merkezi Hesaplama Araçları Satılık Gayrimenkuller [Masrafsız] Bankacılık Ana Sayfa / Kampanyalar / Masrafsız Bankacılık Sayfayı Yazdır Facebook'da Paylaş Twitter'da Paylaş Linkedin'…;;;;v2
turkiye-finans--kampanyalar-masrafsiz-bankacilik;turkiye-finans;odul_miktari;"{""currency"": ""TRY"", ""value"": 12500.0}";0.95;rule_heuristic;;…para çekme işlemlerinden komisyon alınmaktadır. Âlâ Bankacılık müşterilerine özel ücretsiz günlük para çekme limiti ise [12.500 TL]'dir. Bu tutara ek olarak günlük 20.000 TL'ye kadar limit üstü para çekilebilir. Limit üstü (12.500 TL üzerindeki) para …;;;;v2
turkiye-finans--kampanyalar-masrafsiz-bankacilik;turkiye-finans;hedef_kitle;"[""belirli_segment"", ""maas_musterisi"", ""yeni_musteri""]";0.95;rule_heuristic;;…bı Nedir, Nasıl Açılır? Sürdürülebilir Bir Geleceğin Anahtarı: Net Sıfır Hedefi Tüm Renkleri Buluşturan Güzellikleriyle [Hoş Geldin] Ramazan! İşsizlik Maaşı (İşsizlik Ödeneği) Nedir? İşsizlik Maaşı Hesaplama 2024 Trafik Cezası (TPC) Nedir? Trafik Cezas…;;;;v2
turkiye-finans--kampanyalar-turkiye-finans-avantajlariyla-mobilden-tanis;turkiye-finans;campaign_type;Kart;0.90;classifier;;Navigasyonu görüntüle İçeriği görüntüle GÜNCELLE Çerez Politikası ve 6698 sayılı Kişisel Verilerin Korunması Kanunu kapsamında Bankamız ile paylaşmış olduğunuz kişisel verileriniz ile ilgili detaylı bilgiye Kişisel Veril …;;;;v2
turkiye-finans--kampanyalar-turkiye-finans-avantajlariyla-mobilden-tanis;turkiye-finans;kar_payi_orani;1.9;0.95;rule_heuristic;;[]Navigasyonu görüntüle İçeriği görüntüle GÜNCELLE Çerez Politikası ve 6698 sayılı Kişisel Verilerin Korunması Kanunu kaps…;;;;v2
turkiye-finans--kampanyalar-turkiye-finans-avantajlariyla-mobilden-tanis;turkiye-finans;vade_ay;3;0.95;rule_heuristic;;[]Navigasyonu görüntüle İçeriği görüntüle GÜNCELLE Çerez Politikası ve 6698 sayılı Kişisel Verilerin Korunması Kanunu kaps…;;;;v2
turkiye-finans--kampanyalar-turkiye-finans-avantajlariyla-mobilden-tanis;turkiye-finans;masraf_durumu;"{""amount"": 0.0, ""has_fee"": false}";0.95;rule_heuristic;;"…ihtiyaçlarınız için Yedek Hesabınızı kullanabilir, üstelik 2.500 TL'ye kadar kullanımlarınız için kâr payı ödemezsiniz. [Masrafsız] bankacılık ile tanışabilir; mobil ve İnternet Şube üzerinden 7/24 FAST, havale ve EFT yapabilir, ücretsiz banka hesabı …";;;;v2
turkiye-finans--kampanyalar-turkiye-finans-avantajlariyla-mobilden-tanis;turkiye-finans;odul_miktari;"{""currency"": ""TRY"", ""value"": 1000.0}";0.95;rule_heuristic;;…Müşteri olduğunuz aydan itibaren Yedek Hesap ve Günlük Hesap ürünlerinden birinin aktif kullanımı için 500 TL, toplamda [1.000 TL] bonus kazanabilirsiniz. Yakınlarınızı da mobilden Türkiye Finanslı olmaya davet ederek 5.000 TL'ye kadar bonus kazanma …;;;;v2
turkiye-finans--kampanyalar-turkiye-finans-avantajlariyla-mobilden-tanis;turkiye-finans;hedef_kitle;"[""belirli_segment"", ""maas_musterisi"", ""yeni_musteri""]";0.95;rule_heuristic;;…bı Nedir, Nasıl Açılır? Sürdürülebilir Bir Geleceğin Anahtarı: Net Sıfır Hedefi Tüm Renkleri Buluşturan Güzellikleriyle [Hoş Geldin] Ramazan! İşsizlik Maaşı (İşsizlik Ödeneği) Nedir? İşsizlik Maaşı Hesaplama 2024 Trafik Cezası (TPC) Nedir? Trafik Cezas…;;;;v2
turkiye-finans--kobi-kobi-icin-gunluk-hesap;turkiye-finans;hedef_kitle;"[""belirli_segment"", ""maas_musterisi"", ""yeni_musteri""]";0.95;rule_heuristic;;…bı Nedir, Nasıl Açılır? Sürdürülebilir Bir Geleceğin Anahtarı: Net Sıfır Hedefi Tüm Renkleri Buluşturan Güzellikleriyle [Hoş Geldin] Ramazan! İşsizlik Maaşı (İşsizlik Ödeneği) Nedir? İşsizlik Maaşı Hesaplama 2024 Trafik Cezası (TPC) Nedir? Trafik Cezas…;;;;v2
turkiye-finans--konut-finansmani-konut-finansmani;turkiye-finans;campaign_type;Konut Finansmanı;0.90;classifier;;Navigasyonu görüntüle İçeriği görüntüle GÜNCELLE Çerez Politikası ve 6698 sayılı Kişisel Verilerin Korunması Kanunu kapsamında Bankamız ile paylaşmış olduğunuz kişisel verileriniz ile ilgili detaylı bilgiye Kişisel Veril …;;;;v2
turkiye-finans--konut-finansmani-konut-finansmani;turkiye-finans;kar_payi_orani;"{""max"": 4.42, ""min"": 2.95}";0.90;rule_heuristic;;[]Navigasyonu görüntüle İçeriği görüntüle GÜNCELLE Çerez Politikası ve 6698 sayılı Kişisel Verilerin Korunması Kanunu kaps…;;;;v2
turkiye-finans--konut-finansmani-konut-finansmani;turkiye-finans;vade_ay;120;0.95;rule_heuristic;;[]Navigasyonu görüntüle İçeriği görüntüle GÜNCELLE Çerez Politikası ve 6698 sayılı Kişisel Verilerin Korunması Kanunu kaps…;;;;v2
turkiye-finans--konut-finansmani-konut-finansmani;turkiye-finans;masraf_durumu;"{""amount"": 500.0, ""has_fee"": true}";0.95;rule_heuristic;;…oranındadır. Yıllık maliyete kar oranı, tahsis ücreti, ekspertiz ücreti, ipotek tesis ücreti dahil edilmiştir. Alınacak [ücret]ler: 500 TL tahsis ücreti, 3.000 TL ipotek tesis ücreti, 16.500 TL Ekspertiz(Değerleme) ücretidir. Ekspertiz ücreti mini…;;;;v2
turkiye-finans--konut-finansmani-konut-finansmani;turkiye-finans;hedef_kitle;"[""belirli_segment"", ""maas_musterisi"", ""yeni_musteri""]";0.95;rule_heuristic;;…bı Nedir, Nasıl Açılır? Sürdürülebilir Bir Geleceğin Anahtarı: Net Sıfır Hedefi Tüm Renkleri Buluşturan Güzellikleriyle [Hoş Geldin] Ramazan! İşsizlik Maaşı (İşsizlik Ödeneği) Nedir? İşsizlik Maaşı Hesaplama 2024 Trafik Cezası (TPC) Nedir? Trafik Cezas…;;;;v2
turkiye-finans--tasit-finansmani-tasit-finansmani-2;turkiye-finans;campaign_type;Taşıt Finansmanı;0.90;classifier;;Navigasyonu görüntüle İçeriği görüntüle GÜNCELLE Çerez Politikası ve 6698 sayılı Kişisel Verilerin Korunması Kanunu kapsamında Bankamız ile paylaşmış olduğunuz kişisel verileriniz ile ilgili detaylı bilgiye Kişisel Veril …;;;;v2
turkiye-finans--tasit-finansmani-tasit-finansmani-2;turkiye-finans;kar_payi_orani;"{""max"": 4.27, ""min"": 3.42}";0.90;rule_heuristic;;[]Navigasyonu görüntüle İçeriği görüntüle GÜNCELLE Çerez Politikası ve 6698 sayılı Kişisel Verilerin Korunması Kanunu kaps…;;;;v2
turkiye-finans--tasit-finansmani-tasit-finansmani-2;turkiye-finans;vade_ay;48;0.95;rule_heuristic;;[]Navigasyonu görüntüle İçeriği görüntüle GÜNCELLE Çerez Politikası ve 6698 sayılı Kişisel Verilerin Korunması Kanunu kaps…;;;;v2
turkiye-finans--tasit-finansmani-tasit-finansmani-2;turkiye-finans;hedef_kitle;"[""belirli_segment"", ""maas_musterisi"", ""mevcut_musteri"", ""yeni_musteri""]";0.95;rule_heuristic;;…bı Nedir, Nasıl Açılır? Sürdürülebilir Bir Geleceğin Anahtarı: Net Sıfır Hedefi Tüm Renkleri Buluşturan Güzellikleriyle [Hoş Geldin] Ramazan! İşsizlik Maaşı (İşsizlik Ödeneği) Nedir? İşsizlik Maaşı Hesaplama 2024 Trafik Cezası (TPC) Nedir? Trafik Cezas…;;;;v2
vakif-katilim--detay-3-ay-ertelemeli-motosiklet-kampanyasi;vakif-katilim;indirim_orani;;;;;…rt'la Şarj Et, Yola Devam Et! Detaylı Bilgi Mastercard ile ENUYGUN.com'da 150 TL İndirim Detaylı Bilgi English Home'da %[15] İndirim! Detaylı Bilgi Tüm Kampanyalar Çerezleri Özelleştirin Reddet Kabul Ediyorum;;;;v2
vakif-katilim--detay-3-ay-ertelemeli-motosiklet-kampanyasi;vakif-katilim;kampanya_kosullari;"[""Kampanya Şartları Sadece sıfır motosikletler için 3 ay ödemesiz dönemli satın alma kolaylığı sağlayan finansmandır.""]";0.95;rule_heuristic;;"…kletlerde uygun kâr oranlarıyla motosiklet finansmanı Vakıf Katılım'da! Siz de hemen müşterimiz olmak için tıklayınız . [Kampanya Şartları Sadece sıfır motosikletler için 3 ay ödemesiz dönemli satın alma kolaylığı sağlayan finansmandır.] Bireysel müşterilerle gerçek kişi tacir müşterilerin bireysel amaçlı motosiklet finansmanları kredilendirme oranı; sıfı…";;;;v2
vakif-katilim--detay-3-ay-ertelemeli-tasit-finansmani;vakif-katilim;finansman_tutari;"{""currency"": ""TRY"", ""value"": 400000.0}";0.95;rule_heuristic;;…nlar için azami %20'sidir. Bireysel müşterilerle gerçek kişi tacir müşterilerin bireysel amaçlı taşıt finansmanlarında, [400.000 TL] ve altında olan araçlar için azami vade 48 ay, 400.001 TL – 800.000 TL aralığında olan araçlar için azami vade 36 ay, 8…;;;;v2
vakif-katilim--detay-3-ay-ertelemeli-tasit-finansmani;vakif-katilim;indirim_orani;15.0;0.95;rule_heuristic;;…rt'la Şarj Et, Yola Devam Et! Detaylı Bilgi Mastercard ile ENUYGUN.com'da 150 TL İndirim Detaylı Bilgi English Home'da %[15] İndirim! Detaylı Bilgi Tüm Kampanyalar Çerezleri Özelleştirin Reddet Kabul Ediyorum;;;;v2
vakif-katilim--detay-3-ay-ertelemeli-tasit-finansmani;vakif-katilim;kampanya_kosullari;"[""Kampanya Şartları Sıfır veya ikinci el araçlar için 3 ay ödemesiz dönemli satın alma kolaylığı sağlayan finansmandır.""]";0.95;rule_heuristic;;"…rda tüm vadelerde uygun kâr oranıyla taşıt finansmanı Vakıf Katılım'da! Siz de hemen müşterimiz olmak için tıklayınız . [Kampanya Şartları Sıfır veya ikinci el araçlar için 3 ay ödemesiz dönemli satın alma kolaylığı sağlayan finansmandır.] Bireysel müşterilerle gerçek kişi tacir müşterilerin bireysel amaçlı taşıt finansmanları kredilendirme oranı; sıfır ara…";;;;v2
vakif-katilim--detay-50000-tl-ihtiyac-finansmani-kampanyasi;vakif-katilim;indirim_orani;;;;;…rt'la Şarj Et, Yola Devam Et! Detaylı Bilgi Mastercard ile ENUYGUN.com'da 150 TL İndirim Detaylı Bilgi English Home'da %[15] İndirim! Detaylı Bilgi Tüm Kampanyalar Çerezleri Özelleştirin Reddet Kabul Ediyorum;;;;v2
vakif-katilim--detay-50000-tl-ihtiyac-finansmani-kampanyasi;vakif-katilim;kampanya_kosullari;"[""Kampanya Şartları • Kampanya yeni dijital müşterilere özel olup, ihtiyaç finansmanına özel maksimum 50.000 TL ve 12 ay finansman için %2.99 oran için geçerlidir. • Kampanyalı orandan yararlanmak isteyen kişiler, Finansman Hayat Sigortasını da Vakıf Katılım Bankası AŞ üzerinden yaptırmalıdır. • Katılım bankacılığı prensiplerine uygun mal veya hizmet ihtiyaçlarınız için, finansman sağlanmaktadır.""]";0.95;rule_heuristic;;…z ürünün proforma faturasıyla veya sipariş formuyla en yakın Vakıf Katılım şubesine giderek başvurunuzu gerçekleştirin. [Kampanya Şartları • Kampanya yeni dijital müşterilere özel olup, ihtiyaç finansmanına özel maksimum 50.000 TL ve 12 ay finansman için %2.99 oran için geçerlidir. • Kampanyalı orandan yararlanmak isteyen kişiler, Finansman Hayat Sigortasını da Vakıf Katılım Bankası AŞ üzerinden yaptırmalıdır. • Katılım bankacılığı prensiplerine uygun mal veya hizmet ihtiyaçlarınız için, finansman sağlanmaktadır.] Finansman başvurularınız, proforma fatura/sipariş formu ile şubelerden gerçekleştirilmektedir. • Vakıf Katılım Mobil Şu…;;;;v2
vakif-katilim--detay-ogretmenlerimize-vakif-katilimdan-avantajli-paket;vakif-katilim;masraf_durumu;"{""amount"": 0.0, ""has_fee"": false}";0.95;rule_heuristic;;…hisse senedi işlemlerine ‘'0'' komisyon tanımlanacaktır. • Müşterilerimiz uygun kar oranları ile 3 ay ödemesiz ve dosya [masrafsız] araç finansmanından yararlanabilirler. • Masrafsız bankacılık ile Havale, EFT, FAST işlemleri ücretsiz gerçekleştirileb…;;;;v2
vakif-katilim--detay-ogretmenlerimize-vakif-katilimdan-avantajli-paket;vakif-katilim;odul_miktari;"{""currency"": ""TRY"", ""value"": 100.0}";0.95;rule_heuristic;;…olarak geçen müşterilerimiz için geçerlidir. • Kredi kartından minimum 1000 TL ve üzeri alışverişe tek seferde maksimum [100 TL] değerinde iade alınabilecektir. • Tüm kampanya sürecinde müşterilerimiz maksimum yapacakları 5 harcama için ödüllendiri…;;;;v2
vakif-katilim--detay-ogretmenlerimize-vakif-katilimdan-avantajli-paket;vakif-katilim;indirim_orani;15.0;0.95;rule_heuristic;;…rt'la Şarj Et, Yola Devam Et! Detaylı Bilgi Mastercard ile ENUYGUN.com'da 150 TL İndirim Detaylı Bilgi English Home'da %[15] İndirim! Detaylı Bilgi Tüm Kampanyalar Çerezleri Özelleştirin Reddet Kabul Ediyorum;;;;v2
vakif-katilim--detay-ogretmenlerimize-vakif-katilimdan-avantajli-paket;vakif-katilim;kampanya_kosullari;"[""Kampanya Şartları • Kampanya 21.11.2025 – 30.11.2025 tarihleri arasında, meslek grubu \""Öğretmen\"", \""Akademisyen\"" ve \""Öğretim Görevlisi\"" olarak geçen müşterilerimiz için geçerlidir. • Kredi kartından minimum 1000 TL ve üzeri alışverişe tek seferde maksimum 100 TL değerinde iade alınabilecektir. • Tüm kampanya sürecinde müşterilerimiz maksimum yapacakları 5 harcama için ödüllendirilir."", ""Akaryakıt ve kuyum sektörlerinden yapılan kredi kartı alışverişleri kampanyaya dahil değildir, ödüllendirilmeyecektir""]";0.95;rule_heuristic;;"…se senedi işlemlerinizi yapabilmek için yatırım hesabınızı internet şube ve mobil şube üzerinden kolayca açabilirsiniz. [Kampanya Şartları • Kampanya 21.11.2025 – 30.11.2025 tarihleri arasında, meslek grubu ""Öğretmen"", ""Akademisyen"" ve ""Öğretim Görevlisi"" olarak geçen müşterilerimiz için geçerlidir. • Kredi kartından minimum 1000 TL ve üzeri alışverişe tek seferde maksimum 100 TL değerinde iade alınabilecektir. • Tüm kampanya sürecinde müşterilerimiz maksimum yapacakları 5 harcama için ödüllendirilir.] Toplamda maksimum 500 TL değerinde iade kazanılabilir. • Vakıf Katılım Mobil üzerinden kampanyaya katılan müşterilerimi…";;;;v2
vakif-katilim--kobi-destekli-finansmanlar-kosgeb-destekli-finansman;vakif-katilim;hedef_kitle;"[""belirli_segment""]";0.95;rule_heuristic;;…ER ÜRÜN VE HİZMETLERİMİZ İşim İçin SİZE ÖZEL ÇÖZÜMLER ÜRÜN VE HİZMETLERİMİZ Hakkımızda Ana Sayfa İşim İçin Finansmanlar [KOBİ] Destekli Finansmanlar KOSGEB Destekli Finansman KOSGEB Destekli Finansman Vakıf Katılım ve KOSGEB iş birliğiyle KOBİ'le…;;;;v2
vakif-katilim--nakdi-finansmanlar-proje-finansmani;vakif-katilim;hedef_kitle;"[""belirli_segment""]";0.95;rule_heuristic;;…rinizi kısa bir sürede hayata geçirebilirsiniz. Proje Finansmanı İçeriği Nedir? Ülke ekonomisine katma değer sağlayacak [KOBİ]'lerimizin uzun vadeli proje finansman ihtiyaçlarını avantajlı finansman/paylaşım oranları ve alanında uzman müşteri tem…;;;;v2
albaraka--detay-dijital-musterilere-ozel-pratik-finansman-kart;albaraka;tahsis_ucreti;;;;;Albaraka Mobil Mobil Bankacılık Aç Dijital Müşterilere Özel Pratik Finansman Kart Anasayfa Kampanyalar Kampanya Başlangıç ve Bitiş 01.01.2026 - 31.12.2026 Müşteri Ol Müşteri Ol Vade farksız 40.000 TL ve uygun oranlı hoş …;;;;v2
albaraka--detay-dijital-musterilere-ozel-pratik-finansman-kart;albaraka;masraf_durumu;;;;;Albaraka Mobil Mobil Bankacılık Aç Dijital Müşterilere Özel Pratik Finansman Kart Anasayfa Kampanyalar Kampanya Başlangıç ve Bitiş 01.01.2026 - 31.12.2026 Müşteri Ol Müşteri Ol Vade farksız 40.000 TL ve uygun oranlı hoş …;;;;v2
albaraka--detay-dijital-musterilere-ozel-pratik-finansman-kart;albaraka;odul_miktari;;;;;Albaraka Mobil Mobil Bankacılık Aç Dijital Müşterilere Özel Pratik Finansman Kart Anasayfa Kampanyalar Kampanya Başlangıç ve Bitiş 01.01.2026 - 31.12.2026 Müşteri Ol Müşteri Ol Vade farksız 40.000 TL ve uygun oranlı hoş …;;;;v2
albaraka--detay-dijital-musterilere-ozel-pratik-finansman-kart;albaraka;indirim_orani;;;;;Albaraka Mobil Mobil Bankacılık Aç Dijital Müşterilere Özel Pratik Finansman Kart Anasayfa Kampanyalar Kampanya Başlangıç ve Bitiş 01.01.2026 - 31.12.2026 Müşteri Ol Müşteri Ol Vade farksız 40.000 TL ve uygun oranlı hoş …;;;;v2
albaraka--detay-dijital-musterilere-ozel-pratik-finansman-kart;albaraka;alisveris_puani;;;;;Albaraka Mobil Mobil Bankacılık Aç Dijital Müşterilere Özel Pratik Finansman Kart Anasayfa Kampanyalar Kampanya Başlangıç ve Bitiş 01.01.2026 - 31.12.2026 Müşteri Ol Müşteri Ol Vade farksız 40.000 TL ve uygun oranlı hoş …;;;;v2
albaraka--finansmanlar-kobi-gayri-nakdi-finansman;albaraka;kar_payi_orani;;;;;Albaraka Mobil Mobil Bankacılık Aç Kobi Gayri Nakdi Finansman Anasayfa KOBİ Finansmanlar Kobi Gayri Nakdi Finansman Teminat Mektupları Jet Teminat Mektubu Akreditifler Kabul-Aval Finansmanları Referans Mektupları Teminat …;;;;v2
albaraka--finansmanlar-kobi-gayri-nakdi-finansman;albaraka;finansman_tutari;;;;;Albaraka Mobil Mobil Bankacılık Aç Kobi Gayri Nakdi Finansman Anasayfa KOBİ Finansmanlar Kobi Gayri Nakdi Finansman Teminat Mektupları Jet Teminat Mektubu Akreditifler Kabul-Aval Finansmanları Referans Mektupları Teminat …;;;;v2
albaraka--finansmanlar-kobi-gayri-nakdi-finansman;albaraka;vade_ay;;;;;Albaraka Mobil Mobil Bankacılık Aç Kobi Gayri Nakdi Finansman Anasayfa KOBİ Finansmanlar Kobi Gayri Nakdi Finansman Teminat Mektupları Jet Teminat Mektubu Akreditifler Kabul-Aval Finansmanları Referans Mektupları Teminat …;;;;v2
albaraka--finansmanlar-kobi-gayri-nakdi-finansman;albaraka;taksit_sayisi;;;;;Albaraka Mobil Mobil Bankacılık Aç Kobi Gayri Nakdi Finansman Anasayfa KOBİ Finansmanlar Kobi Gayri Nakdi Finansman Teminat Mektupları Jet Teminat Mektubu Akreditifler Kabul-Aval Finansmanları Referans Mektupları Teminat …;;;;v2
albaraka--finansmanlar-kobi-gayri-nakdi-finansman;albaraka;tahsis_ucreti;;;;;Albaraka Mobil Mobil Bankacılık Aç Kobi Gayri Nakdi Finansman Anasayfa KOBİ Finansmanlar Kobi Gayri Nakdi Finansman Teminat Mektupları Jet Teminat Mektubu Akreditifler Kabul-Aval Finansmanları Referans Mektupları Teminat …;;;;v2
albaraka--finansmanlar-kobi-gayri-nakdi-finansman;albaraka;masraf_durumu;;;;;Albaraka Mobil Mobil Bankacılık Aç Kobi Gayri Nakdi Finansman Anasayfa KOBİ Finansmanlar Kobi Gayri Nakdi Finansman Teminat Mektupları Jet Teminat Mektubu Akreditifler Kabul-Aval Finansmanları Referans Mektupları Teminat …;;;;v2
albaraka--finansmanlar-kobi-gayri-nakdi-finansman;albaraka;odul_miktari;;;;;Albaraka Mobil Mobil Bankacılık Aç Kobi Gayri Nakdi Finansman Anasayfa KOBİ Finansmanlar Kobi Gayri Nakdi Finansman Teminat Mektupları Jet Teminat Mektubu Akreditifler Kabul-Aval Finansmanları Referans Mektupları Teminat …;;;;v2
albaraka--finansmanlar-kobi-gayri-nakdi-finansman;albaraka;indirim_orani;;;;;Albaraka Mobil Mobil Bankacılık Aç Kobi Gayri Nakdi Finansman Anasayfa KOBİ Finansmanlar Kobi Gayri Nakdi Finansman Teminat Mektupları Jet Teminat Mektubu Akreditifler Kabul-Aval Finansmanları Referans Mektupları Teminat …;;;;v2
albaraka--finansmanlar-kobi-gayri-nakdi-finansman;albaraka;alisveris_puani;;;;;Albaraka Mobil Mobil Bankacılık Aç Kobi Gayri Nakdi Finansman Anasayfa KOBİ Finansmanlar Kobi Gayri Nakdi Finansman Teminat Mektupları Jet Teminat Mektubu Akreditifler Kabul-Aval Finansmanları Referans Mektupları Teminat …;;;;v2
albaraka--finansmanlar-kobi-gayri-nakdi-finansman;albaraka;kampanya_suresi;;;;;Albaraka Mobil Mobil Bankacılık Aç Kobi Gayri Nakdi Finansman Anasayfa KOBİ Finansmanlar Kobi Gayri Nakdi Finansman Teminat Mektupları Jet Teminat Mektubu Akreditifler Kabul-Aval Finansmanları Referans Mektupları Teminat …;;;;v2
albaraka--ihtiyac-eviniz-icin;albaraka;kar_payi_orani;;;;;Albaraka Mobil Mobil Bankacılık Aç Eviniz İçin Anasayfa Bireysel Finansmanlar İhtiyaç Finansmanı Eviniz İçin Konut Kirası Taşınma Ücreti ve Emlak Eşya Dekorasyon Bina Tamamlama Prefabrik Doğalgaz Dönüşüm Doğal Enerji Sis …;;;;v2
albaraka--ihtiyac-eviniz-icin;albaraka;finansman_tutari;;;;;Albaraka Mobil Mobil Bankacılık Aç Eviniz İçin Anasayfa Bireysel Finansmanlar İhtiyaç Finansmanı Eviniz İçin Konut Kirası Taşınma Ücreti ve Emlak Eşya Dekorasyon Bina Tamamlama Prefabrik Doğalgaz Dönüşüm Doğal Enerji Sis …;;;;v2
albaraka--ihtiyac-eviniz-icin;albaraka;taksit_sayisi;;;;;Albaraka Mobil Mobil Bankacılık Aç Eviniz İçin Anasayfa Bireysel Finansmanlar İhtiyaç Finansmanı Eviniz İçin Konut Kirası Taşınma Ücreti ve Emlak Eşya Dekorasyon Bina Tamamlama Prefabrik Doğalgaz Dönüşüm Doğal Enerji Sis …;;;;v2
albaraka--ihtiyac-eviniz-icin;albaraka;tahsis_ucreti;;;;;Albaraka Mobil Mobil Bankacılık Aç Eviniz İçin Anasayfa Bireysel Finansmanlar İhtiyaç Finansmanı Eviniz İçin Konut Kirası Taşınma Ücreti ve Emlak Eşya Dekorasyon Bina Tamamlama Prefabrik Doğalgaz Dönüşüm Doğal Enerji Sis …;;;;v2
albaraka--ihtiyac-eviniz-icin;albaraka;masraf_durumu;;;;;Albaraka Mobil Mobil Bankacılık Aç Eviniz İçin Anasayfa Bireysel Finansmanlar İhtiyaç Finansmanı Eviniz İçin Konut Kirası Taşınma Ücreti ve Emlak Eşya Dekorasyon Bina Tamamlama Prefabrik Doğalgaz Dönüşüm Doğal Enerji Sis …;;;;v2
albaraka--ihtiyac-eviniz-icin;albaraka;odul_miktari;;;;;Albaraka Mobil Mobil Bankacılık Aç Eviniz İçin Anasayfa Bireysel Finansmanlar İhtiyaç Finansmanı Eviniz İçin Konut Kirası Taşınma Ücreti ve Emlak Eşya Dekorasyon Bina Tamamlama Prefabrik Doğalgaz Dönüşüm Doğal Enerji Sis …;;;;v2
albaraka--ihtiyac-eviniz-icin;albaraka;indirim_orani;;;;;Albaraka Mobil Mobil Bankacılık Aç Eviniz İçin Anasayfa Bireysel Finansmanlar İhtiyaç Finansmanı Eviniz İçin Konut Kirası Taşınma Ücreti ve Emlak Eşya Dekorasyon Bina Tamamlama Prefabrik Doğalgaz Dönüşüm Doğal Enerji Sis …;;;;v2
albaraka--ihtiyac-eviniz-icin;albaraka;alisveris_puani;;;;;Albaraka Mobil Mobil Bankacılık Aç Eviniz İçin Anasayfa Bireysel Finansmanlar İhtiyaç Finansmanı Eviniz İçin Konut Kirası Taşınma Ücreti ve Emlak Eşya Dekorasyon Bina Tamamlama Prefabrik Doğalgaz Dönüşüm Doğal Enerji Sis …;;;;v2
albaraka--ihtiyac-eviniz-icin;albaraka;kampanya_suresi;;;;;Albaraka Mobil Mobil Bankacılık Aç Eviniz İçin Anasayfa Bireysel Finansmanlar İhtiyaç Finansmanı Eviniz İçin Konut Kirası Taşınma Ücreti ve Emlak Eşya Dekorasyon Bina Tamamlama Prefabrik Doğalgaz Dönüşüm Doğal Enerji Sis …;;;;v2
albaraka--ihtiyac-eviniz-icin;albaraka;kampanya_kosullari;;;;;Albaraka Mobil Mobil Bankacılık Aç Eviniz İçin Anasayfa Bireysel Finansmanlar İhtiyaç Finansmanı Eviniz İçin Konut Kirası Taşınma Ücreti ve Emlak Eşya Dekorasyon Bina Tamamlama Prefabrik Doğalgaz Dönüşüm Doğal Enerji Sis …;;;;v2
albaraka--ihtiyac-eviniz-icin;albaraka;hedef_kitle;;;;;Albaraka Mobil Mobil Bankacılık Aç Eviniz İçin Anasayfa Bireysel Finansmanlar İhtiyaç Finansmanı Eviniz İçin Konut Kirası Taşınma Ücreti ve Emlak Eşya Dekorasyon Bina Tamamlama Prefabrik Doğalgaz Dönüşüm Doğal Enerji Sis …;;;;v2
albaraka--ihtiyac-pratik-finansman-kart;albaraka;kar_payi_orani;;;;;Albaraka Mobil Mobil Bankacılık Aç Pratik Finansman Kart Anasayfa Bireysel Finansmanlar İhtiyaç Finansmanı Pratik Finansman Kart Pratik Finansman Kart SMS' li Finansman Şubesiz Umre Finansmanı Jet Finansman Motosiklet, A …;;;;v2
albaraka--ihtiyac-pratik-finansman-kart;albaraka;tahsis_ucreti;;;;;Albaraka Mobil Mobil Bankacılık Aç Pratik Finansman Kart Anasayfa Bireysel Finansmanlar İhtiyaç Finansmanı Pratik Finansman Kart Pratik Finansman Kart SMS' li Finansman Şubesiz Umre Finansmanı Jet Finansman Motosiklet, A …;;;;v2
albaraka--ihtiyac-pratik-finansman-kart;albaraka;odul_miktari;;;;;Albaraka Mobil Mobil Bankacılık Aç Pratik Finansman Kart Anasayfa Bireysel Finansmanlar İhtiyaç Finansmanı Pratik Finansman Kart Pratik Finansman Kart SMS' li Finansman Şubesiz Umre Finansmanı Jet Finansman Motosiklet, A …;;;;v2
albaraka--ihtiyac-pratik-finansman-kart;albaraka;indirim_orani;;;;;Albaraka Mobil Mobil Bankacılık Aç Pratik Finansman Kart Anasayfa Bireysel Finansmanlar İhtiyaç Finansmanı Pratik Finansman Kart Pratik Finansman Kart SMS' li Finansman Şubesiz Umre Finansmanı Jet Finansman Motosiklet, A …;;;;v2
albaraka--ihtiyac-pratik-finansman-kart;albaraka;alisveris_puani;;;;;Albaraka Mobil Mobil Bankacılık Aç Pratik Finansman Kart Anasayfa Bireysel Finansmanlar İhtiyaç Finansmanı Pratik Finansman Kart Pratik Finansman Kart SMS' li Finansman Şubesiz Umre Finansmanı Jet Finansman Motosiklet, A …;;;;v2
albaraka--ihtiyac-pratik-finansman-kart;albaraka;kampanya_suresi;;;;;Albaraka Mobil Mobil Bankacılık Aç Pratik Finansman Kart Anasayfa Bireysel Finansmanlar İhtiyaç Finansmanı Pratik Finansman Kart Pratik Finansman Kart SMS' li Finansman Şubesiz Umre Finansmanı Jet Finansman Motosiklet, A …;;;;v2
albaraka--ihtiyac-pratik-finansman-kart;albaraka;hedef_kitle;;;;;Albaraka Mobil Mobil Bankacılık Aç Pratik Finansman Kart Anasayfa Bireysel Finansmanlar İhtiyaç Finansmanı Pratik Finansman Kart Pratik Finansman Kart SMS' li Finansman Şubesiz Umre Finansmanı Jet Finansman Motosiklet, A …;;;;v2
albaraka--kobi-gayri-nakdi-finansman-kabul-aval-finansmanlari;albaraka;kar_payi_orani;;;;;Albaraka Mobil Mobil Bankacılık Aç Kabul-Aval Finansmanları Anasayfa KOBİ Finansmanlar Kobi Gayri Nakdi Finansman Kabul-Aval Finansmanları Teminat Mektupları Jet Teminat Mektubu Akreditifler Kabul-Aval Finansmanları Refe …;;;;v2
albaraka--kobi-gayri-nakdi-finansman-kabul-aval-finansmanlari;albaraka;finansman_tutari;;;;;Albaraka Mobil Mobil Bankacılık Aç Kabul-Aval Finansmanları Anasayfa KOBİ Finansmanlar Kobi Gayri Nakdi Finansman Kabul-Aval Finansmanları Teminat Mektupları Jet Teminat Mektubu Akreditifler Kabul-Aval Finansmanları Refe …;;;;v2
albaraka--kobi-gayri-nakdi-finansman-kabul-aval-finansmanlari;albaraka;vade_ay;;;;;Albaraka Mobil Mobil Bankacılık Aç Kabul-Aval Finansmanları Anasayfa KOBİ Finansmanlar Kobi Gayri Nakdi Finansman Kabul-Aval Finansmanları Teminat Mektupları Jet Teminat Mektubu Akreditifler Kabul-Aval Finansmanları Refe …;;;;v2
albaraka--kobi-gayri-nakdi-finansman-kabul-aval-finansmanlari;albaraka;taksit_sayisi;;;;;Albaraka Mobil Mobil Bankacılık Aç Kabul-Aval Finansmanları Anasayfa KOBİ Finansmanlar Kobi Gayri Nakdi Finansman Kabul-Aval Finansmanları Teminat Mektupları Jet Teminat Mektubu Akreditifler Kabul-Aval Finansmanları Refe …;;;;v2
albaraka--kobi-gayri-nakdi-finansman-kabul-aval-finansmanlari;albaraka;tahsis_ucreti;;;;;Albaraka Mobil Mobil Bankacılık Aç Kabul-Aval Finansmanları Anasayfa KOBİ Finansmanlar Kobi Gayri Nakdi Finansman Kabul-Aval Finansmanları Teminat Mektupları Jet Teminat Mektubu Akreditifler Kabul-Aval Finansmanları Refe …;;;;v2
albaraka--kobi-gayri-nakdi-finansman-kabul-aval-finansmanlari;albaraka;masraf_durumu;;;;;Albaraka Mobil Mobil Bankacılık Aç Kabul-Aval Finansmanları Anasayfa KOBİ Finansmanlar Kobi Gayri Nakdi Finansman Kabul-Aval Finansmanları Teminat Mektupları Jet Teminat Mektubu Akreditifler Kabul-Aval Finansmanları Refe …;;;;v2
albaraka--kobi-gayri-nakdi-finansman-kabul-aval-finansmanlari;albaraka;odul_miktari;;;;;Albaraka Mobil Mobil Bankacılık Aç Kabul-Aval Finansmanları Anasayfa KOBİ Finansmanlar Kobi Gayri Nakdi Finansman Kabul-Aval Finansmanları Teminat Mektupları Jet Teminat Mektubu Akreditifler Kabul-Aval Finansmanları Refe …;;;;v2
albaraka--kobi-gayri-nakdi-finansman-kabul-aval-finansmanlari;albaraka;indirim_orani;;;;;Albaraka Mobil Mobil Bankacılık Aç Kabul-Aval Finansmanları Anasayfa KOBİ Finansmanlar Kobi Gayri Nakdi Finansman Kabul-Aval Finansmanları Teminat Mektupları Jet Teminat Mektubu Akreditifler Kabul-Aval Finansmanları Refe …;;;;v2
albaraka--kobi-gayri-nakdi-finansman-kabul-aval-finansmanlari;albaraka;alisveris_puani;;;;;Albaraka Mobil Mobil Bankacılık Aç Kabul-Aval Finansmanları Anasayfa KOBİ Finansmanlar Kobi Gayri Nakdi Finansman Kabul-Aval Finansmanları Teminat Mektupları Jet Teminat Mektubu Akreditifler Kabul-Aval Finansmanları Refe …;;;;v2
albaraka--kobi-gayri-nakdi-finansman-kabul-aval-finansmanlari;albaraka;kampanya_suresi;;;;;Albaraka Mobil Mobil Bankacılık Aç Kabul-Aval Finansmanları Anasayfa KOBİ Finansmanlar Kobi Gayri Nakdi Finansman Kabul-Aval Finansmanları Teminat Mektupları Jet Teminat Mektubu Akreditifler Kabul-Aval Finansmanları Refe …;;;;v2
albaraka--kobi-gayri-nakdi-finansman-kabul-aval-finansmanlari;albaraka;kampanya_kosullari;;;;;Albaraka Mobil Mobil Bankacılık Aç Kabul-Aval Finansmanları Anasayfa KOBİ Finansmanlar Kobi Gayri Nakdi Finansman Kabul-Aval Finansmanları Teminat Mektupları Jet Teminat Mektubu Akreditifler Kabul-Aval Finansmanları Refe …;;;;v2
albaraka--sozlesmeler-bayide-finansman-tasit-aracilik-ve-garantorluk-sozlesmesi-kredi-komi;albaraka;finansman_tutari;;;;;ALBARAKA TÜRK KATILIM BANKASI A.Ş. İnkılap Mah. Dr. Adnan Büyükdeniz Cad. No:6 34768 Ümraniye/İstanbul İstanbul Ticaret Sicil Memurluğu/206671 MERSİS No: 0047000870200019 www.albaraka.com.tr / albarakaturk@hs03.kep.tr / …;;;;v2
albaraka--sozlesmeler-bayide-finansman-tasit-aracilik-ve-garantorluk-sozlesmesi-kredi-komi;albaraka;vade_ay;;;;;ALBARAKA TÜRK KATILIM BANKASI A.Ş. İnkılap Mah. Dr. Adnan Büyükdeniz Cad. No:6 34768 Ümraniye/İstanbul İstanbul Ticaret Sicil Memurluğu/206671 MERSİS No: 0047000870200019 www.albaraka.com.tr / albarakaturk@hs03.kep.tr / …;;;;v2
albaraka--sozlesmeler-bayide-finansman-tasit-aracilik-ve-garantorluk-sozlesmesi-kredi-komi;albaraka;taksit_sayisi;;;;;ALBARAKA TÜRK KATILIM BANKASI A.Ş. İnkılap Mah. Dr. Adnan Büyükdeniz Cad. No:6 34768 Ümraniye/İstanbul İstanbul Ticaret Sicil Memurluğu/206671 MERSİS No: 0047000870200019 www.albaraka.com.tr / albarakaturk@hs03.kep.tr / …;;;;v2
albaraka--sozlesmeler-bayide-finansman-tasit-aracilik-ve-garantorluk-sozlesmesi-kredi-komi;albaraka;tahsis_ucreti;;;;;ALBARAKA TÜRK KATILIM BANKASI A.Ş. İnkılap Mah. Dr. Adnan Büyükdeniz Cad. No:6 34768 Ümraniye/İstanbul İstanbul Ticaret Sicil Memurluğu/206671 MERSİS No: 0047000870200019 www.albaraka.com.tr / albarakaturk@hs03.kep.tr / …;;;;v2
albaraka--sozlesmeler-bayide-finansman-tasit-aracilik-ve-garantorluk-sozlesmesi-kredi-komi;albaraka;odul_miktari;;;;;ALBARAKA TÜRK KATILIM BANKASI A.Ş. İnkılap Mah. Dr. Adnan Büyükdeniz Cad. No:6 34768 Ümraniye/İstanbul İstanbul Ticaret Sicil Memurluğu/206671 MERSİS No: 0047000870200019 www.albaraka.com.tr / albarakaturk@hs03.kep.tr / …;;;;v2
albaraka--sozlesmeler-bayide-finansman-tasit-aracilik-ve-garantorluk-sozlesmesi-kredi-komi;albaraka;indirim_orani;;;;;ALBARAKA TÜRK KATILIM BANKASI A.Ş. İnkılap Mah. Dr. Adnan Büyükdeniz Cad. No:6 34768 Ümraniye/İstanbul İstanbul Ticaret Sicil Memurluğu/206671 MERSİS No: 0047000870200019 www.albaraka.com.tr / albarakaturk@hs03.kep.tr / …;;;;v2
albaraka--sozlesmeler-bayide-finansman-tasit-aracilik-ve-garantorluk-sozlesmesi-kredi-komi;albaraka;alisveris_puani;;;;;ALBARAKA TÜRK KATILIM BANKASI A.Ş. İnkılap Mah. Dr. Adnan Büyükdeniz Cad. No:6 34768 Ümraniye/İstanbul İstanbul Ticaret Sicil Memurluğu/206671 MERSİS No: 0047000870200019 www.albaraka.com.tr / albarakaturk@hs03.kep.tr / …;;;;v2
albaraka--sozlesmeler-bayide-finansman-tasit-aracilik-ve-garantorluk-sozlesmesi-kredi-komi;albaraka;kampanya_suresi;;;;;ALBARAKA TÜRK KATILIM BANKASI A.Ş. İnkılap Mah. Dr. Adnan Büyükdeniz Cad. No:6 34768 Ümraniye/İstanbul İstanbul Ticaret Sicil Memurluğu/206671 MERSİS No: 0047000870200019 www.albaraka.com.tr / albarakaturk@hs03.kep.tr / …;;;;v2
albaraka--sozlesmeler-bayide-finansman-tasit-aracilik-ve-garantorluk-sozlesmesi-kredi-komi;albaraka;hedef_kitle;;;;;ALBARAKA TÜRK KATILIM BANKASI A.Ş. İnkılap Mah. Dr. Adnan Büyükdeniz Cad. No:6 34768 Ümraniye/İstanbul İstanbul Ticaret Sicil Memurluğu/206671 MERSİS No: 0047000870200019 www.albaraka.com.tr / albarakaturk@hs03.kep.tr / …;;;;v2
dunya-katilim--2516-dk-bireysel-ucrt11-180526-pdf;dunya-katilim;kar_payi_orani;;;;;dunyakatilim.com.tr 444 3 166 FİNANSAL TÜKETİCİLER ÜRÜN VE HİZMET ÜCRET TABLOSU Ürün / İşlem Türü Asgari Tutar Minimum Oran Azami Tutar Maksimum Oran Açıklama Tarih Ücret Tarifesi 0,50% 0,50% 0,50% 1% 1% 14.000 TL 8.000 …;;;;v2
dunya-katilim--2516-dk-bireysel-ucrt11-180526-pdf;dunya-katilim;taksit_sayisi;;;;;dunyakatilim.com.tr 444 3 166 FİNANSAL TÜKETİCİLER ÜRÜN VE HİZMET ÜCRET TABLOSU Ürün / İşlem Türü Asgari Tutar Minimum Oran Azami Tutar Maksimum Oran Açıklama Tarih Ücret Tarifesi 0,50% 0,50% 0,50% 1% 1% 14.000 TL 8.000 …;;;;v2
dunya-katilim--2516-dk-bireysel-ucrt11-180526-pdf;dunya-katilim;odul_miktari;;;;;dunyakatilim.com.tr 444 3 166 FİNANSAL TÜKETİCİLER ÜRÜN VE HİZMET ÜCRET TABLOSU Ürün / İşlem Türü Asgari Tutar Minimum Oran Azami Tutar Maksimum Oran Açıklama Tarih Ücret Tarifesi 0,50% 0,50% 0,50% 1% 1% 14.000 TL 8.000 …;;;;v2
dunya-katilim--2516-dk-bireysel-ucrt11-180526-pdf;dunya-katilim;indirim_orani;;;;;dunyakatilim.com.tr 444 3 166 FİNANSAL TÜKETİCİLER ÜRÜN VE HİZMET ÜCRET TABLOSU Ürün / İşlem Türü Asgari Tutar Minimum Oran Azami Tutar Maksimum Oran Açıklama Tarih Ücret Tarifesi 0,50% 0,50% 0,50% 1% 1% 14.000 TL 8.000 …;;;;v2
dunya-katilim--2516-dk-bireysel-ucrt11-180526-pdf;dunya-katilim;alisveris_puani;;;;;dunyakatilim.com.tr 444 3 166 FİNANSAL TÜKETİCİLER ÜRÜN VE HİZMET ÜCRET TABLOSU Ürün / İşlem Türü Asgari Tutar Minimum Oran Azami Tutar Maksimum Oran Açıklama Tarih Ücret Tarifesi 0,50% 0,50% 0,50% 1% 1% 14.000 TL 8.000 …;;;;v2
dunya-katilim--2516-dk-bireysel-ucrt11-180526-pdf;dunya-katilim;hedef_kitle;;;;;dunyakatilim.com.tr 444 3 166 FİNANSAL TÜKETİCİLER ÜRÜN VE HİZMET ÜCRET TABLOSU Ürün / İşlem Türü Asgari Tutar Minimum Oran Azami Tutar Maksimum Oran Açıklama Tarih Ücret Tarifesi 0,50% 0,50% 0,50% 1% 1% 14.000 TL 8.000 …;;;;v2
hayat-finans--finansmanlar-is-ticari-finansman;hayat-finans;kar_payi_orani;;;;;Ticari Finansman Firmanıza özel, ticari faaliyetlerinize uyum sağlayan esnek ve avantajlı finansman çözümlerinden faydalanın! Firmanıza özel finansman çözümleri Ticari faaliyetlerinize uygun esnek finansman seçeneklerind …;;;;v2
hayat-finans--finansmanlar-is-ticari-finansman;hayat-finans;finansman_tutari;;;;;Ticari Finansman Firmanıza özel, ticari faaliyetlerinize uyum sağlayan esnek ve avantajlı finansman çözümlerinden faydalanın! Firmanıza özel finansman çözümleri Ticari faaliyetlerinize uygun esnek finansman seçeneklerind …;;;;v2
hayat-finans--finansmanlar-is-ticari-finansman;hayat-finans;vade_ay;;;;;Ticari Finansman Firmanıza özel, ticari faaliyetlerinize uyum sağlayan esnek ve avantajlı finansman çözümlerinden faydalanın! Firmanıza özel finansman çözümleri Ticari faaliyetlerinize uygun esnek finansman seçeneklerind …;;;;v2
hayat-finans--finansmanlar-is-ticari-finansman;hayat-finans;taksit_sayisi;;;;;Ticari Finansman Firmanıza özel, ticari faaliyetlerinize uyum sağlayan esnek ve avantajlı finansman çözümlerinden faydalanın! Firmanıza özel finansman çözümleri Ticari faaliyetlerinize uygun esnek finansman seçeneklerind …;;;;v2
hayat-finans--finansmanlar-is-ticari-finansman;hayat-finans;tahsis_ucreti;;;;;Ticari Finansman Firmanıza özel, ticari faaliyetlerinize uyum sağlayan esnek ve avantajlı finansman çözümlerinden faydalanın! Firmanıza özel finansman çözümleri Ticari faaliyetlerinize uygun esnek finansman seçeneklerind …;;;;v2
hayat-finans--finansmanlar-is-ticari-finansman;hayat-finans;masraf_durumu;;;;;Ticari Finansman Firmanıza özel, ticari faaliyetlerinize uyum sağlayan esnek ve avantajlı finansman çözümlerinden faydalanın! Firmanıza özel finansman çözümleri Ticari faaliyetlerinize uygun esnek finansman seçeneklerind …;;;;v2
hayat-finans--finansmanlar-is-ticari-finansman;hayat-finans;odul_miktari;;;;;Ticari Finansman Firmanıza özel, ticari faaliyetlerinize uyum sağlayan esnek ve avantajlı finansman çözümlerinden faydalanın! Firmanıza özel finansman çözümleri Ticari faaliyetlerinize uygun esnek finansman seçeneklerind …;;;;v2
hayat-finans--finansmanlar-is-ticari-finansman;hayat-finans;indirim_orani;;;;;Ticari Finansman Firmanıza özel, ticari faaliyetlerinize uyum sağlayan esnek ve avantajlı finansman çözümlerinden faydalanın! Firmanıza özel finansman çözümleri Ticari faaliyetlerinize uygun esnek finansman seçeneklerind …;;;;v2
hayat-finans--finansmanlar-is-ticari-finansman;hayat-finans;alisveris_puani;;;;;Ticari Finansman Firmanıza özel, ticari faaliyetlerinize uyum sağlayan esnek ve avantajlı finansman çözümlerinden faydalanın! Firmanıza özel finansman çözümleri Ticari faaliyetlerinize uygun esnek finansman seçeneklerind …;;;;v2
hayat-finans--finansmanlar-is-ticari-finansman;hayat-finans;kampanya_suresi;;;;;Ticari Finansman Firmanıza özel, ticari faaliyetlerinize uyum sağlayan esnek ve avantajlı finansman çözümlerinden faydalanın! Firmanıza özel finansman çözümleri Ticari faaliyetlerinize uygun esnek finansman seçeneklerind …;;;;v2
hayat-finans--finansmanlar-is-ticari-finansman;hayat-finans;hedef_kitle;;;;;Ticari Finansman Firmanıza özel, ticari faaliyetlerinize uyum sağlayan esnek ve avantajlı finansman çözümlerinden faydalanın! Firmanıza özel finansman çözümleri Ticari faaliyetlerinize uygun esnek finansman seçeneklerind …;;;;v2
hayat-finans--hesaplar-katilma-hesabi;hayat-finans;kar_payi_orani;;;;;Katılma Hesabı Tasarruflarınız aynı gün değerlenmeye başlasın! Katılma Hesabı ile vade sonunda kâr-zarar ortaklığı ile paylaşılan getiri sayesinde birikimlerinize değer katabilirsiniz. Katılma Hesabı Nedir? Önceden belir …;;;;v2
hayat-finans--hesaplar-katilma-hesabi;hayat-finans;taksit_sayisi;;;;;Katılma Hesabı Tasarruflarınız aynı gün değerlenmeye başlasın! Katılma Hesabı ile vade sonunda kâr-zarar ortaklığı ile paylaşılan getiri sayesinde birikimlerinize değer katabilirsiniz. Katılma Hesabı Nedir? Önceden belir …;;;;v2
hayat-finans--hesaplar-katilma-hesabi;hayat-finans;tahsis_ucreti;;;;;Katılma Hesabı Tasarruflarınız aynı gün değerlenmeye başlasın! Katılma Hesabı ile vade sonunda kâr-zarar ortaklığı ile paylaşılan getiri sayesinde birikimlerinize değer katabilirsiniz. Katılma Hesabı Nedir? Önceden belir …;;;;v2
hayat-finans--hesaplar-katilma-hesabi;hayat-finans;masraf_durumu;;;;;Katılma Hesabı Tasarruflarınız aynı gün değerlenmeye başlasın! Katılma Hesabı ile vade sonunda kâr-zarar ortaklığı ile paylaşılan getiri sayesinde birikimlerinize değer katabilirsiniz. Katılma Hesabı Nedir? Önceden belir …;;;;v2
hayat-finans--hesaplar-katilma-hesabi;hayat-finans;odul_miktari;;;;;Katılma Hesabı Tasarruflarınız aynı gün değerlenmeye başlasın! Katılma Hesabı ile vade sonunda kâr-zarar ortaklığı ile paylaşılan getiri sayesinde birikimlerinize değer katabilirsiniz. Katılma Hesabı Nedir? Önceden belir …;;;;v2
hayat-finans--hesaplar-katilma-hesabi;hayat-finans;indirim_orani;;;;;Katılma Hesabı Tasarruflarınız aynı gün değerlenmeye başlasın! Katılma Hesabı ile vade sonunda kâr-zarar ortaklığı ile paylaşılan getiri sayesinde birikimlerinize değer katabilirsiniz. Katılma Hesabı Nedir? Önceden belir …;;;;v2
hayat-finans--hesaplar-katilma-hesabi;hayat-finans;alisveris_puani;;;;;Katılma Hesabı Tasarruflarınız aynı gün değerlenmeye başlasın! Katılma Hesabı ile vade sonunda kâr-zarar ortaklığı ile paylaşılan getiri sayesinde birikimlerinize değer katabilirsiniz. Katılma Hesabı Nedir? Önceden belir …;;;;v2
hayat-finans--hesaplar-katilma-hesabi;hayat-finans;kampanya_suresi;;;;;Katılma Hesabı Tasarruflarınız aynı gün değerlenmeye başlasın! Katılma Hesabı ile vade sonunda kâr-zarar ortaklığı ile paylaşılan getiri sayesinde birikimlerinize değer katabilirsiniz. Katılma Hesabı Nedir? Önceden belir …;;;;v2
hayat-finans--hesaplar-katilma-hesabi;hayat-finans;hedef_kitle;;;;;Katılma Hesabı Tasarruflarınız aynı gün değerlenmeye başlasın! Katılma Hesabı ile vade sonunda kâr-zarar ortaklığı ile paylaşılan getiri sayesinde birikimlerinize değer katabilirsiniz. Katılma Hesabı Nedir? Önceden belir …;;;;v2
hayat-finans--kampanyalar-avantajli-hesap-musterilerine-ozel-fx-dar-makas-avantaji;hayat-finans;kar_payi_orani;;;;;Avantajlı Hesap Müşterilerine Özel FX Dar Makas Avantajı! Kampanya dönemi içerisinde Avantajlı Hesap açan bireysel müşteriler, Hayat FX üzerinden gerçekleştirecekleri işlemlerde 5.000 USD veya karşılığı işlem hacmine kad …;;;;v2
hayat-finans--kampanyalar-avantajli-hesap-musterilerine-ozel-fx-dar-makas-avantaji;hayat-finans;finansman_tutari;;;;;Avantajlı Hesap Müşterilerine Özel FX Dar Makas Avantajı! Kampanya dönemi içerisinde Avantajlı Hesap açan bireysel müşteriler, Hayat FX üzerinden gerçekleştirecekleri işlemlerde 5.000 USD veya karşılığı işlem hacmine kad …;;;;v2
hayat-finans--kampanyalar-avantajli-hesap-musterilerine-ozel-fx-dar-makas-avantaji;hayat-finans;vade_ay;;;;;Avantajlı Hesap Müşterilerine Özel FX Dar Makas Avantajı! Kampanya dönemi içerisinde Avantajlı Hesap açan bireysel müşteriler, Hayat FX üzerinden gerçekleştirecekleri işlemlerde 5.000 USD veya karşılığı işlem hacmine kad …;;;;v2
hayat-finans--kampanyalar-avantajli-hesap-musterilerine-ozel-fx-dar-makas-avantaji;hayat-finans;taksit_sayisi;;;;;Avantajlı Hesap Müşterilerine Özel FX Dar Makas Avantajı! Kampanya dönemi içerisinde Avantajlı Hesap açan bireysel müşteriler, Hayat FX üzerinden gerçekleştirecekleri işlemlerde 5.000 USD veya karşılığı işlem hacmine kad …;;;;v2
hayat-finans--kampanyalar-avantajli-hesap-musterilerine-ozel-fx-dar-makas-avantaji;hayat-finans;tahsis_ucreti;;;;;Avantajlı Hesap Müşterilerine Özel FX Dar Makas Avantajı! Kampanya dönemi içerisinde Avantajlı Hesap açan bireysel müşteriler, Hayat FX üzerinden gerçekleştirecekleri işlemlerde 5.000 USD veya karşılığı işlem hacmine kad …;;;;v2
hayat-finans--kampanyalar-avantajli-hesap-musterilerine-ozel-fx-dar-makas-avantaji;hayat-finans;masraf_durumu;;;;;Avantajlı Hesap Müşterilerine Özel FX Dar Makas Avantajı! Kampanya dönemi içerisinde Avantajlı Hesap açan bireysel müşteriler, Hayat FX üzerinden gerçekleştirecekleri işlemlerde 5.000 USD veya karşılığı işlem hacmine kad …;;;;v2
hayat-finans--kampanyalar-avantajli-hesap-musterilerine-ozel-fx-dar-makas-avantaji;hayat-finans;odul_miktari;;;;;Avantajlı Hesap Müşterilerine Özel FX Dar Makas Avantajı! Kampanya dönemi içerisinde Avantajlı Hesap açan bireysel müşteriler, Hayat FX üzerinden gerçekleştirecekleri işlemlerde 5.000 USD veya karşılığı işlem hacmine kad …;;;;v2
hayat-finans--kampanyalar-avantajli-hesap-musterilerine-ozel-fx-dar-makas-avantaji;hayat-finans;indirim_orani;;;;;Avantajlı Hesap Müşterilerine Özel FX Dar Makas Avantajı! Kampanya dönemi içerisinde Avantajlı Hesap açan bireysel müşteriler, Hayat FX üzerinden gerçekleştirecekleri işlemlerde 5.000 USD veya karşılığı işlem hacmine kad …;;;;v2
hayat-finans--kampanyalar-avantajli-hesap-musterilerine-ozel-fx-dar-makas-avantaji;hayat-finans;alisveris_puani;;;;;Avantajlı Hesap Müşterilerine Özel FX Dar Makas Avantajı! Kampanya dönemi içerisinde Avantajlı Hesap açan bireysel müşteriler, Hayat FX üzerinden gerçekleştirecekleri işlemlerde 5.000 USD veya karşılığı işlem hacmine kad …;;;;v2
hayat-finans--kampanyalar-avantajli-hesap-musterilerine-ozel-fx-dar-makas-avantaji;hayat-finans;hedef_kitle;;;;;Avantajlı Hesap Müşterilerine Özel FX Dar Makas Avantajı! Kampanya dönemi içerisinde Avantajlı Hesap açan bireysel müşteriler, Hayat FX üzerinden gerçekleştirecekleri işlemlerde 5.000 USD veya karşılığı işlem hacmine kad …;;;;v2
hayat-finans--krediler;hayat-finans;kar_payi_orani;;;;;Krediler Bana Bunu Al Avantajlı oranlar ve uygun ödeme planlarıyla hayatınızı kolaylaştırın. Bana Bunu Al İş Ortağım Anlaşmalı bayilerimiz aracılığıyla Bankamızdan kredi (finansman) desteği sağlamak çok hızlı ve kolay! E …;;;;v2
hayat-finans--krediler;hayat-finans;finansman_tutari;;;;;Krediler Bana Bunu Al Avantajlı oranlar ve uygun ödeme planlarıyla hayatınızı kolaylaştırın. Bana Bunu Al İş Ortağım Anlaşmalı bayilerimiz aracılığıyla Bankamızdan kredi (finansman) desteği sağlamak çok hızlı ve kolay! E …;;;;v2
hayat-finans--krediler;hayat-finans;vade_ay;;;;;Krediler Bana Bunu Al Avantajlı oranlar ve uygun ödeme planlarıyla hayatınızı kolaylaştırın. Bana Bunu Al İş Ortağım Anlaşmalı bayilerimiz aracılığıyla Bankamızdan kredi (finansman) desteği sağlamak çok hızlı ve kolay! E …;;;;v2
hayat-finans--krediler;hayat-finans;taksit_sayisi;;;;;Krediler Bana Bunu Al Avantajlı oranlar ve uygun ödeme planlarıyla hayatınızı kolaylaştırın. Bana Bunu Al İş Ortağım Anlaşmalı bayilerimiz aracılığıyla Bankamızdan kredi (finansman) desteği sağlamak çok hızlı ve kolay! E …;;;;v2
hayat-finans--krediler;hayat-finans;tahsis_ucreti;;;;;Krediler Bana Bunu Al Avantajlı oranlar ve uygun ödeme planlarıyla hayatınızı kolaylaştırın. Bana Bunu Al İş Ortağım Anlaşmalı bayilerimiz aracılığıyla Bankamızdan kredi (finansman) desteği sağlamak çok hızlı ve kolay! E …;;;;v2
hayat-finans--krediler;hayat-finans;masraf_durumu;;;;;Krediler Bana Bunu Al Avantajlı oranlar ve uygun ödeme planlarıyla hayatınızı kolaylaştırın. Bana Bunu Al İş Ortağım Anlaşmalı bayilerimiz aracılığıyla Bankamızdan kredi (finansman) desteği sağlamak çok hızlı ve kolay! E …;;;;v2
hayat-finans--krediler;hayat-finans;odul_miktari;;;;;Krediler Bana Bunu Al Avantajlı oranlar ve uygun ödeme planlarıyla hayatınızı kolaylaştırın. Bana Bunu Al İş Ortağım Anlaşmalı bayilerimiz aracılığıyla Bankamızdan kredi (finansman) desteği sağlamak çok hızlı ve kolay! E …;;;;v2
hayat-finans--krediler;hayat-finans;indirim_orani;;;;;Krediler Bana Bunu Al Avantajlı oranlar ve uygun ödeme planlarıyla hayatınızı kolaylaştırın. Bana Bunu Al İş Ortağım Anlaşmalı bayilerimiz aracılığıyla Bankamızdan kredi (finansman) desteği sağlamak çok hızlı ve kolay! E …;;;;v2
hayat-finans--krediler;hayat-finans;alisveris_puani;;;;;Krediler Bana Bunu Al Avantajlı oranlar ve uygun ödeme planlarıyla hayatınızı kolaylaştırın. Bana Bunu Al İş Ortağım Anlaşmalı bayilerimiz aracılığıyla Bankamızdan kredi (finansman) desteği sağlamak çok hızlı ve kolay! E …;;;;v2
hayat-finans--krediler;hayat-finans;kampanya_suresi;;;;;Krediler Bana Bunu Al Avantajlı oranlar ve uygun ödeme planlarıyla hayatınızı kolaylaştırın. Bana Bunu Al İş Ortağım Anlaşmalı bayilerimiz aracılığıyla Bankamızdan kredi (finansman) desteği sağlamak çok hızlı ve kolay! E …;;;;v2
hayat-finans--krediler;hayat-finans;kampanya_kosullari;;;;;Krediler Bana Bunu Al Avantajlı oranlar ve uygun ödeme planlarıyla hayatınızı kolaylaştırın. Bana Bunu Al İş Ortağım Anlaşmalı bayilerimiz aracılığıyla Bankamızdan kredi (finansman) desteği sağlamak çok hızlı ve kolay! E …;;;;v2
hayat-finans--krediler;hayat-finans;hedef_kitle;;;;;Krediler Bana Bunu Al Avantajlı oranlar ve uygun ödeme planlarıyla hayatınızı kolaylaştırın. Bana Bunu Al İş Ortağım Anlaşmalı bayilerimiz aracılığıyla Bankamızdan kredi (finansman) desteği sağlamak çok hızlı ve kolay! E …;;;;v2
kuveyt-turk--altin-hesaplari-altina-altin-katilma-hesabi;kuveyt-turk;finansman_tutari;;;;;Ana Sayfa Kendim İçin Altın Bankacılığı Altın Hesapları Altına Altın Katılma Hesabı Altın Cari Hesabı Çeyrek Altın Hesabı Altına Altın Katılma Hesabı Ziynet Altın Katılma Hesabı Birikimli Altın Katılma Hesabı Altına Altı …;;;;v2
kuveyt-turk--altin-hesaplari-altina-altin-katilma-hesabi;kuveyt-turk;taksit_sayisi;;;;;Ana Sayfa Kendim İçin Altın Bankacılığı Altın Hesapları Altına Altın Katılma Hesabı Altın Cari Hesabı Çeyrek Altın Hesabı Altına Altın Katılma Hesabı Ziynet Altın Katılma Hesabı Birikimli Altın Katılma Hesabı Altına Altı …;;;;v2
kuveyt-turk--altin-hesaplari-altina-altin-katilma-hesabi;kuveyt-turk;tahsis_ucreti;;;;;Ana Sayfa Kendim İçin Altın Bankacılığı Altın Hesapları Altına Altın Katılma Hesabı Altın Cari Hesabı Çeyrek Altın Hesabı Altına Altın Katılma Hesabı Ziynet Altın Katılma Hesabı Birikimli Altın Katılma Hesabı Altına Altı …;;;;v2
kuveyt-turk--altin-hesaplari-altina-altin-katilma-hesabi;kuveyt-turk;masraf_durumu;;;;;Ana Sayfa Kendim İçin Altın Bankacılığı Altın Hesapları Altına Altın Katılma Hesabı Altın Cari Hesabı Çeyrek Altın Hesabı Altına Altın Katılma Hesabı Ziynet Altın Katılma Hesabı Birikimli Altın Katılma Hesabı Altına Altı …;;;;v2
kuveyt-turk--altin-hesaplari-altina-altin-katilma-hesabi;kuveyt-turk;odul_miktari;;;;;Ana Sayfa Kendim İçin Altın Bankacılığı Altın Hesapları Altına Altın Katılma Hesabı Altın Cari Hesabı Çeyrek Altın Hesabı Altına Altın Katılma Hesabı Ziynet Altın Katılma Hesabı Birikimli Altın Katılma Hesabı Altına Altı …;;;;v2
kuveyt-turk--altin-hesaplari-altina-altin-katilma-hesabi;kuveyt-turk;indirim_orani;;;;;Ana Sayfa Kendim İçin Altın Bankacılığı Altın Hesapları Altına Altın Katılma Hesabı Altın Cari Hesabı Çeyrek Altın Hesabı Altına Altın Katılma Hesabı Ziynet Altın Katılma Hesabı Birikimli Altın Katılma Hesabı Altına Altı …;;;;v2
kuveyt-turk--altin-hesaplari-altina-altin-katilma-hesabi;kuveyt-turk;alisveris_puani;;;;;Ana Sayfa Kendim İçin Altın Bankacılığı Altın Hesapları Altına Altın Katılma Hesabı Altın Cari Hesabı Çeyrek Altın Hesabı Altına Altın Katılma Hesabı Ziynet Altın Katılma Hesabı Birikimli Altın Katılma Hesabı Altına Altı …;;;;v2
kuveyt-turk--altin-hesaplari-altina-altin-katilma-hesabi;kuveyt-turk;kampanya_suresi;;;;;Ana Sayfa Kendim İçin Altın Bankacılığı Altın Hesapları Altına Altın Katılma Hesabı Altın Cari Hesabı Çeyrek Altın Hesabı Altına Altın Katılma Hesabı Ziynet Altın Katılma Hesabı Birikimli Altın Katılma Hesabı Altına Altı …;;;;v2
kuveyt-turk--altin-hesaplari-altina-altin-katilma-hesabi;kuveyt-turk;hedef_kitle;;;;;Ana Sayfa Kendim İçin Altın Bankacılığı Altın Hesapları Altına Altın Katılma Hesabı Altın Cari Hesabı Çeyrek Altın Hesabı Altına Altın Katılma Hesabı Ziynet Altın Katılma Hesabı Birikimli Altın Katılma Hesabı Altına Altı …;;;;v2
kuveyt-turk--altin-hesaplari-birikimli-altin-katilma-hesabi;kuveyt-turk;kar_payi_orani;;;;;Ana Sayfa Kendim İçin Altın Bankacılığı Altın Hesapları Birikimli Altın Katılma Hesabı Altın Cari Hesabı Çeyrek Altın Hesabı Altına Altın Katılma Hesabı Ziynet Altın Katılma Hesabı Birikimli Altın Katılma Hesabı Birikiml …;;;;v2
kuveyt-turk--altin-hesaplari-birikimli-altin-katilma-hesabi;kuveyt-turk;finansman_tutari;;;;;Ana Sayfa Kendim İçin Altın Bankacılığı Altın Hesapları Birikimli Altın Katılma Hesabı Altın Cari Hesabı Çeyrek Altın Hesabı Altına Altın Katılma Hesabı Ziynet Altın Katılma Hesabı Birikimli Altın Katılma Hesabı Birikiml …;;;;v2
kuveyt-turk--altin-hesaplari-birikimli-altin-katilma-hesabi;kuveyt-turk;taksit_sayisi;;;;;Ana Sayfa Kendim İçin Altın Bankacılığı Altın Hesapları Birikimli Altın Katılma Hesabı Altın Cari Hesabı Çeyrek Altın Hesabı Altına Altın Katılma Hesabı Ziynet Altın Katılma Hesabı Birikimli Altın Katılma Hesabı Birikiml …;;;;v2
kuveyt-turk--altin-hesaplari-birikimli-altin-katilma-hesabi;kuveyt-turk;tahsis_ucreti;;;;;Ana Sayfa Kendim İçin Altın Bankacılığı Altın Hesapları Birikimli Altın Katılma Hesabı Altın Cari Hesabı Çeyrek Altın Hesabı Altına Altın Katılma Hesabı Ziynet Altın Katılma Hesabı Birikimli Altın Katılma Hesabı Birikiml …;;;;v2
kuveyt-turk--altin-hesaplari-birikimli-altin-katilma-hesabi;kuveyt-turk;masraf_durumu;;;;;Ana Sayfa Kendim İçin Altın Bankacılığı Altın Hesapları Birikimli Altın Katılma Hesabı Altın Cari Hesabı Çeyrek Altın Hesabı Altına Altın Katılma Hesabı Ziynet Altın Katılma Hesabı Birikimli Altın Katılma Hesabı Birikiml …;;;;v2
kuveyt-turk--altin-hesaplari-birikimli-altin-katilma-hesabi;kuveyt-turk;odul_miktari;;;;;Ana Sayfa Kendim İçin Altın Bankacılığı Altın Hesapları Birikimli Altın Katılma Hesabı Altın Cari Hesabı Çeyrek Altın Hesabı Altına Altın Katılma Hesabı Ziynet Altın Katılma Hesabı Birikimli Altın Katılma Hesabı Birikiml …;;;;v2
kuveyt-turk--altin-hesaplari-birikimli-altin-katilma-hesabi;kuveyt-turk;indirim_orani;;;;;Ana Sayfa Kendim İçin Altın Bankacılığı Altın Hesapları Birikimli Altın Katılma Hesabı Altın Cari Hesabı Çeyrek Altın Hesabı Altına Altın Katılma Hesabı Ziynet Altın Katılma Hesabı Birikimli Altın Katılma Hesabı Birikiml …;;;;v2
kuveyt-turk--altin-hesaplari-birikimli-altin-katilma-hesabi;kuveyt-turk;alisveris_puani;;;;;Ana Sayfa Kendim İçin Altın Bankacılığı Altın Hesapları Birikimli Altın Katılma Hesabı Altın Cari Hesabı Çeyrek Altın Hesabı Altına Altın Katılma Hesabı Ziynet Altın Katılma Hesabı Birikimli Altın Katılma Hesabı Birikiml …;;;;v2
kuveyt-turk--altin-hesaplari-birikimli-altin-katilma-hesabi;kuveyt-turk;kampanya_suresi;;;;;Ana Sayfa Kendim İçin Altın Bankacılığı Altın Hesapları Birikimli Altın Katılma Hesabı Altın Cari Hesabı Çeyrek Altın Hesabı Altına Altın Katılma Hesabı Ziynet Altın Katılma Hesabı Birikimli Altın Katılma Hesabı Birikiml …;;;;v2
kuveyt-turk--altin-hesaplari-birikimli-altin-katilma-hesabi;kuveyt-turk;hedef_kitle;;;;;Ana Sayfa Kendim İçin Altın Bankacılığı Altın Hesapları Birikimli Altın Katılma Hesabı Altın Cari Hesabı Çeyrek Altın Hesabı Altına Altın Katılma Hesabı Ziynet Altın Katılma Hesabı Birikimli Altın Katılma Hesabı Birikiml …;;;;v2
kuveyt-turk--altin-hesaplari-ziynet-altin-katilma-hesabi;kuveyt-turk;kar_payi_orani;;;;;Ana Sayfa Kendim İçin Altın Bankacılığı Altın Hesapları Ziynet Altın Katılma Hesabı Altın Cari Hesabı Çeyrek Altın Hesabı Altına Altın Katılma Hesabı Ziynet Altın Katılma Hesabı Birikimli Altın Katılma Hesabı Ziynet Altı …;;;;v2
kuveyt-turk--altin-hesaplari-ziynet-altin-katilma-hesabi;kuveyt-turk;finansman_tutari;;;;;Ana Sayfa Kendim İçin Altın Bankacılığı Altın Hesapları Ziynet Altın Katılma Hesabı Altın Cari Hesabı Çeyrek Altın Hesabı Altına Altın Katılma Hesabı Ziynet Altın Katılma Hesabı Birikimli Altın Katılma Hesabı Ziynet Altı …;;;;v2
kuveyt-turk--altin-hesaplari-ziynet-altin-katilma-hesabi;kuveyt-turk;taksit_sayisi;;;;;Ana Sayfa Kendim İçin Altın Bankacılığı Altın Hesapları Ziynet Altın Katılma Hesabı Altın Cari Hesabı Çeyrek Altın Hesabı Altına Altın Katılma Hesabı Ziynet Altın Katılma Hesabı Birikimli Altın Katılma Hesabı Ziynet Altı …;;;;v2
kuveyt-turk--altin-hesaplari-ziynet-altin-katilma-hesabi;kuveyt-turk;tahsis_ucreti;;;;;Ana Sayfa Kendim İçin Altın Bankacılığı Altın Hesapları Ziynet Altın Katılma Hesabı Altın Cari Hesabı Çeyrek Altın Hesabı Altına Altın Katılma Hesabı Ziynet Altın Katılma Hesabı Birikimli Altın Katılma Hesabı Ziynet Altı …;;;;v2
kuveyt-turk--altin-hesaplari-ziynet-altin-katilma-hesabi;kuveyt-turk;masraf_durumu;;;;;Ana Sayfa Kendim İçin Altın Bankacılığı Altın Hesapları Ziynet Altın Katılma Hesabı Altın Cari Hesabı Çeyrek Altın Hesabı Altına Altın Katılma Hesabı Ziynet Altın Katılma Hesabı Birikimli Altın Katılma Hesabı Ziynet Altı …;;;;v2
kuveyt-turk--altin-hesaplari-ziynet-altin-katilma-hesabi;kuveyt-turk;odul_miktari;;;;;Ana Sayfa Kendim İçin Altın Bankacılığı Altın Hesapları Ziynet Altın Katılma Hesabı Altın Cari Hesabı Çeyrek Altın Hesabı Altına Altın Katılma Hesabı Ziynet Altın Katılma Hesabı Birikimli Altın Katılma Hesabı Ziynet Altı …;;;;v2
kuveyt-turk--altin-hesaplari-ziynet-altin-katilma-hesabi;kuveyt-turk;indirim_orani;;;;;Ana Sayfa Kendim İçin Altın Bankacılığı Altın Hesapları Ziynet Altın Katılma Hesabı Altın Cari Hesabı Çeyrek Altın Hesabı Altına Altın Katılma Hesabı Ziynet Altın Katılma Hesabı Birikimli Altın Katılma Hesabı Ziynet Altı …;;;;v2
kuveyt-turk--altin-hesaplari-ziynet-altin-katilma-hesabi;kuveyt-turk;alisveris_puani;;;;;Ana Sayfa Kendim İçin Altın Bankacılığı Altın Hesapları Ziynet Altın Katılma Hesabı Altın Cari Hesabı Çeyrek Altın Hesabı Altına Altın Katılma Hesabı Ziynet Altın Katılma Hesabı Birikimli Altın Katılma Hesabı Ziynet Altı …;;;;v2
kuveyt-turk--altin-hesaplari-ziynet-altin-katilma-hesabi;kuveyt-turk;kampanya_suresi;;;;;Ana Sayfa Kendim İçin Altın Bankacılığı Altın Hesapları Ziynet Altın Katılma Hesabı Altın Cari Hesabı Çeyrek Altın Hesabı Altına Altın Katılma Hesabı Ziynet Altın Katılma Hesabı Birikimli Altın Katılma Hesabı Ziynet Altı …;;;;v2
kuveyt-turk--altin-hesaplari-ziynet-altin-katilma-hesabi;kuveyt-turk;hedef_kitle;;;;;Ana Sayfa Kendim İçin Altın Bankacılığı Altın Hesapları Ziynet Altın Katılma Hesabı Altın Cari Hesabı Çeyrek Altın Hesabı Altına Altın Katılma Hesabı Ziynet Altın Katılma Hesabı Birikimli Altın Katılma Hesabı Ziynet Altı …;;;;v2
kuveyt-turk--biz-bize-ozel-kur-avantajii;kuveyt-turk;kar_payi_orani;;;;;Ana Sayfa Kendim İçin Biz Bize Bankacılık Biz Bize Özel Kur Avantajı Biz Bize'ye Özel 1.000 Mil Hoş Geldin Avantajı Ücretsiz HGS Etiketi Avantajı Biz Bize'ye Özel BES'te Ek Katkı Avantajı Özel Kur Avantajı Yurt Dışı Seya …;;;;v2
kuveyt-turk--biz-bize-ozel-kur-avantajii;kuveyt-turk;finansman_tutari;;;;;Ana Sayfa Kendim İçin Biz Bize Bankacılık Biz Bize Özel Kur Avantajı Biz Bize'ye Özel 1.000 Mil Hoş Geldin Avantajı Ücretsiz HGS Etiketi Avantajı Biz Bize'ye Özel BES'te Ek Katkı Avantajı Özel Kur Avantajı Yurt Dışı Seya …;;;;v2
kuveyt-turk--biz-bize-ozel-kur-avantajii;kuveyt-turk;taksit_sayisi;;;;;Ana Sayfa Kendim İçin Biz Bize Bankacılık Biz Bize Özel Kur Avantajı Biz Bize'ye Özel 1.000 Mil Hoş Geldin Avantajı Ücretsiz HGS Etiketi Avantajı Biz Bize'ye Özel BES'te Ek Katkı Avantajı Özel Kur Avantajı Yurt Dışı Seya …;;;;v2
kuveyt-turk--biz-bize-ozel-kur-avantajii;kuveyt-turk;tahsis_ucreti;;;;;Ana Sayfa Kendim İçin Biz Bize Bankacılık Biz Bize Özel Kur Avantajı Biz Bize'ye Özel 1.000 Mil Hoş Geldin Avantajı Ücretsiz HGS Etiketi Avantajı Biz Bize'ye Özel BES'te Ek Katkı Avantajı Özel Kur Avantajı Yurt Dışı Seya …;;;;v2
kuveyt-turk--biz-bize-ozel-kur-avantajii;kuveyt-turk;odul_miktari;;;;;Ana Sayfa Kendim İçin Biz Bize Bankacılık Biz Bize Özel Kur Avantajı Biz Bize'ye Özel 1.000 Mil Hoş Geldin Avantajı Ücretsiz HGS Etiketi Avantajı Biz Bize'ye Özel BES'te Ek Katkı Avantajı Özel Kur Avantajı Yurt Dışı Seya …;;;;v2
kuveyt-turk--biz-bize-ozel-kur-avantajii;kuveyt-turk;indirim_orani;;;;;Ana Sayfa Kendim İçin Biz Bize Bankacılık Biz Bize Özel Kur Avantajı Biz Bize'ye Özel 1.000 Mil Hoş Geldin Avantajı Ücretsiz HGS Etiketi Avantajı Biz Bize'ye Özel BES'te Ek Katkı Avantajı Özel Kur Avantajı Yurt Dışı Seya …;;;;v2
kuveyt-turk--biz-bize-ozel-kur-avantajii;kuveyt-turk;alisveris_puani;;;;;Ana Sayfa Kendim İçin Biz Bize Bankacılık Biz Bize Özel Kur Avantajı Biz Bize'ye Özel 1.000 Mil Hoş Geldin Avantajı Ücretsiz HGS Etiketi Avantajı Biz Bize'ye Özel BES'te Ek Katkı Avantajı Özel Kur Avantajı Yurt Dışı Seya …;;;;v2
kuveyt-turk--biz-bize-ozel-kur-avantajii;kuveyt-turk;kampanya_suresi;;;;;Ana Sayfa Kendim İçin Biz Bize Bankacılık Biz Bize Özel Kur Avantajı Biz Bize'ye Özel 1.000 Mil Hoş Geldin Avantajı Ücretsiz HGS Etiketi Avantajı Biz Bize'ye Özel BES'te Ek Katkı Avantajı Özel Kur Avantajı Yurt Dışı Seya …;;;;v2
kuveyt-turk--biz-bize-plus-biz-bize-plusa-ozel-2000-mil-hos-geldin-avantaji;kuveyt-turk;kar_payi_orani;;;;;Ana Sayfa Kendim İçin Biz Bize Bankacılık Biz Bize Plus Biz Bize Plus'a Özel 2.000 Mil Hoş Geldin Avantajı Harcadıkça Mil Kazandıran Miles&Smiles Kredi Kartı Ücretsiz! Biz Bize Plus'a Özel 2.000 Mil Hoş Geldin Avantajı B …;;;;v2
kuveyt-turk--biz-bize-plus-biz-bize-plusa-ozel-2000-mil-hos-geldin-avantaji;kuveyt-turk;finansman_tutari;;;;;Ana Sayfa Kendim İçin Biz Bize Bankacılık Biz Bize Plus Biz Bize Plus'a Özel 2.000 Mil Hoş Geldin Avantajı Harcadıkça Mil Kazandıran Miles&Smiles Kredi Kartı Ücretsiz! Biz Bize Plus'a Özel 2.000 Mil Hoş Geldin Avantajı B …;;;;v2
kuveyt-turk--biz-bize-plus-biz-bize-plusa-ozel-2000-mil-hos-geldin-avantaji;kuveyt-turk;taksit_sayisi;;;;;Ana Sayfa Kendim İçin Biz Bize Bankacılık Biz Bize Plus Biz Bize Plus'a Özel 2.000 Mil Hoş Geldin Avantajı Harcadıkça Mil Kazandıran Miles&Smiles Kredi Kartı Ücretsiz! Biz Bize Plus'a Özel 2.000 Mil Hoş Geldin Avantajı B …;;;;v2
kuveyt-turk--biz-bize-plus-biz-bize-plusa-ozel-2000-mil-hos-geldin-avantaji;kuveyt-turk;tahsis_ucreti;;;;;Ana Sayfa Kendim İçin Biz Bize Bankacılık Biz Bize Plus Biz Bize Plus'a Özel 2.000 Mil Hoş Geldin Avantajı Harcadıkça Mil Kazandıran Miles&Smiles Kredi Kartı Ücretsiz! Biz Bize Plus'a Özel 2.000 Mil Hoş Geldin Avantajı B …;;;;v2
kuveyt-turk--biz-bize-plus-biz-bize-plusa-ozel-2000-mil-hos-geldin-avantaji;kuveyt-turk;odul_miktari;;;;;Ana Sayfa Kendim İçin Biz Bize Bankacılık Biz Bize Plus Biz Bize Plus'a Özel 2.000 Mil Hoş Geldin Avantajı Harcadıkça Mil Kazandıran Miles&Smiles Kredi Kartı Ücretsiz! Biz Bize Plus'a Özel 2.000 Mil Hoş Geldin Avantajı B …;;;;v2
kuveyt-turk--biz-bize-plus-biz-bize-plusa-ozel-2000-mil-hos-geldin-avantaji;kuveyt-turk;indirim_orani;;;;;Ana Sayfa Kendim İçin Biz Bize Bankacılık Biz Bize Plus Biz Bize Plus'a Özel 2.000 Mil Hoş Geldin Avantajı Harcadıkça Mil Kazandıran Miles&Smiles Kredi Kartı Ücretsiz! Biz Bize Plus'a Özel 2.000 Mil Hoş Geldin Avantajı B …;;;;v2
kuveyt-turk--biz-bize-plus-biz-bize-plusa-ozel-2000-mil-hos-geldin-avantaji;kuveyt-turk;alisveris_puani;;;;;Ana Sayfa Kendim İçin Biz Bize Bankacılık Biz Bize Plus Biz Bize Plus'a Özel 2.000 Mil Hoş Geldin Avantajı Harcadıkça Mil Kazandıran Miles&Smiles Kredi Kartı Ücretsiz! Biz Bize Plus'a Özel 2.000 Mil Hoş Geldin Avantajı B …;;;;v2
kuveyt-turk--biz-bize-plus-biz-bize-plusa-ozel-2000-mil-hos-geldin-avantaji;kuveyt-turk;kampanya_suresi;;;;;Ana Sayfa Kendim İçin Biz Bize Bankacılık Biz Bize Plus Biz Bize Plus'a Özel 2.000 Mil Hoş Geldin Avantajı Harcadıkça Mil Kazandıran Miles&Smiles Kredi Kartı Ücretsiz! Biz Bize Plus'a Özel 2.000 Mil Hoş Geldin Avantajı B …;;;;v2
kuveyt-turk--biz-bize-plus-finansmanlarda-size-ozel-oranlar;kuveyt-turk;kar_payi_orani;;;;;Ana Sayfa Kendim İçin Biz Bize Bankacılık Biz Bize Plus Finansmanlarda Size Özel Oranlar Harcadıkça Mil Kazandıran Miles&Smiles Kredi Kartı Ücretsiz! Biz Bize Plus'a Özel 2.000 Mil Hoş Geldin Avantajı Biz Bize Plus Müşte …;;;;v2
kuveyt-turk--biz-bize-plus-finansmanlarda-size-ozel-oranlar;kuveyt-turk;finansman_tutari;;;;;Ana Sayfa Kendim İçin Biz Bize Bankacılık Biz Bize Plus Finansmanlarda Size Özel Oranlar Harcadıkça Mil Kazandıran Miles&Smiles Kredi Kartı Ücretsiz! Biz Bize Plus'a Özel 2.000 Mil Hoş Geldin Avantajı Biz Bize Plus Müşte …;;;;v2
kuveyt-turk--biz-bize-plus-finansmanlarda-size-ozel-oranlar;kuveyt-turk;taksit_sayisi;;;;;Ana Sayfa Kendim İçin Biz Bize Bankacılık Biz Bize Plus Finansmanlarda Size Özel Oranlar Harcadıkça Mil Kazandıran Miles&Smiles Kredi Kartı Ücretsiz! Biz Bize Plus'a Özel 2.000 Mil Hoş Geldin Avantajı Biz Bize Plus Müşte …;;;;v2
kuveyt-turk--biz-bize-plus-finansmanlarda-size-ozel-oranlar;kuveyt-turk;tahsis_ucreti;;;;;Ana Sayfa Kendim İçin Biz Bize Bankacılık Biz Bize Plus Finansmanlarda Size Özel Oranlar Harcadıkça Mil Kazandıran Miles&Smiles Kredi Kartı Ücretsiz! Biz Bize Plus'a Özel 2.000 Mil Hoş Geldin Avantajı Biz Bize Plus Müşte …;;;;v2
kuveyt-turk--biz-bize-plus-finansmanlarda-size-ozel-oranlar;kuveyt-turk;odul_miktari;;;;;Ana Sayfa Kendim İçin Biz Bize Bankacılık Biz Bize Plus Finansmanlarda Size Özel Oranlar Harcadıkça Mil Kazandıran Miles&Smiles Kredi Kartı Ücretsiz! Biz Bize Plus'a Özel 2.000 Mil Hoş Geldin Avantajı Biz Bize Plus Müşte …;;;;v2
kuveyt-turk--biz-bize-plus-finansmanlarda-size-ozel-oranlar;kuveyt-turk;indirim_orani;;;;;Ana Sayfa Kendim İçin Biz Bize Bankacılık Biz Bize Plus Finansmanlarda Size Özel Oranlar Harcadıkça Mil Kazandıran Miles&Smiles Kredi Kartı Ücretsiz! Biz Bize Plus'a Özel 2.000 Mil Hoş Geldin Avantajı Biz Bize Plus Müşte …;;;;v2
kuveyt-turk--biz-bize-plus-finansmanlarda-size-ozel-oranlar;kuveyt-turk;kampanya_suresi;;;;;Ana Sayfa Kendim İçin Biz Bize Bankacılık Biz Bize Plus Finansmanlarda Size Özel Oranlar Harcadıkça Mil Kazandıran Miles&Smiles Kredi Kartı Ücretsiz! Biz Bize Plus'a Özel 2.000 Mil Hoş Geldin Avantajı Biz Bize Plus Müşte …;;;;v2
kuveyt-turk--biz-bize-plus-ozel-kur-avantaji;kuveyt-turk;kar_payi_orani;;;;;Ana Sayfa Kendim İçin Biz Bize Bankacılık Biz Bize Plus Özel Kur Avantajı Harcadıkça Mil Kazandıran Miles&Smiles Kredi Kartı Ücretsiz! Biz Bize Plus'a Özel 2.000 Mil Hoş Geldin Avantajı Biz Bize Plus Müşterilerine Özel K …;;;;v2
kuveyt-turk--biz-bize-plus-ozel-kur-avantaji;kuveyt-turk;finansman_tutari;;;;;Ana Sayfa Kendim İçin Biz Bize Bankacılık Biz Bize Plus Özel Kur Avantajı Harcadıkça Mil Kazandıran Miles&Smiles Kredi Kartı Ücretsiz! Biz Bize Plus'a Özel 2.000 Mil Hoş Geldin Avantajı Biz Bize Plus Müşterilerine Özel K …;;;;v2
kuveyt-turk--biz-bize-plus-ozel-kur-avantaji;kuveyt-turk;taksit_sayisi;;;;;Ana Sayfa Kendim İçin Biz Bize Bankacılık Biz Bize Plus Özel Kur Avantajı Harcadıkça Mil Kazandıran Miles&Smiles Kredi Kartı Ücretsiz! Biz Bize Plus'a Özel 2.000 Mil Hoş Geldin Avantajı Biz Bize Plus Müşterilerine Özel K …;;;;v2
kuveyt-turk--biz-bize-plus-ozel-kur-avantaji;kuveyt-turk;tahsis_ucreti;;;;;Ana Sayfa Kendim İçin Biz Bize Bankacılık Biz Bize Plus Özel Kur Avantajı Harcadıkça Mil Kazandıran Miles&Smiles Kredi Kartı Ücretsiz! Biz Bize Plus'a Özel 2.000 Mil Hoş Geldin Avantajı Biz Bize Plus Müşterilerine Özel K …;;;;v2
kuveyt-turk--biz-bize-plus-ozel-kur-avantaji;kuveyt-turk;odul_miktari;;;;;Ana Sayfa Kendim İçin Biz Bize Bankacılık Biz Bize Plus Özel Kur Avantajı Harcadıkça Mil Kazandıran Miles&Smiles Kredi Kartı Ücretsiz! Biz Bize Plus'a Özel 2.000 Mil Hoş Geldin Avantajı Biz Bize Plus Müşterilerine Özel K …;;;;v2
kuveyt-turk--biz-bize-plus-ozel-kur-avantaji;kuveyt-turk;indirim_orani;;;;;Ana Sayfa Kendim İçin Biz Bize Bankacılık Biz Bize Plus Özel Kur Avantajı Harcadıkça Mil Kazandıran Miles&Smiles Kredi Kartı Ücretsiz! Biz Bize Plus'a Özel 2.000 Mil Hoş Geldin Avantajı Biz Bize Plus Müşterilerine Özel K …;;;;v2
kuveyt-turk--biz-bize-plus-ozel-kur-avantaji;kuveyt-turk;alisveris_puani;;;;;Ana Sayfa Kendim İçin Biz Bize Bankacılık Biz Bize Plus Özel Kur Avantajı Harcadıkça Mil Kazandıran Miles&Smiles Kredi Kartı Ücretsiz! Biz Bize Plus'a Özel 2.000 Mil Hoş Geldin Avantajı Biz Bize Plus Müşterilerine Özel K …;;;;v2
kuveyt-turk--biz-bize-plus-ozel-kur-avantaji;kuveyt-turk;kampanya_suresi;;;;;Ana Sayfa Kendim İçin Biz Bize Bankacılık Biz Bize Plus Özel Kur Avantajı Harcadıkça Mil Kazandıran Miles&Smiles Kredi Kartı Ücretsiz! Biz Bize Plus'a Özel 2.000 Mil Hoş Geldin Avantajı Biz Bize Plus Müşterilerine Özel K …;;;;v2
kuveyt-turk--biz-bize-plus-yurt-disi-cikis-harcinda-iade-avantaji;kuveyt-turk;kar_payi_orani;;;;;Ana Sayfa Kendim İçin Biz Bize Bankacılık Biz Bize Plus Yurt Dışı Çıkış Harcında İade Avantajı Harcadıkça Mil Kazandıran Miles&Smiles Kredi Kartı Ücretsiz! Biz Bize Plus'a Özel 2.000 Mil Hoş Geldin Avantajı Biz Bize Plus …;;;;v2
kuveyt-turk--biz-bize-plus-yurt-disi-cikis-harcinda-iade-avantaji;kuveyt-turk;finansman_tutari;;;;;Ana Sayfa Kendim İçin Biz Bize Bankacılık Biz Bize Plus Yurt Dışı Çıkış Harcında İade Avantajı Harcadıkça Mil Kazandıran Miles&Smiles Kredi Kartı Ücretsiz! Biz Bize Plus'a Özel 2.000 Mil Hoş Geldin Avantajı Biz Bize Plus …;;;;v2
kuveyt-turk--biz-bize-plus-yurt-disi-cikis-harcinda-iade-avantaji;kuveyt-turk;taksit_sayisi;;;;;Ana Sayfa Kendim İçin Biz Bize Bankacılık Biz Bize Plus Yurt Dışı Çıkış Harcında İade Avantajı Harcadıkça Mil Kazandıran Miles&Smiles Kredi Kartı Ücretsiz! Biz Bize Plus'a Özel 2.000 Mil Hoş Geldin Avantajı Biz Bize Plus …;;;;v2
kuveyt-turk--biz-bize-plus-yurt-disi-cikis-harcinda-iade-avantaji;kuveyt-turk;tahsis_ucreti;;;;;Ana Sayfa Kendim İçin Biz Bize Bankacılık Biz Bize Plus Yurt Dışı Çıkış Harcında İade Avantajı Harcadıkça Mil Kazandıran Miles&Smiles Kredi Kartı Ücretsiz! Biz Bize Plus'a Özel 2.000 Mil Hoş Geldin Avantajı Biz Bize Plus …;;;;v2
kuveyt-turk--biz-bize-plus-yurt-disi-cikis-harcinda-iade-avantaji;kuveyt-turk;odul_miktari;;;;;Ana Sayfa Kendim İçin Biz Bize Bankacılık Biz Bize Plus Yurt Dışı Çıkış Harcında İade Avantajı Harcadıkça Mil Kazandıran Miles&Smiles Kredi Kartı Ücretsiz! Biz Bize Plus'a Özel 2.000 Mil Hoş Geldin Avantajı Biz Bize Plus …;;;;v2
kuveyt-turk--biz-bize-plus-yurt-disi-cikis-harcinda-iade-avantaji;kuveyt-turk;indirim_orani;;;;;Ana Sayfa Kendim İçin Biz Bize Bankacılık Biz Bize Plus Yurt Dışı Çıkış Harcında İade Avantajı Harcadıkça Mil Kazandıran Miles&Smiles Kredi Kartı Ücretsiz! Biz Bize Plus'a Özel 2.000 Mil Hoş Geldin Avantajı Biz Bize Plus …;;;;v2
kuveyt-turk--biz-bize-plus-yurt-disi-cikis-harcinda-iade-avantaji;kuveyt-turk;alisveris_puani;;;;;Ana Sayfa Kendim İçin Biz Bize Bankacılık Biz Bize Plus Yurt Dışı Çıkış Harcında İade Avantajı Harcadıkça Mil Kazandıran Miles&Smiles Kredi Kartı Ücretsiz! Biz Bize Plus'a Özel 2.000 Mil Hoş Geldin Avantajı Biz Bize Plus …;;;;v2
kuveyt-turk--biz-bize-plus-yurt-disi-cikis-harcinda-iade-avantaji;kuveyt-turk;kampanya_suresi;;;;;Ana Sayfa Kendim İçin Biz Bize Bankacılık Biz Bize Plus Yurt Dışı Çıkış Harcında İade Avantajı Harcadıkça Mil Kazandıran Miles&Smiles Kredi Kartı Ücretsiz! Biz Bize Plus'a Özel 2.000 Mil Hoş Geldin Avantajı Biz Bize Plus …;;;;v2
kuveyt-turk--finansmanlar-ithalatin-finansmani;kuveyt-turk;kar_payi_orani;;;;;Ana Sayfa İşim İçin Dış Ticaret Finansmanlar İthalatın Finansmanı İthalatın Finansmanı İhracatın Finansmanı İthalatın Finansmanı Avantajlı oranlarla nakit akışınızı düzenleme fırsatını İthalatın Finansmanı ürünlerini ter …;;;;v2
kuveyt-turk--finansmanlar-ithalatin-finansmani;kuveyt-turk;finansman_tutari;;;;;Ana Sayfa İşim İçin Dış Ticaret Finansmanlar İthalatın Finansmanı İthalatın Finansmanı İhracatın Finansmanı İthalatın Finansmanı Avantajlı oranlarla nakit akışınızı düzenleme fırsatını İthalatın Finansmanı ürünlerini ter …;;;;v2
kuveyt-turk--finansmanlar-ithalatin-finansmani;kuveyt-turk;vade_ay;;;;;Ana Sayfa İşim İçin Dış Ticaret Finansmanlar İthalatın Finansmanı İthalatın Finansmanı İhracatın Finansmanı İthalatın Finansmanı Avantajlı oranlarla nakit akışınızı düzenleme fırsatını İthalatın Finansmanı ürünlerini ter …;;;;v2
kuveyt-turk--finansmanlar-ithalatin-finansmani;kuveyt-turk;taksit_sayisi;;;;;Ana Sayfa İşim İçin Dış Ticaret Finansmanlar İthalatın Finansmanı İthalatın Finansmanı İhracatın Finansmanı İthalatın Finansmanı Avantajlı oranlarla nakit akışınızı düzenleme fırsatını İthalatın Finansmanı ürünlerini ter …;;;;v2
kuveyt-turk--finansmanlar-ithalatin-finansmani;kuveyt-turk;tahsis_ucreti;;;;;Ana Sayfa İşim İçin Dış Ticaret Finansmanlar İthalatın Finansmanı İthalatın Finansmanı İhracatın Finansmanı İthalatın Finansmanı Avantajlı oranlarla nakit akışınızı düzenleme fırsatını İthalatın Finansmanı ürünlerini ter …;;;;v2
kuveyt-turk--finansmanlar-ithalatin-finansmani;kuveyt-turk;masraf_durumu;;;;;Ana Sayfa İşim İçin Dış Ticaret Finansmanlar İthalatın Finansmanı İthalatın Finansmanı İhracatın Finansmanı İthalatın Finansmanı Avantajlı oranlarla nakit akışınızı düzenleme fırsatını İthalatın Finansmanı ürünlerini ter …;;;;v2
kuveyt-turk--finansmanlar-ithalatin-finansmani;kuveyt-turk;odul_miktari;;;;;Ana Sayfa İşim İçin Dış Ticaret Finansmanlar İthalatın Finansmanı İthalatın Finansmanı İhracatın Finansmanı İthalatın Finansmanı Avantajlı oranlarla nakit akışınızı düzenleme fırsatını İthalatın Finansmanı ürünlerini ter …;;;;v2
kuveyt-turk--finansmanlar-ithalatin-finansmani;kuveyt-turk;indirim_orani;;;;;Ana Sayfa İşim İçin Dış Ticaret Finansmanlar İthalatın Finansmanı İthalatın Finansmanı İhracatın Finansmanı İthalatın Finansmanı Avantajlı oranlarla nakit akışınızı düzenleme fırsatını İthalatın Finansmanı ürünlerini ter …;;;;v2
kuveyt-turk--finansmanlar-ithalatin-finansmani;kuveyt-turk;alisveris_puani;;;;;Ana Sayfa İşim İçin Dış Ticaret Finansmanlar İthalatın Finansmanı İthalatın Finansmanı İhracatın Finansmanı İthalatın Finansmanı Avantajlı oranlarla nakit akışınızı düzenleme fırsatını İthalatın Finansmanı ürünlerini ter …;;;;v2
kuveyt-turk--finansmanlar-ithalatin-finansmani;kuveyt-turk;kampanya_suresi;;;;;Ana Sayfa İşim İçin Dış Ticaret Finansmanlar İthalatın Finansmanı İthalatın Finansmanı İhracatın Finansmanı İthalatın Finansmanı Avantajlı oranlarla nakit akışınızı düzenleme fırsatını İthalatın Finansmanı ürünlerini ter …;;;;v2
kuveyt-turk--finansmanlar-ithalatin-finansmani;kuveyt-turk;hedef_kitle;;;;;Ana Sayfa İşim İçin Dış Ticaret Finansmanlar İthalatın Finansmanı İthalatın Finansmanı İhracatın Finansmanı İthalatın Finansmanı Avantajlı oranlarla nakit akışınızı düzenleme fırsatını İthalatın Finansmanı ürünlerini ter …;;;;v2
kuveyt-turk--ihtiyac-finansmanlari-egitim-finansmani;kuveyt-turk;taksit_sayisi;;;;;Ana Sayfa Kendim İçin Finansmanlar İhtiyaç Finansmanları Eğitim Finansmanı Hac-Umre Finansmanı Eğitim Finansmanı Seyahat Finansmanı Tekne Tüketici Finansmanı Kira Finansmanı İhtiyaç Kart Bisiklet Finansmanı Elektrikli Ar …;;;;v2
kuveyt-turk--ihtiyac-finansmanlari-egitim-finansmani;kuveyt-turk;tahsis_ucreti;;;;;Ana Sayfa Kendim İçin Finansmanlar İhtiyaç Finansmanları Eğitim Finansmanı Hac-Umre Finansmanı Eğitim Finansmanı Seyahat Finansmanı Tekne Tüketici Finansmanı Kira Finansmanı İhtiyaç Kart Bisiklet Finansmanı Elektrikli Ar …;;;;v2
kuveyt-turk--ihtiyac-finansmanlari-egitim-finansmani;kuveyt-turk;odul_miktari;;;;;Ana Sayfa Kendim İçin Finansmanlar İhtiyaç Finansmanları Eğitim Finansmanı Hac-Umre Finansmanı Eğitim Finansmanı Seyahat Finansmanı Tekne Tüketici Finansmanı Kira Finansmanı İhtiyaç Kart Bisiklet Finansmanı Elektrikli Ar …;;;;v2
kuveyt-turk--ihtiyac-finansmanlari-egitim-finansmani;kuveyt-turk;indirim_orani;;;;;Ana Sayfa Kendim İçin Finansmanlar İhtiyaç Finansmanları Eğitim Finansmanı Hac-Umre Finansmanı Eğitim Finansmanı Seyahat Finansmanı Tekne Tüketici Finansmanı Kira Finansmanı İhtiyaç Kart Bisiklet Finansmanı Elektrikli Ar …;;;;v2
kuveyt-turk--ihtiyac-finansmanlari-egitim-finansmani;kuveyt-turk;alisveris_puani;;;;;Ana Sayfa Kendim İçin Finansmanlar İhtiyaç Finansmanları Eğitim Finansmanı Hac-Umre Finansmanı Eğitim Finansmanı Seyahat Finansmanı Tekne Tüketici Finansmanı Kira Finansmanı İhtiyaç Kart Bisiklet Finansmanı Elektrikli Ar …;;;;v2
kuveyt-turk--ihtiyac-finansmanlari-egitim-finansmani;kuveyt-turk;kampanya_suresi;;;;;Ana Sayfa Kendim İçin Finansmanlar İhtiyaç Finansmanları Eğitim Finansmanı Hac-Umre Finansmanı Eğitim Finansmanı Seyahat Finansmanı Tekne Tüketici Finansmanı Kira Finansmanı İhtiyaç Kart Bisiklet Finansmanı Elektrikli Ar …;;;;v2
kuveyt-turk--ihtiyac-finansmanlari-hac-umre-finansmani;kuveyt-turk;taksit_sayisi;;;;;Ana Sayfa Kendim İçin Finansmanlar İhtiyaç Finansmanları Hac-Umre Finansmanı Hac-Umre Finansmanı Eğitim Finansmanı Seyahat Finansmanı Tekne Tüketici Finansmanı Kira Finansmanı İhtiyaç Kart Bisiklet Finansmanı Elektrikli …;;;;v2
kuveyt-turk--ihtiyac-finansmanlari-hac-umre-finansmani;kuveyt-turk;tahsis_ucreti;;;;;Ana Sayfa Kendim İçin Finansmanlar İhtiyaç Finansmanları Hac-Umre Finansmanı Hac-Umre Finansmanı Eğitim Finansmanı Seyahat Finansmanı Tekne Tüketici Finansmanı Kira Finansmanı İhtiyaç Kart Bisiklet Finansmanı Elektrikli …;;;;v2
kuveyt-turk--ihtiyac-finansmanlari-hac-umre-finansmani;kuveyt-turk;odul_miktari;;;;;Ana Sayfa Kendim İçin Finansmanlar İhtiyaç Finansmanları Hac-Umre Finansmanı Hac-Umre Finansmanı Eğitim Finansmanı Seyahat Finansmanı Tekne Tüketici Finansmanı Kira Finansmanı İhtiyaç Kart Bisiklet Finansmanı Elektrikli …;;;;v2
kuveyt-turk--ihtiyac-finansmanlari-hac-umre-finansmani;kuveyt-turk;indirim_orani;;;;;Ana Sayfa Kendim İçin Finansmanlar İhtiyaç Finansmanları Hac-Umre Finansmanı Hac-Umre Finansmanı Eğitim Finansmanı Seyahat Finansmanı Tekne Tüketici Finansmanı Kira Finansmanı İhtiyaç Kart Bisiklet Finansmanı Elektrikli …;;;;v2
kuveyt-turk--ihtiyac-finansmanlari-hac-umre-finansmani;kuveyt-turk;alisveris_puani;;;;;Ana Sayfa Kendim İçin Finansmanlar İhtiyaç Finansmanları Hac-Umre Finansmanı Hac-Umre Finansmanı Eğitim Finansmanı Seyahat Finansmanı Tekne Tüketici Finansmanı Kira Finansmanı İhtiyaç Kart Bisiklet Finansmanı Elektrikli …;;;;v2
kuveyt-turk--ihtiyac-finansmanlari-hac-umre-finansmani;kuveyt-turk;kampanya_suresi;;;;;Ana Sayfa Kendim İçin Finansmanlar İhtiyaç Finansmanları Hac-Umre Finansmanı Hac-Umre Finansmanı Eğitim Finansmanı Seyahat Finansmanı Tekne Tüketici Finansmanı Kira Finansmanı İhtiyaç Kart Bisiklet Finansmanı Elektrikli …;;;;v2
kuveyt-turk--ihtiyac-finansmanlari-hac-umre-finansmani;kuveyt-turk;hedef_kitle;;;;;Ana Sayfa Kendim İçin Finansmanlar İhtiyaç Finansmanları Hac-Umre Finansmanı Hac-Umre Finansmanı Eğitim Finansmanı Seyahat Finansmanı Tekne Tüketici Finansmanı Kira Finansmanı İhtiyaç Kart Bisiklet Finansmanı Elektrikli …;;;;v2
kuveyt-turk--ihtiyac-finansmanlari-seyahat-finansmani;kuveyt-turk;taksit_sayisi;;;;;Ana Sayfa Kendim İçin Finansmanlar İhtiyaç Finansmanları Seyahat Finansmanı Hac-Umre Finansmanı Eğitim Finansmanı Seyahat Finansmanı Tekne Tüketici Finansmanı Kira Finansmanı İhtiyaç Kart Bisiklet Finansmanı Elektrikli A …;;;;v2
kuveyt-turk--ihtiyac-finansmanlari-seyahat-finansmani;kuveyt-turk;tahsis_ucreti;;;;;Ana Sayfa Kendim İçin Finansmanlar İhtiyaç Finansmanları Seyahat Finansmanı Hac-Umre Finansmanı Eğitim Finansmanı Seyahat Finansmanı Tekne Tüketici Finansmanı Kira Finansmanı İhtiyaç Kart Bisiklet Finansmanı Elektrikli A …;;;;v2
kuveyt-turk--ihtiyac-finansmanlari-seyahat-finansmani;kuveyt-turk;odul_miktari;;;;;Ana Sayfa Kendim İçin Finansmanlar İhtiyaç Finansmanları Seyahat Finansmanı Hac-Umre Finansmanı Eğitim Finansmanı Seyahat Finansmanı Tekne Tüketici Finansmanı Kira Finansmanı İhtiyaç Kart Bisiklet Finansmanı Elektrikli A …;;;;v2
kuveyt-turk--ihtiyac-finansmanlari-seyahat-finansmani;kuveyt-turk;indirim_orani;;;;;Ana Sayfa Kendim İçin Finansmanlar İhtiyaç Finansmanları Seyahat Finansmanı Hac-Umre Finansmanı Eğitim Finansmanı Seyahat Finansmanı Tekne Tüketici Finansmanı Kira Finansmanı İhtiyaç Kart Bisiklet Finansmanı Elektrikli A …;;;;v2
kuveyt-turk--ihtiyac-finansmanlari-seyahat-finansmani;kuveyt-turk;alisveris_puani;;;;;Ana Sayfa Kendim İçin Finansmanlar İhtiyaç Finansmanları Seyahat Finansmanı Hac-Umre Finansmanı Eğitim Finansmanı Seyahat Finansmanı Tekne Tüketici Finansmanı Kira Finansmanı İhtiyaç Kart Bisiklet Finansmanı Elektrikli A …;;;;v2
kuveyt-turk--ihtiyac-finansmanlari-seyahat-finansmani;kuveyt-turk;kampanya_suresi;;;;;Ana Sayfa Kendim İçin Finansmanlar İhtiyaç Finansmanları Seyahat Finansmanı Hac-Umre Finansmanı Eğitim Finansmanı Seyahat Finansmanı Tekne Tüketici Finansmanı Kira Finansmanı İhtiyaç Kart Bisiklet Finansmanı Elektrikli A …;;;;v2
kuveyt-turk--ihtiyac-finansmanlari-seyahat-finansmani;kuveyt-turk;hedef_kitle;;;;;Ana Sayfa Kendim İçin Finansmanlar İhtiyaç Finansmanları Seyahat Finansmanı Hac-Umre Finansmanı Eğitim Finansmanı Seyahat Finansmanı Tekne Tüketici Finansmanı Kira Finansmanı İhtiyaç Kart Bisiklet Finansmanı Elektrikli A …;;;;v2
kuveyt-turk--ihtiyac-finansmanlari-tekne-tuketici-finansmani;kuveyt-turk;taksit_sayisi;;;;;Ana Sayfa Kendim İçin Finansmanlar İhtiyaç Finansmanları Tekne Tüketici Finansmanı Hac-Umre Finansmanı Eğitim Finansmanı Seyahat Finansmanı Tekne Tüketici Finansmanı Kira Finansmanı İhtiyaç Kart Bisiklet Finansmanı Elekt …;;;;v2
kuveyt-turk--ihtiyac-finansmanlari-tekne-tuketici-finansmani;kuveyt-turk;tahsis_ucreti;;;;;Ana Sayfa Kendim İçin Finansmanlar İhtiyaç Finansmanları Tekne Tüketici Finansmanı Hac-Umre Finansmanı Eğitim Finansmanı Seyahat Finansmanı Tekne Tüketici Finansmanı Kira Finansmanı İhtiyaç Kart Bisiklet Finansmanı Elekt …;;;;v2
kuveyt-turk--ihtiyac-finansmanlari-tekne-tuketici-finansmani;kuveyt-turk;odul_miktari;;;;;Ana Sayfa Kendim İçin Finansmanlar İhtiyaç Finansmanları Tekne Tüketici Finansmanı Hac-Umre Finansmanı Eğitim Finansmanı Seyahat Finansmanı Tekne Tüketici Finansmanı Kira Finansmanı İhtiyaç Kart Bisiklet Finansmanı Elekt …;;;;v2
kuveyt-turk--ihtiyac-finansmanlari-tekne-tuketici-finansmani;kuveyt-turk;indirim_orani;;;;;Ana Sayfa Kendim İçin Finansmanlar İhtiyaç Finansmanları Tekne Tüketici Finansmanı Hac-Umre Finansmanı Eğitim Finansmanı Seyahat Finansmanı Tekne Tüketici Finansmanı Kira Finansmanı İhtiyaç Kart Bisiklet Finansmanı Elekt …;;;;v2
kuveyt-turk--ihtiyac-finansmanlari-tekne-tuketici-finansmani;kuveyt-turk;alisveris_puani;;;;;Ana Sayfa Kendim İçin Finansmanlar İhtiyaç Finansmanları Tekne Tüketici Finansmanı Hac-Umre Finansmanı Eğitim Finansmanı Seyahat Finansmanı Tekne Tüketici Finansmanı Kira Finansmanı İhtiyaç Kart Bisiklet Finansmanı Elekt …;;;;v2
kuveyt-turk--ihtiyac-finansmanlari-tekne-tuketici-finansmani;kuveyt-turk;kampanya_suresi;;;;;Ana Sayfa Kendim İçin Finansmanlar İhtiyaç Finansmanları Tekne Tüketici Finansmanı Hac-Umre Finansmanı Eğitim Finansmanı Seyahat Finansmanı Tekne Tüketici Finansmanı Kira Finansmanı İhtiyaç Kart Bisiklet Finansmanı Elekt …;;;;v2
kuveyt-turk--ihtiyac-finansmanlari-tekne-tuketici-finansmani;kuveyt-turk;kampanya_kosullari;;;;;Ana Sayfa Kendim İçin Finansmanlar İhtiyaç Finansmanları Tekne Tüketici Finansmanı Hac-Umre Finansmanı Eğitim Finansmanı Seyahat Finansmanı Tekne Tüketici Finansmanı Kira Finansmanı İhtiyaç Kart Bisiklet Finansmanı Elekt …;;;;v2
kuveyt-turk--ihtiyac-finansmanlari-tekne-tuketici-finansmani;kuveyt-turk;hedef_kitle;;;;;Ana Sayfa Kendim İçin Finansmanlar İhtiyaç Finansmanları Tekne Tüketici Finansmanı Hac-Umre Finansmanı Eğitim Finansmanı Seyahat Finansmanı Tekne Tüketici Finansmanı Kira Finansmanı İhtiyaç Kart Bisiklet Finansmanı Elekt …;;;;v2
kuveyt-turk--kampanya-arsivi-bisiklet-finansmaninda-enerji-tasarrufu-haftasina-ozel-419-kar-o;kuveyt-turk;taksit_sayisi;;;;;Ana Sayfa Kampanyalar Kampanya Arşivi Bisiklet Finansmanı'nda Enerji Tasarrufu Haftasına Özel %4.19 Kar Oranı Fırsatı! Daha yaşanılabilir bir dünya için Enerji Haftasına özel kar payı oranı Bisiklet Finansmanı'nda! Kampa …;;;;v2
kuveyt-turk--kampanya-arsivi-bisiklet-finansmaninda-enerji-tasarrufu-haftasina-ozel-419-kar-o;kuveyt-turk;tahsis_ucreti;;;;;Ana Sayfa Kampanyalar Kampanya Arşivi Bisiklet Finansmanı'nda Enerji Tasarrufu Haftasına Özel %4.19 Kar Oranı Fırsatı! Daha yaşanılabilir bir dünya için Enerji Haftasına özel kar payı oranı Bisiklet Finansmanı'nda! Kampa …;;;;v2
kuveyt-turk--kampanya-arsivi-bisiklet-finansmaninda-enerji-tasarrufu-haftasina-ozel-419-kar-o;kuveyt-turk;masraf_durumu;;;;;Ana Sayfa Kampanyalar Kampanya Arşivi Bisiklet Finansmanı'nda Enerji Tasarrufu Haftasına Özel %4.19 Kar Oranı Fırsatı! Daha yaşanılabilir bir dünya için Enerji Haftasına özel kar payı oranı Bisiklet Finansmanı'nda! Kampa …;;;;v2
kuveyt-turk--kampanya-arsivi-bisiklet-finansmaninda-enerji-tasarrufu-haftasina-ozel-419-kar-o;kuveyt-turk;odul_miktari;;;;;Ana Sayfa Kampanyalar Kampanya Arşivi Bisiklet Finansmanı'nda Enerji Tasarrufu Haftasına Özel %4.19 Kar Oranı Fırsatı! Daha yaşanılabilir bir dünya için Enerji Haftasına özel kar payı oranı Bisiklet Finansmanı'nda! Kampa …;;;;v2
kuveyt-turk--kampanya-arsivi-bisiklet-finansmaninda-enerji-tasarrufu-haftasina-ozel-419-kar-o;kuveyt-turk;indirim_orani;;;;;Ana Sayfa Kampanyalar Kampanya Arşivi Bisiklet Finansmanı'nda Enerji Tasarrufu Haftasına Özel %4.19 Kar Oranı Fırsatı! Daha yaşanılabilir bir dünya için Enerji Haftasına özel kar payı oranı Bisiklet Finansmanı'nda! Kampa …;;;;v2
kuveyt-turk--kampanya-arsivi-bisiklet-finansmaninda-enerji-tasarrufu-haftasina-ozel-419-kar-o;kuveyt-turk;alisveris_puani;;;;;Ana Sayfa Kampanyalar Kampanya Arşivi Bisiklet Finansmanı'nda Enerji Tasarrufu Haftasına Özel %4.19 Kar Oranı Fırsatı! Daha yaşanılabilir bir dünya için Enerji Haftasına özel kar payı oranı Bisiklet Finansmanı'nda! Kampa …;;;;v2
kuveyt-turk--kampanya-arsivi-bisiklet-finansmaninda-enerji-tasarrufu-haftasina-ozel-419-kar-o;kuveyt-turk;hedef_kitle;;;;;Ana Sayfa Kampanyalar Kampanya Arşivi Bisiklet Finansmanı'nda Enerji Tasarrufu Haftasına Özel %4.19 Kar Oranı Fırsatı! Daha yaşanılabilir bir dünya için Enerji Haftasına özel kar payı oranı Bisiklet Finansmanı'nda! Kampa …;;;;v2
kuveyt-turk--kampanya-arsivi-e-ihracatiniza-guc-veren-finansman;kuveyt-turk;kar_payi_orani;;;;;Ana Sayfa Kampanyalar Kampanya Arşivi E-İhracatınıza Güç Veren Finansman! E-İhracatçılara özel ilk 6 ay ödemesiz, uygun oranlı ve KFK (Katılım Finans Kefalet) teminatlı e-ihracat finansmanı imkanı ile işletme sermayenizi …;;;;v2
kuveyt-turk--kampanya-arsivi-e-ihracatiniza-guc-veren-finansman;kuveyt-turk;finansman_tutari;;;;;Ana Sayfa Kampanyalar Kampanya Arşivi E-İhracatınıza Güç Veren Finansman! E-İhracatçılara özel ilk 6 ay ödemesiz, uygun oranlı ve KFK (Katılım Finans Kefalet) teminatlı e-ihracat finansmanı imkanı ile işletme sermayenizi …;;;;v2
kuveyt-turk--kampanya-arsivi-e-ihracatiniza-guc-veren-finansman;kuveyt-turk;taksit_sayisi;;;;;Ana Sayfa Kampanyalar Kampanya Arşivi E-İhracatınıza Güç Veren Finansman! E-İhracatçılara özel ilk 6 ay ödemesiz, uygun oranlı ve KFK (Katılım Finans Kefalet) teminatlı e-ihracat finansmanı imkanı ile işletme sermayenizi …;;;;v2
kuveyt-turk--kampanya-arsivi-e-ihracatiniza-guc-veren-finansman;kuveyt-turk;tahsis_ucreti;;;;;Ana Sayfa Kampanyalar Kampanya Arşivi E-İhracatınıza Güç Veren Finansman! E-İhracatçılara özel ilk 6 ay ödemesiz, uygun oranlı ve KFK (Katılım Finans Kefalet) teminatlı e-ihracat finansmanı imkanı ile işletme sermayenizi …;;;;v2
kuveyt-turk--kampanya-arsivi-e-ihracatiniza-guc-veren-finansman;kuveyt-turk;masraf_durumu;;;;;Ana Sayfa Kampanyalar Kampanya Arşivi E-İhracatınıza Güç Veren Finansman! E-İhracatçılara özel ilk 6 ay ödemesiz, uygun oranlı ve KFK (Katılım Finans Kefalet) teminatlı e-ihracat finansmanı imkanı ile işletme sermayenizi …;;;;v2
kuveyt-turk--kampanya-arsivi-e-ihracatiniza-guc-veren-finansman;kuveyt-turk;odul_miktari;;;;;Ana Sayfa Kampanyalar Kampanya Arşivi E-İhracatınıza Güç Veren Finansman! E-İhracatçılara özel ilk 6 ay ödemesiz, uygun oranlı ve KFK (Katılım Finans Kefalet) teminatlı e-ihracat finansmanı imkanı ile işletme sermayenizi …;;;;v2
kuveyt-turk--kampanya-arsivi-e-ihracatiniza-guc-veren-finansman;kuveyt-turk;indirim_orani;;;;;Ana Sayfa Kampanyalar Kampanya Arşivi E-İhracatınıza Güç Veren Finansman! E-İhracatçılara özel ilk 6 ay ödemesiz, uygun oranlı ve KFK (Katılım Finans Kefalet) teminatlı e-ihracat finansmanı imkanı ile işletme sermayenizi …;;;;v2
kuveyt-turk--kampanya-arsivi-e-ihracatiniza-guc-veren-finansman;kuveyt-turk;alisveris_puani;;;;;Ana Sayfa Kampanyalar Kampanya Arşivi E-İhracatınıza Güç Veren Finansman! E-İhracatçılara özel ilk 6 ay ödemesiz, uygun oranlı ve KFK (Katılım Finans Kefalet) teminatlı e-ihracat finansmanı imkanı ile işletme sermayenizi …;;;;v2
kuveyt-turk--kampanya-arsivi-e-ihracatiniza-guc-veren-finansman;kuveyt-turk;hedef_kitle;;;;;Ana Sayfa Kampanyalar Kampanya Arşivi E-İhracatınıza Güç Veren Finansman! E-İhracatçılara özel ilk 6 ay ödemesiz, uygun oranlı ve KFK (Katılım Finans Kefalet) teminatlı e-ihracat finansmanı imkanı ile işletme sermayenizi …;;;;v2
kuveyt-turk--kampanya-arsivi-elektrikli-arac-sarj-unitesi-finansmaninda-enerji-tasarrufu-haft;kuveyt-turk;taksit_sayisi;;;;;Ana Sayfa Kampanyalar Kampanya Arşivi Elektrikli Araç Şarj Ünitesi Finansmanı'nda Enerji Tasarrufu Haftasına Özel %4.19 Kar Oranı Fırsatı! Daha yaşanılabilir bir dünya için Enerji Haftasına özel kar payı oranı Elektrikli …;;;;v2
kuveyt-turk--kampanya-arsivi-elektrikli-arac-sarj-unitesi-finansmaninda-enerji-tasarrufu-haft;kuveyt-turk;tahsis_ucreti;;;;;Ana Sayfa Kampanyalar Kampanya Arşivi Elektrikli Araç Şarj Ünitesi Finansmanı'nda Enerji Tasarrufu Haftasına Özel %4.19 Kar Oranı Fırsatı! Daha yaşanılabilir bir dünya için Enerji Haftasına özel kar payı oranı Elektrikli …;;;;v2
kuveyt-turk--kampanya-arsivi-elektrikli-arac-sarj-unitesi-finansmaninda-enerji-tasarrufu-haft;kuveyt-turk;masraf_durumu;;;;;Ana Sayfa Kampanyalar Kampanya Arşivi Elektrikli Araç Şarj Ünitesi Finansmanı'nda Enerji Tasarrufu Haftasına Özel %4.19 Kar Oranı Fırsatı! Daha yaşanılabilir bir dünya için Enerji Haftasına özel kar payı oranı Elektrikli …;;;;v2
kuveyt-turk--kampanya-arsivi-elektrikli-arac-sarj-unitesi-finansmaninda-enerji-tasarrufu-haft;kuveyt-turk;odul_miktari;;;;;Ana Sayfa Kampanyalar Kampanya Arşivi Elektrikli Araç Şarj Ünitesi Finansmanı'nda Enerji Tasarrufu Haftasına Özel %4.19 Kar Oranı Fırsatı! Daha yaşanılabilir bir dünya için Enerji Haftasına özel kar payı oranı Elektrikli …;;;;v2
kuveyt-turk--kampanya-arsivi-elektrikli-arac-sarj-unitesi-finansmaninda-enerji-tasarrufu-haft;kuveyt-turk;indirim_orani;;;;;Ana Sayfa Kampanyalar Kampanya Arşivi Elektrikli Araç Şarj Ünitesi Finansmanı'nda Enerji Tasarrufu Haftasına Özel %4.19 Kar Oranı Fırsatı! Daha yaşanılabilir bir dünya için Enerji Haftasına özel kar payı oranı Elektrikli …;;;;v2
kuveyt-turk--kampanya-arsivi-elektrikli-arac-sarj-unitesi-finansmaninda-enerji-tasarrufu-haft;kuveyt-turk;alisveris_puani;;;;;Ana Sayfa Kampanyalar Kampanya Arşivi Elektrikli Araç Şarj Ünitesi Finansmanı'nda Enerji Tasarrufu Haftasına Özel %4.19 Kar Oranı Fırsatı! Daha yaşanılabilir bir dünya için Enerji Haftasına özel kar payı oranı Elektrikli …;;;;v2
kuveyt-turk--kampanya-arsivi-elektrikli-arac-sarj-unitesi-finansmaninda-enerji-tasarrufu-haft;kuveyt-turk;hedef_kitle;;;;;Ana Sayfa Kampanyalar Kampanya Arşivi Elektrikli Araç Şarj Ünitesi Finansmanı'nda Enerji Tasarrufu Haftasına Özel %4.19 Kar Oranı Fırsatı! Daha yaşanılabilir bir dünya için Enerji Haftasına özel kar payı oranı Elektrikli …;;;;v2
kuveyt-turk--kampanya-arsivi-elektrikli-ve-hibrit-araclar-icin-enerji-tasarrufu-haftasina-oze;kuveyt-turk;taksit_sayisi;;;;;Ana Sayfa Kampanyalar Kampanya Arşivi Elektrikli ve Hibrit Araçlar için Enerji Tasarrufu Haftasına Özel %3.68 Kar Oranı Fırsatı! Daha yaşanılabilir bir dünya için Enerji Haftasına özel kar payı oranı Elektrikli ve Hibrit …;;;;v2
kuveyt-turk--kampanya-arsivi-elektrikli-ve-hibrit-araclar-icin-enerji-tasarrufu-haftasina-oze;kuveyt-turk;tahsis_ucreti;;;;;Ana Sayfa Kampanyalar Kampanya Arşivi Elektrikli ve Hibrit Araçlar için Enerji Tasarrufu Haftasına Özel %3.68 Kar Oranı Fırsatı! Daha yaşanılabilir bir dünya için Enerji Haftasına özel kar payı oranı Elektrikli ve Hibrit …;;;;v2
kuveyt-turk--kampanya-arsivi-elektrikli-ve-hibrit-araclar-icin-enerji-tasarrufu-haftasina-oze;kuveyt-turk;masraf_durumu;;;;;Ana Sayfa Kampanyalar Kampanya Arşivi Elektrikli ve Hibrit Araçlar için Enerji Tasarrufu Haftasına Özel %3.68 Kar Oranı Fırsatı! Daha yaşanılabilir bir dünya için Enerji Haftasına özel kar payı oranı Elektrikli ve Hibrit …;;;;v2
kuveyt-turk--kampanya-arsivi-elektrikli-ve-hibrit-araclar-icin-enerji-tasarrufu-haftasina-oze;kuveyt-turk;odul_miktari;;;;;Ana Sayfa Kampanyalar Kampanya Arşivi Elektrikli ve Hibrit Araçlar için Enerji Tasarrufu Haftasına Özel %3.68 Kar Oranı Fırsatı! Daha yaşanılabilir bir dünya için Enerji Haftasına özel kar payı oranı Elektrikli ve Hibrit …;;;;v2
kuveyt-turk--kampanya-arsivi-elektrikli-ve-hibrit-araclar-icin-enerji-tasarrufu-haftasina-oze;kuveyt-turk;indirim_orani;;;;;Ana Sayfa Kampanyalar Kampanya Arşivi Elektrikli ve Hibrit Araçlar için Enerji Tasarrufu Haftasına Özel %3.68 Kar Oranı Fırsatı! Daha yaşanılabilir bir dünya için Enerji Haftasına özel kar payı oranı Elektrikli ve Hibrit …;;;;v2
kuveyt-turk--kampanya-arsivi-elektrikli-ve-hibrit-araclar-icin-enerji-tasarrufu-haftasina-oze;kuveyt-turk;alisveris_puani;;;;;Ana Sayfa Kampanyalar Kampanya Arşivi Elektrikli ve Hibrit Araçlar için Enerji Tasarrufu Haftasına Özel %3.68 Kar Oranı Fırsatı! Daha yaşanılabilir bir dünya için Enerji Haftasına özel kar payı oranı Elektrikli ve Hibrit …;;;;v2
kuveyt-turk--kampanya-arsivi-elektrikli-ve-hibrit-araclar-icin-enerji-tasarrufu-haftasina-oze;kuveyt-turk;hedef_kitle;;;;;Ana Sayfa Kampanyalar Kampanya Arşivi Elektrikli ve Hibrit Araçlar için Enerji Tasarrufu Haftasına Özel %3.68 Kar Oranı Fırsatı! Daha yaşanılabilir bir dünya için Enerji Haftasına özel kar payı oranı Elektrikli ve Hibrit …;;;;v2
kuveyt-turk--kampanya-arsivi-esnaf-ve-kobilere-ozel-avantajli-arac-kredisi;kuveyt-turk;kar_payi_orani;;;;;Ana Sayfa Kampanyalar Kampanya Arşivi Esnaf ve KOBİ'lere Özel Avantajlı Araç Kredisi Araç almanın tam zamanı! Esnaf ve KOBİ müşterilere özel sunduğumuz avantajlı finansman oranları ile işinize değer katacak araçlara kola …;;;;v2
kuveyt-turk--kampanya-arsivi-esnaf-ve-kobilere-ozel-avantajli-arac-kredisi;kuveyt-turk;finansman_tutari;;;;;Ana Sayfa Kampanyalar Kampanya Arşivi Esnaf ve KOBİ'lere Özel Avantajlı Araç Kredisi Araç almanın tam zamanı! Esnaf ve KOBİ müşterilere özel sunduğumuz avantajlı finansman oranları ile işinize değer katacak araçlara kola …;;;;v2
kuveyt-turk--kampanya-arsivi-esnaf-ve-kobilere-ozel-avantajli-arac-kredisi;kuveyt-turk;taksit_sayisi;;;;;Ana Sayfa Kampanyalar Kampanya Arşivi Esnaf ve KOBİ'lere Özel Avantajlı Araç Kredisi Araç almanın tam zamanı! Esnaf ve KOBİ müşterilere özel sunduğumuz avantajlı finansman oranları ile işinize değer katacak araçlara kola …;;;;v2
kuveyt-turk--kampanya-arsivi-esnaf-ve-kobilere-ozel-avantajli-arac-kredisi;kuveyt-turk;tahsis_ucreti;;;;;Ana Sayfa Kampanyalar Kampanya Arşivi Esnaf ve KOBİ'lere Özel Avantajlı Araç Kredisi Araç almanın tam zamanı! Esnaf ve KOBİ müşterilere özel sunduğumuz avantajlı finansman oranları ile işinize değer katacak araçlara kola …;;;;v2
kuveyt-turk--kampanya-arsivi-esnaf-ve-kobilere-ozel-avantajli-arac-kredisi;kuveyt-turk;masraf_durumu;;;;;Ana Sayfa Kampanyalar Kampanya Arşivi Esnaf ve KOBİ'lere Özel Avantajlı Araç Kredisi Araç almanın tam zamanı! Esnaf ve KOBİ müşterilere özel sunduğumuz avantajlı finansman oranları ile işinize değer katacak araçlara kola …;;;;v2
kuveyt-turk--kampanya-arsivi-esnaf-ve-kobilere-ozel-avantajli-arac-kredisi;kuveyt-turk;odul_miktari;;;;;Ana Sayfa Kampanyalar Kampanya Arşivi Esnaf ve KOBİ'lere Özel Avantajlı Araç Kredisi Araç almanın tam zamanı! Esnaf ve KOBİ müşterilere özel sunduğumuz avantajlı finansman oranları ile işinize değer katacak araçlara kola …;;;;v2
kuveyt-turk--kampanya-arsivi-esnaf-ve-kobilere-ozel-avantajli-arac-kredisi;kuveyt-turk;indirim_orani;;;;;Ana Sayfa Kampanyalar Kampanya Arşivi Esnaf ve KOBİ'lere Özel Avantajlı Araç Kredisi Araç almanın tam zamanı! Esnaf ve KOBİ müşterilere özel sunduğumuz avantajlı finansman oranları ile işinize değer katacak araçlara kola …;;;;v2
kuveyt-turk--kampanya-arsivi-esnaf-ve-kobilere-ozel-avantajli-arac-kredisi;kuveyt-turk;alisveris_puani;;;;;Ana Sayfa Kampanyalar Kampanya Arşivi Esnaf ve KOBİ'lere Özel Avantajlı Araç Kredisi Araç almanın tam zamanı! Esnaf ve KOBİ müşterilere özel sunduğumuz avantajlı finansman oranları ile işinize değer katacak araçlara kola …;;;;v2
kuveyt-turk--kampanya-arsivi-esnafa-ozel-avantajli-arac-finansmani;kuveyt-turk;kar_payi_orani;;;;;Ana Sayfa Kampanyalar Kampanya Arşivi Esnafa Özel Avantajlı Araç Finansmanı! Araç almanın tam zamanı! Esnaf müşterilere özel sunduğumuz avantajlı finansman oranları ile işinize değer katacak araçlara kolaylıkla sahip ola …;;;;v2
kuveyt-turk--kampanya-arsivi-esnafa-ozel-avantajli-arac-finansmani;kuveyt-turk;finansman_tutari;;;;;Ana Sayfa Kampanyalar Kampanya Arşivi Esnafa Özel Avantajlı Araç Finansmanı! Araç almanın tam zamanı! Esnaf müşterilere özel sunduğumuz avantajlı finansman oranları ile işinize değer katacak araçlara kolaylıkla sahip ola …;;;;v2
kuveyt-turk--kampanya-arsivi-esnafa-ozel-avantajli-arac-finansmani;kuveyt-turk;taksit_sayisi;;;;;Ana Sayfa Kampanyalar Kampanya Arşivi Esnafa Özel Avantajlı Araç Finansmanı! Araç almanın tam zamanı! Esnaf müşterilere özel sunduğumuz avantajlı finansman oranları ile işinize değer katacak araçlara kolaylıkla sahip ola …;;;;v2
kuveyt-turk--kampanya-arsivi-esnafa-ozel-avantajli-arac-finansmani;kuveyt-turk;tahsis_ucreti;;;;;Ana Sayfa Kampanyalar Kampanya Arşivi Esnafa Özel Avantajlı Araç Finansmanı! Araç almanın tam zamanı! Esnaf müşterilere özel sunduğumuz avantajlı finansman oranları ile işinize değer katacak araçlara kolaylıkla sahip ola …;;;;v2
kuveyt-turk--kampanya-arsivi-esnafa-ozel-avantajli-arac-finansmani;kuveyt-turk;masraf_durumu;;;;;Ana Sayfa Kampanyalar Kampanya Arşivi Esnafa Özel Avantajlı Araç Finansmanı! Araç almanın tam zamanı! Esnaf müşterilere özel sunduğumuz avantajlı finansman oranları ile işinize değer katacak araçlara kolaylıkla sahip ola …;;;;v2
kuveyt-turk--kampanya-arsivi-esnafa-ozel-avantajli-arac-finansmani;kuveyt-turk;odul_miktari;;;;;Ana Sayfa Kampanyalar Kampanya Arşivi Esnafa Özel Avantajlı Araç Finansmanı! Araç almanın tam zamanı! Esnaf müşterilere özel sunduğumuz avantajlı finansman oranları ile işinize değer katacak araçlara kolaylıkla sahip ola …;;;;v2
kuveyt-turk--kampanya-arsivi-esnafa-ozel-avantajli-arac-finansmani;kuveyt-turk;indirim_orani;;;;;Ana Sayfa Kampanyalar Kampanya Arşivi Esnafa Özel Avantajlı Araç Finansmanı! Araç almanın tam zamanı! Esnaf müşterilere özel sunduğumuz avantajlı finansman oranları ile işinize değer katacak araçlara kolaylıkla sahip ola …;;;;v2
kuveyt-turk--kampanya-arsivi-esnafa-ozel-avantajli-arac-finansmani;kuveyt-turk;alisveris_puani;;;;;Ana Sayfa Kampanyalar Kampanya Arşivi Esnafa Özel Avantajlı Araç Finansmanı! Araç almanın tam zamanı! Esnaf müşterilere özel sunduğumuz avantajlı finansman oranları ile işinize değer katacak araçlara kolaylıkla sahip ola …;;;;v2
kuveyt-turk--kampanya-arsivi-hepsiburada-alisveris-finansmaninda-enerji-tasarrufu-haftasina-o;kuveyt-turk;taksit_sayisi;;;;;Ana Sayfa Kampanyalar Kampanya Arşivi Hepsiburada Alışveriş Finansmanı'nda Enerji Tasarrufu Haftasına Özel %3.99 Kar Oranı Fırsatı! Daha yaşanılabilir bir dünya için Enerji Haftasına özel oran Hepsiburada Alışveriş Finan …;;;;v2
kuveyt-turk--kampanya-arsivi-hepsiburada-alisveris-finansmaninda-enerji-tasarrufu-haftasina-o;kuveyt-turk;tahsis_ucreti;;;;;Ana Sayfa Kampanyalar Kampanya Arşivi Hepsiburada Alışveriş Finansmanı'nda Enerji Tasarrufu Haftasına Özel %3.99 Kar Oranı Fırsatı! Daha yaşanılabilir bir dünya için Enerji Haftasına özel oran Hepsiburada Alışveriş Finan …;;;;v2
kuveyt-turk--kampanya-arsivi-hepsiburada-alisveris-finansmaninda-enerji-tasarrufu-haftasina-o;kuveyt-turk;masraf_durumu;;;;;Ana Sayfa Kampanyalar Kampanya Arşivi Hepsiburada Alışveriş Finansmanı'nda Enerji Tasarrufu Haftasına Özel %3.99 Kar Oranı Fırsatı! Daha yaşanılabilir bir dünya için Enerji Haftasına özel oran Hepsiburada Alışveriş Finan …;;;;v2
kuveyt-turk--kampanya-arsivi-hepsiburada-alisveris-finansmaninda-enerji-tasarrufu-haftasina-o;kuveyt-turk;odul_miktari;;;;;Ana Sayfa Kampanyalar Kampanya Arşivi Hepsiburada Alışveriş Finansmanı'nda Enerji Tasarrufu Haftasına Özel %3.99 Kar Oranı Fırsatı! Daha yaşanılabilir bir dünya için Enerji Haftasına özel oran Hepsiburada Alışveriş Finan …;;;;v2
kuveyt-turk--kampanya-arsivi-hepsiburada-alisveris-finansmaninda-enerji-tasarrufu-haftasina-o;kuveyt-turk;indirim_orani;;;;;Ana Sayfa Kampanyalar Kampanya Arşivi Hepsiburada Alışveriş Finansmanı'nda Enerji Tasarrufu Haftasına Özel %3.99 Kar Oranı Fırsatı! Daha yaşanılabilir bir dünya için Enerji Haftasına özel oran Hepsiburada Alışveriş Finan …;;;;v2
kuveyt-turk--kampanya-arsivi-hepsiburada-alisveris-finansmaninda-enerji-tasarrufu-haftasina-o;kuveyt-turk;alisveris_puani;;;;;Ana Sayfa Kampanyalar Kampanya Arşivi Hepsiburada Alışveriş Finansmanı'nda Enerji Tasarrufu Haftasına Özel %3.99 Kar Oranı Fırsatı! Daha yaşanılabilir bir dünya için Enerji Haftasına özel oran Hepsiburada Alışveriş Finan …;;;;v2
kuveyt-turk--kampanya-arsivi-hepsiburada-alisveris-finansmaninda-enerji-tasarrufu-haftasina-o;kuveyt-turk;hedef_kitle;;;;;Ana Sayfa Kampanyalar Kampanya Arşivi Hepsiburada Alışveriş Finansmanı'nda Enerji Tasarrufu Haftasına Özel %3.99 Kar Oranı Fırsatı! Daha yaşanılabilir bir dünya için Enerji Haftasına özel oran Hepsiburada Alışveriş Finan …;;;;v2
kuveyt-turk--kampanya-arsivi-hepsiburada-kasim-indirimlerinde-199-oranli-kuveyt-turk-alisveri;kuveyt-turk;kar_payi_orani;;;;;Ana Sayfa Kampanyalar Kampanya Arşivi Hepsiburada Kasım İndirimlerinde %1.99 Oranlı Kuveyt Türk Alışveriş Finansmanı Fırsatı! Efsane indirimler Hepsiburada'da, %1.99 kar oranlı 36 aya varan taksit fırsatı Kuveyt Türk Alı …;;;;v2
kuveyt-turk--kampanya-arsivi-hepsiburada-kasim-indirimlerinde-199-oranli-kuveyt-turk-alisveri;kuveyt-turk;tahsis_ucreti;;;;;Ana Sayfa Kampanyalar Kampanya Arşivi Hepsiburada Kasım İndirimlerinde %1.99 Oranlı Kuveyt Türk Alışveriş Finansmanı Fırsatı! Efsane indirimler Hepsiburada'da, %1.99 kar oranlı 36 aya varan taksit fırsatı Kuveyt Türk Alı …;;;;v2
kuveyt-turk--kampanya-arsivi-hepsiburada-kasim-indirimlerinde-199-oranli-kuveyt-turk-alisveri;kuveyt-turk;masraf_durumu;;;;;Ana Sayfa Kampanyalar Kampanya Arşivi Hepsiburada Kasım İndirimlerinde %1.99 Oranlı Kuveyt Türk Alışveriş Finansmanı Fırsatı! Efsane indirimler Hepsiburada'da, %1.99 kar oranlı 36 aya varan taksit fırsatı Kuveyt Türk Alı …;;;;v2
kuveyt-turk--kampanya-arsivi-hepsiburada-kasim-indirimlerinde-199-oranli-kuveyt-turk-alisveri;kuveyt-turk;odul_miktari;;;;;Ana Sayfa Kampanyalar Kampanya Arşivi Hepsiburada Kasım İndirimlerinde %1.99 Oranlı Kuveyt Türk Alışveriş Finansmanı Fırsatı! Efsane indirimler Hepsiburada'da, %1.99 kar oranlı 36 aya varan taksit fırsatı Kuveyt Türk Alı …;;;;v2
kuveyt-turk--kampanya-arsivi-hepsiburada-kasim-indirimlerinde-199-oranli-kuveyt-turk-alisveri;kuveyt-turk;alisveris_puani;;;;;Ana Sayfa Kampanyalar Kampanya Arşivi Hepsiburada Kasım İndirimlerinde %1.99 Oranlı Kuveyt Türk Alışveriş Finansmanı Fırsatı! Efsane indirimler Hepsiburada'da, %1.99 kar oranlı 36 aya varan taksit fırsatı Kuveyt Türk Alı …;;;;v2
kuveyt-turk--kampanya-arsivi-hepsiburada-kasim-indirimlerinde-199-oranli-kuveyt-turk-alisveri;kuveyt-turk;hedef_kitle;;;;;Ana Sayfa Kampanyalar Kampanya Arşivi Hepsiburada Kasım İndirimlerinde %1.99 Oranlı Kuveyt Türk Alışveriş Finansmanı Fırsatı! Efsane indirimler Hepsiburada'da, %1.99 kar oranlı 36 aya varan taksit fırsatı Kuveyt Türk Alı …;;;;v2
kuveyt-turk--kampanya-arsivi-ihracatta-yuzunuzu-guldurecek-uygun-oranli-ihracat-tesvikli-tl-f-2;kuveyt-turk;kar_payi_orani;;;;;Ana Sayfa Kampanyalar Kampanya Arşivi İhracatta Yüzünüzü Güldürecek Uygun Oranlı İhracat Teşvikli TL Finansmanı Kuveyt Türk'te Net ihracatçı firmalara özel uygun oranlı ihracat finansmanı! Kampanya Tarihleri 5.02.2025 - …;;;;v2
kuveyt-turk--kampanya-arsivi-ihracatta-yuzunuzu-guldurecek-uygun-oranli-ihracat-tesvikli-tl-f-2;kuveyt-turk;finansman_tutari;;;;;Ana Sayfa Kampanyalar Kampanya Arşivi İhracatta Yüzünüzü Güldürecek Uygun Oranlı İhracat Teşvikli TL Finansmanı Kuveyt Türk'te Net ihracatçı firmalara özel uygun oranlı ihracat finansmanı! Kampanya Tarihleri 5.02.2025 - …;;;;v2
kuveyt-turk--kampanya-arsivi-ihracatta-yuzunuzu-guldurecek-uygun-oranli-ihracat-tesvikli-tl-f-2;kuveyt-turk;vade_ay;;;;;Ana Sayfa Kampanyalar Kampanya Arşivi İhracatta Yüzünüzü Güldürecek Uygun Oranlı İhracat Teşvikli TL Finansmanı Kuveyt Türk'te Net ihracatçı firmalara özel uygun oranlı ihracat finansmanı! Kampanya Tarihleri 5.02.2025 - …;;;;v2
kuveyt-turk--kampanya-arsivi-ihracatta-yuzunuzu-guldurecek-uygun-oranli-ihracat-tesvikli-tl-f-2;kuveyt-turk;taksit_sayisi;;;;;Ana Sayfa Kampanyalar Kampanya Arşivi İhracatta Yüzünüzü Güldürecek Uygun Oranlı İhracat Teşvikli TL Finansmanı Kuveyt Türk'te Net ihracatçı firmalara özel uygun oranlı ihracat finansmanı! Kampanya Tarihleri 5.02.2025 - …;;;;v2
kuveyt-turk--kampanya-arsivi-ihracatta-yuzunuzu-guldurecek-uygun-oranli-ihracat-tesvikli-tl-f-2;kuveyt-turk;tahsis_ucreti;;;;;Ana Sayfa Kampanyalar Kampanya Arşivi İhracatta Yüzünüzü Güldürecek Uygun Oranlı İhracat Teşvikli TL Finansmanı Kuveyt Türk'te Net ihracatçı firmalara özel uygun oranlı ihracat finansmanı! Kampanya Tarihleri 5.02.2025 - …;;;;v2
kuveyt-turk--kampanya-arsivi-ihracatta-yuzunuzu-guldurecek-uygun-oranli-ihracat-tesvikli-tl-f-2;kuveyt-turk;masraf_durumu;;;;;Ana Sayfa Kampanyalar Kampanya Arşivi İhracatta Yüzünüzü Güldürecek Uygun Oranlı İhracat Teşvikli TL Finansmanı Kuveyt Türk'te Net ihracatçı firmalara özel uygun oranlı ihracat finansmanı! Kampanya Tarihleri 5.02.2025 - …;;;;v2
kuveyt-turk--kampanya-arsivi-ihracatta-yuzunuzu-guldurecek-uygun-oranli-ihracat-tesvikli-tl-f-2;kuveyt-turk;odul_miktari;;;;;Ana Sayfa Kampanyalar Kampanya Arşivi İhracatta Yüzünüzü Güldürecek Uygun Oranlı İhracat Teşvikli TL Finansmanı Kuveyt Türk'te Net ihracatçı firmalara özel uygun oranlı ihracat finansmanı! Kampanya Tarihleri 5.02.2025 - …;;;;v2
kuveyt-turk--kampanya-arsivi-ihracatta-yuzunuzu-guldurecek-uygun-oranli-ihracat-tesvikli-tl-f-2;kuveyt-turk;indirim_orani;;;;;Ana Sayfa Kampanyalar Kampanya Arşivi İhracatta Yüzünüzü Güldürecek Uygun Oranlı İhracat Teşvikli TL Finansmanı Kuveyt Türk'te Net ihracatçı firmalara özel uygun oranlı ihracat finansmanı! Kampanya Tarihleri 5.02.2025 - …;;;;v2
kuveyt-turk--kampanya-arsivi-ihracatta-yuzunuzu-guldurecek-uygun-oranli-ihracat-tesvikli-tl-f-2;kuveyt-turk;alisveris_puani;;;;;Ana Sayfa Kampanyalar Kampanya Arşivi İhracatta Yüzünüzü Güldürecek Uygun Oranlı İhracat Teşvikli TL Finansmanı Kuveyt Türk'te Net ihracatçı firmalara özel uygun oranlı ihracat finansmanı! Kampanya Tarihleri 5.02.2025 - …;;;;v2
kuveyt-turk--kampanya-arsivi-ihracatta-yuzunuzu-guldurecek-uygun-oranli-ihracat-tesvikli-tl-f-2;kuveyt-turk;hedef_kitle;;;;;Ana Sayfa Kampanyalar Kampanya Arşivi İhracatta Yüzünüzü Güldürecek Uygun Oranlı İhracat Teşvikli TL Finansmanı Kuveyt Türk'te Net ihracatçı firmalara özel uygun oranlı ihracat finansmanı! Kampanya Tarihleri 5.02.2025 - …;;;;v2
kuveyt-turk--kampanya-arsivi-isletmelere-ozel-finansman;kuveyt-turk;kar_payi_orani;;;;;Ana Sayfa Kampanyalar Kampanya Arşivi İşletmelere Özel Finansman İşletmelere özel hızlı, uygun oranlı ve esnek vadeli finansman Kuveyt Türk'te! Kampanya Tarihleri 9.02.2024 - 9.02.2025 Kampanya Süresi Doldu! Kampanyayı P …;;;;v2
kuveyt-turk--kampanya-arsivi-isletmelere-ozel-finansman;kuveyt-turk;finansman_tutari;;;;;Ana Sayfa Kampanyalar Kampanya Arşivi İşletmelere Özel Finansman İşletmelere özel hızlı, uygun oranlı ve esnek vadeli finansman Kuveyt Türk'te! Kampanya Tarihleri 9.02.2024 - 9.02.2025 Kampanya Süresi Doldu! Kampanyayı P …;;;;v2
kuveyt-turk--kampanya-arsivi-isletmelere-ozel-finansman;kuveyt-turk;vade_ay;;;;;Ana Sayfa Kampanyalar Kampanya Arşivi İşletmelere Özel Finansman İşletmelere özel hızlı, uygun oranlı ve esnek vadeli finansman Kuveyt Türk'te! Kampanya Tarihleri 9.02.2024 - 9.02.2025 Kampanya Süresi Doldu! Kampanyayı P …;;;;v2
kuveyt-turk--kampanya-arsivi-isletmelere-ozel-finansman;kuveyt-turk;taksit_sayisi;;;;;Ana Sayfa Kampanyalar Kampanya Arşivi İşletmelere Özel Finansman İşletmelere özel hızlı, uygun oranlı ve esnek vadeli finansman Kuveyt Türk'te! Kampanya Tarihleri 9.02.2024 - 9.02.2025 Kampanya Süresi Doldu! Kampanyayı P …;;;;v2
kuveyt-turk--kampanya-arsivi-isletmelere-ozel-finansman;kuveyt-turk;tahsis_ucreti;;;;;Ana Sayfa Kampanyalar Kampanya Arşivi İşletmelere Özel Finansman İşletmelere özel hızlı, uygun oranlı ve esnek vadeli finansman Kuveyt Türk'te! Kampanya Tarihleri 9.02.2024 - 9.02.2025 Kampanya Süresi Doldu! Kampanyayı P …;;;;v2
kuveyt-turk--kampanya-arsivi-isletmelere-ozel-finansman;kuveyt-turk;masraf_durumu;;;;;Ana Sayfa Kampanyalar Kampanya Arşivi İşletmelere Özel Finansman İşletmelere özel hızlı, uygun oranlı ve esnek vadeli finansman Kuveyt Türk'te! Kampanya Tarihleri 9.02.2024 - 9.02.2025 Kampanya Süresi Doldu! Kampanyayı P …;;;;v2
kuveyt-turk--kampanya-arsivi-isletmelere-ozel-finansman;kuveyt-turk;odul_miktari;;;;;Ana Sayfa Kampanyalar Kampanya Arşivi İşletmelere Özel Finansman İşletmelere özel hızlı, uygun oranlı ve esnek vadeli finansman Kuveyt Türk'te! Kampanya Tarihleri 9.02.2024 - 9.02.2025 Kampanya Süresi Doldu! Kampanyayı P …;;;;v2
kuveyt-turk--kampanya-arsivi-isletmelere-ozel-finansman;kuveyt-turk;indirim_orani;;;;;Ana Sayfa Kampanyalar Kampanya Arşivi İşletmelere Özel Finansman İşletmelere özel hızlı, uygun oranlı ve esnek vadeli finansman Kuveyt Türk'te! Kampanya Tarihleri 9.02.2024 - 9.02.2025 Kampanya Süresi Doldu! Kampanyayı P …;;;;v2
kuveyt-turk--kampanya-arsivi-isletmelere-ozel-finansman;kuveyt-turk;alisveris_puani;;;;;Ana Sayfa Kampanyalar Kampanya Arşivi İşletmelere Özel Finansman İşletmelere özel hızlı, uygun oranlı ve esnek vadeli finansman Kuveyt Türk'te! Kampanya Tarihleri 9.02.2024 - 9.02.2025 Kampanya Süresi Doldu! Kampanyayı P …;;;;v2
kuveyt-turk--kampanya-arsivi-isletmelere-ozel-finansman;kuveyt-turk;kampanya_kosullari;;;;;Ana Sayfa Kampanyalar Kampanya Arşivi İşletmelere Özel Finansman İşletmelere özel hızlı, uygun oranlı ve esnek vadeli finansman Kuveyt Türk'te! Kampanya Tarihleri 9.02.2024 - 9.02.2025 Kampanya Süresi Doldu! Kampanyayı P …;;;;v2
kuveyt-turk--kampanya-arsivi-kobilere-ozel-teminat-mektubu-kampanyasi-scr;kuveyt-turk;campaign_type;;;;;Ana Sayfa Kampanyalar Kampanya Arşivi KOBİ'lere Özel Teminat Mektubu Kampanyası Kesin, Geçici ve Avans Kamu İhale, Vergi İade ve KOSGEB Teminat Mektuplarında 0,50 Komisyon! Kampanya Tarihleri 18.02.2026 - 31.03.2026 Kamp …;;;;v2
kuveyt-turk--kampanya-arsivi-kobilere-ozel-teminat-mektubu-kampanyasi-scr;kuveyt-turk;kar_payi_orani;;;;;Ana Sayfa Kampanyalar Kampanya Arşivi KOBİ'lere Özel Teminat Mektubu Kampanyası Kesin, Geçici ve Avans Kamu İhale, Vergi İade ve KOSGEB Teminat Mektuplarında 0,50 Komisyon! Kampanya Tarihleri 18.02.2026 - 31.03.2026 Kamp …;;;;v2
kuveyt-turk--kampanya-arsivi-kobilere-ozel-teminat-mektubu-kampanyasi-scr;kuveyt-turk;finansman_tutari;;;;;Ana Sayfa Kampanyalar Kampanya Arşivi KOBİ'lere Özel Teminat Mektubu Kampanyası Kesin, Geçici ve Avans Kamu İhale, Vergi İade ve KOSGEB Teminat Mektuplarında 0,50 Komisyon! Kampanya Tarihleri 18.02.2026 - 31.03.2026 Kamp …;;;;v2
kuveyt-turk--kampanya-arsivi-kobilere-ozel-teminat-mektubu-kampanyasi-scr;kuveyt-turk;vade_ay;;;;;Ana Sayfa Kampanyalar Kampanya Arşivi KOBİ'lere Özel Teminat Mektubu Kampanyası Kesin, Geçici ve Avans Kamu İhale, Vergi İade ve KOSGEB Teminat Mektuplarında 0,50 Komisyon! Kampanya Tarihleri 18.02.2026 - 31.03.2026 Kamp …;;;;v2
kuveyt-turk--kampanya-arsivi-kobilere-ozel-teminat-mektubu-kampanyasi-scr;kuveyt-turk;taksit_sayisi;;;;;Ana Sayfa Kampanyalar Kampanya Arşivi KOBİ'lere Özel Teminat Mektubu Kampanyası Kesin, Geçici ve Avans Kamu İhale, Vergi İade ve KOSGEB Teminat Mektuplarında 0,50 Komisyon! Kampanya Tarihleri 18.02.2026 - 31.03.2026 Kamp …;;;;v2
kuveyt-turk--kampanya-arsivi-kobilere-ozel-teminat-mektubu-kampanyasi-scr;kuveyt-turk;tahsis_ucreti;;;;;Ana Sayfa Kampanyalar Kampanya Arşivi KOBİ'lere Özel Teminat Mektubu Kampanyası Kesin, Geçici ve Avans Kamu İhale, Vergi İade ve KOSGEB Teminat Mektuplarında 0,50 Komisyon! Kampanya Tarihleri 18.02.2026 - 31.03.2026 Kamp …;;;;v2
kuveyt-turk--kampanya-arsivi-kobilere-ozel-teminat-mektubu-kampanyasi-scr;kuveyt-turk;masraf_durumu;;;;;Ana Sayfa Kampanyalar Kampanya Arşivi KOBİ'lere Özel Teminat Mektubu Kampanyası Kesin, Geçici ve Avans Kamu İhale, Vergi İade ve KOSGEB Teminat Mektuplarında 0,50 Komisyon! Kampanya Tarihleri 18.02.2026 - 31.03.2026 Kamp …;;;;v2
kuveyt-turk--kampanya-arsivi-kobilere-ozel-teminat-mektubu-kampanyasi-scr;kuveyt-turk;odul_miktari;;;;;Ana Sayfa Kampanyalar Kampanya Arşivi KOBİ'lere Özel Teminat Mektubu Kampanyası Kesin, Geçici ve Avans Kamu İhale, Vergi İade ve KOSGEB Teminat Mektuplarında 0,50 Komisyon! Kampanya Tarihleri 18.02.2026 - 31.03.2026 Kamp …;;;;v2
kuveyt-turk--kampanya-arsivi-kobilere-ozel-teminat-mektubu-kampanyasi-scr;kuveyt-turk;indirim_orani;;;;;Ana Sayfa Kampanyalar Kampanya Arşivi KOBİ'lere Özel Teminat Mektubu Kampanyası Kesin, Geçici ve Avans Kamu İhale, Vergi İade ve KOSGEB Teminat Mektuplarında 0,50 Komisyon! Kampanya Tarihleri 18.02.2026 - 31.03.2026 Kamp …;;;;v2
kuveyt-turk--kampanya-arsivi-kobilere-ozel-teminat-mektubu-kampanyasi-scr;kuveyt-turk;alisveris_puani;;;;;Ana Sayfa Kampanyalar Kampanya Arşivi KOBİ'lere Özel Teminat Mektubu Kampanyası Kesin, Geçici ve Avans Kamu İhale, Vergi İade ve KOSGEB Teminat Mektuplarında 0,50 Komisyon! Kampanya Tarihleri 18.02.2026 - 31.03.2026 Kamp …;;;;v2
kuveyt-turk--kampanya-arsivi-kuveyt-turk-musterilerine-ozel-199-oranli-kar-payli-taksitlendir;kuveyt-turk;kar_payi_orani;;;;;Ana Sayfa Kampanyalar Kampanya Arşivi Kuveyt Türk Müşterilerine Özel %1,99 Oranlı Kar Paylı Taksitlendirme Fırsatı! Kuveyt Türk Müşterilerine Özel %1,99 Oranlı Kar Paylı Taksitlendirme Fırsatı! Kampanya Tarihleri 17.02.2 …;;;;v2
kuveyt-turk--kampanya-arsivi-kuveyt-turk-musterilerine-ozel-199-oranli-kar-payli-taksitlendir;kuveyt-turk;tahsis_ucreti;;;;;Ana Sayfa Kampanyalar Kampanya Arşivi Kuveyt Türk Müşterilerine Özel %1,99 Oranlı Kar Paylı Taksitlendirme Fırsatı! Kuveyt Türk Müşterilerine Özel %1,99 Oranlı Kar Paylı Taksitlendirme Fırsatı! Kampanya Tarihleri 17.02.2 …;;;;v2
kuveyt-turk--kampanya-arsivi-kuveyt-turk-musterilerine-ozel-199-oranli-kar-payli-taksitlendir;kuveyt-turk;masraf_durumu;;;;;Ana Sayfa Kampanyalar Kampanya Arşivi Kuveyt Türk Müşterilerine Özel %1,99 Oranlı Kar Paylı Taksitlendirme Fırsatı! Kuveyt Türk Müşterilerine Özel %1,99 Oranlı Kar Paylı Taksitlendirme Fırsatı! Kampanya Tarihleri 17.02.2 …;;;;v2
kuveyt-turk--kampanya-arsivi-kuveyt-turk-musterilerine-ozel-199-oranli-kar-payli-taksitlendir;kuveyt-turk;odul_miktari;;;;;Ana Sayfa Kampanyalar Kampanya Arşivi Kuveyt Türk Müşterilerine Özel %1,99 Oranlı Kar Paylı Taksitlendirme Fırsatı! Kuveyt Türk Müşterilerine Özel %1,99 Oranlı Kar Paylı Taksitlendirme Fırsatı! Kampanya Tarihleri 17.02.2 …;;;;v2
kuveyt-turk--kampanya-arsivi-kuveyt-turk-musterilerine-ozel-199-oranli-kar-payli-taksitlendir;kuveyt-turk;indirim_orani;;;;;Ana Sayfa Kampanyalar Kampanya Arşivi Kuveyt Türk Müşterilerine Özel %1,99 Oranlı Kar Paylı Taksitlendirme Fırsatı! Kuveyt Türk Müşterilerine Özel %1,99 Oranlı Kar Paylı Taksitlendirme Fırsatı! Kampanya Tarihleri 17.02.2 …;;;;v2
kuveyt-turk--kampanya-arsivi-kuveyt-turk-musterilerine-ozel-199-oranli-kar-payli-taksitlendir;kuveyt-turk;alisveris_puani;;;;;Ana Sayfa Kampanyalar Kampanya Arşivi Kuveyt Türk Müşterilerine Özel %1,99 Oranlı Kar Paylı Taksitlendirme Fırsatı! Kuveyt Türk Müşterilerine Özel %1,99 Oranlı Kar Paylı Taksitlendirme Fırsatı! Kampanya Tarihleri 17.02.2 …;;;;v2
kuveyt-turk--kampanya-arsivi-kuveyt-turk-musterilerine-ozel-199-oranli-kar-payli-taksitlendir;kuveyt-turk;hedef_kitle;;;;;Ana Sayfa Kampanyalar Kampanya Arşivi Kuveyt Türk Müşterilerine Özel %1,99 Oranlı Kar Paylı Taksitlendirme Fırsatı! Kuveyt Türk Müşterilerine Özel %1,99 Oranlı Kar Paylı Taksitlendirme Fırsatı! Kampanya Tarihleri 17.02.2 …;;;;v2
kuveyt-turk--kampanya-arsivi-kuveyt-turk-musterilerine-ozel-269-oranli-kar-payli-taksitlendir;kuveyt-turk;kar_payi_orani;;;;;Ana Sayfa Kampanyalar Kampanya Arşivi Kuveyt Türk Müşterilerine Özel %2,69 Oranlı Kar Paylı Taksitlendirme Fırsatı! Kuveyt Türk Müşterilerine Özel %2,69 Oranlı Kar Paylı Taksitlendirme Fırsatı! Kampanya Tarihleri 8.06.20 …;;;;v2
kuveyt-turk--kampanya-arsivi-kuveyt-turk-musterilerine-ozel-269-oranli-kar-payli-taksitlendir;kuveyt-turk;tahsis_ucreti;;;;;Ana Sayfa Kampanyalar Kampanya Arşivi Kuveyt Türk Müşterilerine Özel %2,69 Oranlı Kar Paylı Taksitlendirme Fırsatı! Kuveyt Türk Müşterilerine Özel %2,69 Oranlı Kar Paylı Taksitlendirme Fırsatı! Kampanya Tarihleri 8.06.20 …;;;;v2
kuveyt-turk--kampanya-arsivi-kuveyt-turk-musterilerine-ozel-269-oranli-kar-payli-taksitlendir;kuveyt-turk;masraf_durumu;;;;;Ana Sayfa Kampanyalar Kampanya Arşivi Kuveyt Türk Müşterilerine Özel %2,69 Oranlı Kar Paylı Taksitlendirme Fırsatı! Kuveyt Türk Müşterilerine Özel %2,69 Oranlı Kar Paylı Taksitlendirme Fırsatı! Kampanya Tarihleri 8.06.20 …;;;;v2
kuveyt-turk--kampanya-arsivi-kuveyt-turk-musterilerine-ozel-269-oranli-kar-payli-taksitlendir;kuveyt-turk;odul_miktari;;;;;Ana Sayfa Kampanyalar Kampanya Arşivi Kuveyt Türk Müşterilerine Özel %2,69 Oranlı Kar Paylı Taksitlendirme Fırsatı! Kuveyt Türk Müşterilerine Özel %2,69 Oranlı Kar Paylı Taksitlendirme Fırsatı! Kampanya Tarihleri 8.06.20 …;;;;v2
kuveyt-turk--kampanya-arsivi-kuveyt-turk-musterilerine-ozel-269-oranli-kar-payli-taksitlendir;kuveyt-turk;indirim_orani;;;;;Ana Sayfa Kampanyalar Kampanya Arşivi Kuveyt Türk Müşterilerine Özel %2,69 Oranlı Kar Paylı Taksitlendirme Fırsatı! Kuveyt Türk Müşterilerine Özel %2,69 Oranlı Kar Paylı Taksitlendirme Fırsatı! Kampanya Tarihleri 8.06.20 …;;;;v2
kuveyt-turk--kampanya-arsivi-kuveyt-turk-musterilerine-ozel-269-oranli-kar-payli-taksitlendir;kuveyt-turk;alisveris_puani;;;;;Ana Sayfa Kampanyalar Kampanya Arşivi Kuveyt Türk Müşterilerine Özel %2,69 Oranlı Kar Paylı Taksitlendirme Fırsatı! Kuveyt Türk Müşterilerine Özel %2,69 Oranlı Kar Paylı Taksitlendirme Fırsatı! Kampanya Tarihleri 8.06.20 …;;;;v2
kuveyt-turk--kampanya-arsivi-kuveyt-turk-musterilerine-ozel-269-oranli-kar-payli-taksitlendir;kuveyt-turk;hedef_kitle;;;;;Ana Sayfa Kampanyalar Kampanya Arşivi Kuveyt Türk Müşterilerine Özel %2,69 Oranlı Kar Paylı Taksitlendirme Fırsatı! Kuveyt Türk Müşterilerine Özel %2,69 Oranlı Kar Paylı Taksitlendirme Fırsatı! Kampanya Tarihleri 8.06.20 …;;;;v2
kuveyt-turk--kampanya-arsivi-kuveyt-turk-ten-pazarci-esnafa-pos-cebinde;kuveyt-turk;kar_payi_orani;;;;;Ana Sayfa Kampanyalar Kampanya Arşivi Kuveyt Türk' ten Pazarcı Esnafa: Pos Cebinde! POS cihazınızı cebinize taşıyan mobil uygulamamız CebimPOS ile artık ödeme almak çok kolay. Kampanya Tarihleri 9.10.2025 - 31.12.2025 Ka …;;;;v2
kuveyt-turk--kampanya-arsivi-kuveyt-turk-ten-pazarci-esnafa-pos-cebinde;kuveyt-turk;finansman_tutari;;;;;Ana Sayfa Kampanyalar Kampanya Arşivi Kuveyt Türk' ten Pazarcı Esnafa: Pos Cebinde! POS cihazınızı cebinize taşıyan mobil uygulamamız CebimPOS ile artık ödeme almak çok kolay. Kampanya Tarihleri 9.10.2025 - 31.12.2025 Ka …;;;;v2
kuveyt-turk--kampanya-arsivi-kuveyt-turk-ten-pazarci-esnafa-pos-cebinde;kuveyt-turk;taksit_sayisi;;;;;Ana Sayfa Kampanyalar Kampanya Arşivi Kuveyt Türk' ten Pazarcı Esnafa: Pos Cebinde! POS cihazınızı cebinize taşıyan mobil uygulamamız CebimPOS ile artık ödeme almak çok kolay. Kampanya Tarihleri 9.10.2025 - 31.12.2025 Ka …;;;;v2
kuveyt-turk--kampanya-arsivi-kuveyt-turk-ten-pazarci-esnafa-pos-cebinde;kuveyt-turk;tahsis_ucreti;;;;;Ana Sayfa Kampanyalar Kampanya Arşivi Kuveyt Türk' ten Pazarcı Esnafa: Pos Cebinde! POS cihazınızı cebinize taşıyan mobil uygulamamız CebimPOS ile artık ödeme almak çok kolay. Kampanya Tarihleri 9.10.2025 - 31.12.2025 Ka …;;;;v2
kuveyt-turk--kampanya-arsivi-kuveyt-turk-ten-pazarci-esnafa-pos-cebinde;kuveyt-turk;odul_miktari;;;;;Ana Sayfa Kampanyalar Kampanya Arşivi Kuveyt Türk' ten Pazarcı Esnafa: Pos Cebinde! POS cihazınızı cebinize taşıyan mobil uygulamamız CebimPOS ile artık ödeme almak çok kolay. Kampanya Tarihleri 9.10.2025 - 31.12.2025 Ka …;;;;v2
kuveyt-turk--kampanya-arsivi-kuveyt-turk-ten-pazarci-esnafa-pos-cebinde;kuveyt-turk;indirim_orani;;;;;Ana Sayfa Kampanyalar Kampanya Arşivi Kuveyt Türk' ten Pazarcı Esnafa: Pos Cebinde! POS cihazınızı cebinize taşıyan mobil uygulamamız CebimPOS ile artık ödeme almak çok kolay. Kampanya Tarihleri 9.10.2025 - 31.12.2025 Ka …;;;;v2
kuveyt-turk--kampanya-arsivi-kuveyt-turk-ten-pazarci-esnafa-pos-cebinde;kuveyt-turk;alisveris_puani;;;;;Ana Sayfa Kampanyalar Kampanya Arşivi Kuveyt Türk' ten Pazarcı Esnafa: Pos Cebinde! POS cihazınızı cebinize taşıyan mobil uygulamamız CebimPOS ile artık ödeme almak çok kolay. Kampanya Tarihleri 9.10.2025 - 31.12.2025 Ka …;;;;v2
kuveyt-turk--kampanyalar-kampanya-arsivi-2;kuveyt-turk;kar_payi_orani;;;;;Ana Sayfa Kampanyalar Kampanyalar Kendim İçin İşim İçin Güncel Kampanyalar Yıl Seçiniz 2026 2025 2024 2023 2021 Ay Seçiniz 31.07.2026 MTV Ödemelerinizde Vade Farksız 3 Taksit Fırsatı! Kuveyt Türk Tüzel Kredi Kartlarınızl …;;;;v2
kuveyt-turk--kampanyalar-kampanya-arsivi-2;kuveyt-turk;tahsis_ucreti;;;;;Ana Sayfa Kampanyalar Kampanyalar Kendim İçin İşim İçin Güncel Kampanyalar Yıl Seçiniz 2026 2025 2024 2023 2021 Ay Seçiniz 31.07.2026 MTV Ödemelerinizde Vade Farksız 3 Taksit Fırsatı! Kuveyt Türk Tüzel Kredi Kartlarınızl …;;;;v2
kuveyt-turk--kampanyalar-kampanya-arsivi-2;kuveyt-turk;masraf_durumu;;;;;Ana Sayfa Kampanyalar Kampanyalar Kendim İçin İşim İçin Güncel Kampanyalar Yıl Seçiniz 2026 2025 2024 2023 2021 Ay Seçiniz 31.07.2026 MTV Ödemelerinizde Vade Farksız 3 Taksit Fırsatı! Kuveyt Türk Tüzel Kredi Kartlarınızl …;;;;v2
kuveyt-turk--kampanyalar-kampanya-arsivi-2;kuveyt-turk;indirim_orani;;;;;Ana Sayfa Kampanyalar Kampanyalar Kendim İçin İşim İçin Güncel Kampanyalar Yıl Seçiniz 2026 2025 2024 2023 2021 Ay Seçiniz 31.07.2026 MTV Ödemelerinizde Vade Farksız 3 Taksit Fırsatı! Kuveyt Türk Tüzel Kredi Kartlarınızl …;;;;v2
kuveyt-turk--kampanyalar-kampanya-arsivi-2;kuveyt-turk;alisveris_puani;"{""kind"": ""points"", ""value"": 500.0}";0.82;rule_heuristic;;Ana Sayfa Kampanyalar Kampanyalar Kendim İçin İşim İçin Güncel Kampanyalar Yıl Seçiniz 2026 2025 2024 2023 2021 Ay Seçiniz 31.07.2026 MTV Ödemelerinizde Vade Farksız 3 Taksit Fırsatı! Kuveyt Türk Tüzel Kredi Kartlarınızl …;;;;v2
kuveyt-turk--kampanyalar-kampanya-arsivi-2;kuveyt-turk;kampanya_kosullari;;;;;Ana Sayfa Kampanyalar Kampanyalar Kendim İçin İşim İçin Güncel Kampanyalar Yıl Seçiniz 2026 2025 2024 2023 2021 Ay Seçiniz 31.07.2026 MTV Ödemelerinizde Vade Farksız 3 Taksit Fırsatı! Kuveyt Türk Tüzel Kredi Kartlarınızl …;;;;v2
kuveyt-turk--kart-kampanyalari-kuveyt-turk-musterilerine-ozel-299-oranli-kar-payli-taksitlend;kuveyt-turk;kar_payi_orani;;;;;Ana Sayfa Kampanyalar Kendim İçin Kart Kampanyaları Kuveyt Türk Müşterilerine Özel %2,99 Oranlı Kar Paylı Taksitlendirme Fırsatı! Kuveyt Türk Müşterilerine Özel %2,99 Oranlı Kar Paylı Taksitlendirme Fırsatı! Kart Taksit …;;;;v2
kuveyt-turk--kart-kampanyalari-kuveyt-turk-musterilerine-ozel-299-oranli-kar-payli-taksitlend;kuveyt-turk;tahsis_ucreti;;;;;Ana Sayfa Kampanyalar Kendim İçin Kart Kampanyaları Kuveyt Türk Müşterilerine Özel %2,99 Oranlı Kar Paylı Taksitlendirme Fırsatı! Kuveyt Türk Müşterilerine Özel %2,99 Oranlı Kar Paylı Taksitlendirme Fırsatı! Kart Taksit …;;;;v2
kuveyt-turk--kart-kampanyalari-kuveyt-turk-musterilerine-ozel-299-oranli-kar-payli-taksitlend;kuveyt-turk;masraf_durumu;;;;;Ana Sayfa Kampanyalar Kendim İçin Kart Kampanyaları Kuveyt Türk Müşterilerine Özel %2,99 Oranlı Kar Paylı Taksitlendirme Fırsatı! Kuveyt Türk Müşterilerine Özel %2,99 Oranlı Kar Paylı Taksitlendirme Fırsatı! Kart Taksit …;;;;v2
kuveyt-turk--kart-kampanyalari-kuveyt-turk-musterilerine-ozel-299-oranli-kar-payli-taksitlend;kuveyt-turk;odul_miktari;;;;;Ana Sayfa Kampanyalar Kendim İçin Kart Kampanyaları Kuveyt Türk Müşterilerine Özel %2,99 Oranlı Kar Paylı Taksitlendirme Fırsatı! Kuveyt Türk Müşterilerine Özel %2,99 Oranlı Kar Paylı Taksitlendirme Fırsatı! Kart Taksit …;;;;v2
kuveyt-turk--kart-kampanyalari-kuveyt-turk-musterilerine-ozel-299-oranli-kar-payli-taksitlend;kuveyt-turk;indirim_orani;;;;;Ana Sayfa Kampanyalar Kendim İçin Kart Kampanyaları Kuveyt Türk Müşterilerine Özel %2,99 Oranlı Kar Paylı Taksitlendirme Fırsatı! Kuveyt Türk Müşterilerine Özel %2,99 Oranlı Kar Paylı Taksitlendirme Fırsatı! Kart Taksit …;;;;v2
kuveyt-turk--kart-kampanyalari-kuveyt-turk-musterilerine-ozel-299-oranli-kar-payli-taksitlend;kuveyt-turk;alisveris_puani;;;;;Ana Sayfa Kampanyalar Kendim İçin Kart Kampanyaları Kuveyt Türk Müşterilerine Özel %2,99 Oranlı Kar Paylı Taksitlendirme Fırsatı! Kuveyt Türk Müşterilerine Özel %2,99 Oranlı Kar Paylı Taksitlendirme Fırsatı! Kart Taksit …;;;;v2
kuveyt-turk--kart-kampanyalari-kuveyt-turk-musterilerine-ozel-299-oranli-kar-payli-taksitlend;kuveyt-turk;hedef_kitle;;;;;Ana Sayfa Kampanyalar Kendim İçin Kart Kampanyaları Kuveyt Türk Müşterilerine Özel %2,99 Oranlı Kar Paylı Taksitlendirme Fırsatı! Kuveyt Türk Müşterilerine Özel %2,99 Oranlı Kar Paylı Taksitlendirme Fırsatı! Kart Taksit …;;;;v2
kuveyt-turk--katilma-hesaplari-yuvam-tl-katilma-hesabi;kuveyt-turk;kar_payi_orani;;;;;Ana Sayfa Kendim İçin Hesaplar Katılma Hesapları Yuvam TL Katılma Hesabı Katılma Hesabı Dijital Katılma Hesabı Hoş Geldin Katılma Hesabı Sepet Hesap İncir Katılma Hesabı Ara Dönem Kâr Payı Ödemeli Hesaplar Yuvam TL Katıl …;;;;v2
kuveyt-turk--katilma-hesaplari-yuvam-tl-katilma-hesabi;kuveyt-turk;finansman_tutari;;;;;Ana Sayfa Kendim İçin Hesaplar Katılma Hesapları Yuvam TL Katılma Hesabı Katılma Hesabı Dijital Katılma Hesabı Hoş Geldin Katılma Hesabı Sepet Hesap İncir Katılma Hesabı Ara Dönem Kâr Payı Ödemeli Hesaplar Yuvam TL Katıl …;;;;v2
kuveyt-turk--katilma-hesaplari-yuvam-tl-katilma-hesabi;kuveyt-turk;taksit_sayisi;;;;;Ana Sayfa Kendim İçin Hesaplar Katılma Hesapları Yuvam TL Katılma Hesabı Katılma Hesabı Dijital Katılma Hesabı Hoş Geldin Katılma Hesabı Sepet Hesap İncir Katılma Hesabı Ara Dönem Kâr Payı Ödemeli Hesaplar Yuvam TL Katıl …;;;;v2
kuveyt-turk--katilma-hesaplari-yuvam-tl-katilma-hesabi;kuveyt-turk;tahsis_ucreti;;;;;Ana Sayfa Kendim İçin Hesaplar Katılma Hesapları Yuvam TL Katılma Hesabı Katılma Hesabı Dijital Katılma Hesabı Hoş Geldin Katılma Hesabı Sepet Hesap İncir Katılma Hesabı Ara Dönem Kâr Payı Ödemeli Hesaplar Yuvam TL Katıl …;;;;v2
kuveyt-turk--katilma-hesaplari-yuvam-tl-katilma-hesabi;kuveyt-turk;masraf_durumu;;;;;Ana Sayfa Kendim İçin Hesaplar Katılma Hesapları Yuvam TL Katılma Hesabı Katılma Hesabı Dijital Katılma Hesabı Hoş Geldin Katılma Hesabı Sepet Hesap İncir Katılma Hesabı Ara Dönem Kâr Payı Ödemeli Hesaplar Yuvam TL Katıl …;;;;v2
kuveyt-turk--katilma-hesaplari-yuvam-tl-katilma-hesabi;kuveyt-turk;odul_miktari;;;;;Ana Sayfa Kendim İçin Hesaplar Katılma Hesapları Yuvam TL Katılma Hesabı Katılma Hesabı Dijital Katılma Hesabı Hoş Geldin Katılma Hesabı Sepet Hesap İncir Katılma Hesabı Ara Dönem Kâr Payı Ödemeli Hesaplar Yuvam TL Katıl …;;;;v2
kuveyt-turk--katilma-hesaplari-yuvam-tl-katilma-hesabi;kuveyt-turk;indirim_orani;;;;;Ana Sayfa Kendim İçin Hesaplar Katılma Hesapları Yuvam TL Katılma Hesabı Katılma Hesabı Dijital Katılma Hesabı Hoş Geldin Katılma Hesabı Sepet Hesap İncir Katılma Hesabı Ara Dönem Kâr Payı Ödemeli Hesaplar Yuvam TL Katıl …;;;;v2
kuveyt-turk--katilma-hesaplari-yuvam-tl-katilma-hesabi;kuveyt-turk;alisveris_puani;;;;;Ana Sayfa Kendim İçin Hesaplar Katılma Hesapları Yuvam TL Katılma Hesabı Katılma Hesabı Dijital Katılma Hesabı Hoş Geldin Katılma Hesabı Sepet Hesap İncir Katılma Hesabı Ara Dönem Kâr Payı Ödemeli Hesaplar Yuvam TL Katıl …;;;;v2
kuveyt-turk--musteri-ol-kampanyalari-kuveyt-turk-mobilden-musterimiz-olun-ozel-kur-firsatini-;kuveyt-turk;campaign_type;;;;;Ana Sayfa Kampanyalar Kendim İçin Müşteri Ol Kampanyaları Kuveyt Türk Mobil'den Müşterimiz Olun Özel Kur Fırsatını Kaçırmayın! Kuveyt Türk Mobil'den müşterimiz olan bireysel müşterilerimize özel avantajlı kur fırsatları …;;;;v2
kuveyt-turk--musteri-ol-kampanyalari-kuveyt-turk-mobilden-musterimiz-olun-ozel-kur-firsatini-;kuveyt-turk;kar_payi_orani;;;;;Ana Sayfa Kampanyalar Kendim İçin Müşteri Ol Kampanyaları Kuveyt Türk Mobil'den Müşterimiz Olun Özel Kur Fırsatını Kaçırmayın! Kuveyt Türk Mobil'den müşterimiz olan bireysel müşterilerimize özel avantajlı kur fırsatları …;;;;v2
kuveyt-turk--musteri-ol-kampanyalari-kuveyt-turk-mobilden-musterimiz-olun-ozel-kur-firsatini-;kuveyt-turk;finansman_tutari;;;;;Ana Sayfa Kampanyalar Kendim İçin Müşteri Ol Kampanyaları Kuveyt Türk Mobil'den Müşterimiz Olun Özel Kur Fırsatını Kaçırmayın! Kuveyt Türk Mobil'den müşterimiz olan bireysel müşterilerimize özel avantajlı kur fırsatları …;;;;v2
kuveyt-turk--musteri-ol-kampanyalari-kuveyt-turk-mobilden-musterimiz-olun-ozel-kur-firsatini-;kuveyt-turk;vade_ay;;;;;Ana Sayfa Kampanyalar Kendim İçin Müşteri Ol Kampanyaları Kuveyt Türk Mobil'den Müşterimiz Olun Özel Kur Fırsatını Kaçırmayın! Kuveyt Türk Mobil'den müşterimiz olan bireysel müşterilerimize özel avantajlı kur fırsatları …;;;;v2
kuveyt-turk--musteri-ol-kampanyalari-kuveyt-turk-mobilden-musterimiz-olun-ozel-kur-firsatini-;kuveyt-turk;taksit_sayisi;;;;;Ana Sayfa Kampanyalar Kendim İçin Müşteri Ol Kampanyaları Kuveyt Türk Mobil'den Müşterimiz Olun Özel Kur Fırsatını Kaçırmayın! Kuveyt Türk Mobil'den müşterimiz olan bireysel müşterilerimize özel avantajlı kur fırsatları …;;;;v2
kuveyt-turk--musteri-ol-kampanyalari-kuveyt-turk-mobilden-musterimiz-olun-ozel-kur-firsatini-;kuveyt-turk;tahsis_ucreti;;;;;Ana Sayfa Kampanyalar Kendim İçin Müşteri Ol Kampanyaları Kuveyt Türk Mobil'den Müşterimiz Olun Özel Kur Fırsatını Kaçırmayın! Kuveyt Türk Mobil'den müşterimiz olan bireysel müşterilerimize özel avantajlı kur fırsatları …;;;;v2
kuveyt-turk--musteri-ol-kampanyalari-kuveyt-turk-mobilden-musterimiz-olun-ozel-kur-firsatini-;kuveyt-turk;masraf_durumu;;;;;Ana Sayfa Kampanyalar Kendim İçin Müşteri Ol Kampanyaları Kuveyt Türk Mobil'den Müşterimiz Olun Özel Kur Fırsatını Kaçırmayın! Kuveyt Türk Mobil'den müşterimiz olan bireysel müşterilerimize özel avantajlı kur fırsatları …;;;;v2
kuveyt-turk--musteri-ol-kampanyalari-kuveyt-turk-mobilden-musterimiz-olun-ozel-kur-firsatini-;kuveyt-turk;odul_miktari;;;;;Ana Sayfa Kampanyalar Kendim İçin Müşteri Ol Kampanyaları Kuveyt Türk Mobil'den Müşterimiz Olun Özel Kur Fırsatını Kaçırmayın! Kuveyt Türk Mobil'den müşterimiz olan bireysel müşterilerimize özel avantajlı kur fırsatları …;;;;v2
kuveyt-turk--musteri-ol-kampanyalari-kuveyt-turk-mobilden-musterimiz-olun-ozel-kur-firsatini-;kuveyt-turk;indirim_orani;;;;;Ana Sayfa Kampanyalar Kendim İçin Müşteri Ol Kampanyaları Kuveyt Türk Mobil'den Müşterimiz Olun Özel Kur Fırsatını Kaçırmayın! Kuveyt Türk Mobil'den müşterimiz olan bireysel müşterilerimize özel avantajlı kur fırsatları …;;;;v2
kuveyt-turk--musteri-ol-kampanyalari-kuveyt-turk-mobilden-musterimiz-olun-ozel-kur-firsatini-;kuveyt-turk;alisveris_puani;;;;;Ana Sayfa Kampanyalar Kendim İçin Müşteri Ol Kampanyaları Kuveyt Türk Mobil'den Müşterimiz Olun Özel Kur Fırsatını Kaçırmayın! Kuveyt Türk Mobil'den müşterimiz olan bireysel müşterilerimize özel avantajlı kur fırsatları …;;;;v2
kuveyt-turk--musteri-ol-kampanyalari-kuveyt-turk-mobilden-musterimiz-olun-ozel-kur-firsatini-;kuveyt-turk;kampanya_kosullari;;;;;Ana Sayfa Kampanyalar Kendim İçin Müşteri Ol Kampanyaları Kuveyt Türk Mobil'den Müşterimiz Olun Özel Kur Fırsatını Kaçırmayın! Kuveyt Türk Mobil'den müşterimiz olan bireysel müşterilerimize özel avantajlı kur fırsatları …;;;;v2
kuveyt-turk--pos-kampanyalari-kuveyt-turkten-yeni-musterilere-ozel-pos-kampanyasi;kuveyt-turk;kar_payi_orani;;;;;Ana Sayfa Kampanyalar İşim İçin POS Kampanyaları Kuveyt Türk'ten Yeni Müşterilere Özel POS Kampanyası İşletmenizin finansal ihtiyaçlarına uygun esnek POS çözümleri Kuveyt Türk'te! POS'a Başvur Kampanya Tarihleri 1.11.202 …;;;;v2
kuveyt-turk--pos-kampanyalari-kuveyt-turkten-yeni-musterilere-ozel-pos-kampanyasi;kuveyt-turk;finansman_tutari;;;;;Ana Sayfa Kampanyalar İşim İçin POS Kampanyaları Kuveyt Türk'ten Yeni Müşterilere Özel POS Kampanyası İşletmenizin finansal ihtiyaçlarına uygun esnek POS çözümleri Kuveyt Türk'te! POS'a Başvur Kampanya Tarihleri 1.11.202 …;;;;v2
kuveyt-turk--pos-kampanyalari-kuveyt-turkten-yeni-musterilere-ozel-pos-kampanyasi;kuveyt-turk;taksit_sayisi;;;;;Ana Sayfa Kampanyalar İşim İçin POS Kampanyaları Kuveyt Türk'ten Yeni Müşterilere Özel POS Kampanyası İşletmenizin finansal ihtiyaçlarına uygun esnek POS çözümleri Kuveyt Türk'te! POS'a Başvur Kampanya Tarihleri 1.11.202 …;;;;v2
kuveyt-turk--pos-kampanyalari-kuveyt-turkten-yeni-musterilere-ozel-pos-kampanyasi;kuveyt-turk;tahsis_ucreti;;;;;Ana Sayfa Kampanyalar İşim İçin POS Kampanyaları Kuveyt Türk'ten Yeni Müşterilere Özel POS Kampanyası İşletmenizin finansal ihtiyaçlarına uygun esnek POS çözümleri Kuveyt Türk'te! POS'a Başvur Kampanya Tarihleri 1.11.202 …;;;;v2
kuveyt-turk--pos-kampanyalari-kuveyt-turkten-yeni-musterilere-ozel-pos-kampanyasi;kuveyt-turk;masraf_durumu;;;;;Ana Sayfa Kampanyalar İşim İçin POS Kampanyaları Kuveyt Türk'ten Yeni Müşterilere Özel POS Kampanyası İşletmenizin finansal ihtiyaçlarına uygun esnek POS çözümleri Kuveyt Türk'te! POS'a Başvur Kampanya Tarihleri 1.11.202 …;;;;v2
kuveyt-turk--pos-kampanyalari-kuveyt-turkten-yeni-musterilere-ozel-pos-kampanyasi;kuveyt-turk;odul_miktari;;;;;Ana Sayfa Kampanyalar İşim İçin POS Kampanyaları Kuveyt Türk'ten Yeni Müşterilere Özel POS Kampanyası İşletmenizin finansal ihtiyaçlarına uygun esnek POS çözümleri Kuveyt Türk'te! POS'a Başvur Kampanya Tarihleri 1.11.202 …;;;;v2
kuveyt-turk--pos-kampanyalari-kuveyt-turkten-yeni-musterilere-ozel-pos-kampanyasi;kuveyt-turk;indirim_orani;;;;;Ana Sayfa Kampanyalar İşim İçin POS Kampanyaları Kuveyt Türk'ten Yeni Müşterilere Özel POS Kampanyası İşletmenizin finansal ihtiyaçlarına uygun esnek POS çözümleri Kuveyt Türk'te! POS'a Başvur Kampanya Tarihleri 1.11.202 …;;;;v2
kuveyt-turk--pos-kampanyalari-kuveyt-turkten-yeni-musterilere-ozel-pos-kampanyasi;kuveyt-turk;alisveris_puani;;;;;Ana Sayfa Kampanyalar İşim İçin POS Kampanyaları Kuveyt Türk'ten Yeni Müşterilere Özel POS Kampanyası İşletmenizin finansal ihtiyaçlarına uygun esnek POS çözümleri Kuveyt Türk'te! POS'a Başvur Kampanya Tarihleri 1.11.202 …;;;;v2
kuveyt-turk--surdurulebilir-dis-ticaret-finansmanlari;kuveyt-turk;kar_payi_orani;;;;;Ana Sayfa Sürdürülebilir Dış Ticaret Finansmanları Sürdürülebilir Dış Ticaret Finansmanları Sürdürülebilir Dış Ticaret Finansmanları ile çevresel ve toplumsal sorumluluklara uyun olarak işletmenizi uzun vadeli global baş …;;;;v2
kuveyt-turk--surdurulebilir-dis-ticaret-finansmanlari;kuveyt-turk;finansman_tutari;;;;;Ana Sayfa Sürdürülebilir Dış Ticaret Finansmanları Sürdürülebilir Dış Ticaret Finansmanları Sürdürülebilir Dış Ticaret Finansmanları ile çevresel ve toplumsal sorumluluklara uyun olarak işletmenizi uzun vadeli global baş …;;;;v2
kuveyt-turk--surdurulebilir-dis-ticaret-finansmanlari;kuveyt-turk;vade_ay;;;;;Ana Sayfa Sürdürülebilir Dış Ticaret Finansmanları Sürdürülebilir Dış Ticaret Finansmanları Sürdürülebilir Dış Ticaret Finansmanları ile çevresel ve toplumsal sorumluluklara uyun olarak işletmenizi uzun vadeli global baş …;;;;v2
kuveyt-turk--surdurulebilir-dis-ticaret-finansmanlari;kuveyt-turk;taksit_sayisi;;;;;Ana Sayfa Sürdürülebilir Dış Ticaret Finansmanları Sürdürülebilir Dış Ticaret Finansmanları Sürdürülebilir Dış Ticaret Finansmanları ile çevresel ve toplumsal sorumluluklara uyun olarak işletmenizi uzun vadeli global baş …;;;;v2
kuveyt-turk--surdurulebilir-dis-ticaret-finansmanlari;kuveyt-turk;tahsis_ucreti;;;;;Ana Sayfa Sürdürülebilir Dış Ticaret Finansmanları Sürdürülebilir Dış Ticaret Finansmanları Sürdürülebilir Dış Ticaret Finansmanları ile çevresel ve toplumsal sorumluluklara uyun olarak işletmenizi uzun vadeli global baş …;;;;v2
kuveyt-turk--surdurulebilir-dis-ticaret-finansmanlari;kuveyt-turk;masraf_durumu;;;;;Ana Sayfa Sürdürülebilir Dış Ticaret Finansmanları Sürdürülebilir Dış Ticaret Finansmanları Sürdürülebilir Dış Ticaret Finansmanları ile çevresel ve toplumsal sorumluluklara uyun olarak işletmenizi uzun vadeli global baş …;;;;v2
kuveyt-turk--surdurulebilir-dis-ticaret-finansmanlari;kuveyt-turk;odul_miktari;;;;;Ana Sayfa Sürdürülebilir Dış Ticaret Finansmanları Sürdürülebilir Dış Ticaret Finansmanları Sürdürülebilir Dış Ticaret Finansmanları ile çevresel ve toplumsal sorumluluklara uyun olarak işletmenizi uzun vadeli global baş …;;;;v2
kuveyt-turk--surdurulebilir-dis-ticaret-finansmanlari;kuveyt-turk;indirim_orani;;;;;Ana Sayfa Sürdürülebilir Dış Ticaret Finansmanları Sürdürülebilir Dış Ticaret Finansmanları Sürdürülebilir Dış Ticaret Finansmanları ile çevresel ve toplumsal sorumluluklara uyun olarak işletmenizi uzun vadeli global baş …;;;;v2
kuveyt-turk--surdurulebilir-dis-ticaret-finansmanlari;kuveyt-turk;alisveris_puani;;;;;Ana Sayfa Sürdürülebilir Dış Ticaret Finansmanları Sürdürülebilir Dış Ticaret Finansmanları Sürdürülebilir Dış Ticaret Finansmanları ile çevresel ve toplumsal sorumluluklara uyun olarak işletmenizi uzun vadeli global baş …;;;;v2
kuveyt-turk--surdurulebilir-dis-ticaret-finansmanlari;kuveyt-turk;kampanya_suresi;;;;;Ana Sayfa Sürdürülebilir Dış Ticaret Finansmanları Sürdürülebilir Dış Ticaret Finansmanları Sürdürülebilir Dış Ticaret Finansmanları ile çevresel ve toplumsal sorumluluklara uyun olarak işletmenizi uzun vadeli global baş …;;;;v2
kuveyt-turk--surdurulebilir-dis-ticaret-finansmanlari;kuveyt-turk;kampanya_kosullari;;;;;Ana Sayfa Sürdürülebilir Dış Ticaret Finansmanları Sürdürülebilir Dış Ticaret Finansmanları Sürdürülebilir Dış Ticaret Finansmanları ile çevresel ve toplumsal sorumluluklara uyun olarak işletmenizi uzun vadeli global baş …;;;;v2
kuveyt-turk--surdurulebilir-dis-ticaret-finansmanlari;kuveyt-turk;hedef_kitle;;;;;Ana Sayfa Sürdürülebilir Dış Ticaret Finansmanları Sürdürülebilir Dış Ticaret Finansmanları Sürdürülebilir Dış Ticaret Finansmanları ile çevresel ve toplumsal sorumluluklara uyun olarak işletmenizi uzun vadeli global baş …;;;;v2
turkiye-emlak-katilim--finansmanlar-kentsel-donusum-finansmani;turkiye-emlak-katilim;kar_payi_orani;;;;;Türkiye Emlak Katılım Bankası A.Ş. internet sitesini ziyaretiniz esnasında kullanılabilecek çerezler ve benzeri teknolojiler hakkında bilgi vermek amacıyla işbu Çerez Politikası'nı hazırlanmıştır. Kentsel Dönüşüm Finansm …;;;;v2
turkiye-emlak-katilim--finansmanlar-kentsel-donusum-finansmani;turkiye-emlak-katilim;finansman_tutari;;;;;Türkiye Emlak Katılım Bankası A.Ş. internet sitesini ziyaretiniz esnasında kullanılabilecek çerezler ve benzeri teknolojiler hakkında bilgi vermek amacıyla işbu Çerez Politikası'nı hazırlanmıştır. Kentsel Dönüşüm Finansm …;;;;v2
turkiye-emlak-katilim--finansmanlar-kentsel-donusum-finansmani;turkiye-emlak-katilim;taksit_sayisi;;;;;Türkiye Emlak Katılım Bankası A.Ş. internet sitesini ziyaretiniz esnasında kullanılabilecek çerezler ve benzeri teknolojiler hakkında bilgi vermek amacıyla işbu Çerez Politikası'nı hazırlanmıştır. Kentsel Dönüşüm Finansm …;;;;v2
turkiye-emlak-katilim--finansmanlar-kentsel-donusum-finansmani;turkiye-emlak-katilim;tahsis_ucreti;;;;;Türkiye Emlak Katılım Bankası A.Ş. internet sitesini ziyaretiniz esnasında kullanılabilecek çerezler ve benzeri teknolojiler hakkında bilgi vermek amacıyla işbu Çerez Politikası'nı hazırlanmıştır. Kentsel Dönüşüm Finansm …;;;;v2
turkiye-emlak-katilim--finansmanlar-kentsel-donusum-finansmani;turkiye-emlak-katilim;masraf_durumu;;;;;Türkiye Emlak Katılım Bankası A.Ş. internet sitesini ziyaretiniz esnasında kullanılabilecek çerezler ve benzeri teknolojiler hakkında bilgi vermek amacıyla işbu Çerez Politikası'nı hazırlanmıştır. Kentsel Dönüşüm Finansm …;;;;v2
turkiye-emlak-katilim--finansmanlar-kentsel-donusum-finansmani;turkiye-emlak-katilim;odul_miktari;;;;;Türkiye Emlak Katılım Bankası A.Ş. internet sitesini ziyaretiniz esnasında kullanılabilecek çerezler ve benzeri teknolojiler hakkında bilgi vermek amacıyla işbu Çerez Politikası'nı hazırlanmıştır. Kentsel Dönüşüm Finansm …;;;;v2
turkiye-emlak-katilim--finansmanlar-kentsel-donusum-finansmani;turkiye-emlak-katilim;indirim_orani;;;;;Türkiye Emlak Katılım Bankası A.Ş. internet sitesini ziyaretiniz esnasında kullanılabilecek çerezler ve benzeri teknolojiler hakkında bilgi vermek amacıyla işbu Çerez Politikası'nı hazırlanmıştır. Kentsel Dönüşüm Finansm …;;;;v2
turkiye-emlak-katilim--finansmanlar-kentsel-donusum-finansmani;turkiye-emlak-katilim;kampanya_suresi;;;;;Türkiye Emlak Katılım Bankası A.Ş. internet sitesini ziyaretiniz esnasında kullanılabilecek çerezler ve benzeri teknolojiler hakkında bilgi vermek amacıyla işbu Çerez Politikası'nı hazırlanmıştır. Kentsel Dönüşüm Finansm …;;;;v2
turkiye-emlak-katilim--finansmanlar-kentsel-donusum-finansmani;turkiye-emlak-katilim;kampanya_kosullari;;;;;Türkiye Emlak Katılım Bankası A.Ş. internet sitesini ziyaretiniz esnasında kullanılabilecek çerezler ve benzeri teknolojiler hakkında bilgi vermek amacıyla işbu Çerez Politikası'nı hazırlanmıştır. Kentsel Dönüşüm Finansm …;;;;v2
turkiye-emlak-katilim--finansmanlar-kentsel-donusum-finansmani;turkiye-emlak-katilim;hedef_kitle;;;;;Türkiye Emlak Katılım Bankası A.Ş. internet sitesini ziyaretiniz esnasında kullanılabilecek çerezler ve benzeri teknolojiler hakkında bilgi vermek amacıyla işbu Çerez Politikası'nı hazırlanmıştır. Kentsel Dönüşüm Finansm …;;;;v2
turkiye-emlak-katilim--finansmanlar-konut-finansmani;turkiye-emlak-katilim;kar_payi_orani;;;;;Türkiye Emlak Katılım Bankası A.Ş. internet sitesini ziyaretiniz esnasında kullanılabilecek çerezler ve benzeri teknolojiler hakkında bilgi vermek amacıyla işbu Çerez Politikası'nı hazırlanmıştır. Konut Finansmanı Ana sa …;;;;v2
turkiye-emlak-katilim--finansmanlar-konut-finansmani;turkiye-emlak-katilim;taksit_sayisi;;;;;Türkiye Emlak Katılım Bankası A.Ş. internet sitesini ziyaretiniz esnasında kullanılabilecek çerezler ve benzeri teknolojiler hakkında bilgi vermek amacıyla işbu Çerez Politikası'nı hazırlanmıştır. Konut Finansmanı Ana sa …;;;;v2
turkiye-emlak-katilim--finansmanlar-konut-finansmani;turkiye-emlak-katilim;tahsis_ucreti;;;;;Türkiye Emlak Katılım Bankası A.Ş. internet sitesini ziyaretiniz esnasında kullanılabilecek çerezler ve benzeri teknolojiler hakkında bilgi vermek amacıyla işbu Çerez Politikası'nı hazırlanmıştır. Konut Finansmanı Ana sa …;;;;v2
turkiye-emlak-katilim--finansmanlar-konut-finansmani;turkiye-emlak-katilim;masraf_durumu;;;;;Türkiye Emlak Katılım Bankası A.Ş. internet sitesini ziyaretiniz esnasında kullanılabilecek çerezler ve benzeri teknolojiler hakkında bilgi vermek amacıyla işbu Çerez Politikası'nı hazırlanmıştır. Konut Finansmanı Ana sa …;;;;v2
turkiye-emlak-katilim--finansmanlar-konut-finansmani;turkiye-emlak-katilim;odul_miktari;;;;;Türkiye Emlak Katılım Bankası A.Ş. internet sitesini ziyaretiniz esnasında kullanılabilecek çerezler ve benzeri teknolojiler hakkında bilgi vermek amacıyla işbu Çerez Politikası'nı hazırlanmıştır. Konut Finansmanı Ana sa …;;;;v2
turkiye-emlak-katilim--finansmanlar-konut-finansmani;turkiye-emlak-katilim;indirim_orani;;;;;Türkiye Emlak Katılım Bankası A.Ş. internet sitesini ziyaretiniz esnasında kullanılabilecek çerezler ve benzeri teknolojiler hakkında bilgi vermek amacıyla işbu Çerez Politikası'nı hazırlanmıştır. Konut Finansmanı Ana sa …;;;;v2
turkiye-emlak-katilim--finansmanlar-konut-finansmani;turkiye-emlak-katilim;kampanya_suresi;;;;;Türkiye Emlak Katılım Bankası A.Ş. internet sitesini ziyaretiniz esnasında kullanılabilecek çerezler ve benzeri teknolojiler hakkında bilgi vermek amacıyla işbu Çerez Politikası'nı hazırlanmıştır. Konut Finansmanı Ana sa …;;;;v2
turkiye-emlak-katilim--finansmanlar-konut-finansmani;turkiye-emlak-katilim;hedef_kitle;;;;;Türkiye Emlak Katılım Bankası A.Ş. internet sitesini ziyaretiniz esnasında kullanılabilecek çerezler ve benzeri teknolojiler hakkında bilgi vermek amacıyla işbu Çerez Politikası'nı hazırlanmıştır. Konut Finansmanı Ana sa …;;;;v2
turkiye-emlak-katilim--finansmanlar-tasit-finansmani;turkiye-emlak-katilim;kar_payi_orani;;;;;Türkiye Emlak Katılım Bankası A.Ş. internet sitesini ziyaretiniz esnasında kullanılabilecek çerezler ve benzeri teknolojiler hakkında bilgi vermek amacıyla işbu Çerez Politikası'nı hazırlanmıştır. Taşıt Finansmanı Ana sa …;;;;v2
turkiye-emlak-katilim--finansmanlar-tasit-finansmani;turkiye-emlak-katilim;finansman_tutari;;;;;Türkiye Emlak Katılım Bankası A.Ş. internet sitesini ziyaretiniz esnasında kullanılabilecek çerezler ve benzeri teknolojiler hakkında bilgi vermek amacıyla işbu Çerez Politikası'nı hazırlanmıştır. Taşıt Finansmanı Ana sa …;;;;v2
turkiye-emlak-katilim--finansmanlar-tasit-finansmani;turkiye-emlak-katilim;vade_ay;;;;;Türkiye Emlak Katılım Bankası A.Ş. internet sitesini ziyaretiniz esnasında kullanılabilecek çerezler ve benzeri teknolojiler hakkında bilgi vermek amacıyla işbu Çerez Politikası'nı hazırlanmıştır. Taşıt Finansmanı Ana sa …;;;;v2
turkiye-emlak-katilim--finansmanlar-tasit-finansmani;turkiye-emlak-katilim;taksit_sayisi;;;;;Türkiye Emlak Katılım Bankası A.Ş. internet sitesini ziyaretiniz esnasında kullanılabilecek çerezler ve benzeri teknolojiler hakkında bilgi vermek amacıyla işbu Çerez Politikası'nı hazırlanmıştır. Taşıt Finansmanı Ana sa …;;;;v2
turkiye-emlak-katilim--finansmanlar-tasit-finansmani;turkiye-emlak-katilim;tahsis_ucreti;;;;;Türkiye Emlak Katılım Bankası A.Ş. internet sitesini ziyaretiniz esnasında kullanılabilecek çerezler ve benzeri teknolojiler hakkında bilgi vermek amacıyla işbu Çerez Politikası'nı hazırlanmıştır. Taşıt Finansmanı Ana sa …;;;;v2
turkiye-emlak-katilim--finansmanlar-tasit-finansmani;turkiye-emlak-katilim;masraf_durumu;;;;;Türkiye Emlak Katılım Bankası A.Ş. internet sitesini ziyaretiniz esnasında kullanılabilecek çerezler ve benzeri teknolojiler hakkında bilgi vermek amacıyla işbu Çerez Politikası'nı hazırlanmıştır. Taşıt Finansmanı Ana sa …;;;;v2
turkiye-emlak-katilim--finansmanlar-tasit-finansmani;turkiye-emlak-katilim;odul_miktari;;;;;Türkiye Emlak Katılım Bankası A.Ş. internet sitesini ziyaretiniz esnasında kullanılabilecek çerezler ve benzeri teknolojiler hakkında bilgi vermek amacıyla işbu Çerez Politikası'nı hazırlanmıştır. Taşıt Finansmanı Ana sa …;;;;v2
turkiye-emlak-katilim--finansmanlar-tasit-finansmani;turkiye-emlak-katilim;indirim_orani;;;;;Türkiye Emlak Katılım Bankası A.Ş. internet sitesini ziyaretiniz esnasında kullanılabilecek çerezler ve benzeri teknolojiler hakkında bilgi vermek amacıyla işbu Çerez Politikası'nı hazırlanmıştır. Taşıt Finansmanı Ana sa …;;;;v2
turkiye-emlak-katilim--finansmanlar-tasit-finansmani;turkiye-emlak-katilim;kampanya_suresi;;;;;Türkiye Emlak Katılım Bankası A.Ş. internet sitesini ziyaretiniz esnasında kullanılabilecek çerezler ve benzeri teknolojiler hakkında bilgi vermek amacıyla işbu Çerez Politikası'nı hazırlanmıştır. Taşıt Finansmanı Ana sa …;;;;v2
turkiye-emlak-katilim--finansmanlar-tasit-finansmani;turkiye-emlak-katilim;hedef_kitle;;;;;Türkiye Emlak Katılım Bankası A.Ş. internet sitesini ziyaretiniz esnasında kullanılabilecek çerezler ve benzeri teknolojiler hakkında bilgi vermek amacıyla işbu Çerez Politikası'nı hazırlanmıştır. Taşıt Finansmanı Ana sa …;;;;v2
turkiye-emlak-katilim--nakdi-finansman-cevreci-ihracat-finansmani;turkiye-emlak-katilim;kar_payi_orani;;;;;Türkiye Emlak Katılım Bankası A.Ş. internet sitesini ziyaretiniz esnasında kullanılabilecek çerezler ve benzeri teknolojiler hakkında bilgi vermek amacıyla işbu Çerez Politikası'nı hazırlanmıştır. Çevreci İhracat Finansm …;;;;v2
turkiye-emlak-katilim--nakdi-finansman-cevreci-ihracat-finansmani;turkiye-emlak-katilim;taksit_sayisi;;;;;Türkiye Emlak Katılım Bankası A.Ş. internet sitesini ziyaretiniz esnasında kullanılabilecek çerezler ve benzeri teknolojiler hakkında bilgi vermek amacıyla işbu Çerez Politikası'nı hazırlanmıştır. Çevreci İhracat Finansm …;;;;v2
turkiye-emlak-katilim--nakdi-finansman-cevreci-ihracat-finansmani;turkiye-emlak-katilim;tahsis_ucreti;;;;;Türkiye Emlak Katılım Bankası A.Ş. internet sitesini ziyaretiniz esnasında kullanılabilecek çerezler ve benzeri teknolojiler hakkında bilgi vermek amacıyla işbu Çerez Politikası'nı hazırlanmıştır. Çevreci İhracat Finansm …;;;;v2
turkiye-emlak-katilim--nakdi-finansman-cevreci-ihracat-finansmani;turkiye-emlak-katilim;masraf_durumu;;;;;Türkiye Emlak Katılım Bankası A.Ş. internet sitesini ziyaretiniz esnasında kullanılabilecek çerezler ve benzeri teknolojiler hakkında bilgi vermek amacıyla işbu Çerez Politikası'nı hazırlanmıştır. Çevreci İhracat Finansm …;;;;v2
turkiye-emlak-katilim--nakdi-finansman-cevreci-ihracat-finansmani;turkiye-emlak-katilim;odul_miktari;;;;;Türkiye Emlak Katılım Bankası A.Ş. internet sitesini ziyaretiniz esnasında kullanılabilecek çerezler ve benzeri teknolojiler hakkında bilgi vermek amacıyla işbu Çerez Politikası'nı hazırlanmıştır. Çevreci İhracat Finansm …;;;;v2
turkiye-emlak-katilim--nakdi-finansman-cevreci-ihracat-finansmani;turkiye-emlak-katilim;alisveris_puani;;;;;Türkiye Emlak Katılım Bankası A.Ş. internet sitesini ziyaretiniz esnasında kullanılabilecek çerezler ve benzeri teknolojiler hakkında bilgi vermek amacıyla işbu Çerez Politikası'nı hazırlanmıştır. Çevreci İhracat Finansm …;;;;v2
turkiye-emlak-katilim--nakdi-finansman-cevreci-ihracat-finansmani;turkiye-emlak-katilim;kampanya_suresi;;;;;Türkiye Emlak Katılım Bankası A.Ş. internet sitesini ziyaretiniz esnasında kullanılabilecek çerezler ve benzeri teknolojiler hakkında bilgi vermek amacıyla işbu Çerez Politikası'nı hazırlanmıştır. Çevreci İhracat Finansm …;;;;v2
turkiye-emlak-katilim--nakdi-finansman-cevreci-ihracat-finansmani;turkiye-emlak-katilim;kampanya_kosullari;;;;;Türkiye Emlak Katılım Bankası A.Ş. internet sitesini ziyaretiniz esnasında kullanılabilecek çerezler ve benzeri teknolojiler hakkında bilgi vermek amacıyla işbu Çerez Politikası'nı hazırlanmıştır. Çevreci İhracat Finansm …;;;;v2
turkiye-emlak-katilim--nakdi-finansman-cevreci-ihracat-finansmani;turkiye-emlak-katilim;hedef_kitle;;;;;Türkiye Emlak Katılım Bankası A.Ş. internet sitesini ziyaretiniz esnasında kullanılabilecek çerezler ve benzeri teknolojiler hakkında bilgi vermek amacıyla işbu Çerez Politikası'nı hazırlanmıştır. Çevreci İhracat Finansm …;;;;v2
turkiye-emlak-katilim--nakdi-finansman-ihracatci-kadin-girisimci-destek-finansmani;turkiye-emlak-katilim;kar_payi_orani;;;;;Türkiye Emlak Katılım Bankası A.Ş. internet sitesini ziyaretiniz esnasında kullanılabilecek çerezler ve benzeri teknolojiler hakkında bilgi vermek amacıyla işbu Çerez Politikası'nı hazırlanmıştır. İhracatçı Kadın Girişim …;;;;v2
turkiye-emlak-katilim--nakdi-finansman-ihracatci-kadin-girisimci-destek-finansmani;turkiye-emlak-katilim;taksit_sayisi;;;;;Türkiye Emlak Katılım Bankası A.Ş. internet sitesini ziyaretiniz esnasında kullanılabilecek çerezler ve benzeri teknolojiler hakkında bilgi vermek amacıyla işbu Çerez Politikası'nı hazırlanmıştır. İhracatçı Kadın Girişim …;;;;v2
turkiye-emlak-katilim--nakdi-finansman-ihracatci-kadin-girisimci-destek-finansmani;turkiye-emlak-katilim;tahsis_ucreti;;;;;Türkiye Emlak Katılım Bankası A.Ş. internet sitesini ziyaretiniz esnasında kullanılabilecek çerezler ve benzeri teknolojiler hakkında bilgi vermek amacıyla işbu Çerez Politikası'nı hazırlanmıştır. İhracatçı Kadın Girişim …;;;;v2
turkiye-emlak-katilim--nakdi-finansman-ihracatci-kadin-girisimci-destek-finansmani;turkiye-emlak-katilim;masraf_durumu;;;;;Türkiye Emlak Katılım Bankası A.Ş. internet sitesini ziyaretiniz esnasında kullanılabilecek çerezler ve benzeri teknolojiler hakkında bilgi vermek amacıyla işbu Çerez Politikası'nı hazırlanmıştır. İhracatçı Kadın Girişim …;;;;v2
turkiye-emlak-katilim--nakdi-finansman-ihracatci-kadin-girisimci-destek-finansmani;turkiye-emlak-katilim;odul_miktari;;;;;Türkiye Emlak Katılım Bankası A.Ş. internet sitesini ziyaretiniz esnasında kullanılabilecek çerezler ve benzeri teknolojiler hakkında bilgi vermek amacıyla işbu Çerez Politikası'nı hazırlanmıştır. İhracatçı Kadın Girişim …;;;;v2
turkiye-emlak-katilim--nakdi-finansman-ihracatci-kadin-girisimci-destek-finansmani;turkiye-emlak-katilim;alisveris_puani;;;;;Türkiye Emlak Katılım Bankası A.Ş. internet sitesini ziyaretiniz esnasında kullanılabilecek çerezler ve benzeri teknolojiler hakkında bilgi vermek amacıyla işbu Çerez Politikası'nı hazırlanmıştır. İhracatçı Kadın Girişim …;;;;v2
turkiye-emlak-katilim--nakdi-finansman-ihracatci-kadin-girisimci-destek-finansmani;turkiye-emlak-katilim;kampanya_suresi;;;;;Türkiye Emlak Katılım Bankası A.Ş. internet sitesini ziyaretiniz esnasında kullanılabilecek çerezler ve benzeri teknolojiler hakkında bilgi vermek amacıyla işbu Çerez Politikası'nı hazırlanmıştır. İhracatçı Kadın Girişim …;;;;v2
turkiye-emlak-katilim--nakdi-finansman-ihracatci-kadin-girisimci-destek-finansmani;turkiye-emlak-katilim;kampanya_kosullari;;;;;Türkiye Emlak Katılım Bankası A.Ş. internet sitesini ziyaretiniz esnasında kullanılabilecek çerezler ve benzeri teknolojiler hakkında bilgi vermek amacıyla işbu Çerez Politikası'nı hazırlanmıştır. İhracatçı Kadın Girişim …;;;;v2
turkiye-emlak-katilim--nakdi-finansman-kadin-girisimci-destek-finansmani;turkiye-emlak-katilim;kar_payi_orani;;;;;Türkiye Emlak Katılım Bankası A.Ş. internet sitesini ziyaretiniz esnasında kullanılabilecek çerezler ve benzeri teknolojiler hakkında bilgi vermek amacıyla işbu Çerez Politikası'nı hazırlanmıştır. Kadın Girişimci Destek …;;;;v2
turkiye-emlak-katilim--nakdi-finansman-kadin-girisimci-destek-finansmani;turkiye-emlak-katilim;taksit_sayisi;;;;;Türkiye Emlak Katılım Bankası A.Ş. internet sitesini ziyaretiniz esnasında kullanılabilecek çerezler ve benzeri teknolojiler hakkında bilgi vermek amacıyla işbu Çerez Politikası'nı hazırlanmıştır. Kadın Girişimci Destek …;;;;v2
turkiye-emlak-katilim--nakdi-finansman-kadin-girisimci-destek-finansmani;turkiye-emlak-katilim;tahsis_ucreti;;;;;Türkiye Emlak Katılım Bankası A.Ş. internet sitesini ziyaretiniz esnasında kullanılabilecek çerezler ve benzeri teknolojiler hakkında bilgi vermek amacıyla işbu Çerez Politikası'nı hazırlanmıştır. Kadın Girişimci Destek …;;;;v2
turkiye-emlak-katilim--nakdi-finansman-kadin-girisimci-destek-finansmani;turkiye-emlak-katilim;masraf_durumu;;;;;Türkiye Emlak Katılım Bankası A.Ş. internet sitesini ziyaretiniz esnasında kullanılabilecek çerezler ve benzeri teknolojiler hakkında bilgi vermek amacıyla işbu Çerez Politikası'nı hazırlanmıştır. Kadın Girişimci Destek …;;;;v2
turkiye-emlak-katilim--nakdi-finansman-kadin-girisimci-destek-finansmani;turkiye-emlak-katilim;odul_miktari;;;;;Türkiye Emlak Katılım Bankası A.Ş. internet sitesini ziyaretiniz esnasında kullanılabilecek çerezler ve benzeri teknolojiler hakkında bilgi vermek amacıyla işbu Çerez Politikası'nı hazırlanmıştır. Kadın Girişimci Destek …;;;;v2
turkiye-emlak-katilim--nakdi-finansman-kadin-girisimci-destek-finansmani;turkiye-emlak-katilim;indirim_orani;;;;;Türkiye Emlak Katılım Bankası A.Ş. internet sitesini ziyaretiniz esnasında kullanılabilecek çerezler ve benzeri teknolojiler hakkında bilgi vermek amacıyla işbu Çerez Politikası'nı hazırlanmıştır. Kadın Girişimci Destek …;;;;v2
turkiye-emlak-katilim--nakdi-finansman-kadin-girisimci-destek-finansmani;turkiye-emlak-katilim;alisveris_puani;;;;;Türkiye Emlak Katılım Bankası A.Ş. internet sitesini ziyaretiniz esnasında kullanılabilecek çerezler ve benzeri teknolojiler hakkında bilgi vermek amacıyla işbu Çerez Politikası'nı hazırlanmıştır. Kadın Girişimci Destek …;;;;v2
turkiye-emlak-katilim--nakdi-finansman-kadin-girisimci-destek-finansmani;turkiye-emlak-katilim;kampanya_suresi;;;;;Türkiye Emlak Katılım Bankası A.Ş. internet sitesini ziyaretiniz esnasında kullanılabilecek çerezler ve benzeri teknolojiler hakkında bilgi vermek amacıyla işbu Çerez Politikası'nı hazırlanmıştır. Kadın Girişimci Destek …;;;;v2
turkiye-emlak-katilim--nakdi-finansman-kadin-girisimci-destek-finansmani;turkiye-emlak-katilim;kampanya_kosullari;;;;;Türkiye Emlak Katılım Bankası A.Ş. internet sitesini ziyaretiniz esnasında kullanılabilecek çerezler ve benzeri teknolojiler hakkında bilgi vermek amacıyla işbu Çerez Politikası'nı hazırlanmıştır. Kadın Girişimci Destek …;;;;v2
turkiye-emlak-katilim--nakdi-finansman-turk-eximbank-alacak-sigortasi-teminatli-finansman;turkiye-emlak-katilim;kar_payi_orani;;;;;Türkiye Emlak Katılım Bankası A.Ş. internet sitesini ziyaretiniz esnasında kullanılabilecek çerezler ve benzeri teknolojiler hakkında bilgi vermek amacıyla işbu Çerez Politikası'nı hazırlanmıştır. Türk Eximbank Alacak Si …;;;;v2
turkiye-emlak-katilim--nakdi-finansman-turk-eximbank-alacak-sigortasi-teminatli-finansman;turkiye-emlak-katilim;finansman_tutari;;;;;Türkiye Emlak Katılım Bankası A.Ş. internet sitesini ziyaretiniz esnasında kullanılabilecek çerezler ve benzeri teknolojiler hakkında bilgi vermek amacıyla işbu Çerez Politikası'nı hazırlanmıştır. Türk Eximbank Alacak Si …;;;;v2
turkiye-emlak-katilim--nakdi-finansman-turk-eximbank-alacak-sigortasi-teminatli-finansman;turkiye-emlak-katilim;vade_ay;;;;;Türkiye Emlak Katılım Bankası A.Ş. internet sitesini ziyaretiniz esnasında kullanılabilecek çerezler ve benzeri teknolojiler hakkında bilgi vermek amacıyla işbu Çerez Politikası'nı hazırlanmıştır. Türk Eximbank Alacak Si …;;;;v2
turkiye-emlak-katilim--nakdi-finansman-turk-eximbank-alacak-sigortasi-teminatli-finansman;turkiye-emlak-katilim;taksit_sayisi;;;;;Türkiye Emlak Katılım Bankası A.Ş. internet sitesini ziyaretiniz esnasında kullanılabilecek çerezler ve benzeri teknolojiler hakkında bilgi vermek amacıyla işbu Çerez Politikası'nı hazırlanmıştır. Türk Eximbank Alacak Si …;;;;v2
turkiye-emlak-katilim--nakdi-finansman-turk-eximbank-alacak-sigortasi-teminatli-finansman;turkiye-emlak-katilim;tahsis_ucreti;;;;;Türkiye Emlak Katılım Bankası A.Ş. internet sitesini ziyaretiniz esnasında kullanılabilecek çerezler ve benzeri teknolojiler hakkında bilgi vermek amacıyla işbu Çerez Politikası'nı hazırlanmıştır. Türk Eximbank Alacak Si …;;;;v2
turkiye-emlak-katilim--nakdi-finansman-turk-eximbank-alacak-sigortasi-teminatli-finansman;turkiye-emlak-katilim;masraf_durumu;;;;;Türkiye Emlak Katılım Bankası A.Ş. internet sitesini ziyaretiniz esnasında kullanılabilecek çerezler ve benzeri teknolojiler hakkında bilgi vermek amacıyla işbu Çerez Politikası'nı hazırlanmıştır. Türk Eximbank Alacak Si …;;;;v2
turkiye-emlak-katilim--nakdi-finansman-turk-eximbank-alacak-sigortasi-teminatli-finansman;turkiye-emlak-katilim;odul_miktari;;;;;Türkiye Emlak Katılım Bankası A.Ş. internet sitesini ziyaretiniz esnasında kullanılabilecek çerezler ve benzeri teknolojiler hakkında bilgi vermek amacıyla işbu Çerez Politikası'nı hazırlanmıştır. Türk Eximbank Alacak Si …;;;;v2
turkiye-emlak-katilim--nakdi-finansman-turk-eximbank-alacak-sigortasi-teminatli-finansman;turkiye-emlak-katilim;indirim_orani;;;;;Türkiye Emlak Katılım Bankası A.Ş. internet sitesini ziyaretiniz esnasında kullanılabilecek çerezler ve benzeri teknolojiler hakkında bilgi vermek amacıyla işbu Çerez Politikası'nı hazırlanmıştır. Türk Eximbank Alacak Si …;;;;v2
turkiye-emlak-katilim--nakdi-finansman-turk-eximbank-alacak-sigortasi-teminatli-finansman;turkiye-emlak-katilim;alisveris_puani;;;;;Türkiye Emlak Katılım Bankası A.Ş. internet sitesini ziyaretiniz esnasında kullanılabilecek çerezler ve benzeri teknolojiler hakkında bilgi vermek amacıyla işbu Çerez Politikası'nı hazırlanmıştır. Türk Eximbank Alacak Si …;;;;v2
turkiye-emlak-katilim--nakdi-finansman-turk-eximbank-alacak-sigortasi-teminatli-finansman;turkiye-emlak-katilim;kampanya_suresi;;;;;Türkiye Emlak Katılım Bankası A.Ş. internet sitesini ziyaretiniz esnasında kullanılabilecek çerezler ve benzeri teknolojiler hakkında bilgi vermek amacıyla işbu Çerez Politikası'nı hazırlanmıştır. Türk Eximbank Alacak Si …;;;;v2
turkiye-emlak-katilim--nakdi-finansman-turk-eximbank-alacak-sigortasi-teminatli-finansman;turkiye-emlak-katilim;hedef_kitle;;;;;Türkiye Emlak Katılım Bankası A.Ş. internet sitesini ziyaretiniz esnasında kullanılabilecek çerezler ve benzeri teknolojiler hakkında bilgi vermek amacıyla işbu Çerez Politikası'nı hazırlanmıştır. Türk Eximbank Alacak Si …;;;;v2
turkiye-finans--bireysel-arsa-finansmani;turkiye-finans;finansman_tutari;;;;;Navigasyonu görüntüle İçeriği görüntüle GÜNCELLE Çerez Politikası ve 6698 sayılı Kişisel Verilerin Korunması Kanunu kapsamında Bankamız ile paylaşmış olduğunuz kişisel verileriniz ile ilgili detaylı bilgiye Kişisel Veril …;;;;v2
turkiye-finans--bireysel-arsa-finansmani;turkiye-finans;taksit_sayisi;;;;;Navigasyonu görüntüle İçeriği görüntüle GÜNCELLE Çerez Politikası ve 6698 sayılı Kişisel Verilerin Korunması Kanunu kapsamında Bankamız ile paylaşmış olduğunuz kişisel verileriniz ile ilgili detaylı bilgiye Kişisel Veril …;;;;v2
turkiye-finans--bireysel-arsa-finansmani;turkiye-finans;odul_miktari;;;;;Navigasyonu görüntüle İçeriği görüntüle GÜNCELLE Çerez Politikası ve 6698 sayılı Kişisel Verilerin Korunması Kanunu kapsamında Bankamız ile paylaşmış olduğunuz kişisel verileriniz ile ilgili detaylı bilgiye Kişisel Veril …;;;;v2
turkiye-finans--bireysel-arsa-finansmani;turkiye-finans;indirim_orani;;;;;Navigasyonu görüntüle İçeriği görüntüle GÜNCELLE Çerez Politikası ve 6698 sayılı Kişisel Verilerin Korunması Kanunu kapsamında Bankamız ile paylaşmış olduğunuz kişisel verileriniz ile ilgili detaylı bilgiye Kişisel Veril …;;;;v2
turkiye-finans--bireysel-arsa-finansmani;turkiye-finans;alisveris_puani;;;;;Navigasyonu görüntüle İçeriği görüntüle GÜNCELLE Çerez Politikası ve 6698 sayılı Kişisel Verilerin Korunması Kanunu kapsamında Bankamız ile paylaşmış olduğunuz kişisel verileriniz ile ilgili detaylı bilgiye Kişisel Veril …;;;;v2
turkiye-finans--bireysel-arsa-finansmani;turkiye-finans;kampanya_suresi;;;;;Navigasyonu görüntüle İçeriği görüntüle GÜNCELLE Çerez Politikası ve 6698 sayılı Kişisel Verilerin Korunması Kanunu kapsamında Bankamız ile paylaşmış olduğunuz kişisel verileriniz ile ilgili detaylı bilgiye Kişisel Veril …;;;;v2
turkiye-finans--bireysel-gunluk-hesap;turkiye-finans;kar_payi_orani;;;;;Navigasyonu görüntüle İçeriği görüntüle GÜNCELLE Çerez Politikası ve 6698 sayılı Kişisel Verilerin Korunması Kanunu kapsamında Bankamız ile paylaşmış olduğunuz kişisel verileriniz ile ilgili detaylı bilgiye Kişisel Veril …;;;;v2
turkiye-finans--bireysel-gunluk-hesap;turkiye-finans;vade_ay;;;;;Navigasyonu görüntüle İçeriği görüntüle GÜNCELLE Çerez Politikası ve 6698 sayılı Kişisel Verilerin Korunması Kanunu kapsamında Bankamız ile paylaşmış olduğunuz kişisel verileriniz ile ilgili detaylı bilgiye Kişisel Veril …;;;;v2
turkiye-finans--bireysel-gunluk-hesap;turkiye-finans;taksit_sayisi;;;;;Navigasyonu görüntüle İçeriği görüntüle GÜNCELLE Çerez Politikası ve 6698 sayılı Kişisel Verilerin Korunması Kanunu kapsamında Bankamız ile paylaşmış olduğunuz kişisel verileriniz ile ilgili detaylı bilgiye Kişisel Veril …;;;;v2
turkiye-finans--bireysel-gunluk-hesap;turkiye-finans;tahsis_ucreti;;;;;Navigasyonu görüntüle İçeriği görüntüle GÜNCELLE Çerez Politikası ve 6698 sayılı Kişisel Verilerin Korunması Kanunu kapsamında Bankamız ile paylaşmış olduğunuz kişisel verileriniz ile ilgili detaylı bilgiye Kişisel Veril …;;;;v2
turkiye-finans--bireysel-gunluk-hesap;turkiye-finans;masraf_durumu;;;;;Navigasyonu görüntüle İçeriği görüntüle GÜNCELLE Çerez Politikası ve 6698 sayılı Kişisel Verilerin Korunması Kanunu kapsamında Bankamız ile paylaşmış olduğunuz kişisel verileriniz ile ilgili detaylı bilgiye Kişisel Veril …;;;;v2
turkiye-finans--bireysel-gunluk-hesap;turkiye-finans;odul_miktari;;;;;Navigasyonu görüntüle İçeriği görüntüle GÜNCELLE Çerez Politikası ve 6698 sayılı Kişisel Verilerin Korunması Kanunu kapsamında Bankamız ile paylaşmış olduğunuz kişisel verileriniz ile ilgili detaylı bilgiye Kişisel Veril …;;;;v2
turkiye-finans--bireysel-gunluk-hesap;turkiye-finans;indirim_orani;;;;;Navigasyonu görüntüle İçeriği görüntüle GÜNCELLE Çerez Politikası ve 6698 sayılı Kişisel Verilerin Korunması Kanunu kapsamında Bankamız ile paylaşmış olduğunuz kişisel verileriniz ile ilgili detaylı bilgiye Kişisel Veril …;;;;v2
turkiye-finans--bireysel-gunluk-hesap;turkiye-finans;alisveris_puani;;;;;Navigasyonu görüntüle İçeriği görüntüle GÜNCELLE Çerez Politikası ve 6698 sayılı Kişisel Verilerin Korunması Kanunu kapsamında Bankamız ile paylaşmış olduğunuz kişisel verileriniz ile ilgili detaylı bilgiye Kişisel Veril …;;;;v2
turkiye-finans--bireysel-isyeri-finansmani;turkiye-finans;finansman_tutari;;;;;Navigasyonu görüntüle İçeriği görüntüle GÜNCELLE Çerez Politikası ve 6698 sayılı Kişisel Verilerin Korunması Kanunu kapsamında Bankamız ile paylaşmış olduğunuz kişisel verileriniz ile ilgili detaylı bilgiye Kişisel Veril …;;;;v2
turkiye-finans--bireysel-isyeri-finansmani;turkiye-finans;taksit_sayisi;;;;;Navigasyonu görüntüle İçeriği görüntüle GÜNCELLE Çerez Politikası ve 6698 sayılı Kişisel Verilerin Korunması Kanunu kapsamında Bankamız ile paylaşmış olduğunuz kişisel verileriniz ile ilgili detaylı bilgiye Kişisel Veril …;;;;v2
turkiye-finans--bireysel-isyeri-finansmani;turkiye-finans;odul_miktari;;;;;Navigasyonu görüntüle İçeriği görüntüle GÜNCELLE Çerez Politikası ve 6698 sayılı Kişisel Verilerin Korunması Kanunu kapsamında Bankamız ile paylaşmış olduğunuz kişisel verileriniz ile ilgili detaylı bilgiye Kişisel Veril …;;;;v2
turkiye-finans--bireysel-isyeri-finansmani;turkiye-finans;indirim_orani;;;;;Navigasyonu görüntüle İçeriği görüntüle GÜNCELLE Çerez Politikası ve 6698 sayılı Kişisel Verilerin Korunması Kanunu kapsamında Bankamız ile paylaşmış olduğunuz kişisel verileriniz ile ilgili detaylı bilgiye Kişisel Veril …;;;;v2
turkiye-finans--bireysel-isyeri-finansmani;turkiye-finans;alisveris_puani;;;;;Navigasyonu görüntüle İçeriği görüntüle GÜNCELLE Çerez Politikası ve 6698 sayılı Kişisel Verilerin Korunması Kanunu kapsamında Bankamız ile paylaşmış olduğunuz kişisel verileriniz ile ilgili detaylı bilgiye Kişisel Veril …;;;;v2
turkiye-finans--bireysel-isyeri-finansmani;turkiye-finans;kampanya_suresi;;;;;Navigasyonu görüntüle İçeriği görüntüle GÜNCELLE Çerez Politikası ve 6698 sayılı Kişisel Verilerin Korunması Kanunu kapsamında Bankamız ile paylaşmış olduğunuz kişisel verileriniz ile ilgili detaylı bilgiye Kişisel Veril …;;;;v2
turkiye-finans--ihtiyac-finansmani-ihtiyac-finansmani;turkiye-finans;taksit_sayisi;;;;;Navigasyonu görüntüle İçeriği görüntüle GÜNCELLE Çerez Politikası ve 6698 sayılı Kişisel Verilerin Korunması Kanunu kapsamında Bankamız ile paylaşmış olduğunuz kişisel verileriniz ile ilgili detaylı bilgiye Kişisel Veril …;;;;v2
turkiye-finans--ihtiyac-finansmani-ihtiyac-finansmani;turkiye-finans;indirim_orani;;;;;Navigasyonu görüntüle İçeriği görüntüle GÜNCELLE Çerez Politikası ve 6698 sayılı Kişisel Verilerin Korunması Kanunu kapsamında Bankamız ile paylaşmış olduğunuz kişisel verileriniz ile ilgili detaylı bilgiye Kişisel Veril …;;;;v2
turkiye-finans--ihtiyac-finansmani-ihtiyac-finansmani;turkiye-finans;alisveris_puani;;;;;Navigasyonu görüntüle İçeriği görüntüle GÜNCELLE Çerez Politikası ve 6698 sayılı Kişisel Verilerin Korunması Kanunu kapsamında Bankamız ile paylaşmış olduğunuz kişisel verileriniz ile ilgili detaylı bilgiye Kişisel Veril …;;;;v2
turkiye-finans--ihtiyac-finansmani-ihtiyac-finansmani;turkiye-finans;kampanya_suresi;;;;;Navigasyonu görüntüle İçeriği görüntüle GÜNCELLE Çerez Politikası ve 6698 sayılı Kişisel Verilerin Korunması Kanunu kapsamında Bankamız ile paylaşmış olduğunuz kişisel verileriniz ile ilgili detaylı bilgiye Kişisel Veril …;;;;v2
turkiye-finans--kampanyalar-banka-calisanlarina-ozel-ihtiyac-finansmani;turkiye-finans;taksit_sayisi;;;;;Navigasyonu görüntüle İçeriği görüntüle GÜNCELLE Çerez Politikası ve 6698 sayılı Kişisel Verilerin Korunması Kanunu kapsamında Bankamız ile paylaşmış olduğunuz kişisel verileriniz ile ilgili detaylı bilgiye Kişisel Veril …;;;;v2
turkiye-finans--kampanyalar-banka-calisanlarina-ozel-ihtiyac-finansmani;turkiye-finans;masraf_durumu;"{""amount"": null, ""has_fee"": true}";0.95;rule_heuristic;;Navigasyonu görüntüle İçeriği görüntüle GÜNCELLE Çerez Politikası ve 6698 sayılı Kişisel Verilerin Korunması Kanunu kapsamında Bankamız ile paylaşmış olduğunuz kişisel verileriniz ile ilgili detaylı bilgiye Kişisel Veril …;;;;v2
turkiye-finans--kampanyalar-banka-calisanlarina-ozel-ihtiyac-finansmani;turkiye-finans;odul_miktari;;;;;Navigasyonu görüntüle İçeriği görüntüle GÜNCELLE Çerez Politikası ve 6698 sayılı Kişisel Verilerin Korunması Kanunu kapsamında Bankamız ile paylaşmış olduğunuz kişisel verileriniz ile ilgili detaylı bilgiye Kişisel Veril …;;;;v2
turkiye-finans--kampanyalar-banka-calisanlarina-ozel-ihtiyac-finansmani;turkiye-finans;indirim_orani;;;;;Navigasyonu görüntüle İçeriği görüntüle GÜNCELLE Çerez Politikası ve 6698 sayılı Kişisel Verilerin Korunması Kanunu kapsamında Bankamız ile paylaşmış olduğunuz kişisel verileriniz ile ilgili detaylı bilgiye Kişisel Veril …;;;;v2
turkiye-finans--kampanyalar-banka-calisanlarina-ozel-ihtiyac-finansmani;turkiye-finans;alisveris_puani;;;;;Navigasyonu görüntüle İçeriği görüntüle GÜNCELLE Çerez Politikası ve 6698 sayılı Kişisel Verilerin Korunması Kanunu kapsamında Bankamız ile paylaşmış olduğunuz kişisel verileriniz ile ilgili detaylı bilgiye Kişisel Veril …;;;;v2
turkiye-finans--kampanyalar-banka-calisanlarina-ozel-ihtiyac-finansmani;turkiye-finans;kampanya_suresi;;;;;Navigasyonu görüntüle İçeriği görüntüle GÜNCELLE Çerez Politikası ve 6698 sayılı Kişisel Verilerin Korunması Kanunu kapsamında Bankamız ile paylaşmış olduğunuz kişisel verileriniz ile ilgili detaylı bilgiye Kişisel Veril …;;;;v2
turkiye-finans--kampanyalar-biten-kampanyalar;turkiye-finans;taksit_sayisi;;;;;Navigasyonu görüntüle İçeriği görüntüle GÜNCELLE Çerez Politikası ve 6698 sayılı Kişisel Verilerin Korunması Kanunu kapsamında Bankamız ile paylaşmış olduğunuz kişisel verileriniz ile ilgili detaylı bilgiye Kişisel Veril …;;;;v2
turkiye-finans--kampanyalar-biten-kampanyalar;turkiye-finans;tahsis_ucreti;;;;;Navigasyonu görüntüle İçeriği görüntüle GÜNCELLE Çerez Politikası ve 6698 sayılı Kişisel Verilerin Korunması Kanunu kapsamında Bankamız ile paylaşmış olduğunuz kişisel verileriniz ile ilgili detaylı bilgiye Kişisel Veril …;;;;v2
turkiye-finans--kampanyalar-biten-kampanyalar;turkiye-finans;indirim_orani;;;;;Navigasyonu görüntüle İçeriği görüntüle GÜNCELLE Çerez Politikası ve 6698 sayılı Kişisel Verilerin Korunması Kanunu kapsamında Bankamız ile paylaşmış olduğunuz kişisel verileriniz ile ilgili detaylı bilgiye Kişisel Veril …;;;;v2
turkiye-finans--kampanyalar-biten-kampanyalar;turkiye-finans;alisveris_puani;;;;;Navigasyonu görüntüle İçeriği görüntüle GÜNCELLE Çerez Politikası ve 6698 sayılı Kişisel Verilerin Korunması Kanunu kapsamında Bankamız ile paylaşmış olduğunuz kişisel verileriniz ile ilgili detaylı bilgiye Kişisel Veril …;;;;v2
turkiye-finans--kampanyalar-biten-kampanyalar;turkiye-finans;kampanya_suresi;;;;;Navigasyonu görüntüle İçeriği görüntüle GÜNCELLE Çerez Politikası ve 6698 sayılı Kişisel Verilerin Korunması Kanunu kapsamında Bankamız ile paylaşmış olduğunuz kişisel verileriniz ile ilgili detaylı bilgiye Kişisel Veril …;;;;v2
turkiye-finans--kampanyalar-biten-kampanyalar-2;turkiye-finans;taksit_sayisi;;;;;Navigasyonu görüntüle İçeriği görüntüle GÜNCELLE Çerez Politikası ve 6698 sayılı Kişisel Verilerin Korunması Kanunu kapsamında Bankamız ile paylaşmış olduğunuz kişisel verileriniz ile ilgili detaylı bilgiye Kişisel Veril …;;;;v2
turkiye-finans--kampanyalar-biten-kampanyalar-2;turkiye-finans;tahsis_ucreti;;;;;Navigasyonu görüntüle İçeriği görüntüle GÜNCELLE Çerez Politikası ve 6698 sayılı Kişisel Verilerin Korunması Kanunu kapsamında Bankamız ile paylaşmış olduğunuz kişisel verileriniz ile ilgili detaylı bilgiye Kişisel Veril …;;;;v2
turkiye-finans--kampanyalar-biten-kampanyalar-2;turkiye-finans;indirim_orani;;;;;Navigasyonu görüntüle İçeriği görüntüle GÜNCELLE Çerez Politikası ve 6698 sayılı Kişisel Verilerin Korunması Kanunu kapsamında Bankamız ile paylaşmış olduğunuz kişisel verileriniz ile ilgili detaylı bilgiye Kişisel Veril …;;;;v2
turkiye-finans--kampanyalar-biten-kampanyalar-2;turkiye-finans;alisveris_puani;;;;;Navigasyonu görüntüle İçeriği görüntüle GÜNCELLE Çerez Politikası ve 6698 sayılı Kişisel Verilerin Korunması Kanunu kapsamında Bankamız ile paylaşmış olduğunuz kişisel verileriniz ile ilgili detaylı bilgiye Kişisel Veril …;;;;v2
turkiye-finans--kampanyalar-biten-kampanyalar-2;turkiye-finans;kampanya_suresi;;;;;Navigasyonu görüntüle İçeriği görüntüle GÜNCELLE Çerez Politikası ve 6698 sayılı Kişisel Verilerin Korunması Kanunu kapsamında Bankamız ile paylaşmış olduğunuz kişisel verileriniz ile ilgili detaylı bilgiye Kişisel Veril …;;;;v2
turkiye-finans--kampanyalar-finansman-kampanyalari;turkiye-finans;kar_payi_orani;;;;;Navigasyonu görüntüle İçeriği görüntüle GÜNCELLE Çerez Politikası ve 6698 sayılı Kişisel Verilerin Korunması Kanunu kapsamında Bankamız ile paylaşmış olduğunuz kişisel verileriniz ile ilgili detaylı bilgiye Kişisel Veril …;;;;v2
turkiye-finans--kampanyalar-finansman-kampanyalari;turkiye-finans;finansman_tutari;;;;;Navigasyonu görüntüle İçeriği görüntüle GÜNCELLE Çerez Politikası ve 6698 sayılı Kişisel Verilerin Korunması Kanunu kapsamında Bankamız ile paylaşmış olduğunuz kişisel verileriniz ile ilgili detaylı bilgiye Kişisel Veril …;;;;v2
turkiye-finans--kampanyalar-finansman-kampanyalari;turkiye-finans;taksit_sayisi;;;;;Navigasyonu görüntüle İçeriği görüntüle GÜNCELLE Çerez Politikası ve 6698 sayılı Kişisel Verilerin Korunması Kanunu kapsamında Bankamız ile paylaşmış olduğunuz kişisel verileriniz ile ilgili detaylı bilgiye Kişisel Veril …;;;;v2
turkiye-finans--kampanyalar-finansman-kampanyalari;turkiye-finans;tahsis_ucreti;;;;;Navigasyonu görüntüle İçeriği görüntüle GÜNCELLE Çerez Politikası ve 6698 sayılı Kişisel Verilerin Korunması Kanunu kapsamında Bankamız ile paylaşmış olduğunuz kişisel verileriniz ile ilgili detaylı bilgiye Kişisel Veril …;;;;v2
turkiye-finans--kampanyalar-finansman-kampanyalari;turkiye-finans;masraf_durumu;;;;;Navigasyonu görüntüle İçeriği görüntüle GÜNCELLE Çerez Politikası ve 6698 sayılı Kişisel Verilerin Korunması Kanunu kapsamında Bankamız ile paylaşmış olduğunuz kişisel verileriniz ile ilgili detaylı bilgiye Kişisel Veril …;;;;v2
turkiye-finans--kampanyalar-finansman-kampanyalari;turkiye-finans;odul_miktari;;;;;Navigasyonu görüntüle İçeriği görüntüle GÜNCELLE Çerez Politikası ve 6698 sayılı Kişisel Verilerin Korunması Kanunu kapsamında Bankamız ile paylaşmış olduğunuz kişisel verileriniz ile ilgili detaylı bilgiye Kişisel Veril …;;;;v2
turkiye-finans--kampanyalar-finansman-kampanyalari;turkiye-finans;indirim_orani;;;;;Navigasyonu görüntüle İçeriği görüntüle GÜNCELLE Çerez Politikası ve 6698 sayılı Kişisel Verilerin Korunması Kanunu kapsamında Bankamız ile paylaşmış olduğunuz kişisel verileriniz ile ilgili detaylı bilgiye Kişisel Veril …;;;;v2
turkiye-finans--kampanyalar-finansman-kampanyalari;turkiye-finans;alisveris_puani;;;;;Navigasyonu görüntüle İçeriği görüntüle GÜNCELLE Çerez Politikası ve 6698 sayılı Kişisel Verilerin Korunması Kanunu kapsamında Bankamız ile paylaşmış olduğunuz kişisel verileriniz ile ilgili detaylı bilgiye Kişisel Veril …;;;;v2
turkiye-finans--kampanyalar-finansman-kampanyalari;turkiye-finans;kampanya_suresi;;;;;Navigasyonu görüntüle İçeriği görüntüle GÜNCELLE Çerez Politikası ve 6698 sayılı Kişisel Verilerin Korunması Kanunu kapsamında Bankamız ile paylaşmış olduğunuz kişisel verileriniz ile ilgili detaylı bilgiye Kişisel Veril …;;;;v2
turkiye-finans--kampanyalar-ihtiyac-finansmani-kampanyasi;turkiye-finans;taksit_sayisi;;;;;Navigasyonu görüntüle İçeriği görüntüle GÜNCELLE Çerez Politikası ve 6698 sayılı Kişisel Verilerin Korunması Kanunu kapsamında Bankamız ile paylaşmış olduğunuz kişisel verileriniz ile ilgili detaylı bilgiye Kişisel Veril …;;;;v2
turkiye-finans--kampanyalar-ihtiyac-finansmani-kampanyasi;turkiye-finans;indirim_orani;;;;;Navigasyonu görüntüle İçeriği görüntüle GÜNCELLE Çerez Politikası ve 6698 sayılı Kişisel Verilerin Korunması Kanunu kapsamında Bankamız ile paylaşmış olduğunuz kişisel verileriniz ile ilgili detaylı bilgiye Kişisel Veril …;;;;v2
turkiye-finans--kampanyalar-ihtiyac-finansmani-kampanyasi;turkiye-finans;alisveris_puani;;;;;Navigasyonu görüntüle İçeriği görüntüle GÜNCELLE Çerez Politikası ve 6698 sayılı Kişisel Verilerin Korunması Kanunu kapsamında Bankamız ile paylaşmış olduğunuz kişisel verileriniz ile ilgili detaylı bilgiye Kişisel Veril …;;;;v2
turkiye-finans--kampanyalar-kamu-calisanlarina-ozel-ihtiyac-finansmani;turkiye-finans;taksit_sayisi;;;;;Navigasyonu görüntüle İçeriği görüntüle GÜNCELLE Çerez Politikası ve 6698 sayılı Kişisel Verilerin Korunması Kanunu kapsamında Bankamız ile paylaşmış olduğunuz kişisel verileriniz ile ilgili detaylı bilgiye Kişisel Veril …;;;;v2
turkiye-finans--kampanyalar-kamu-calisanlarina-ozel-ihtiyac-finansmani;turkiye-finans;masraf_durumu;"{""amount"": null, ""has_fee"": true}";0.95;rule_heuristic;;Navigasyonu görüntüle İçeriği görüntüle GÜNCELLE Çerez Politikası ve 6698 sayılı Kişisel Verilerin Korunması Kanunu kapsamında Bankamız ile paylaşmış olduğunuz kişisel verileriniz ile ilgili detaylı bilgiye Kişisel Veril …;;;;v2
turkiye-finans--kampanyalar-kamu-calisanlarina-ozel-ihtiyac-finansmani;turkiye-finans;odul_miktari;;;;;Navigasyonu görüntüle İçeriği görüntüle GÜNCELLE Çerez Politikası ve 6698 sayılı Kişisel Verilerin Korunması Kanunu kapsamında Bankamız ile paylaşmış olduğunuz kişisel verileriniz ile ilgili detaylı bilgiye Kişisel Veril …;;;;v2
turkiye-finans--kampanyalar-kamu-calisanlarina-ozel-ihtiyac-finansmani;turkiye-finans;indirim_orani;;;;;Navigasyonu görüntüle İçeriği görüntüle GÜNCELLE Çerez Politikası ve 6698 sayılı Kişisel Verilerin Korunması Kanunu kapsamında Bankamız ile paylaşmış olduğunuz kişisel verileriniz ile ilgili detaylı bilgiye Kişisel Veril …;;;;v2
turkiye-finans--kampanyalar-kamu-calisanlarina-ozel-ihtiyac-finansmani;turkiye-finans;alisveris_puani;;;;;Navigasyonu görüntüle İçeriği görüntüle GÜNCELLE Çerez Politikası ve 6698 sayılı Kişisel Verilerin Korunması Kanunu kapsamında Bankamız ile paylaşmış olduğunuz kişisel verileriniz ile ilgili detaylı bilgiye Kişisel Veril …;;;;v2
turkiye-finans--kampanyalar-kamu-calisanlarina-ozel-ihtiyac-finansmani;turkiye-finans;kampanya_suresi;;;;;Navigasyonu görüntüle İçeriği görüntüle GÜNCELLE Çerez Politikası ve 6698 sayılı Kişisel Verilerin Korunması Kanunu kapsamında Bankamız ile paylaşmış olduğunuz kişisel verileriniz ile ilgili detaylı bilgiye Kişisel Veril …;;;;v2
turkiye-finans--kampanyalar-masrafsiz-bankacilik;turkiye-finans;kar_payi_orani;;;;;Navigasyonu görüntüle İçeriği görüntüle GÜNCELLE Çerez Politikası ve 6698 sayılı Kişisel Verilerin Korunması Kanunu kapsamında Bankamız ile paylaşmış olduğunuz kişisel verileriniz ile ilgili detaylı bilgiye Kişisel Veril …;;;;v2
turkiye-finans--kampanyalar-masrafsiz-bankacilik;turkiye-finans;vade_ay;;;;;Navigasyonu görüntüle İçeriği görüntüle GÜNCELLE Çerez Politikası ve 6698 sayılı Kişisel Verilerin Korunması Kanunu kapsamında Bankamız ile paylaşmış olduğunuz kişisel verileriniz ile ilgili detaylı bilgiye Kişisel Veril …;;;;v2
turkiye-finans--kampanyalar-masrafsiz-bankacilik;turkiye-finans;taksit_sayisi;;;;;Navigasyonu görüntüle İçeriği görüntüle GÜNCELLE Çerez Politikası ve 6698 sayılı Kişisel Verilerin Korunması Kanunu kapsamında Bankamız ile paylaşmış olduğunuz kişisel verileriniz ile ilgili detaylı bilgiye Kişisel Veril …;;;;v2
turkiye-finans--kampanyalar-masrafsiz-bankacilik;turkiye-finans;tahsis_ucreti;;;;;Navigasyonu görüntüle İçeriği görüntüle GÜNCELLE Çerez Politikası ve 6698 sayılı Kişisel Verilerin Korunması Kanunu kapsamında Bankamız ile paylaşmış olduğunuz kişisel verileriniz ile ilgili detaylı bilgiye Kişisel Veril …;;;;v2
turkiye-finans--kampanyalar-masrafsiz-bankacilik;turkiye-finans;indirim_orani;;;;;Navigasyonu görüntüle İçeriği görüntüle GÜNCELLE Çerez Politikası ve 6698 sayılı Kişisel Verilerin Korunması Kanunu kapsamında Bankamız ile paylaşmış olduğunuz kişisel verileriniz ile ilgili detaylı bilgiye Kişisel Veril …;;;;v2
turkiye-finans--kampanyalar-masrafsiz-bankacilik;turkiye-finans;alisveris_puani;;;;;Navigasyonu görüntüle İçeriği görüntüle GÜNCELLE Çerez Politikası ve 6698 sayılı Kişisel Verilerin Korunması Kanunu kapsamında Bankamız ile paylaşmış olduğunuz kişisel verileriniz ile ilgili detaylı bilgiye Kişisel Veril …;;;;v2
turkiye-finans--kampanyalar-masrafsiz-bankacilik;turkiye-finans;kampanya_suresi;;;;;Navigasyonu görüntüle İçeriği görüntüle GÜNCELLE Çerez Politikası ve 6698 sayılı Kişisel Verilerin Korunması Kanunu kapsamında Bankamız ile paylaşmış olduğunuz kişisel verileriniz ile ilgili detaylı bilgiye Kişisel Veril …;;;;v2
turkiye-finans--kampanyalar-turkiye-finans-avantajlariyla-mobilden-tanis;turkiye-finans;taksit_sayisi;;;;;Navigasyonu görüntüle İçeriği görüntüle GÜNCELLE Çerez Politikası ve 6698 sayılı Kişisel Verilerin Korunması Kanunu kapsamında Bankamız ile paylaşmış olduğunuz kişisel verileriniz ile ilgili detaylı bilgiye Kişisel Veril …;;;;v2
turkiye-finans--kampanyalar-turkiye-finans-avantajlariyla-mobilden-tanis;turkiye-finans;indirim_orani;;;;;Navigasyonu görüntüle İçeriği görüntüle GÜNCELLE Çerez Politikası ve 6698 sayılı Kişisel Verilerin Korunması Kanunu kapsamında Bankamız ile paylaşmış olduğunuz kişisel verileriniz ile ilgili detaylı bilgiye Kişisel Veril …;;;;v2
turkiye-finans--kampanyalar-turkiye-finans-avantajlariyla-mobilden-tanis;turkiye-finans;alisveris_puani;;;;;Navigasyonu görüntüle İçeriği görüntüle GÜNCELLE Çerez Politikası ve 6698 sayılı Kişisel Verilerin Korunması Kanunu kapsamında Bankamız ile paylaşmış olduğunuz kişisel verileriniz ile ilgili detaylı bilgiye Kişisel Veril …;;;;v2
turkiye-finans--kobi-kobi-icin-gunluk-hesap;turkiye-finans;kar_payi_orani;;;;;Navigasyonu görüntüle İçeriği görüntüle GÜNCELLE Çerez Politikası ve 6698 sayılı Kişisel Verilerin Korunması Kanunu kapsamında Bankamız ile paylaşmış olduğunuz kişisel verileriniz ile ilgili detaylı bilgiye Kişisel Veril …;;;;v2
turkiye-finans--kobi-kobi-icin-gunluk-hesap;turkiye-finans;vade_ay;;;;;Navigasyonu görüntüle İçeriği görüntüle GÜNCELLE Çerez Politikası ve 6698 sayılı Kişisel Verilerin Korunması Kanunu kapsamında Bankamız ile paylaşmış olduğunuz kişisel verileriniz ile ilgili detaylı bilgiye Kişisel Veril …;;;;v2
turkiye-finans--kobi-kobi-icin-gunluk-hesap;turkiye-finans;taksit_sayisi;;;;;Navigasyonu görüntüle İçeriği görüntüle GÜNCELLE Çerez Politikası ve 6698 sayılı Kişisel Verilerin Korunması Kanunu kapsamında Bankamız ile paylaşmış olduğunuz kişisel verileriniz ile ilgili detaylı bilgiye Kişisel Veril …;;;;v2
turkiye-finans--kobi-kobi-icin-gunluk-hesap;turkiye-finans;tahsis_ucreti;;;;;Navigasyonu görüntüle İçeriği görüntüle GÜNCELLE Çerez Politikası ve 6698 sayılı Kişisel Verilerin Korunması Kanunu kapsamında Bankamız ile paylaşmış olduğunuz kişisel verileriniz ile ilgili detaylı bilgiye Kişisel Veril …;;;;v2
turkiye-finans--kobi-kobi-icin-gunluk-hesap;turkiye-finans;masraf_durumu;;;;;Navigasyonu görüntüle İçeriği görüntüle GÜNCELLE Çerez Politikası ve 6698 sayılı Kişisel Verilerin Korunması Kanunu kapsamında Bankamız ile paylaşmış olduğunuz kişisel verileriniz ile ilgili detaylı bilgiye Kişisel Veril …;;;;v2
turkiye-finans--kobi-kobi-icin-gunluk-hesap;turkiye-finans;odul_miktari;;;;;Navigasyonu görüntüle İçeriği görüntüle GÜNCELLE Çerez Politikası ve 6698 sayılı Kişisel Verilerin Korunması Kanunu kapsamında Bankamız ile paylaşmış olduğunuz kişisel verileriniz ile ilgili detaylı bilgiye Kişisel Veril …;;;;v2
turkiye-finans--kobi-kobi-icin-gunluk-hesap;turkiye-finans;indirim_orani;;;;;Navigasyonu görüntüle İçeriği görüntüle GÜNCELLE Çerez Politikası ve 6698 sayılı Kişisel Verilerin Korunması Kanunu kapsamında Bankamız ile paylaşmış olduğunuz kişisel verileriniz ile ilgili detaylı bilgiye Kişisel Veril …;;;;v2
turkiye-finans--kobi-kobi-icin-gunluk-hesap;turkiye-finans;alisveris_puani;;;;;Navigasyonu görüntüle İçeriği görüntüle GÜNCELLE Çerez Politikası ve 6698 sayılı Kişisel Verilerin Korunması Kanunu kapsamında Bankamız ile paylaşmış olduğunuz kişisel verileriniz ile ilgili detaylı bilgiye Kişisel Veril …;;;;v2
turkiye-finans--kobi-kobi-icin-gunluk-hesap;turkiye-finans;kampanya_suresi;;;;;Navigasyonu görüntüle İçeriği görüntüle GÜNCELLE Çerez Politikası ve 6698 sayılı Kişisel Verilerin Korunması Kanunu kapsamında Bankamız ile paylaşmış olduğunuz kişisel verileriniz ile ilgili detaylı bilgiye Kişisel Veril …;;;;v2
turkiye-finans--konut-finansmani-konut-finansmani;turkiye-finans;finansman_tutari;;;;;Navigasyonu görüntüle İçeriği görüntüle GÜNCELLE Çerez Politikası ve 6698 sayılı Kişisel Verilerin Korunması Kanunu kapsamında Bankamız ile paylaşmış olduğunuz kişisel verileriniz ile ilgili detaylı bilgiye Kişisel Veril …;;;;v2
turkiye-finans--konut-finansmani-konut-finansmani;turkiye-finans;taksit_sayisi;;;;;Navigasyonu görüntüle İçeriği görüntüle GÜNCELLE Çerez Politikası ve 6698 sayılı Kişisel Verilerin Korunması Kanunu kapsamında Bankamız ile paylaşmış olduğunuz kişisel verileriniz ile ilgili detaylı bilgiye Kişisel Veril …;;;;v2
turkiye-finans--konut-finansmani-konut-finansmani;turkiye-finans;odul_miktari;;;;;Navigasyonu görüntüle İçeriği görüntüle GÜNCELLE Çerez Politikası ve 6698 sayılı Kişisel Verilerin Korunması Kanunu kapsamında Bankamız ile paylaşmış olduğunuz kişisel verileriniz ile ilgili detaylı bilgiye Kişisel Veril …;;;;v2
turkiye-finans--konut-finansmani-konut-finansmani;turkiye-finans;indirim_orani;;;;;Navigasyonu görüntüle İçeriği görüntüle GÜNCELLE Çerez Politikası ve 6698 sayılı Kişisel Verilerin Korunması Kanunu kapsamında Bankamız ile paylaşmış olduğunuz kişisel verileriniz ile ilgili detaylı bilgiye Kişisel Veril …;;;;v2
turkiye-finans--konut-finansmani-konut-finansmani;turkiye-finans;alisveris_puani;;;;;Navigasyonu görüntüle İçeriği görüntüle GÜNCELLE Çerez Politikası ve 6698 sayılı Kişisel Verilerin Korunması Kanunu kapsamında Bankamız ile paylaşmış olduğunuz kişisel verileriniz ile ilgili detaylı bilgiye Kişisel Veril …;;;;v2
turkiye-finans--konut-finansmani-konut-finansmani;turkiye-finans;kampanya_suresi;;;;;Navigasyonu görüntüle İçeriği görüntüle GÜNCELLE Çerez Politikası ve 6698 sayılı Kişisel Verilerin Korunması Kanunu kapsamında Bankamız ile paylaşmış olduğunuz kişisel verileriniz ile ilgili detaylı bilgiye Kişisel Veril …;;;;v2
turkiye-finans--tasit-finansmani-tasit-finansmani-2;turkiye-finans;finansman_tutari;;;;;Navigasyonu görüntüle İçeriği görüntüle GÜNCELLE Çerez Politikası ve 6698 sayılı Kişisel Verilerin Korunması Kanunu kapsamında Bankamız ile paylaşmış olduğunuz kişisel verileriniz ile ilgili detaylı bilgiye Kişisel Veril …;;;;v2
turkiye-finans--tasit-finansmani-tasit-finansmani-2;turkiye-finans;taksit_sayisi;;;;;Navigasyonu görüntüle İçeriği görüntüle GÜNCELLE Çerez Politikası ve 6698 sayılı Kişisel Verilerin Korunması Kanunu kapsamında Bankamız ile paylaşmış olduğunuz kişisel verileriniz ile ilgili detaylı bilgiye Kişisel Veril …;;;;v2
turkiye-finans--tasit-finansmani-tasit-finansmani-2;turkiye-finans;masraf_durumu;"{""amount"": null, ""has_fee"": true}";0.95;rule_heuristic;;Navigasyonu görüntüle İçeriği görüntüle GÜNCELLE Çerez Politikası ve 6698 sayılı Kişisel Verilerin Korunması Kanunu kapsamında Bankamız ile paylaşmış olduğunuz kişisel verileriniz ile ilgili detaylı bilgiye Kişisel Veril …;;;;v2
turkiye-finans--tasit-finansmani-tasit-finansmani-2;turkiye-finans;odul_miktari;;;;;Navigasyonu görüntüle İçeriği görüntüle GÜNCELLE Çerez Politikası ve 6698 sayılı Kişisel Verilerin Korunması Kanunu kapsamında Bankamız ile paylaşmış olduğunuz kişisel verileriniz ile ilgili detaylı bilgiye Kişisel Veril …;;;;v2
turkiye-finans--tasit-finansmani-tasit-finansmani-2;turkiye-finans;indirim_orani;;;;;Navigasyonu görüntüle İçeriği görüntüle GÜNCELLE Çerez Politikası ve 6698 sayılı Kişisel Verilerin Korunması Kanunu kapsamında Bankamız ile paylaşmış olduğunuz kişisel verileriniz ile ilgili detaylı bilgiye Kişisel Veril …;;;;v2
turkiye-finans--tasit-finansmani-tasit-finansmani-2;turkiye-finans;alisveris_puani;;;;;Navigasyonu görüntüle İçeriği görüntüle GÜNCELLE Çerez Politikası ve 6698 sayılı Kişisel Verilerin Korunması Kanunu kapsamında Bankamız ile paylaşmış olduğunuz kişisel verileriniz ile ilgili detaylı bilgiye Kişisel Veril …;;;;v2
turkiye-finans--tasit-finansmani-tasit-finansmani-2;turkiye-finans;kampanya_suresi;;;;;Navigasyonu görüntüle İçeriği görüntüle GÜNCELLE Çerez Politikası ve 6698 sayılı Kişisel Verilerin Korunması Kanunu kapsamında Bankamız ile paylaşmış olduğunuz kişisel verileriniz ile ilgili detaylı bilgiye Kişisel Veril …;;;;v2
vakif-katilim--detay-3-ay-ertelemeli-motosiklet-kampanyasi;vakif-katilim;kar_payi_orani;;;;;Müşteri Ol Kendim İçin SİZE ÖZEL ÇÖZÜMLER ÜRÜN VE HİZMETLERİMİZ İşim İçin SİZE ÖZEL ÇÖZÜMLER ÜRÜN VE HİZMETLERİMİZ Hakkımızda Ana Sayfa Kendim İçin Kampanyalar 3 Ay Ertelemeli Motosiklet Kampanyası Kampanya Geçerlilik Ta …;;;;v2
vakif-katilim--detay-3-ay-ertelemeli-motosiklet-kampanyasi;vakif-katilim;finansman_tutari;;;;;Müşteri Ol Kendim İçin SİZE ÖZEL ÇÖZÜMLER ÜRÜN VE HİZMETLERİMİZ İşim İçin SİZE ÖZEL ÇÖZÜMLER ÜRÜN VE HİZMETLERİMİZ Hakkımızda Ana Sayfa Kendim İçin Kampanyalar 3 Ay Ertelemeli Motosiklet Kampanyası Kampanya Geçerlilik Ta …;;;;v2
vakif-katilim--detay-3-ay-ertelemeli-motosiklet-kampanyasi;vakif-katilim;taksit_sayisi;3;0.85;rule_heuristic;;Müşteri Ol Kendim İçin SİZE ÖZEL ÇÖZÜMLER ÜRÜN VE HİZMETLERİMİZ İşim İçin SİZE ÖZEL ÇÖZÜMLER ÜRÜN VE HİZMETLERİMİZ Hakkımızda Ana Sayfa Kendim İçin Kampanyalar 3 Ay Ertelemeli Motosiklet Kampanyası Kampanya Geçerlilik Ta …;;;;v2
vakif-katilim--detay-3-ay-ertelemeli-motosiklet-kampanyasi;vakif-katilim;tahsis_ucreti;;;;;Müşteri Ol Kendim İçin SİZE ÖZEL ÇÖZÜMLER ÜRÜN VE HİZMETLERİMİZ İşim İçin SİZE ÖZEL ÇÖZÜMLER ÜRÜN VE HİZMETLERİMİZ Hakkımızda Ana Sayfa Kendim İçin Kampanyalar 3 Ay Ertelemeli Motosiklet Kampanyası Kampanya Geçerlilik Ta …;;;;v2
vakif-katilim--detay-3-ay-ertelemeli-motosiklet-kampanyasi;vakif-katilim;masraf_durumu;;;;;Müşteri Ol Kendim İçin SİZE ÖZEL ÇÖZÜMLER ÜRÜN VE HİZMETLERİMİZ İşim İçin SİZE ÖZEL ÇÖZÜMLER ÜRÜN VE HİZMETLERİMİZ Hakkımızda Ana Sayfa Kendim İçin Kampanyalar 3 Ay Ertelemeli Motosiklet Kampanyası Kampanya Geçerlilik Ta …;;;;v2
vakif-katilim--detay-3-ay-ertelemeli-motosiklet-kampanyasi;vakif-katilim;odul_miktari;;;;;Müşteri Ol Kendim İçin SİZE ÖZEL ÇÖZÜMLER ÜRÜN VE HİZMETLERİMİZ İşim İçin SİZE ÖZEL ÇÖZÜMLER ÜRÜN VE HİZMETLERİMİZ Hakkımızda Ana Sayfa Kendim İçin Kampanyalar 3 Ay Ertelemeli Motosiklet Kampanyası Kampanya Geçerlilik Ta …;;;;v2
vakif-katilim--detay-3-ay-ertelemeli-motosiklet-kampanyasi;vakif-katilim;alisveris_puani;;;;;Müşteri Ol Kendim İçin SİZE ÖZEL ÇÖZÜMLER ÜRÜN VE HİZMETLERİMİZ İşim İçin SİZE ÖZEL ÇÖZÜMLER ÜRÜN VE HİZMETLERİMİZ Hakkımızda Ana Sayfa Kendim İçin Kampanyalar 3 Ay Ertelemeli Motosiklet Kampanyası Kampanya Geçerlilik Ta …;;;;v2
vakif-katilim--detay-3-ay-ertelemeli-motosiklet-kampanyasi;vakif-katilim;kampanya_suresi;;;;;Müşteri Ol Kendim İçin SİZE ÖZEL ÇÖZÜMLER ÜRÜN VE HİZMETLERİMİZ İşim İçin SİZE ÖZEL ÇÖZÜMLER ÜRÜN VE HİZMETLERİMİZ Hakkımızda Ana Sayfa Kendim İçin Kampanyalar 3 Ay Ertelemeli Motosiklet Kampanyası Kampanya Geçerlilik Ta …;;;;v2
vakif-katilim--detay-3-ay-ertelemeli-motosiklet-kampanyasi;vakif-katilim;hedef_kitle;;;;;Müşteri Ol Kendim İçin SİZE ÖZEL ÇÖZÜMLER ÜRÜN VE HİZMETLERİMİZ İşim İçin SİZE ÖZEL ÇÖZÜMLER ÜRÜN VE HİZMETLERİMİZ Hakkımızda Ana Sayfa Kendim İçin Kampanyalar 3 Ay Ertelemeli Motosiklet Kampanyası Kampanya Geçerlilik Ta …;;;;v2
vakif-katilim--detay-3-ay-ertelemeli-tasit-finansmani;vakif-katilim;kar_payi_orani;;;;;Müşteri Ol Kendim İçin SİZE ÖZEL ÇÖZÜMLER ÜRÜN VE HİZMETLERİMİZ İşim İçin SİZE ÖZEL ÇÖZÜMLER ÜRÜN VE HİZMETLERİMİZ Hakkımızda Ana Sayfa Kendim İçin Kampanyalar 3 Ay Ertelemeli Taşıt Finansmanı Kampanya Geçerlilik Tarihi …;;;;v2
vakif-katilim--detay-3-ay-ertelemeli-tasit-finansmani;vakif-katilim;taksit_sayisi;;;;;Müşteri Ol Kendim İçin SİZE ÖZEL ÇÖZÜMLER ÜRÜN VE HİZMETLERİMİZ İşim İçin SİZE ÖZEL ÇÖZÜMLER ÜRÜN VE HİZMETLERİMİZ Hakkımızda Ana Sayfa Kendim İçin Kampanyalar 3 Ay Ertelemeli Taşıt Finansmanı Kampanya Geçerlilik Tarihi …;;;;v2
vakif-katilim--detay-3-ay-ertelemeli-tasit-finansmani;vakif-katilim;tahsis_ucreti;;;;;Müşteri Ol Kendim İçin SİZE ÖZEL ÇÖZÜMLER ÜRÜN VE HİZMETLERİMİZ İşim İçin SİZE ÖZEL ÇÖZÜMLER ÜRÜN VE HİZMETLERİMİZ Hakkımızda Ana Sayfa Kendim İçin Kampanyalar 3 Ay Ertelemeli Taşıt Finansmanı Kampanya Geçerlilik Tarihi …;;;;v2
vakif-katilim--detay-3-ay-ertelemeli-tasit-finansmani;vakif-katilim;masraf_durumu;;;;;Müşteri Ol Kendim İçin SİZE ÖZEL ÇÖZÜMLER ÜRÜN VE HİZMETLERİMİZ İşim İçin SİZE ÖZEL ÇÖZÜMLER ÜRÜN VE HİZMETLERİMİZ Hakkımızda Ana Sayfa Kendim İçin Kampanyalar 3 Ay Ertelemeli Taşıt Finansmanı Kampanya Geçerlilik Tarihi …;;;;v2
vakif-katilim--detay-3-ay-ertelemeli-tasit-finansmani;vakif-katilim;odul_miktari;;;;;Müşteri Ol Kendim İçin SİZE ÖZEL ÇÖZÜMLER ÜRÜN VE HİZMETLERİMİZ İşim İçin SİZE ÖZEL ÇÖZÜMLER ÜRÜN VE HİZMETLERİMİZ Hakkımızda Ana Sayfa Kendim İçin Kampanyalar 3 Ay Ertelemeli Taşıt Finansmanı Kampanya Geçerlilik Tarihi …;;;;v2
vakif-katilim--detay-3-ay-ertelemeli-tasit-finansmani;vakif-katilim;alisveris_puani;;;;;Müşteri Ol Kendim İçin SİZE ÖZEL ÇÖZÜMLER ÜRÜN VE HİZMETLERİMİZ İşim İçin SİZE ÖZEL ÇÖZÜMLER ÜRÜN VE HİZMETLERİMİZ Hakkımızda Ana Sayfa Kendim İçin Kampanyalar 3 Ay Ertelemeli Taşıt Finansmanı Kampanya Geçerlilik Tarihi …;;;;v2
vakif-katilim--detay-3-ay-ertelemeli-tasit-finansmani;vakif-katilim;kampanya_suresi;;;;;Müşteri Ol Kendim İçin SİZE ÖZEL ÇÖZÜMLER ÜRÜN VE HİZMETLERİMİZ İşim İçin SİZE ÖZEL ÇÖZÜMLER ÜRÜN VE HİZMETLERİMİZ Hakkımızda Ana Sayfa Kendim İçin Kampanyalar 3 Ay Ertelemeli Taşıt Finansmanı Kampanya Geçerlilik Tarihi …;;;;v2
vakif-katilim--detay-3-ay-ertelemeli-tasit-finansmani;vakif-katilim;hedef_kitle;;;;;Müşteri Ol Kendim İçin SİZE ÖZEL ÇÖZÜMLER ÜRÜN VE HİZMETLERİMİZ İşim İçin SİZE ÖZEL ÇÖZÜMLER ÜRÜN VE HİZMETLERİMİZ Hakkımızda Ana Sayfa Kendim İçin Kampanyalar 3 Ay Ertelemeli Taşıt Finansmanı Kampanya Geçerlilik Tarihi …;;;;v2
vakif-katilim--detay-50000-tl-ihtiyac-finansmani-kampanyasi;vakif-katilim;kar_payi_orani;;;;;Müşteri Ol Kendim İçin SİZE ÖZEL ÇÖZÜMLER ÜRÜN VE HİZMETLERİMİZ İşim İçin SİZE ÖZEL ÇÖZÜMLER ÜRÜN VE HİZMETLERİMİZ Hakkımızda Ana Sayfa Kendim İçin Kampanyalar 50.000 TL İhtiyaç Finansmanı Kampanyası Kampanya Geçerlilik …;;;;v2
vakif-katilim--detay-50000-tl-ihtiyac-finansmani-kampanyasi;vakif-katilim;taksit_sayisi;3;0.85;rule_heuristic;;Müşteri Ol Kendim İçin SİZE ÖZEL ÇÖZÜMLER ÜRÜN VE HİZMETLERİMİZ İşim İçin SİZE ÖZEL ÇÖZÜMLER ÜRÜN VE HİZMETLERİMİZ Hakkımızda Ana Sayfa Kendim İçin Kampanyalar 50.000 TL İhtiyaç Finansmanı Kampanyası Kampanya Geçerlilik …;;;;v2
vakif-katilim--detay-50000-tl-ihtiyac-finansmani-kampanyasi;vakif-katilim;tahsis_ucreti;;;;;Müşteri Ol Kendim İçin SİZE ÖZEL ÇÖZÜMLER ÜRÜN VE HİZMETLERİMİZ İşim İçin SİZE ÖZEL ÇÖZÜMLER ÜRÜN VE HİZMETLERİMİZ Hakkımızda Ana Sayfa Kendim İçin Kampanyalar 50.000 TL İhtiyaç Finansmanı Kampanyası Kampanya Geçerlilik …;;;;v2
vakif-katilim--detay-50000-tl-ihtiyac-finansmani-kampanyasi;vakif-katilim;masraf_durumu;;;;;Müşteri Ol Kendim İçin SİZE ÖZEL ÇÖZÜMLER ÜRÜN VE HİZMETLERİMİZ İşim İçin SİZE ÖZEL ÇÖZÜMLER ÜRÜN VE HİZMETLERİMİZ Hakkımızda Ana Sayfa Kendim İçin Kampanyalar 50.000 TL İhtiyaç Finansmanı Kampanyası Kampanya Geçerlilik …;;;;v2
vakif-katilim--detay-50000-tl-ihtiyac-finansmani-kampanyasi;vakif-katilim;odul_miktari;;;;;Müşteri Ol Kendim İçin SİZE ÖZEL ÇÖZÜMLER ÜRÜN VE HİZMETLERİMİZ İşim İçin SİZE ÖZEL ÇÖZÜMLER ÜRÜN VE HİZMETLERİMİZ Hakkımızda Ana Sayfa Kendim İçin Kampanyalar 50.000 TL İhtiyaç Finansmanı Kampanyası Kampanya Geçerlilik …;;;;v2
vakif-katilim--detay-50000-tl-ihtiyac-finansmani-kampanyasi;vakif-katilim;alisveris_puani;;;;;Müşteri Ol Kendim İçin SİZE ÖZEL ÇÖZÜMLER ÜRÜN VE HİZMETLERİMİZ İşim İçin SİZE ÖZEL ÇÖZÜMLER ÜRÜN VE HİZMETLERİMİZ Hakkımızda Ana Sayfa Kendim İçin Kampanyalar 50.000 TL İhtiyaç Finansmanı Kampanyası Kampanya Geçerlilik …;;;;v2
vakif-katilim--detay-50000-tl-ihtiyac-finansmani-kampanyasi;vakif-katilim;kampanya_suresi;;;;;Müşteri Ol Kendim İçin SİZE ÖZEL ÇÖZÜMLER ÜRÜN VE HİZMETLERİMİZ İşim İçin SİZE ÖZEL ÇÖZÜMLER ÜRÜN VE HİZMETLERİMİZ Hakkımızda Ana Sayfa Kendim İçin Kampanyalar 50.000 TL İhtiyaç Finansmanı Kampanyası Kampanya Geçerlilik …;;;;v2
vakif-katilim--detay-50000-tl-ihtiyac-finansmani-kampanyasi;vakif-katilim;hedef_kitle;;;;;Müşteri Ol Kendim İçin SİZE ÖZEL ÇÖZÜMLER ÜRÜN VE HİZMETLERİMİZ İşim İçin SİZE ÖZEL ÇÖZÜMLER ÜRÜN VE HİZMETLERİMİZ Hakkımızda Ana Sayfa Kendim İçin Kampanyalar 50.000 TL İhtiyaç Finansmanı Kampanyası Kampanya Geçerlilik …;;;;v2
vakif-katilim--detay-ogretmenlerimize-vakif-katilimdan-avantajli-paket;vakif-katilim;kar_payi_orani;;;;;Müşteri Ol Kendim İçin SİZE ÖZEL ÇÖZÜMLER ÜRÜN VE HİZMETLERİMİZ İşim İçin SİZE ÖZEL ÇÖZÜMLER ÜRÜN VE HİZMETLERİMİZ Hakkımızda Ana Sayfa Kendim İçin Kampanyalar Öğretmenlerimize Vakıf Katılım'dan Avantajlı Paket! Kampanya …;;;;v2
vakif-katilim--detay-ogretmenlerimize-vakif-katilimdan-avantajli-paket;vakif-katilim;taksit_sayisi;;;;;Müşteri Ol Kendim İçin SİZE ÖZEL ÇÖZÜMLER ÜRÜN VE HİZMETLERİMİZ İşim İçin SİZE ÖZEL ÇÖZÜMLER ÜRÜN VE HİZMETLERİMİZ Hakkımızda Ana Sayfa Kendim İçin Kampanyalar Öğretmenlerimize Vakıf Katılım'dan Avantajlı Paket! Kampanya …;;;;v2
vakif-katilim--detay-ogretmenlerimize-vakif-katilimdan-avantajli-paket;vakif-katilim;tahsis_ucreti;;;;;Müşteri Ol Kendim İçin SİZE ÖZEL ÇÖZÜMLER ÜRÜN VE HİZMETLERİMİZ İşim İçin SİZE ÖZEL ÇÖZÜMLER ÜRÜN VE HİZMETLERİMİZ Hakkımızda Ana Sayfa Kendim İçin Kampanyalar Öğretmenlerimize Vakıf Katılım'dan Avantajlı Paket! Kampanya …;;;;v2
vakif-katilim--detay-ogretmenlerimize-vakif-katilimdan-avantajli-paket;vakif-katilim;alisveris_puani;;;;;Müşteri Ol Kendim İçin SİZE ÖZEL ÇÖZÜMLER ÜRÜN VE HİZMETLERİMİZ İşim İçin SİZE ÖZEL ÇÖZÜMLER ÜRÜN VE HİZMETLERİMİZ Hakkımızda Ana Sayfa Kendim İçin Kampanyalar Öğretmenlerimize Vakıf Katılım'dan Avantajlı Paket! Kampanya …;;;;v2
vakif-katilim--detay-ogretmenlerimize-vakif-katilimdan-avantajli-paket;vakif-katilim;hedef_kitle;;;;;Müşteri Ol Kendim İçin SİZE ÖZEL ÇÖZÜMLER ÜRÜN VE HİZMETLERİMİZ İşim İçin SİZE ÖZEL ÇÖZÜMLER ÜRÜN VE HİZMETLERİMİZ Hakkımızda Ana Sayfa Kendim İçin Kampanyalar Öğretmenlerimize Vakıf Katılım'dan Avantajlı Paket! Kampanya …;;;;v2
vakif-katilim--kobi-destekli-finansmanlar-kosgeb-destekli-finansman;vakif-katilim;kar_payi_orani;;;;;Müşteri Ol Kendim İçin SİZE ÖZEL ÇÖZÜMLER ÜRÜN VE HİZMETLERİMİZ İşim İçin SİZE ÖZEL ÇÖZÜMLER ÜRÜN VE HİZMETLERİMİZ Hakkımızda Ana Sayfa İşim İçin Finansmanlar KOBİ Destekli Finansmanlar KOSGEB Destekli Finansman KOSGEB D …;;;;v2
vakif-katilim--kobi-destekli-finansmanlar-kosgeb-destekli-finansman;vakif-katilim;finansman_tutari;;;;;Müşteri Ol Kendim İçin SİZE ÖZEL ÇÖZÜMLER ÜRÜN VE HİZMETLERİMİZ İşim İçin SİZE ÖZEL ÇÖZÜMLER ÜRÜN VE HİZMETLERİMİZ Hakkımızda Ana Sayfa İşim İçin Finansmanlar KOBİ Destekli Finansmanlar KOSGEB Destekli Finansman KOSGEB D …;;;;v2
vakif-katilim--kobi-destekli-finansmanlar-kosgeb-destekli-finansman;vakif-katilim;taksit_sayisi;;;;;Müşteri Ol Kendim İçin SİZE ÖZEL ÇÖZÜMLER ÜRÜN VE HİZMETLERİMİZ İşim İçin SİZE ÖZEL ÇÖZÜMLER ÜRÜN VE HİZMETLERİMİZ Hakkımızda Ana Sayfa İşim İçin Finansmanlar KOBİ Destekli Finansmanlar KOSGEB Destekli Finansman KOSGEB D …;;;;v2
vakif-katilim--kobi-destekli-finansmanlar-kosgeb-destekli-finansman;vakif-katilim;tahsis_ucreti;;;;;Müşteri Ol Kendim İçin SİZE ÖZEL ÇÖZÜMLER ÜRÜN VE HİZMETLERİMİZ İşim İçin SİZE ÖZEL ÇÖZÜMLER ÜRÜN VE HİZMETLERİMİZ Hakkımızda Ana Sayfa İşim İçin Finansmanlar KOBİ Destekli Finansmanlar KOSGEB Destekli Finansman KOSGEB D …;;;;v2
vakif-katilim--kobi-destekli-finansmanlar-kosgeb-destekli-finansman;vakif-katilim;masraf_durumu;;;;;Müşteri Ol Kendim İçin SİZE ÖZEL ÇÖZÜMLER ÜRÜN VE HİZMETLERİMİZ İşim İçin SİZE ÖZEL ÇÖZÜMLER ÜRÜN VE HİZMETLERİMİZ Hakkımızda Ana Sayfa İşim İçin Finansmanlar KOBİ Destekli Finansmanlar KOSGEB Destekli Finansman KOSGEB D …;;;;v2
vakif-katilim--kobi-destekli-finansmanlar-kosgeb-destekli-finansman;vakif-katilim;odul_miktari;;;;;Müşteri Ol Kendim İçin SİZE ÖZEL ÇÖZÜMLER ÜRÜN VE HİZMETLERİMİZ İşim İçin SİZE ÖZEL ÇÖZÜMLER ÜRÜN VE HİZMETLERİMİZ Hakkımızda Ana Sayfa İşim İçin Finansmanlar KOBİ Destekli Finansmanlar KOSGEB Destekli Finansman KOSGEB D …;;;;v2
vakif-katilim--kobi-destekli-finansmanlar-kosgeb-destekli-finansman;vakif-katilim;indirim_orani;;;;;Müşteri Ol Kendim İçin SİZE ÖZEL ÇÖZÜMLER ÜRÜN VE HİZMETLERİMİZ İşim İçin SİZE ÖZEL ÇÖZÜMLER ÜRÜN VE HİZMETLERİMİZ Hakkımızda Ana Sayfa İşim İçin Finansmanlar KOBİ Destekli Finansmanlar KOSGEB Destekli Finansman KOSGEB D …;;;;v2
vakif-katilim--kobi-destekli-finansmanlar-kosgeb-destekli-finansman;vakif-katilim;alisveris_puani;;;;;Müşteri Ol Kendim İçin SİZE ÖZEL ÇÖZÜMLER ÜRÜN VE HİZMETLERİMİZ İşim İçin SİZE ÖZEL ÇÖZÜMLER ÜRÜN VE HİZMETLERİMİZ Hakkımızda Ana Sayfa İşim İçin Finansmanlar KOBİ Destekli Finansmanlar KOSGEB Destekli Finansman KOSGEB D …;;;;v2
vakif-katilim--kobi-destekli-finansmanlar-kosgeb-destekli-finansman;vakif-katilim;kampanya_suresi;;;;;Müşteri Ol Kendim İçin SİZE ÖZEL ÇÖZÜMLER ÜRÜN VE HİZMETLERİMİZ İşim İçin SİZE ÖZEL ÇÖZÜMLER ÜRÜN VE HİZMETLERİMİZ Hakkımızda Ana Sayfa İşim İçin Finansmanlar KOBİ Destekli Finansmanlar KOSGEB Destekli Finansman KOSGEB D …;;;;v2
vakif-katilim--nakdi-finansmanlar-proje-finansmani;vakif-katilim;kar_payi_orani;;;;;Müşteri Ol Kendim İçin SİZE ÖZEL ÇÖZÜMLER ÜRÜN VE HİZMETLERİMİZ İşim İçin SİZE ÖZEL ÇÖZÜMLER ÜRÜN VE HİZMETLERİMİZ Hakkımızda Ana Sayfa İşim İçin Finansmanlar Nakdi Finansmanlar Proje Finansmanı Proje Finansmanı Vakıf Ka …;;;;v2
vakif-katilim--nakdi-finansmanlar-proje-finansmani;vakif-katilim;finansman_tutari;;;;;Müşteri Ol Kendim İçin SİZE ÖZEL ÇÖZÜMLER ÜRÜN VE HİZMETLERİMİZ İşim İçin SİZE ÖZEL ÇÖZÜMLER ÜRÜN VE HİZMETLERİMİZ Hakkımızda Ana Sayfa İşim İçin Finansmanlar Nakdi Finansmanlar Proje Finansmanı Proje Finansmanı Vakıf Ka …;;;;v2
vakif-katilim--nakdi-finansmanlar-proje-finansmani;vakif-katilim;vade_ay;;;;;Müşteri Ol Kendim İçin SİZE ÖZEL ÇÖZÜMLER ÜRÜN VE HİZMETLERİMİZ İşim İçin SİZE ÖZEL ÇÖZÜMLER ÜRÜN VE HİZMETLERİMİZ Hakkımızda Ana Sayfa İşim İçin Finansmanlar Nakdi Finansmanlar Proje Finansmanı Proje Finansmanı Vakıf Ka …;;;;v2
vakif-katilim--nakdi-finansmanlar-proje-finansmani;vakif-katilim;taksit_sayisi;;;;;Müşteri Ol Kendim İçin SİZE ÖZEL ÇÖZÜMLER ÜRÜN VE HİZMETLERİMİZ İşim İçin SİZE ÖZEL ÇÖZÜMLER ÜRÜN VE HİZMETLERİMİZ Hakkımızda Ana Sayfa İşim İçin Finansmanlar Nakdi Finansmanlar Proje Finansmanı Proje Finansmanı Vakıf Ka …;;;;v2
vakif-katilim--nakdi-finansmanlar-proje-finansmani;vakif-katilim;tahsis_ucreti;;;;;Müşteri Ol Kendim İçin SİZE ÖZEL ÇÖZÜMLER ÜRÜN VE HİZMETLERİMİZ İşim İçin SİZE ÖZEL ÇÖZÜMLER ÜRÜN VE HİZMETLERİMİZ Hakkımızda Ana Sayfa İşim İçin Finansmanlar Nakdi Finansmanlar Proje Finansmanı Proje Finansmanı Vakıf Ka …;;;;v2
vakif-katilim--nakdi-finansmanlar-proje-finansmani;vakif-katilim;masraf_durumu;;;;;Müşteri Ol Kendim İçin SİZE ÖZEL ÇÖZÜMLER ÜRÜN VE HİZMETLERİMİZ İşim İçin SİZE ÖZEL ÇÖZÜMLER ÜRÜN VE HİZMETLERİMİZ Hakkımızda Ana Sayfa İşim İçin Finansmanlar Nakdi Finansmanlar Proje Finansmanı Proje Finansmanı Vakıf Ka …;;;;v2
vakif-katilim--nakdi-finansmanlar-proje-finansmani;vakif-katilim;odul_miktari;;;;;Müşteri Ol Kendim İçin SİZE ÖZEL ÇÖZÜMLER ÜRÜN VE HİZMETLERİMİZ İşim İçin SİZE ÖZEL ÇÖZÜMLER ÜRÜN VE HİZMETLERİMİZ Hakkımızda Ana Sayfa İşim İçin Finansmanlar Nakdi Finansmanlar Proje Finansmanı Proje Finansmanı Vakıf Ka …;;;;v2
vakif-katilim--nakdi-finansmanlar-proje-finansmani;vakif-katilim;indirim_orani;;;;;Müşteri Ol Kendim İçin SİZE ÖZEL ÇÖZÜMLER ÜRÜN VE HİZMETLERİMİZ İşim İçin SİZE ÖZEL ÇÖZÜMLER ÜRÜN VE HİZMETLERİMİZ Hakkımızda Ana Sayfa İşim İçin Finansmanlar Nakdi Finansmanlar Proje Finansmanı Proje Finansmanı Vakıf Ka …;;;;v2
vakif-katilim--nakdi-finansmanlar-proje-finansmani;vakif-katilim;alisveris_puani;;;;;Müşteri Ol Kendim İçin SİZE ÖZEL ÇÖZÜMLER ÜRÜN VE HİZMETLERİMİZ İşim İçin SİZE ÖZEL ÇÖZÜMLER ÜRÜN VE HİZMETLERİMİZ Hakkımızda Ana Sayfa İşim İçin Finansmanlar Nakdi Finansmanlar Proje Finansmanı Proje Finansmanı Vakıf Ka …;;;;v2
vakif-katilim--nakdi-finansmanlar-proje-finansmani;vakif-katilim;kampanya_suresi;;;;;Müşteri Ol Kendim İçin SİZE ÖZEL ÇÖZÜMLER ÜRÜN VE HİZMETLERİMİZ İşim İçin SİZE ÖZEL ÇÖZÜMLER ÜRÜN VE HİZMETLERİMİZ Hakkımızda Ana Sayfa İşim İçin Finansmanlar Nakdi Finansmanlar Proje Finansmanı Proje Finansmanı Vakıf Ka …;;;;v2
vakif-katilim--nakdi-finansmanlar-proje-finansmani;vakif-katilim;kampanya_kosullari;;;;;Müşteri Ol Kendim İçin SİZE ÖZEL ÇÖZÜMLER ÜRÜN VE HİZMETLERİMİZ İşim İçin SİZE ÖZEL ÇÖZÜMLER ÜRÜN VE HİZMETLERİMİZ Hakkımızda Ana Sayfa İşim İçin Finansmanlar Nakdi Finansmanlar Proje Finansmanı Proje Finansmanı Vakıf Ka …;;;;v2
vakif-katilim--tarim-finansmanlari-tarim-finansman-urunleri;vakif-katilim;kar_payi_orani;;;;;Müşteri Ol Kendim İçin SİZE ÖZEL ÇÖZÜMLER ÜRÜN VE HİZMETLERİMİZ İşim İçin SİZE ÖZEL ÇÖZÜMLER ÜRÜN VE HİZMETLERİMİZ Hakkımızda Ana Sayfa İşim İçin Finansmanlar Tarım Finansmanları Tarım Finansman Ürünleri Tarım Finansman …;;;;v2
vakif-katilim--tarim-finansmanlari-tarim-finansman-urunleri;vakif-katilim;finansman_tutari;;;;;Müşteri Ol Kendim İçin SİZE ÖZEL ÇÖZÜMLER ÜRÜN VE HİZMETLERİMİZ İşim İçin SİZE ÖZEL ÇÖZÜMLER ÜRÜN VE HİZMETLERİMİZ Hakkımızda Ana Sayfa İşim İçin Finansmanlar Tarım Finansmanları Tarım Finansman Ürünleri Tarım Finansman …;;;;v2
vakif-katilim--tarim-finansmanlari-tarim-finansman-urunleri;vakif-katilim;vade_ay;;;;;Müşteri Ol Kendim İçin SİZE ÖZEL ÇÖZÜMLER ÜRÜN VE HİZMETLERİMİZ İşim İçin SİZE ÖZEL ÇÖZÜMLER ÜRÜN VE HİZMETLERİMİZ Hakkımızda Ana Sayfa İşim İçin Finansmanlar Tarım Finansmanları Tarım Finansman Ürünleri Tarım Finansman …;;;;v2
vakif-katilim--tarim-finansmanlari-tarim-finansman-urunleri;vakif-katilim;taksit_sayisi;;;;;Müşteri Ol Kendim İçin SİZE ÖZEL ÇÖZÜMLER ÜRÜN VE HİZMETLERİMİZ İşim İçin SİZE ÖZEL ÇÖZÜMLER ÜRÜN VE HİZMETLERİMİZ Hakkımızda Ana Sayfa İşim İçin Finansmanlar Tarım Finansmanları Tarım Finansman Ürünleri Tarım Finansman …;;;;v2
vakif-katilim--tarim-finansmanlari-tarim-finansman-urunleri;vakif-katilim;tahsis_ucreti;;;;;Müşteri Ol Kendim İçin SİZE ÖZEL ÇÖZÜMLER ÜRÜN VE HİZMETLERİMİZ İşim İçin SİZE ÖZEL ÇÖZÜMLER ÜRÜN VE HİZMETLERİMİZ Hakkımızda Ana Sayfa İşim İçin Finansmanlar Tarım Finansmanları Tarım Finansman Ürünleri Tarım Finansman …;;;;v2
vakif-katilim--tarim-finansmanlari-tarim-finansman-urunleri;vakif-katilim;masraf_durumu;;;;;Müşteri Ol Kendim İçin SİZE ÖZEL ÇÖZÜMLER ÜRÜN VE HİZMETLERİMİZ İşim İçin SİZE ÖZEL ÇÖZÜMLER ÜRÜN VE HİZMETLERİMİZ Hakkımızda Ana Sayfa İşim İçin Finansmanlar Tarım Finansmanları Tarım Finansman Ürünleri Tarım Finansman …;;;;v2
vakif-katilim--tarim-finansmanlari-tarim-finansman-urunleri;vakif-katilim;odul_miktari;;;;;Müşteri Ol Kendim İçin SİZE ÖZEL ÇÖZÜMLER ÜRÜN VE HİZMETLERİMİZ İşim İçin SİZE ÖZEL ÇÖZÜMLER ÜRÜN VE HİZMETLERİMİZ Hakkımızda Ana Sayfa İşim İçin Finansmanlar Tarım Finansmanları Tarım Finansman Ürünleri Tarım Finansman …;;;;v2
vakif-katilim--tarim-finansmanlari-tarim-finansman-urunleri;vakif-katilim;indirim_orani;;;;;Müşteri Ol Kendim İçin SİZE ÖZEL ÇÖZÜMLER ÜRÜN VE HİZMETLERİMİZ İşim İçin SİZE ÖZEL ÇÖZÜMLER ÜRÜN VE HİZMETLERİMİZ Hakkımızda Ana Sayfa İşim İçin Finansmanlar Tarım Finansmanları Tarım Finansman Ürünleri Tarım Finansman …;;;;v2
vakif-katilim--tarim-finansmanlari-tarim-finansman-urunleri;vakif-katilim;alisveris_puani;;;;;Müşteri Ol Kendim İçin SİZE ÖZEL ÇÖZÜMLER ÜRÜN VE HİZMETLERİMİZ İşim İçin SİZE ÖZEL ÇÖZÜMLER ÜRÜN VE HİZMETLERİMİZ Hakkımızda Ana Sayfa İşim İçin Finansmanlar Tarım Finansmanları Tarım Finansman Ürünleri Tarım Finansman …;;;;v2
vakif-katilim--tarim-finansmanlari-tarim-finansman-urunleri;vakif-katilim;kampanya_suresi;;;;;Müşteri Ol Kendim İçin SİZE ÖZEL ÇÖZÜMLER ÜRÜN VE HİZMETLERİMİZ İşim İçin SİZE ÖZEL ÇÖZÜMLER ÜRÜN VE HİZMETLERİMİZ Hakkımızda Ana Sayfa İşim İçin Finansmanlar Tarım Finansmanları Tarım Finansman Ürünleri Tarım Finansman …;;;;v2
vakif-katilim--tarim-finansmanlari-tarim-finansman-urunleri;vakif-katilim;kampanya_kosullari;;;;;Müşteri Ol Kendim İçin SİZE ÖZEL ÇÖZÜMLER ÜRÜN VE HİZMETLERİMİZ İşim İçin SİZE ÖZEL ÇÖZÜMLER ÜRÜN VE HİZMETLERİMİZ Hakkımızda Ana Sayfa İşim İçin Finansmanlar Tarım Finansmanları Tarım Finansman Ürünleri Tarım Finansman …;;;;v2
vakif-katilim--tarim-finansmanlari-tarim-finansman-urunleri;vakif-katilim;hedef_kitle;;;;;Müşteri Ol Kendim İçin SİZE ÖZEL ÇÖZÜMLER ÜRÜN VE HİZMETLERİMİZ İşim İçin SİZE ÖZEL ÇÖZÜMLER ÜRÜN VE HİZMETLERİMİZ Hakkımızda Ana Sayfa İşim İçin Finansmanlar Tarım Finansmanları Tarım Finansman Ürünleri Tarım Finansman …;;;;v2
