doc_id;bank;field;model_value;model_conf;confidence_source;disagreement;snippet;gold_value;verdict;note
adil-katilim--katilim-bankaciligi;adil-katilim;campaign_type;İhtiyaç Finansmanı;0.60;classifier;;Anasayfa > Katılım Bankacılığı Katılım Bankacılığı Katılım bankacılığı, faizsiz finans ilkeleri doğrultusunda reel ekonomiyi esas alan bir bankacılık anlayışıdır. Tüm işlemler, kâr-zarar paylaşımı ve gerçek ticaret prens …;;;
albaraka--2026-hizli-cicek-25-indirim-kampanyasi;albaraka;kampanya_suresi;2026-05-01;0.85;rule_heuristic;;…Albaraka Mobil'den aldığınız kodu girin, %25 indirim fırsatını kaçırmayın. Kampanya Başlangıç ve Bitiş Tarihi: Kampanya [1 Mayıs 2026] - 31 Aralık 2026 tarihlerinde geçerlidir. Kampanya Detayları: Kampanyadan 31 Aralık 2026 tarihine kadar faydalanabilirs…;;;
albaraka--detay-eflatun-kredi-kart-ile-kozmetik-harcamalarina-200-tlye-varan-worldpuan;albaraka;campaign_type;Kart;0.80;classifier;;Albaraka Mobil Mobil Bankacılık Aç Eflatun Kredi Kart ile Kozmetik Harcamalarına 200 TL'ye varan Worldpuan! Anasayfa Kampanyalar Kampanya Başlangıç ve Bitiş 01.01.2026 - 31.12.2026 Eflatun Kredi Kart ile Kozmetik Harcama …;;;
albaraka--detay-eflatun-kredi-kart-ile-kozmetik-harcamalarina-200-tlye-varan-worldpuan;albaraka;kampanya_suresi;2026-01-01;0.72;rule_heuristic;;…latun Kredi Kart ile Kozmetik Harcamalarına 200 TL'ye varan Worldpuan! Anasayfa Kampanyalar Kampanya Başlangıç ve Bitiş [01.01.2026] - 31.12.2026 Eflatun Kredi Kart ile Kozmetik Harcamalarına 200 TL'ye varan Worldpuan! Eflatun kredi kartınız ile yapaca…;;;
albaraka--detay-egitim-kampanyasi-1;albaraka;campaign_type;Kart;0.80;classifier;;Albaraka Mobil Mobil Bankacılık Aç Eğitim Harcamalarınıza Vade Farksız 6 Taksit Kampanyası Anasayfa Kampanyalar Kampanya Başlangıç ve Bitiş 01.07.2026 - 30.09.2026 Müşteri Ol Müşteri Ol Albaraka Mobil'de Kampanyalar sayf …;;;
albaraka--detay-egitim-kampanyasi-1;albaraka;taksit_sayisi;6;0.85;rule_heuristic;;Albaraka Mobil Mobil Bankacılık Aç Eğitim Harcamalarınıza Vade Farksız [6 Taksit] Kampanyası Anasayfa Kampanyalar Kampanya Başlangıç ve Bitiş 01.07.2026 - 30.09.2026 Müşteri Ol Müşteri Ol Albaraka Mobi…;;;
albaraka--detay-egitim-kampanyasi-1;albaraka;odul_miktari;"{""currency"": ""TRY"", ""value"": 30000.0}";0.82;rule_heuristic;;…faydalanabilir. Ek Kampanya Detayları Kampanya, World özellikli bireysel kredi kartları ile tek çekim olarak yaptığınız [30.000 TL]- 500.000 TL arası eğitim harcamalarınız için geçerlidir. Kampanyaya, Business kartlar ve Master Gold Kart dahil değildi…;;;
albaraka--detay-egitim-kampanyasi-1;albaraka;kampanya_suresi;2026-07-01;0.72;rule_heuristic;;… Bankacılık Aç Eğitim Harcamalarınıza Vade Farksız 6 Taksit Kampanyası Anasayfa Kampanyalar Kampanya Başlangıç ve Bitiş [01.07.2026] - 30.09.2026 Müşteri Ol Müşteri Ol Albaraka Mobil'de Kampanyalar sayfasından kampanyaya katılım sağlayarak, World kartl…;;;
albaraka--detay-pocket-esimden-35-indirim;albaraka;kampanya_suresi;2025-08-01;0.85;rule_heuristic;;…na tıklayarak görüntülü görüşme ile şubeye gitmeye gerek kalmadan müşterimiz olabilirsiniz. Kampanya Detayları Kampanya [01.08.2025]-31.12.2025 tarihleri arasında geçerli olacaktır. Kampanyaya katılmak için, müşterilerimiz Albaraka Mobil'e giriş yapara…;;;
albaraka--detay-temmuz-ayina-ozel-fatura-kampanyasi;albaraka;campaign_type;Kart;0.70;classifier;;"Albaraka Mobil Mobil Bankacılık Aç Temmuz Ayına Özel Fatura Kampanyası Anasayfa Kampanyalar Kampanya Başlangıç ve Bitiş 01.07.2026 - 31.07.2026 Müşteri Ol Müşteri Ol ""OFT2026"" koduyla görüntülü görüşme ile müşterimiz olu …";;;
albaraka--detay-temmuz-ayina-ozel-fatura-kampanyasi;albaraka;kampanya_suresi;2026-07-01;0.72;rule_heuristic;;"Albaraka Mobil Mobil Bankacılık Aç Temmuz Ayına Özel Fatura Kampanyası Anasayfa Kampanyalar Kampanya Başlangıç ve Bitiş [01.07.2026] - 31.07.2026 Müşteri Ol Müşteri Ol ""OFT2026"" koduyla görüntülü görüşme ile müşterimiz olun, Albaraka World kredi kartın…";;;
albaraka--detay-yakinini-davet-et-kampanyasi;albaraka;campaign_type;Kart;0.60;classifier;;Albaraka Mobil Mobil Bankacılık Aç Yakınını Davet Et Kampanyası Anasayfa Kampanyalar Kampanya Başlangıç ve Bitiş 14.04.2024 - 31.12.2026 Albaraka Mobil Albaraka Mobil Albaraka Türk'e müşteri olan her yakınınız için 500 T …;;;
albaraka--detay-yakinini-davet-et-kampanyasi;albaraka;kampanya_suresi;2024-04-14;0.72;rule_heuristic;;Albaraka Mobil Mobil Bankacılık Aç Yakınını Davet Et Kampanyası Anasayfa Kampanyalar Kampanya Başlangıç ve Bitiş [14.04.2024] - 31.12.2026 Albaraka Mobil Albaraka Mobil Albaraka Türk'e müşteri olan her yakınınız için 500 TL, toplamda 5.000 TL'ye…;;;
albaraka--saglik-harcamalarina-vade-farksiz-6-taksit-kampanyasi-1_1;albaraka;campaign_type;Kart;0.70;classifier;;Albaraka Mobil Mobil Bankacılık Aç Sağlık Harcamalarına Vade Farksız 6 Taksit Kampanyası Anasayfa Kampanyalar Kampanya Başlangıç ve Bitiş 01.07.2026 - 31.07.2026 Müşteri Ol TROY kredi kartlarınız ile yapacağınız 1.000 TL …;;;
albaraka--saglik-harcamalarina-vade-farksiz-6-taksit-kampanyasi-1_1;albaraka;finansman_tutari;"{""currency"": ""TRY"", ""value"": 1000.0}";0.85;rule_heuristic;;"…ı Albaraka Mobil üzerinden ""Sağlık Kampanyası"" kampanyası için ""Hemen Katıl"" butonuna tıklayın, TROY kredi kartınız ile [1.000 TL]- 100.000 TL tutarları arasında kampanyaya dahil MCC kodlarından harcamanızı yapın, Kampanyaya katıldıktan sonra, koşull…";;;
albaraka--saglik-harcamalarina-vade-farksiz-6-taksit-kampanyasi-1_1;albaraka;taksit_sayisi;6;0.85;rule_heuristic;;Albaraka Mobil Mobil Bankacılık Aç Sağlık Harcamalarına Vade Farksız [6 Taksit] Kampanyası Anasayfa Kampanyalar Kampanya Başlangıç ve Bitiş 01.07.2026 - 31.07.2026 Müşteri Ol TROY kredi kartlarınız i…;;;
albaraka--saglik-harcamalarina-vade-farksiz-6-taksit-kampanyasi-1_1;albaraka;kampanya_suresi;2026-07-01;0.72;rule_heuristic;;…il Bankacılık Aç Sağlık Harcamalarına Vade Farksız 6 Taksit Kampanyası Anasayfa Kampanyalar Kampanya Başlangıç ve Bitiş [01.07.2026] - 31.07.2026 Müşteri Ol TROY kredi kartlarınız ile yapacağınız 1.000 TL- 100.000 TL arası sağlık harcamalarınıza vade f…;;;
dunya-katilim--kampanyalar-alfemo;dunya-katilim;campaign_type;İhtiyaç Finansmanı;0.60;classifier;;Anasayfa Kampanyalar Alfemo Alfemo'da Peşin fiyatına 8 Taksit Fırsatı! Dünya Katılım Paraf ile Alfemo mağazalarında veya www.alfemo.com web sayfasından Paraf POS'larından yapacağınız alışverişlerde 8 taksit imkanı sağlan …;;;
dunya-katilim--kampanyalar-alfemo;dunya-katilim;vade_ay;12;0.55;rule_heuristic;;"…çilerin İnternet Sitesini ziyaret sıklığına ve ziyaret zamanlarına ilişkin bilgi toplamak amacıyla kullanılan çerezdir. [1 yıl] 5.Kişisel Veri Sahibi Olarak Haklarınız Nelerdir? Kişisel veri sahipleri Kanunun ""ilgili kişinin haklarını düzenleyen"" …";;;
dunya-katilim--kampanyalar-alfemo;dunya-katilim;taksit_sayisi;8;0.85;rule_heuristic;;Anasayfa Kampanyalar Alfemo Alfemo'da Peşin fiyatına [8 Taksit] Fırsatı! Dünya Katılım Paraf ile Alfemo mağazalarında veya www.alfemo.com web sayfasından Paraf POS'larından yapacağını…;;;
dunya-katilim--kampanyalar-alfemo;dunya-katilim;kampanya_suresi;2026-07-31;0.82;rule_heuristic;;…mamında değişiklik yapma ve/veya kampanyayı durdurma hakkını saklı tutar. Paraf Kampanyaları Devam ediyor Bitiş Tarihi: [31 Temmuz 2026] Paylaş Diğer Kampanyalar Tüm site ziyaretçilerimizi daha iyi tanımak, sitemizdeki kullanıcı deneyimini kişiselleştirmek…;;;
dunya-katilim--kampanyalar-altin-kesemticari;dunya-katilim;campaign_type;Kart;0.70;classifier;;Anasayfa Kampanyalar Altın Kesem Altın Kazandıran Alışveriş Dünya Katılım'da ! Kredi kartı ve banka kartı alışverişlerinizde şimdi Altın Kesem var. Her harcamanızda altınlar kesenizde biriksin, 1 grama ulaşınca kapınıza …;;;
dunya-katilim--kampanyalar-altin-kesemticari;dunya-katilim;vade_ay;12;0.55;rule_heuristic;;"…çilerin İnternet Sitesini ziyaret sıklığına ve ziyaret zamanlarına ilişkin bilgi toplamak amacıyla kullanılan çerezdir. [1 yıl] 5.Kişisel Veri Sahibi Olarak Haklarınız Nelerdir? Kişisel veri sahipleri Kanunun ""ilgili kişinin haklarını düzenleyen"" …";;;
dunya-katilim--kampanyalar-altin-kesemticari;dunya-katilim;odul_miktari;"{""currency"": ""TRY"", ""value"": 0.0}";0.82;rule_heuristic;;…aydalanabilir. Bireysel DKart Debit kartlar ile yapılacak toplamda 7.500 TL, kredi kartları ile yapılacak toplamda 12.50[0 TL] harcamadan 0,01 gr altın kazanılacaktır. Kazanılan gram altınlar 0,01 gr'a ulaşınca Mobil Şube ya da İnternet Şube'den …;;;
dunya-katilim--kampanyalar-avantajli-kurlar;dunya-katilim;campaign_type;İhtiyaç Finansmanı;0.60;classifier;;Anasayfa Kampanyalar Avantajlı Kurlar Kur Farkıyla Öndesin! Döviz, altın, gümüş ve tüm yatırımlarınız için benzersiz kurlar Dünya Katılım'da sizi bekliyor. Dünya Katılım ile Döviz ve Kıymetli Maden İşlemleri Dünya Katılı …;;;
dunya-katilim--kampanyalar-avantajli-kurlar;dunya-katilim;vade_ay;12;0.55;rule_heuristic;;"…çilerin İnternet Sitesini ziyaret sıklığına ve ziyaret zamanlarına ilişkin bilgi toplamak amacıyla kullanılan çerezdir. [1 yıl] 5.Kişisel Veri Sahibi Olarak Haklarınız Nelerdir? Kişisel veri sahipleri Kanunun ""ilgili kişinin haklarını düzenleyen"" …";;;
dunya-katilim--kampanyalar-dyson;dunya-katilim;campaign_type;Konut Finansmanı;0.60;classifier;;Anasayfa Kampanyalar Dyson Dyson'da Peşin Fiyatına 9 Aya Varan Taksit Fırsatı! Dünya Katılım Paraf ile dyson.com.tr'den peşin fiyatına 9 aya varan taksit fırsatından faydalanabilirsiniz. 9 taksit avantajı firmanın belirl …;;;
dunya-katilim--kampanyalar-dyson;dunya-katilim;kampanya_suresi;2026-07-31;0.82;rule_heuristic;;…mamında değişiklik yapma ve/veya kampanyayı durdurma hakkını saklı tutar. Paraf Kampanyaları Devam ediyor Bitiş Tarihi: [31 Temmuz 2026] Paylaş Diğer Kampanyalar Tüm site ziyaretçilerimizi daha iyi tanımak, sitemizdeki kullanıcı deneyimini kişiselleştirmek…;;;
dunya-katilim--kampanyalar-incehesap;dunya-katilim;campaign_type;Konut Finansmanı;0.60;classifier;;Anasayfa Kampanyalar İncehesap İncehesap.Com'da Peşin Fiyatına 3 Taksit Fırsatı! Dünya Katılım Paraf ile www.incehesap.com web adresinde Paraf POS'undan yapılacak alışverişlerinize peşin fiyatına 3 taksit imkanı sunulaca …;;;
dunya-katilim--kampanyalar-incehesap;dunya-katilim;taksit_sayisi;3;0.85;rule_heuristic;;Anasayfa Kampanyalar İncehesap İncehesap.Com'da Peşin Fiyatına [3 Taksit] Fırsatı! Dünya Katılım Paraf ile www.incehesap.com web adresinde Paraf POS'undan yapılacak alışverişlerinize peşin fiya…;;;
dunya-katilim--kampanyalar-incehesap;dunya-katilim;kampanya_suresi;2026-07-31;0.82;rule_heuristic;;…mamında değişiklik yapma ve/veya kampanyayı durdurma hakkını saklı tutar. Paraf Kampanyaları Devam ediyor Bitiş Tarihi: [31 Temmuz 2026] Paylaş Diğer Kampanyalar Tüm site ziyaretçilerimizi daha iyi tanımak, sitemizdeki kullanıcı deneyimini kişiselleştirmek…;;;
dunya-katilim--kampanyalar-kip;dunya-katilim;campaign_type;İhtiyaç Finansmanı;0.60;classifier;;Anasayfa Kampanyalar kip Kip'te 5 Taksit Fırsatı! Dünya Katılım Paraf ile KİP mağazaları ve www.kip.com.tr 'de Paraf POS'larından yapılacak alışverişlerde 5 taksit imkanı sunulacaktır. Kampanyadan Dünya Katılım Paraf kar …;;;
dunya-katilim--kampanyalar-kip;dunya-katilim;vade_ay;12;0.55;rule_heuristic;;"…çilerin İnternet Sitesini ziyaret sıklığına ve ziyaret zamanlarına ilişkin bilgi toplamak amacıyla kullanılan çerezdir. [1 yıl] 5.Kişisel Veri Sahibi Olarak Haklarınız Nelerdir? Kişisel veri sahipleri Kanunun ""ilgili kişinin haklarını düzenleyen"" …";;;
dunya-katilim--kampanyalar-kip;dunya-katilim;taksit_sayisi;5;0.85;rule_heuristic;;Anasayfa Kampanyalar kip Kip'te [5 Taksit] Fırsatı! Dünya Katılım Paraf ile KİP mağazaları ve www.kip.com.tr 'de Paraf POS'larından yapılacak alışverişlerde 5 tak…;;;
dunya-katilim--kampanyalar-kip;dunya-katilim;kampanya_suresi;2026-07-31;0.82;rule_heuristic;;…mamında değişiklik yapma ve/veya kampanyayı durdurma hakkını saklı tutar. Paraf Kampanyaları Devam ediyor Bitiş Tarihi: [31 Temmuz 2026] Paylaş Diğer Kampanyalar Tüm site ziyaretçilerimizi daha iyi tanımak, sitemizdeki kullanıcı deneyimini kişiselleştirmek…;;;
dunya-katilim--kampanyalar-koton;dunya-katilim;campaign_type;Kart;0.70;classifier;;Anasayfa Kampanyalar Koton DKart Debit'le Koton'da Harcadıkça Kazanın! Dkart Debit Kartınızla Koton alışverişlerinizde nakit iade kazanma fırsatı sizi bekliyor! 💸 Dkart Debit Kartınızla Koton mağazalarından yapacağınız a …;;;
dunya-katilim--kampanyalar-koton;dunya-katilim;vade_ay;12;0.55;rule_heuristic;;"…çilerin İnternet Sitesini ziyaret sıklığına ve ziyaret zamanlarına ilişkin bilgi toplamak amacıyla kullanılan çerezdir. [1 yıl] 5.Kişisel Veri Sahibi Olarak Haklarınız Nelerdir? Kişisel veri sahipleri Kanunun ""ilgili kişinin haklarını düzenleyen"" …";;;
dunya-katilim--kampanyalar-koton;dunya-katilim;kampanya_suresi;2026-04-30;0.85;rule_heuristic;;…Koton mağazalarında yapılan alışverişlerde geçerlidir. Kampanya, Koton online alışverişlerde geçerli değildir. Kampanya [30.04.2026] tarihine kadar geçerli olacaktır. Dkart Debit ile ilgili detaylı bilgi için tıklayınız . *Dünya Katılım Bankası, kampan…;;;
dunya-katilim--kampanyalar-lc-waikiki;dunya-katilim;campaign_type;Kart;0.70;classifier;;Anasayfa Kampanyalar LC Waikiki Dünya Katılım TROY kartlarınızla, LC Waikiki'de 3.000 TL ve üzeri alışverişlerinize 300 TL İndirim Fırsatı! Dünya Katılım TROY kartlarınızla, LC Waikiki' den yapacağınız 3.000 TL ve üzeri …;;;
dunya-katilim--kampanyalar-lc-waikiki;dunya-katilim;vade_ay;12;0.55;rule_heuristic;;"…çilerin İnternet Sitesini ziyaret sıklığına ve ziyaret zamanlarına ilişkin bilgi toplamak amacıyla kullanılan çerezdir. [1 yıl] 5.Kişisel Veri Sahibi Olarak Haklarınız Nelerdir? Kişisel veri sahipleri Kanunun ""ilgili kişinin haklarını düzenleyen"" …";;;
dunya-katilim--kampanyalar-lc-waikiki;dunya-katilim;kampanya_suresi;2026-06-15;0.85;rule_heuristic;;…erlidir. Dünya Katılım TROY kart sahiplerine indirim sepette otomatik olarak uygulanacaktır. Kampanya Şartları Kampanya [15 Haziran 2026] saat 00.01 – 15 Temmuz 2026 saat 23.59 arasında geçerlidir. LCW mobil uygulaması ve lcw.com ‘dan yapılacak alışverişler…;;;
dunya-katilim--kampanyalar-n11;dunya-katilim;campaign_type;İhtiyaç Finansmanı;0.60;classifier;;Anasayfa Kampanyalar n11 N11'de Peşin Fiyatına 3 Taksit Fırsatı Dünya Katılım Paraf ile n11'de tek seferde yapılacak alışverişlerde peşin fiyatına 3 aya varan taksit imkanı sunulmaktadır. Peşin fiyatına 3 taksit uygulama …;;;
dunya-katilim--kampanyalar-n11;dunya-katilim;taksit_sayisi;3;0.85;rule_heuristic;;Anasayfa Kampanyalar n11 N11'de Peşin Fiyatına [3 Taksit] Fırsatı Dünya Katılım Paraf ile n11'de tek seferde yapılacak alışverişlerde peşin fiyatına 3 aya varan taksit imkanı su…;;;
dunya-katilim--kampanyalar-n11;dunya-katilim;kampanya_suresi;2026-07-31;0.82;rule_heuristic;;…mamında değişiklik yapma ve/veya kampanyayı durdurma hakkını saklı tutar. Paraf Kampanyaları Devam ediyor Bitiş Tarihi: [31 Temmuz 2026] Paylaş Diğer Kampanyalar Tüm site ziyaretçilerimizi daha iyi tanımak, sitemizdeki kullanıcı deneyimini kişiselleştirmek…;;;
dunya-katilim--kampanyalar-touristica;dunya-katilim;campaign_type;İhtiyaç Finansmanı;0.60;classifier;;Anasayfa Kampanyalar Touristica Touristica.com.tr'de Peşin Fiyatına 9 Taksit Fırsatı! Dünya Katılım Paraf ile www.touristica.com.tr mağazalarından yapılacak alışverişlerde 9 taksit imkanı sunulacaktır. Taksit sayısı otel …;;;
dunya-katilim--kampanyalar-touristica;dunya-katilim;taksit_sayisi;9;0.85;rule_heuristic;;Anasayfa Kampanyalar Touristica Touristica.com.tr'de Peşin Fiyatına [9 Taksit] Fırsatı! Dünya Katılım Paraf ile www.touristica.com.tr mağazalarından yapılacak alışverişlerde 9 taksit imkanı sunulaca…;;;
dunya-katilim--kampanyalar-touristica;dunya-katilim;kampanya_suresi;2026-07-31;0.82;rule_heuristic;;…mamında değişiklik yapma ve/veya kampanyayı durdurma hakkını saklı tutar. Paraf Kampanyaları Devam ediyor Bitiş Tarihi: [31 Temmuz 2026] Paylaş Diğer Kampanyalar Tüm site ziyaretçilerimizi daha iyi tanımak, sitemizdeki kullanıcı deneyimini kişiselleştirmek…;;;
dunya-katilim--kampanyalar-vaillant;dunya-katilim;campaign_type;İhtiyaç Finansmanı;0.60;classifier;;Anasayfa Kampanyalar Vaillant Vaillant'ta 9 Aya Varan Taksit Fırsatı! Dünya Katılım Paraf ile Paraf üyesi Vaillant sanal Pos'u üzerinden gerçekleşen işlemlere vade farksız 9 aya varan taksit imkanı sunulacaktır. Kampanya …;;;
dunya-katilim--kampanyalar-vaillant;dunya-katilim;vade_ay;9;0.85;rule_heuristic;;…n Taksit Fırsatı! Dünya Katılım Paraf ile Paraf üyesi Vaillant sanal Pos'u üzerinden gerçekleşen işlemlere vade farksız [9 aya] varan taksit imkanı sunulacaktır. Kampanyaya sadece Vaillant'ın kendi POS'undan gerçekleşen işlemler dahildir. Bayi POS…;;;
dunya-katilim--kampanyalar-vaillant;dunya-katilim;kampanya_suresi;2026-07-31;0.82;rule_heuristic;;…mamında değişiklik yapma ve/veya kampanyayı durdurma hakkını saklı tutar. Paraf Kampanyaları Devam ediyor Bitiş Tarihi: [31 Temmuz 2026] Paylaş Diğer Kampanyalar Tüm site ziyaretçilerimizi daha iyi tanımak, sitemizdeki kullanıcı deneyimini kişiselleştirmek…;;;
hayat-finans--finansmanlar-bana-bunu-al-is-ortagim;hayat-finans;campaign_type;İhtiyaç Finansmanı;0.70;classifier;;Bana Bunu Al İş Ortağım Anlaşmalı bayilerimiz aracılığıyla Bankamızdan kredi (finansman) desteği sağlamak çok hızlı ve kolay! Bana Bunu Al İş Ortağım anlaşmalı firmaları incelemek için tıklayınız! Bana Bunu Al İş Ortağım …;;;
hayat-finans--kampanyalar-biz-kart-dijital-uyelikler-kampanyasi;hayat-finans;campaign_type;Kart;0.70;classifier;;Biz Kart ile Dijital Üyeliklerde %75 Nakit İade Fırsatı! Kampanya Dönemi: 16 Haziran - 31 Temmuz 2026 Kampanya Koşulları Kampanya Hayat Finans bireysel müşterileri için geçerlidir. Kampanyadan yararlanabilmek için Hayat …;;;
hayat-finans--kampanyalar-biz-kart-dijital-uyelikler-kampanyasi;hayat-finans;odul_miktari;"{""currency"": ""TRY"", ""value"": 300.0}";0.82;rule_heuristic;;…adır, her iki karttan yapılacak dijital üyelik ödemeleri kapsamınca kazanılabilecek maksimum nakit ödül tutarı toplamda [300 TL]'dir. Harcamalar yalnızca ilgili platformların resmî web sitesi veya mobil uygulamaları üzerinden Hayat Finans banka vey…;;;
hayat-finans--kampanyalar-biz-kart-ile-arkadasini-getir-kazan;hayat-finans;campaign_type;Kart;0.60;classifier;;Biz Kart Arkadaşını Getir & Kazan Hayat Finans Mobil Kampanya Dönemi: 16 Haziran - 31 Temmuz 2026 Kampanya Koşulları 1. Bu kampanya Hayat Finans bireysel müşterileri için geçerlidir. 2. Hayat Finans müşterisi olan kişile …;;;
hayat-finans--kampanyalar-biz-kart-yemek-harcamasi-nakit-iade-kampanyasi;hayat-finans;campaign_type;Yeni Müşteri;0.60;classifier;;Biz Kart ile Yemek Harcamalarına 1.000 TL'ye Varan Nakit İade! Yakınlarınıza verdiğiniz Biz Kart ile yemek sektöründe yapılan harcamaların %10'una kadar nakit iade kazanın. Kampanya kapsamında günlük en fazla 100 TL, ayl …;;;
hayat-finans--kampanyalar-biz-kart-yemek-harcamasi-nakit-iade-kampanyasi;hayat-finans;kampanya_suresi;2026-07-31;0.82;rule_heuristic;;…mında günlük en fazla 100 TL, aylık toplamda ise 1.000 TL'ye kadar nakit iade alabilirsiniz. Kampanya Dönemi: 6 Şubat - [31 Temmuz 2026] Yakınlarınız için Biz Kart Başvurusunu Nasıl Yapabilirsiniz? Mobil Uygulama Tüm İşlemler> Kartlar> Biz Kart Başvurusu a…;;;
kuveyt-turk--isim-icin-kart-kampanyalari;kuveyt-turk;campaign_type;Kart;0.70;classifier;;Ana Sayfa Kampanyalar İşim İçin Kampanyalar Kendim İçin İşim İçin Kampanya Arşivi Tüm Kampanyalar Kart Kampanyaları KOBİ Kampanyaları Müşteri Ol Kampanyaları POS Kampanyaları Ara Kampanya Aralığı: 16 Temmuz 2026 - 31 Ara …;;;
kuveyt-turk--isim-icin-kart-kampanyalari;kuveyt-turk;taksit_sayisi;3;0.85;rule_heuristic;;…kliyor! Kampanyayı Keşfet 1 Gün Kaldı! Kampanya Aralığı: 1 Temmuz 2026 - 31 Temmuz 2026 MTV Ödemelerinizde Vade Farksız [3 Taksit] Fırsatı! Kuveyt Türk Tüzel Kredi Kartlarınızla 200 TL ve üzeri Motorlu Taşıtlar Vergisi (MTV) ödemelerinizi 31 Temmuz 2…;;;
kuveyt-turk--isim-icin-kart-kampanyalari;kuveyt-turk;kampanya_suresi;2026-07-16;0.72;rule_heuristic;;…şivi Tüm Kampanyalar Kart Kampanyaları KOBİ Kampanyaları Müşteri Ol Kampanyaları POS Kampanyaları Ara Kampanya Aralığı: [16 Temmuz 2026] - 31 Aralık 2026 Kuveyt Türk ile E-İhracat Gönderilerinizde Mil Kazanın! Miles&Smiles Kuveyt Türk kartlarınızla Navlung…;;;
kuveyt-turk--kampanya-arsivi-1-aylik-tod-taraftar-paketi-ucretsiz;kuveyt-turk;kampanya_suresi;2026-03-26;0.72;rule_heuristic;;"…ar Paketi Ücretsiz! ""KTOD2026"" Davet Koduyla Müşteri Olanlara, 1 Aylık TOD Taraftar Paketi Ücretsiz! Kampanya Tarihleri [26.03.2026] - 31.05.2026 Kampanya Süresi Doldu! Kampanyayı Paylaş Facebook'da paylaş X'de paylaş LinkedIn'de paylaş Whatsapp'da pay…";;;
kuveyt-turk--kampanya-arsivi-1000-tlye-varan-market-indirimi-saglam-kart-troyda;kuveyt-turk;campaign_type;Kart;0.60;classifier;;Ana Sayfa Kampanyalar Kampanya Arşivi 1.000 TL'ye Varan Market İndirimi Sağlam Kart Troy'da! Sağlam Kart Troy ile yapacağınız market harcamalarınıza %10 indirim kazanırsınız. Kampanya Tarihleri 1.12.2025 - 31.12.2025 Kam …;;;
kuveyt-turk--kampanya-arsivi-1000-tlye-varan-market-indirimi-saglam-kart-troyda;kuveyt-turk;kampanya_suresi;2025-12-01;0.72;rule_heuristic;;…ğlam Kart Troy'da! Sağlam Kart Troy ile yapacağınız market harcamalarınıza %10 indirim kazanırsınız. Kampanya Tarihleri [1.12.2025] - 31.12.2025 Kampanya Süresi Doldu! Kampanyayı Paylaş Facebook'da paylaş X'de paylaş LinkedIn'de paylaş Whatsapp'da pay…;;;
kuveyt-turk--kampanya-arsivi-3000-tl-degerindeki-cek-karnesi-paketi-ucretsiz-scr;kuveyt-turk;kampanya_suresi;2024-10-23;0.72;rule_heuristic;;…tsiz! Size özel 3.000 TL tutarındaki 50 yaprak çek karnesi Kuveyt Türk'te yıl sonuna kadar ücretsiz. Kampanya Tarihleri [23.10.2024] - 31.12.2024 Kampanya Süresi Doldu! Kampanyayı Paylaş Facebook'da paylaş X'de paylaş LinkedIn'de paylaş Whatsapp'da pay…;;;
kuveyt-turk--kampanya-arsivi-akaryakit-istasyonlari-kuveyt-turk-ile-gelecege-hazir;kuveyt-turk;kampanya_suresi;2024-11-01;0.72;rule_heuristic;;…ve 1000 TR Yazarkasa cihazlarınız için POS başvurusu yapın, Kuveyt Türk'ün avantajlarını kaçırmayın. Kampanya Tarihleri [1.11.2024] - 31.03.2025 Kampanya Süresi Doldu! Kampanyayı Paylaş Facebook'da paylaş X'de paylaş LinkedIn'de paylaş Whatsapp'da pay…;;;
kuveyt-turk--kampanya-arsivi-arac-finansmanina-ucretsiz-hgs-etiketi-kuveyt-turkte;kuveyt-turk;campaign_type;Taşıt Finansmanı;0.60;classifier;;Ana Sayfa Kampanyalar Kampanya Arşivi Araç Finansmanına Ücretsiz HGS Etiketi Kuveyt Türk'te! Kuveyt Türk'ten araç finansmanı kullanın, ücretsiz HGS etiketi fırsatını yakalayın! Kampanya Tarihleri 1.04.2025 - 31.12.2025 K …;;;
kuveyt-turk--kampanya-arsivi-arac-finansmanina-ucretsiz-hgs-etiketi-kuveyt-turkte;kuveyt-turk;kampanya_suresi;2025-04-01;0.72;rule_heuristic;;… Kuveyt Türk'te! Kuveyt Türk'ten araç finansmanı kullanın, ücretsiz HGS etiketi fırsatını yakalayın! Kampanya Tarihleri [1.04.2025] - 31.12.2025 Kampanya Süresi Doldu! Kampanyayı Paylaş Facebook'da paylaş X'de paylaş LinkedIn'de paylaş Whatsapp'da pay…;;;
kuveyt-turk--kampanya-arsivi-avansasta-1500-tlye-varan-indirim-ve-vade-farksiz-5-aya-varan-ta;kuveyt-turk;campaign_type;Kart;0.70;classifier;;Ana Sayfa Kampanyalar Kampanya Arşivi Avansas'ta 1.500 TL'ye Varan İndirim ve Vade Farksız 5 Aya Varan Taksit Fırsatı! Kuveyt Türk Kartları ile Yapacağınız 7.500 TL ve Üzeri Alışverişlerinize 1.500 TL İndirim İmkanı Kamp …;;;
kuveyt-turk--kampanya-arsivi-avansasta-1500-tlye-varan-indirim-ve-vade-farksiz-5-aya-varan-ta;kuveyt-turk;vade_ay;5;0.85;rule_heuristic;;Ana Sayfa Kampanyalar Kampanya Arşivi Avansas'ta 1.500 TL'ye Varan İndirim ve Vade Farksız [5 Aya] Varan Taksit Fırsatı! Kuveyt Türk Kartları ile Yapacağınız 7.500 TL ve Üzeri Alışverişlerinize 1.500 TL İndirim İmkanı …;;;
kuveyt-turk--kampanya-arsivi-avansasta-1500-tlye-varan-indirim-ve-vade-farksiz-5-aya-varan-ta;kuveyt-turk;kampanya_suresi;2026-05-01;0.72;rule_heuristic;;…tı! Kuveyt Türk Kartları ile Yapacağınız 7.500 TL ve Üzeri Alışverişlerinize 1.500 TL İndirim İmkanı Kampanya Tarihleri [1.05.2026] - 30.06.2026 Kampanya Süresi Doldu! Kampanyayı Paylaş Facebook'da paylaş X'de paylaş LinkedIn'de paylaş Whatsapp'da pay…;;;
kuveyt-turk--kampanya-arsivi-business-plus-karttan-vade-farksiz-3-taksit-imkani;kuveyt-turk;campaign_type;Kart;0.70;classifier;;Ana Sayfa Kampanyalar Kampanya Arşivi Business Plus Kart'tan Vade Farksız 3 Taksit İmkânı! Business Plus Kartınız ile yapacağınız alışverişinize vade farksız 3 taksit fırsatı! Kampanya Tarihleri 1.07.2023 - 31.08.2023 Ka …;;;
kuveyt-turk--kampanya-arsivi-business-plus-karttan-vade-farksiz-3-taksit-imkani;kuveyt-turk;vade_ay;3;0.85;rule_heuristic;;…lacak 10.000₺ ile 50.000 ₺ arası tek çekim taksitsiz/ötelemesiz harcama, yasal/mevzuatsal taksit sınırları çerçevesinde [3 aya] kadar vade farksız olarak sonradan taksitlendirilebilmektedir. Bir müşteri kampanya süresince en fazla 1 işlemini taksi…;;;
kuveyt-turk--kampanya-arsivi-business-plus-karttan-vade-farksiz-3-taksit-imkani;kuveyt-turk;taksit_sayisi;3;0.85;rule_heuristic;;Ana Sayfa Kampanyalar Kampanya Arşivi Business Plus Kart'tan Vade Farksız [3 Taksit] İmkânı! Business Plus Kartınız ile yapacağınız alışverişinize vade farksız 3 taksit fırsatı! Kampanya Tarihleri 1.07.20…;;;
kuveyt-turk--kampanya-arsivi-business-plus-karttan-vade-farksiz-3-taksit-imkani;kuveyt-turk;kampanya_suresi;2023-07-01;0.72;rule_heuristic;;… Taksit İmkânı! Business Plus Kartınız ile yapacağınız alışverişinize vade farksız 3 taksit fırsatı! Kampanya Tarihleri [1.07.2023] - 31.08.2023 Kampanya Süresi Doldu! Kampanyayı Paylaş Facebook'da paylaş X'de paylaş LinkedIn'de paylaş Whatsapp'da pay…;;;
kuveyt-turk--kampanya-arsivi-business-plustan-1000-tl-indirim-firsati-scr;kuveyt-turk;campaign_type;Kart;0.60;classifier;;Ana Sayfa Kampanyalar Kampanya Arşivi Business Plus'tan 1000 TL indirim fırsatı! Kampanya Tarihleri 1.07.2024 - 31.07.2024 Kampanya Süresi Doldu! Kampanyayı Paylaş Facebook'da paylaş X'de paylaş LinkedIn'de paylaş Whatsa …;;;
kuveyt-turk--kampanya-arsivi-business-plustan-1000-tl-indirim-firsati-scr;kuveyt-turk;kampanya_suresi;2024-07-01;0.72;rule_heuristic;;Ana Sayfa Kampanyalar Kampanya Arşivi Business Plus'tan 1000 TL indirim fırsatı! Kampanya Tarihleri [1.07.2024] - 31.07.2024 Kampanya Süresi Doldu! Kampanyayı Paylaş Facebook'da paylaş X'de paylaş LinkedIn'de paylaş Whatsapp'da pay…;;;
kuveyt-turk--kampanya-arsivi-dbs-fatura-odemelerinizde-100000-mil-firsati;kuveyt-turk;campaign_type;Alışveriş Puanı;0.60;classifier;;Ana Sayfa Kampanyalar Kampanya Arşivi DBS Fatura Ödemelerinizde 100.000 Mil Fırsatı DBS fatura tahsilatlarınızda Mil kazanma fırsatını kaçırmayın. Kampanya Tarihleri 9.09.2025 - 31.12.2025 Kampanya Süresi Doldu! Kampanya …;;;
kuveyt-turk--kampanya-arsivi-dbs-fatura-odemelerinizde-100000-mil-firsati;kuveyt-turk;kampanya_suresi;2025-09-09;0.72;rule_heuristic;;…ra Ödemelerinizde 100.000 Mil Fırsatı DBS fatura tahsilatlarınızda Mil kazanma fırsatını kaçırmayın. Kampanya Tarihleri [9.09.2025] - 31.12.2025 Kampanya Süresi Doldu! Kampanyayı Paylaş Facebook'da paylaş X'de paylaş LinkedIn'de paylaş Whatsapp'da pay…;;;
kuveyt-turk--konut;kuveyt-turk;campaign_type;Konut Finansmanı;0.70;classifier;;Konut Finansmanı Kampanyası. Kuveyt Türk ile hayalinizdeki eve kavuşun. Konut finansmanında kâr payı oranı %1,89'dan başlayan oranlarla, 120 aya kadar vade imkânı. Tahsis ücreti 750 TL. Kampanya 31.12.2026 tarihine kadar …;;;
tom-katilim--kampanyalar;tom-katilim;campaign_type;Kart;0.70;classifier;;Güncel kampanyalarımız için lütfen tıklayın. Kampanyalar Restoran harcamalarında %10 İade Kazan! Hadi Black Kredi Kartın ile tek seferde 750 TL üstü tüm haftasonu restoran harcamalarında, taaam %10 iade! Hemen kampanyaya …;;;
tom-katilim--kampanyalar;tom-katilim;taksit_sayisi;10;0.85;rule_heuristic;;…limiti belirleme, kampanyayı durdurma, koşulları değiştirme veya iptal etme hakkını saklı tutar. Özel Okul Ödemelerinde [10 Taksit], üstelik vade farksız! TOM Bank Hadi Kazananlar Kulubü Paketleri ile Hadi Black Kredi Kartı ile yapılacak özel okul öde…;;;
tom-katilim--kampanyalar;tom-katilim;kampanya_suresi;2026-08-31;0.72;rule_heuristic;;…nu restoran harcamalarında, taaam %10 iade! Hemen kampanyaya katıl, kazanmaya başla! Kampanya Koşulları Kampanya 6 Mart-[31 Ağustos 2026] tarihleri arasında yapılacak harcamalarda geçerlidir. Kampanyadan yararlanmak için ilk harcamadan önce kampanya sayfası…;;;
tom-katilim--kampanyalar-a101de-her-alisveriste-3-nakit-iade;tom-katilim;campaign_type;Kart;0.60;classifier;;TOM Bank Hadi Hadi Kazan Kampanyalar A101'de her alışverişte %3'e varan nakit iade! Hemen İndir Hemen İndir A101'de her alışverişte %3'e varan nakit iade! Kampanya 31 Aralık 2026 tarihine kadar geçerlidir. Kampanya kapsa …;;;
tom-katilim--kampanyalar-a101de-her-alisveriste-3-nakit-iade;tom-katilim;kampanya_suresi;2026-12-31;0.85;rule_heuristic;;… her alışverişte %3'e varan nakit iade! Hemen İndir Hemen İndir A101'de her alışverişte %3'e varan nakit iade! Kampanya [31 Aralık 2026] tarihine kadar geçerlidir. Kampanya kapsamında bir takvim ayında en fazla 125 TL nakit iade kazanılabilir Kampanyadan a…;;;
tom-katilim--kampanyalar-cok-kazananlar-kulubu-kat-kat-kazandiran-kampanyalari-ile-seninle;tom-katilim;campaign_type;Yeni Müşteri;0.60;classifier;;TOM Bank Hadi Hadi Kazan Kampanyalar Çok Kazananlar Kulübü Kat Kat Kazandıran Kampanyaları ile Seninle! Hemen İndir Hemen İndir Çok Kazananlar Kulübü Kat Kat Kazandıran Kampanyaları ile Seninle! Kampanyalardan çoook kaza …;;;
tom-katilim--kampanyalar-cok-kazananlar-kulubu-kat-kat-kazandiran-kampanyalari-ile-seninle;tom-katilim;finansman_tutari;"{""currency"": ""TRY"", ""value"": 10000.0}";0.82;rule_heuristic;;… Çok Kazananlar Kulübü kampanyasına katılmayı unutma! Çok Kazananlar Kulubüne katılım Hadi Black Kredi Kartı ve minimum [10.000 TL] tutarında Mega Günlük Hesap açılışının sonraki günü gerçekleşir ve kampanya faydaları bu tarih itibari ile katlanmaya b…;;;
tom-katilim--kampanyalar-cok-kazananlar-kulubu-kat-kat-kazandiran-kampanyalari-ile-seninle;tom-katilim;taksit_sayisi;6;0.85;rule_heuristic;;…anabilmek için Çok Kazananlar Kulübü kampanyasına katılım sağlanması gerekmektedir. Giyim alışverişlerinde vade farksız [6 taksit] kampanyası ek faydalarından yararlanabilmek için Çok Kazananlar Kulübü kampanyasına katılım sağlanması gerekmektedir. Ç…;;;
turkiye-emlak-katilim--bireysel-kampanyalar;turkiye-emlak-katilim;campaign_type;Taşıt Finansmanı;0.60;classifier;;Türkiye Emlak Katılım Bankası A.Ş. internet sitesini ziyaretiniz esnasında kullanılabilecek çerezler ve benzeri teknolojiler hakkında bilgi vermek amacıyla işbu Çerez Politikası'nı hazırlanmıştır. Kampanyalar Ana sayfa B …;;;
turkiye-emlak-katilim--bireysel-kampanyalar;turkiye-emlak-katilim;vade_ay;6;0.85;rule_heuristic;;…ksit Fırsatı! DETAYLI BİLGİ Paraf ile ITOPYA.COM'da Vade Farksız 6 Taksit! DETAYLI BİLGİ Paraf ile A101'de Vade Farksız [6 Aya] Varan Taksit Fırsatı! DETAYLI BİLGİ Emekli Müşterilerimize Özel Ayrıcalıklar DETAYLI BİLGİ × Your browser does not supp…;;;
turkiye-emlak-katilim--bireysel-kampanyalar;turkiye-emlak-katilim;taksit_sayisi;9;0.85;rule_heuristic;;…LI BİLGİ Paraf ile n11'de Peşin Fiyatına 3 Aya Varan Taksit Fırsatı! DETAYLI BİLGİ Paraf ile Trendyol'da Peşin Fiyatına [9 Taksit] Fırsatı! DETAYLI BİLGİ Paraf ile Hepsiburada'da Peşin Fiyatına 9 Aya Varan Taksit Fırsatı! DETAYLI BİLGİ Paraf ile Zsa …;;;
turkiye-emlak-katilim--kampanya-akaryakit-harcamalariniza-300-tl-parafpara;turkiye-emlak-katilim;campaign_type;Alışveriş Puanı;0.60;classifier;;Türkiye Emlak Katılım Bankası A.Ş. internet sitesini ziyaretiniz esnasında kullanılabilecek çerezler ve benzeri teknolojiler hakkında bilgi vermek amacıyla işbu Çerez Politikası'nı hazırlanmıştır. Ana sayfa Bireysel Kamp …;;;
turkiye-emlak-katilim--kampanya-akaryakit-harcamalariniza-300-tl-parafpara;turkiye-emlak-katilim;kampanya_suresi;2026-07-31;0.85;rule_heuristic;;…one veya Türk Telekom operatörleri üzerinden ve yurt içinden gönderilmesi gerekmektedir. Kampanya Koşulları Kampanya 1 -[31 Temmuz 2026] tarihleri arasında geçerlidir. Kampanya kapsamında yurt içinde tek seferde yapılacak 1.500 TL ve üzeri ikinci ve dördün…;;;
turkiye-emlak-katilim--kampanya-enterprise-arac-kiralamalarinda-35-indirim-firsati;turkiye-emlak-katilim;campaign_type;Kart;0.70;classifier;;Türkiye Emlak Katılım Bankası A.Ş. internet sitesini ziyaretiniz esnasında kullanılabilecek çerezler ve benzeri teknolojiler hakkında bilgi vermek amacıyla işbu Çerez Politikası'nı hazırlanmıştır. Ana sayfa Bireysel Kamp …;;;
turkiye-emlak-katilim--kampanya-giyim-ve-kozmetik-alisverislerinize-1000-tl-parafpara;turkiye-emlak-katilim;campaign_type;Alışveriş Puanı;0.60;classifier;;Türkiye Emlak Katılım Bankası A.Ş. internet sitesini ziyaretiniz esnasında kullanılabilecek çerezler ve benzeri teknolojiler hakkında bilgi vermek amacıyla işbu Çerez Politikası'nı hazırlanmıştır. Ana sayfa Bireysel Kamp …;;;
turkiye-emlak-katilim--kampanya-giyim-ve-kozmetik-alisverislerinize-1000-tl-parafpara;turkiye-emlak-katilim;kampanya_suresi;2026-07-31;0.85;rule_heuristic;;…fone veya Türk Telekom operatörleri üzerinden ve yurt içinden gönderilmesi gerekmektedir. Kampanya Koşulları Kampanya 1-[31 Temmuz 2026] tarihleri arasında geçerlidir. Kampanya kapsamında yurt içi giyim, kozmetik, optik ve saat sektörlerinde tek seferde ya…;;;
turkiye-emlak-katilim--kampanya-market-alisverislerinize-700-tl-parafpara;turkiye-emlak-katilim;campaign_type;Alışveriş Puanı;0.60;classifier;;Türkiye Emlak Katılım Bankası A.Ş. internet sitesini ziyaretiniz esnasında kullanılabilecek çerezler ve benzeri teknolojiler hakkında bilgi vermek amacıyla işbu Çerez Politikası'nı hazırlanmıştır. Ana sayfa Bireysel Kamp …;;;
turkiye-emlak-katilim--kampanya-market-alisverislerinize-700-tl-parafpara;turkiye-emlak-katilim;kampanya_suresi;2026-07-31;0.85;rule_heuristic;;…fone veya Türk Telekom operatörleri üzerinden ve yurt içinden gönderilmesi gerekmektedir. Kampanya Koşulları Kampanya 1-[31 Temmuz 2026] tarihleri arasında geçerlidir. Kampanya kapsamında yurt içinde tek seferde yapacağınız 7.500 TL ve üzeri her gıda marke…;;;
turkiye-emlak-katilim--kampanya-modanisada-tum-indirimlere-ek-15-indirim-firsati;turkiye-emlak-katilim;campaign_type;Kart;0.60;classifier;;Türkiye Emlak Katılım Bankası A.Ş. internet sitesini ziyaretiniz esnasında kullanılabilecek çerezler ve benzeri teknolojiler hakkında bilgi vermek amacıyla işbu Çerez Politikası'nı hazırlanmıştır. Ana sayfa Bireysel Kamp …;;;
turkiye-emlak-katilim--kampanya-modanisada-tum-indirimlere-ek-15-indirim-firsati;turkiye-emlak-katilim;kampanya_suresi;2026-12-31;0.82;rule_heuristic;;…Debit kart sahipleri yararlanabilir. İndirim kodları para ile satılamaz veya paraya çevrilemez. İndirim kodları, en geç [31 Aralık 2026] saat 23:59'a kadar kullanılabilir. Kampanya online işlemlerde geçerlidir. Bir alışverişte sadece bir adet indirim kodu …;;;
turkiye-emlak-katilim--kampanya-paraf-ile-adv-magazalarinda-1000-tl-parafpara;turkiye-emlak-katilim;campaign_type;Alışveriş Puanı;0.60;classifier;;Türkiye Emlak Katılım Bankası A.Ş. internet sitesini ziyaretiniz esnasında kullanılabilecek çerezler ve benzeri teknolojiler hakkında bilgi vermek amacıyla işbu Çerez Politikası'nı hazırlanmıştır. Ana sayfa Bireysel Kamp …;;;
turkiye-emlak-katilim--kampanya-paraf-ile-adv-magazalarinda-1000-tl-parafpara;turkiye-emlak-katilim;kampanya_suresi;2026-07-31;0.72;rule_heuristic;;…ll, Vodafone veya Türk Telekom operatörleri üzerinden ve yurt içinden gönderilmesi gerekmektedir. Kampanya Koşulları 01-[31 Temmuz 2026] tarihleri arasında ADV mağazalarında Paraf POS'undan tek seferde yapılacak 10.000 TL ve üzeri ilk alışverişe 1.000 TL P…;;;
turkiye-emlak-katilim--kampanya-paraf-ile-alfemoda-8-taksit-firsati;turkiye-emlak-katilim;taksit_sayisi;8;0.85;rule_heuristic;;…gi vermek amacıyla işbu Çerez Politikası'nı hazırlanmıştır. Ana sayfa Bireysel Kampanyalar Kampanya Paraf ile Alfemo'da [8 Taksit] Fırsatı! Paraf ile Alfemo'da 8 Taksit Fırsatı! Paraf ile Alfemo mağazalarında veya www.alfemo.com web sayfasından Paraf…;;;
turkiye-emlak-katilim--kampanya-paraf-ile-caspercomtrde-pesin-fiyatina-6-taksit-firsati;turkiye-emlak-katilim;campaign_type;Konut Finansmanı;0.60;classifier;;Türkiye Emlak Katılım Bankası A.Ş. internet sitesini ziyaretiniz esnasında kullanılabilecek çerezler ve benzeri teknolojiler hakkında bilgi vermek amacıyla işbu Çerez Politikası'nı hazırlanmıştır. Ana sayfa Bireysel Kamp …;;;
turkiye-emlak-katilim--kampanya-paraf-ile-caspercomtrde-pesin-fiyatina-6-taksit-firsati;turkiye-emlak-katilim;taksit_sayisi;6;0.85;rule_heuristic;;…u Çerez Politikası'nı hazırlanmıştır. Ana sayfa Bireysel Kampanyalar Kampanya Paraf ile Casper.com.tr'de Peşin Fiyatına [6 Taksit] Fırsatı! Paraf ile Casper.com.tr'de Peşin Fiyatına 6 Taksit Fırsatı! 31 Temmuz 2026 tarihine kadar www.casper.com.tr we…;;;
turkiye-emlak-katilim--kampanya-paraf-ile-damat-tweende-6-aya-varan-taksit-firsati;turkiye-emlak-katilim;campaign_type;Kart;0.60;classifier;;Türkiye Emlak Katılım Bankası A.Ş. internet sitesini ziyaretiniz esnasında kullanılabilecek çerezler ve benzeri teknolojiler hakkında bilgi vermek amacıyla işbu Çerez Politikası'nı hazırlanmıştır. Ana sayfa Bireysel Kamp …;;;
turkiye-emlak-katilim--kampanya-paraf-ile-divaresede-4-taksit-firsati;turkiye-emlak-katilim;taksit_sayisi;4;0.85;rule_heuristic;;… vermek amacıyla işbu Çerez Politikası'nı hazırlanmıştır. Ana sayfa Bireysel Kampanyalar Kampanya Paraf ile Divarese'de [4 Taksit] Fırsatı! Paraf ile Divarese'de 4 Taksit Fırsatı! 31 Temmuz 2026 tarihine kadar Divarese mağazaları ve www.divarese.com.…;;;
turkiye-emlak-katilim--kampanya-paraf-ile-ds-damatta-6-aya-varan-taksit-firsati;turkiye-emlak-katilim;campaign_type;Kart;0.60;classifier;;Türkiye Emlak Katılım Bankası A.Ş. internet sitesini ziyaretiniz esnasında kullanılabilecek çerezler ve benzeri teknolojiler hakkında bilgi vermek amacıyla işbu Çerez Politikası'nı hazırlanmıştır. Ana sayfa Bireysel Kamp …;;;
turkiye-emlak-katilim--kampanya-paraf-ile-ds-damatta-6-aya-varan-taksit-firsati;turkiye-emlak-katilim;kampanya_suresi;2026-06-30;0.82;rule_heuristic;;…panyalar Kampanya Paraf ile D'S Damat'ta 6 Aya Varan Taksit Fırsatı! Paraf ile D'S Damat'ta 6 Aya Varan Taksit Fırsatı! [30 Haziran 2026] tarihine kadar D'S Damat mağazalarında Paraf POS'larından yapılacak alışverişlerde 6 aya varan taksit imkanı sunulacakt…;;;
turkiye-emlak-katilim--kampanyalar-emlak-konut-asansor-emlak-katilim-isbirligi;turkiye-emlak-katilim;campaign_type;Konut Finansmanı;0.60;classifier;;Türkiye Emlak Katılım Bankası A.Ş. internet sitesini ziyaretiniz esnasında kullanılabilecek çerezler ve benzeri teknolojiler hakkında bilgi vermek amacıyla işbu Çerez Politikası'nı hazırlanmıştır. Emlak Konut Asansör – E …;;;
turkiye-finans--bireysel-arsa-finansmani;turkiye-finans;campaign_type;Yatırım Ürünü;0.80;classifier;;Navigasyonu görüntüle İçeriği görüntüle GÜNCELLE Çerez Politikası ve 6698 sayılı Kişisel Verilerin Korunması Kanunu kapsamında Bankamız ile paylaşmış olduğunuz kişisel verileriniz ile ilgili detaylı bilgiye Kişisel Veril …;;;
turkiye-finans--bireysel-arsa-finansmani;turkiye-finans;vade_ay;60;0.85;rule_heuristic;;…r. Yıllık maliyete kar oranı, tahsis ücreti, ekspertiz ücreti, ipotek tesis ücreti dahil edilmiştir. Alınacak ücretler: [60 ay] vadede 500 TL tahsis ücreti, 3.000 TL ipotek tesis ücreti, 16.500 TL Ekspertiz(Değerleme) ücretidir. Ekspertiz ücreti m…;;;
turkiye-finans--dis-ticaret-ve-finansmani-dis-ticaret-odeme-yontemleri-2;turkiye-finans;campaign_type;Yatırım Ürünü;0.80;classifier;;Navigasyonu görüntüle İçeriği görüntüle GÜNCELLE Çerez Politikası ve 6698 sayılı Kişisel Verilerin Korunması Kanunu kapsamında Bankamız ile paylaşmış olduğunuz kişisel verileriniz ile ilgili detaylı bilgiye Kişisel Veril …;;;
turkiye-finans--ihtiyac-finansmani-ihtiyac-finansmani;turkiye-finans;campaign_type;Yatırım Ürünü;0.80;classifier;;Navigasyonu görüntüle İçeriği görüntüle GÜNCELLE Çerez Politikası ve 6698 sayılı Kişisel Verilerin Korunması Kanunu kapsamında Bankamız ile paylaşmış olduğunuz kişisel verileriniz ile ilgili detaylı bilgiye Kişisel Veril …;;;
turkiye-finans--ihtiyac-finansmani-ihtiyac-finansmani;turkiye-finans;finansman_tutari;"{""currency"": ""TRY"", ""value"": 125000.0}";0.85;rule_heuristic;;… İhtiyaç Finansmanı (İhtiyaç Kredisi)* başvurunuzu hemen yapabilirsiniz. Detaylı bilgi için tıklayın . Finansman tutarı [125.000 TL]' ye kadar olması durumunda maksimum vade 36 ay, Finansman tutarı 125.000 - 250.000 TL' ye kadar olması durumunda maksim…;;;
turkiye-finans--ihtiyac-finansmani-ihtiyac-finansmani;turkiye-finans;vade_ay;36;0.85;rule_heuristic;;…emen yapabilirsiniz. Detaylı bilgi için tıklayın . Finansman tutarı 125.000 TL' ye kadar olması durumunda maksimum vade [36 ay], Finansman tutarı 125.000 - 250.000 TL' ye kadar olması durumunda maksimum vade 24 ayı, Finansman tutarının 250.000 TL'…;;;
turkiye-finans--ihtiyac-finansmani-ihtiyac-finansmani;turkiye-finans;odul_miktari;"{""currency"": ""TRY"", ""value"": 500.0}";0.82;rule_heuristic;;…gerçekleştirdikleri EFT/Havale işlemleri için ücret ödemiyor, tam 8700 anlaşmalı ATM'den aynı ay içerisinde tek seferde [500 TL]'ye kadar olan tüm para çekme işlemlerini komisyon ücreti ödemeden gerçekleştiriyor ve Aidatsız Happy Zero kartları ile …;;;
turkiye-finans--kampanyalar-biten-kampanyalar;turkiye-finans;campaign_type;Yatırım Ürünü;0.80;classifier;;Navigasyonu görüntüle İçeriği görüntüle GÜNCELLE Çerez Politikası ve 6698 sayılı Kişisel Verilerin Korunması Kanunu kapsamında Bankamız ile paylaşmış olduğunuz kişisel verileriniz ile ilgili detaylı bilgiye Kişisel Veril …;;;
turkiye-finans--kampanyalar-biten-kampanyalar;turkiye-finans;kar_payi_orani;3.0;0.85;rule_heuristic;;… Türkiye Finans'ta Bayrama özel İhtiyaç Finansmanı'nda KKB skorundan bağımsız tüm vadelerde sabit %4.09 kâr payı oranı, [3 ]ay erteleme fırsatı ve yeni müşterilere özel dosya masrafsızlık avantajı sizi bekliyor. Detaylı Bilgi Avukatlar Günü'ne …;;;
turkiye-finans--kampanyalar-biten-kampanyalar;turkiye-finans;vade_ay;3;0.72;rule_heuristic;;… Türkiye Finans'ta Bayrama özel İhtiyaç Finansmanı'nda KKB skorundan bağımsız tüm vadelerde sabit %4.09 kâr payı oranı, [3 ay] erteleme fırsatı ve yeni müşterilere özel dosya masrafsızlık avantajı sizi bekliyor. Detaylı Bilgi Avukatlar Günü'ne Öz…;;;
turkiye-finans--kampanyalar-dijital-bankacilik-kampanyalari;turkiye-finans;campaign_type;Yatırım Ürünü;0.80;classifier;;Navigasyonu görüntüle İçeriği görüntüle GÜNCELLE Çerez Politikası ve 6698 sayılı Kişisel Verilerin Korunması Kanunu kapsamında Bankamız ile paylaşmış olduğunuz kişisel verileriniz ile ilgili detaylı bilgiye Kişisel Veril …;;;
turkiye-finans--kampanyalar-dijital-bankacilik-kampanyalari;turkiye-finans;kar_payi_orani;50000.0;0.50;rule_heuristic;;…Ol, Kâr Paysız 50.000 TL'ye Varan İhtiyaç Finansmanını Kaçırma! Şimdi mobilden Türkiye Finanslı olanlar %0 kar payı ile [50.000 ]TL'ye varan İhtiyaç Finansmanından yararlanıyor. Detaylı Bilgi Faturaları Unutun, 4.000 TL'ye Varan Bonus Kazanın! Mobil…;;;
turkiye-finans--kampanyalar-emekliler-haftasina-ozel-avantajlar;turkiye-finans;campaign_type;Yatırım Ürünü;0.80;classifier;;Navigasyonu görüntüle İçeriği görüntüle GÜNCELLE Çerez Politikası ve 6698 sayılı Kişisel Verilerin Korunması Kanunu kapsamında Bankamız ile paylaşmış olduğunuz kişisel verileriniz ile ilgili detaylı bilgiye Kişisel Veril …;;;
turkiye-finans--kampanyalar-emekliler-haftasina-ozel-avantajlar;turkiye-finans;vade_ay;3;0.85;rule_heuristic;;…r 50.000 TL'ye Kadar Kâr Paysız İhtiyaç Finansmanı kampanyası ile Mobilden Türkiye Finanslı olarak %0 kâr payı oranı ve [3 ay] vadeli olarak 50.000 TL'ye kadar İhtiyaç Finansmanı başvurusu yapma avantajından faydalanabilirsiniz. Mobilden Türkiye …;;;
turkiye-finans--kampanyalar-emekliler-haftasina-ozel-avantajlar;turkiye-finans;taksit_sayisi;3;0.85;rule_heuristic;;…ilir, acil ihtiyaçlarınızı zorlanmadan karşılayabilirsiniz. Happy Bonus Kredi Kartı ile fatura ödemelerinize kâr paysız [3 taksit] imkânından faydalanabilirsiniz. Happy Bonus Kredi Kartı ile vergi ödemelerinize kâr paysız 3 taksit imkânından faydalan…;;;
turkiye-finans--kampanyalar-emekliler-haftasina-ozel-avantajlar;turkiye-finans;kampanya_suresi;2026-07-31;0.72;rule_heuristic;;…ına Özel Avantajlar Kampanyası Hangi Tarihler Arasında Geçerlidir? Kampanya kapsamındaki tüm avantajlardan 30 Haziran – [31 Temmuz 2026] tarihleri arasında yarlanılabilir.* Emekliler Haftasına Özel Avantajlar Kampanyasından Kimler Yararlanabilir? Emekliler…;;;
turkiye-finans--kampanyalar-fatura-2300tl-bonus;turkiye-finans;vade_ay;6;0.55;rule_heuristic;;…enecektir. Verilen otomatik fatura ödeme talimatı ya da talimatlarının (6) ay boyunca bankamızda kalması gerekmektedir. [6 ay] içerisinde iptal edilen faturalar için verilen bonus puanların tamamı geri alınır ve kartınıza borç olarak yansıtılır. …;;;
turkiye-finans--kampanyalar-fatura-2300tl-bonus;turkiye-finans;kampanya_suresi;2026-07-31;0.72;rule_heuristic;;…t için 500 TL, toplam 2.000 TL bonus kazanabilirsiniz. Kampanya Hangi Tarihler Arasında Geçerlidir? Kampanya 1 Temmuz - [31 Temmuz 2026] tarihleri arasında geçerlidir. 4.000 TL Bonus Kazandıran Kampanyadan Kimler Yararlanabilir? Mobilden müşteri olup, Happ…;;;
turkiye-finans--kampanyalar-gunluk-hesap-vade-kampanyasi;turkiye-finans;campaign_type;Yatırım Ürünü;0.80;classifier;;Navigasyonu görüntüle İçeriği görüntüle GÜNCELLE Çerez Politikası ve 6698 sayılı Kişisel Verilerin Korunması Kanunu kapsamında Bankamız ile paylaşmış olduğunuz kişisel verileriniz ile ilgili detaylı bilgiye Kişisel Veril …;;;
turkiye-finans--kampanyalar-sigorta-kampanyalari;turkiye-finans;campaign_type;Yatırım Ürünü;0.80;classifier;;Navigasyonu görüntüle İçeriği görüntüle GÜNCELLE Çerez Politikası ve 6698 sayılı Kişisel Verilerin Korunması Kanunu kapsamında Bankamız ile paylaşmış olduğunuz kişisel verileriniz ile ilgili detaylı bilgiye Kişisel Veril …;;;
turkiye-finans--kampanyalar-ticari-kampanyalar;turkiye-finans;campaign_type;Yatırım Ürünü;0.80;classifier;;Navigasyonu görüntüle İçeriği görüntüle GÜNCELLE Çerez Politikası ve 6698 sayılı Kişisel Verilerin Korunması Kanunu kapsamında Bankamız ile paylaşmış olduğunuz kişisel verileriniz ile ilgili detaylı bilgiye Kişisel Veril …;;;
turkiye-finans--kampanyalar-yatirim-kampanyalari;turkiye-finans;campaign_type;Yatırım Ürünü;0.80;classifier;;Navigasyonu görüntüle İçeriği görüntüle GÜNCELLE Çerez Politikası ve 6698 sayılı Kişisel Verilerin Korunması Kanunu kapsamında Bankamız ile paylaşmış olduğunuz kişisel verileriniz ile ilgili detaylı bilgiye Kişisel Veril …;;;
turkiye-finans--konut-finansmani-konut-finansmani;turkiye-finans;vade_ay;120;0.85;rule_heuristic;;…ı ürünlerinin tamamının finansman başvurusu ile birlikte alınması şartıyla uygulanmaktadır. Finansmanın maksimum vadesi [120 ay] olup, tahsis ücreti vergiler hariç finansman tutarının binde 5'i oranındadır. Yıllık maliyete kar oranı, tahsis ücreti,…;;;
turkiye-finans--tasit-finansmani-tasit-finansmani-2;turkiye-finans;vade_ay;48;0.85;rule_heuristic;;"…değişmektedir. 0 km araçlarda fatura değeri, 2 el araçlarda kasko değeri baz alınacak şekilde; 400.000 TL'ye kadar vade [48 ayı], 400.000-800.000 TL arası vade 36 ayı, 800.000 TL – 1.200.000 TL arası vade 24 ayı, 1.200.000-2.000.000 TL arasında bir…";;;
vakif-katilim--detay-3-ay-ertelemeli-motosiklet-kampanyasi;vakif-katilim;campaign_type;Finansman;0.70;classifier;;Müşteri Ol Kendim İçin SİZE ÖZEL ÇÖZÜMLER ÜRÜN VE HİZMETLERİMİZ İşim İçin SİZE ÖZEL ÇÖZÜMLER ÜRÜN VE HİZMETLERİMİZ Hakkımızda Ana Sayfa Kendim İçin Kampanyalar 3 Ay Ertelemeli Motosiklet Kampanyası Kampanya Geçerlilik Ta …;;;
vakif-katilim--detay-3-ay-ertelemeli-motosiklet-kampanyasi;vakif-katilim;vade_ay;48;0.85;rule_heuristic;;…Kampanya Geçerlilik Tarihi Kampanya Süresi Dolmuştur Kampanya Detayları Hayalinizdeki Motosiklet Başka Bahara Kalmasın! [48 ay] vadeye kadar, sıfır kilometre motosikletlerde uygun kâr oranlarıyla motosiklet finansmanı Vakıf Katılım'da! Siz de heme…;;;
vakif-katilim--detay-3-ay-ertelemeli-motosiklet-kampanyasi;vakif-katilim;taksit_sayisi;3;0.85;rule_heuristic;;…L aralığında olanlar için azami %20'sidir. Tümünü Göster İlginizi Çekebilecek Kampanyalar MTV Ödemelerinde Vade Farksız [3 Taksit] Detaylı Bilgi VKart'la Şarj Et, Yola Devam Et! Detaylı Bilgi TROY ile Gelir Vergisi Ödemelerine Vade Farksız 3 Taksit D…;;;
vakif-katilim--detay-3-ay-ertelemeli-tasit-finansmani;vakif-katilim;campaign_type;Taşıt Finansmanı;0.70;classifier;;Müşteri Ol Kendim İçin SİZE ÖZEL ÇÖZÜMLER ÜRÜN VE HİZMETLERİMİZ İşim İçin SİZE ÖZEL ÇÖZÜMLER ÜRÜN VE HİZMETLERİMİZ Hakkımızda Ana Sayfa Kendim İçin Kampanyalar 3 Ay Ertelemeli Taşıt Finansmanı Kampanya Geçerlilik Tarihi …;;;
vakif-katilim--detay-3-ay-ertelemeli-tasit-finansmani;vakif-katilim;vade_ay;48;0.85;rule_heuristic;;…rçek kişi tacir müşterilerin bireysel amaçlı taşıt finansmanlarında, 400.000 TL ve altında olan araçlar için azami vade [48 ay], 400.001 TL – 800.000 TL aralığında olan araçlar için azami vade 36 ay, 800.001 TL – 1.200.000 TL aralığında olan araçl…;;;
vakif-katilim--detay-3-ay-ertelemeli-tasit-finansmani;vakif-katilim;taksit_sayisi;3;0.85;rule_heuristic;;…olan araçlar için ise azami vade 12 aydır. Tümünü Göster İlginizi Çekebilecek Kampanyalar MTV Ödemelerinde Vade Farksız [3 Taksit] Detaylı Bilgi VKart'la Şarj Et, Yola Devam Et! Detaylı Bilgi TROY ile Gelir Vergisi Ödemelerine Vade Farksız 3 Taksit D…;;;
vakif-katilim--detay-anneler-gunu-hediyesi-vakif-katilimda;vakif-katilim;taksit_sayisi;3;0.85;rule_heuristic;;…a ve kampanyayı durdurma hakkına sahiptir. Tümünü Göster İlginizi Çekebilecek Kampanyalar MTV Ödemelerinde Vade Farksız [3 Taksit] Detaylı Bilgi VKart'la Şarj Et, Yola Devam Et! Detaylı Bilgi TROY ile Gelir Vergisi Ödemelerine Vade Farksız 3 Taksit D…;;;
vakif-katilim--detay-anneler-gunu-hediyesi-vakif-katilimda;vakif-katilim;kampanya_suresi;2024-05-12;0.82;rule_heuristic;;…neler Günü Hediyesi Vakıf Katılım'da! Kampanya Geçerlilik Tarihi Kampanya Süresi Dolmuştur Kampanya Detayları 1 Mayıs – [12 Mayıs 2024] tarihleri arasında görüntülü görüşme ile müşterimiz olan Vakıf Katılımlılar, yıl sonuna kadar tazecicek.com üzerinden y…;;;
vakif-katilim--detay-gaziantepte-ulasim-icin-troy-kullanilir;vakif-katilim;campaign_type;Kart;0.70;classifier;;Müşteri Ol Kendim İçin SİZE ÖZEL ÇÖZÜMLER ÜRÜN VE HİZMETLERİMİZ İşim İçin SİZE ÖZEL ÇÖZÜMLER ÜRÜN VE HİZMETLERİMİZ Hakkımızda Ana Sayfa Kendim İçin Kampanyalar Gaziantep'te Ulaşım için TROY Kullanılır! Kampanya Geçerlili …;;;
vakif-katilim--detay-gaziantepte-ulasim-icin-troy-kullanilir;vakif-katilim;taksit_sayisi;3;0.85;rule_heuristic;;…ında değişiklik yapma hakkını saklı tutar. Tümünü Göster İlginizi Çekebilecek Kampanyalar MTV Ödemelerinde Vade Farksız [3 Taksit] Detaylı Bilgi VKart'la Şarj Et, Yola Devam Et! Detaylı Bilgi TROY ile Gelir Vergisi Ödemelerine Vade Farksız 3 Taksit D…;;;
vakif-katilim--detay-gaziantepte-ulasim-icin-troy-kullanilir;vakif-katilim;kampanya_suresi;2025-09-29;0.72;rule_heuristic;;…yalar Gaziantep'te Ulaşım için TROY Kullanılır! Kampanya Geçerlilik Tarihi Kampanya Süresi Dolmuştur Kampanya Detayları [29 Eylül 2025] – 27 Ekim 2025 tarihleri arasında, Gaziantep il sınırları içindeki toplu taşıma hatlarında, TROY logolu temassız kredi …;;;
vakif-katilim--detay-igdas-fatura-odemelerine-vade-farksiz-2-taksit;vakif-katilim;campaign_type;Kart;0.70;classifier;;Müşteri Ol Kendim İçin SİZE ÖZEL ÇÖZÜMLER ÜRÜN VE HİZMETLERİMİZ İşim İçin SİZE ÖZEL ÇÖZÜMLER ÜRÜN VE HİZMETLERİMİZ Hakkımızda Ana Sayfa Kendim İçin Kampanyalar İGDAŞ Fatura Ödemelerine Vade Farksız 2 Taksit Kampanya Geçe …;;;
vakif-katilim--detay-igdas-fatura-odemelerine-vade-farksiz-2-taksit;vakif-katilim;taksit_sayisi;2;0.85;rule_heuristic;;… ÖZEL ÇÖZÜMLER ÜRÜN VE HİZMETLERİMİZ Hakkımızda Ana Sayfa Kendim İçin Kampanyalar İGDAŞ Fatura Ödemelerine Vade Farksız [2 Taksit] Kampanya Geçerlilik Tarihi Kampanya Süresi Dolmuştur Kampanya Detayları 15 Ekim 2024 - 31 Mayıs 2025 tarihleri arasında…;;;
vakif-katilim--detay-igdas-fatura-odemelerine-vade-farksiz-2-taksit;vakif-katilim;kampanya_suresi;2024-10-15;0.72;rule_heuristic;;… İGDAŞ Fatura Ödemelerine Vade Farksız 2 Taksit Kampanya Geçerlilik Tarihi Kampanya Süresi Dolmuştur Kampanya Detayları [15 Ekim 2024] - 31 Mayıs 2025 tarihleri arasında Vakıf Katılım Bireysel Kredi Kartı ve Troy Dijital Kredi Kartı ile İGDAŞ vezneleri y…;;;
vakif-katilim--detay-igdas-fatura-odemelerinize-vade-farksiz-3-taksit;vakif-katilim;campaign_type;Kart;0.70;classifier;;Müşteri Ol Kendim İçin SİZE ÖZEL ÇÖZÜMLER ÜRÜN VE HİZMETLERİMİZ İşim İçin SİZE ÖZEL ÇÖZÜMLER ÜRÜN VE HİZMETLERİMİZ Hakkımızda Ana Sayfa Kendim İçin Kampanyalar İgdaş Fatura Ödemelerinize Vade Farksız 3 Taksit Kampanya Ge …;;;
vakif-katilim--detay-igdas-fatura-odemelerinize-vade-farksiz-3-taksit;vakif-katilim;taksit_sayisi;3;0.85;rule_heuristic;;…ZEL ÇÖZÜMLER ÜRÜN VE HİZMETLERİMİZ Hakkımızda Ana Sayfa Kendim İçin Kampanyalar İgdaş Fatura Ödemelerinize Vade Farksız [3 Taksit] Kampanya Geçerlilik Tarihi Kampanya Süresi Dolmuştur Kampanya Detayları 8 Ekim 2025 – 31 Mayıs 2026 tarihleri arasında …;;;
vakif-katilim--detay-igdas-fatura-odemelerinize-vade-farksiz-3-taksit;vakif-katilim;kampanya_suresi;2025-10-08;0.72;rule_heuristic;;…gdaş Fatura Ödemelerinize Vade Farksız 3 Taksit Kampanya Geçerlilik Tarihi Kampanya Süresi Dolmuştur Kampanya Detayları [8 Ekim 2025] – 31 Mayıs 2026 tarihleri arasında İgdaş faturalarınızı Vakıf Katılım Kredi Kartınız ile ödeyin, vade farksız 3 taksit …;;;
vakif-katilim--detay-mastercard-ile-enuyguncomda-150-tl-indirim;vakif-katilim;campaign_type;Kart;0.80;classifier;;Müşteri Ol Kendim İçin SİZE ÖZEL ÇÖZÜMLER ÜRÜN VE HİZMETLERİMİZ İşim İçin SİZE ÖZEL ÇÖZÜMLER ÜRÜN VE HİZMETLERİMİZ Hakkımızda Ana Sayfa Kendim İçin Kampanyalar Mastercard ile ENUYGUN.com'da 150 TL İndirim Kampanya Geçerl …;;;
vakif-katilim--detay-mastercard-ile-enuyguncomda-150-tl-indirim;vakif-katilim;taksit_sayisi;3;0.85;rule_heuristic;;…oşullarını değiştirme hakkını saklı tutar. Tümünü Göster İlginizi Çekebilecek Kampanyalar MTV Ödemelerinde Vade Farksız [3 Taksit] Detaylı Bilgi VKart'la Şarj Et, Yola Devam Et! Detaylı Bilgi TROY ile Gelir Vergisi Ödemelerine Vade Farksız 3 Taksit D…;;;
vakif-katilim--detay-mastercard-ile-enuyguncomda-150-tl-indirim;vakif-katilim;kampanya_suresi;2026-01-06;0.72;rule_heuristic;;…İZ Hakkımızda Ana Sayfa Kendim İçin Kampanyalar Mastercard ile ENUYGUN.com'da 150 TL İndirim Kampanya Geçerlilik Tarihi [06 Ocak 2026] - 31 Temmuz 2026 Kampanya Detayları Masterpass'a kayıtlı Mastercard logolu Vakıf Katılım Kredi Kartınızla enuygun.com.c…;;;
vakif-katilim--detay-masterpiece-hobi-atolyesinde-10-indirim;vakif-katilim;campaign_type;Kart;0.70;classifier;;Müşteri Ol Kendim İçin SİZE ÖZEL ÇÖZÜMLER ÜRÜN VE HİZMETLERİMİZ İşim İçin SİZE ÖZEL ÇÖZÜMLER ÜRÜN VE HİZMETLERİMİZ Hakkımızda Ana Sayfa Kendim İçin Kampanyalar Masterpiece Hobi Atölyesi'nde %10 İndirim Kampanya Geçerlili …;;;
vakif-katilim--detay-masterpiece-hobi-atolyesinde-10-indirim;vakif-katilim;taksit_sayisi;3;0.85;rule_heuristic;;…a kampanyayı durdurma hakkını saklı tutar. Tümünü Göster İlginizi Çekebilecek Kampanyalar MTV Ödemelerinde Vade Farksız [3 Taksit] Detaylı Bilgi VKart'la Şarj Et, Yola Devam Et! Detaylı Bilgi TROY ile Gelir Vergisi Ödemelerine Vade Farksız 3 Taksit D…;;;
vakif-katilim--detay-masterpiece-hobi-atolyesinde-10-indirim;vakif-katilim;kampanya_suresi;2025-05-31;0.72;rule_heuristic;;…ar Masterpiece Hobi Atölyesi'nde %10 İndirim Kampanya Geçerlilik Tarihi Kampanya Süresi Dolmuştur Kampanya Detayları 1- [31 Mayıs 2025] tarihleri arasında, Masterpiece ödemenizi bireysel kredi kartınız ile yapın, %10 indirimden faydalanın! Henüz kartınız …;;;
vakif-katilim--detay-mobilden-vakif-katilimli-olanlara-modanisada-200-tl-hediye;vakif-katilim;taksit_sayisi;3;0.85;rule_heuristic;;…a kampanyayı durdurma hakkını saklı tutar. Tümünü Göster İlginizi Çekebilecek Kampanyalar MTV Ödemelerinde Vade Farksız [3 Taksit] Detaylı Bilgi VKart'la Şarj Et, Yola Devam Et! Detaylı Bilgi TROY ile Gelir Vergisi Ödemelerine Vade Farksız 3 Taksit D…;;;
vakif-katilim--detay-mobilden-vakif-katilimli-olanlara-modanisada-200-tl-hediye;vakif-katilim;kampanya_suresi;2024-06-30;0.82;rule_heuristic;;…nderilecektir. Davet kodu yazılmadan gelen müşteriler için hediye çeki gönderimi sağlanmayacaktır. Kampanya, 15 Mayıs - [30 Haziran 2024] tarihleri arasında geçerlidir. Kampanyaya katılım 10 bin kişi ile sınırlıdır. Vakıf Katılım kampanya koşullarının tamam…;;;
vakif-katilim--detay-mobilya-ve-dekorasyon-alisverislerinize-500-tl-iade;vakif-katilim;campaign_type;Konut Finansmanı;0.60;classifier;;Müşteri Ol Kendim İçin SİZE ÖZEL ÇÖZÜMLER ÜRÜN VE HİZMETLERİMİZ İşim İçin SİZE ÖZEL ÇÖZÜMLER ÜRÜN VE HİZMETLERİMİZ Hakkımızda Ana Sayfa Kendim İçin Kampanyalar Mobilya ve Dekorasyon Alışverişlerinize 500 TL İade! Kampany …;;;
vakif-katilim--detay-mobilya-ve-dekorasyon-alisverislerinize-500-tl-iade;vakif-katilim;taksit_sayisi;3;0.85;rule_heuristic;;…a kampanyayı durdurma hakkını saklı tutar. Tümünü Göster İlginizi Çekebilecek Kampanyalar MTV Ödemelerinde Vade Farksız [3 Taksit] Detaylı Bilgi VKart'la Şarj Et, Yola Devam Et! Detaylı Bilgi TROY ile Gelir Vergisi Ödemelerine Vade Farksız 3 Taksit D…;;;
vakif-katilim--detay-mobilya-ve-dekorasyon-alisverislerinize-500-tl-iade;vakif-katilim;kampanya_suresi;2025-11-30;0.85;rule_heuristic;;…ya ve Dekorasyon Alışverişlerinize 500 TL İade! Kampanya Geçerlilik Tarihi Kampanya Süresi Dolmuştur Kampanya Detayları [30 Kasım 2025] tarihine kadar mobilya ve dekorasyon alışverişlerinizde VKart'ınızı kullanın, 5.000 TL ve üzeri her harcamanız için 250…;;;
ziraat-katilim--dis-ticaret-finansmanlari-vadeli-ihracat-finansmani;ziraat-katilim;campaign_type;Finansman;0.70;classifier;;Vadeli İhracat Finansmanı Vadeli İhracat Finansmanı Nedir? Vadeli akreditif yoluyla ödemelerini alan ihracatçı müşterilerimizin akreditif vadesini beklemeden alacaklarını bankamızdan peşin tahsil edebilecekleri finansman …;;;
ziraat-katilim--finansman-urunleri-dis-ticaret-finansmanlari;ziraat-katilim;campaign_type;İhtiyaç Finansmanı;0.60;classifier;;Dış Ticaret Finansmanları İhracata Hazırlık Destek Finansmanı İhracata Hazırlık Destek Finansmanı, ihracata hazırlık aşamasındaki firmaların rekabet güçlerinin arttırılması ve finansman ihtiyaçlarının karşılanması amacıy …;;;
ziraat-katilim--finansman-urunleri-finansman-is-birlikleri;ziraat-katilim;campaign_type;Yatırım Ürünü;0.70;classifier;;Finansman İş Birlikleri KFK Teminatlı Finansmanlar Finansman kullandırımına ilişkin başvuru, Bankamız aracılığıyla KFK A.Ş.'ye iletilmekte ve teminat değerlendirmesi KFK A.Ş. tarafından sonuçlandırılmaktadır. Detaylı Bil …;;;
ziraat-katilim--finansman-urunleri-konut-gayrimenkul-finansmani;ziraat-katilim;campaign_type;Konut Finansmanı;0.70;classifier;;Konut-Gayrimenkul Finansmanı Konut Finansmanı Konut finansmanı, konut sahibi olmak isteyenlere konut üzerinden tesis edilecek ipotek karşılığında uzun vadeli konut kredilerinin kullanılmasına dayanan ve tüketicilerin kon …;;;
ziraat-katilim--finansman-urunleri-surdurulebilirlik-temali-ticari-urunler;ziraat-katilim;campaign_type;Yatırım Ürünü;0.60;classifier;;Sürdürülebilirlik Temalı Ticari Ürünler GES / Çatı GES / GES Yatırım ve İşletme Finansmanı GES kurulumları, firmaların tesis ve fabrikalarına Çatı GES yatırımı taleplerinin karşılanması için tasarladığımız GES / Çatı GES …;;;
ziraat-katilim--gayri-nakdi-finansman-urunleri-referans-mektuplari;ziraat-katilim;campaign_type;Finansman;0.70;classifier;;Referans Mektupları Referans Mektupları Nedir? Bankamız müşterileri hakkında yurt içi ve yurt dışı şirket, daire ve müesseselere hitaben onaylı kredileri ve onaylı kredilerinden ne kadarının kullanıldığı, ne kadarının ku …;;;
ziraat-katilim--kampanyalar-katilim-dijital;ziraat-katilim;campaign_type;Yatırım Ürünü;0.60;classifier;;Ziraat Katılım Bankası Katılım Dijital Bağlantı Link https://www.ziraatkatilim.com.tr/katilim-dijital-basvuru-formu Bağlantı Metni DETAYLI BİLGİ Ziraat Finans Grubu Ziraat Bankası Ziraat Yatırım Ziraat Dinamik Banka Zira …;;;
ziraat-katilim--kampanyalar-ziraat-katilim-bankkart-babalargunu-kampanyasi;ziraat-katilim;campaign_type;Kart;0.60;classifier;;Ziraat Katılım Bankkart Babalar Günü Kampanyası Ziraat Katılım Bankkart Babalar Günü Kampanyası Kampanya 7 Haziran -19 Haziran tarihleri arasında yapılacak harcamalar için geçerli olacaktır. Kampanya süresince bankkart a …;;;
ziraat-katilim--kampanyalar-ziraat-katilim-bankkart-babalargunu-kampanyasi;ziraat-katilim;kampanya_suresi;2023-06-23;0.55;rule_heuristic;;…arihinde açık statüde olması gerekmektedir. Bir müşteri kampanyadan bir kez yararlanabilir. Kazanılan Bankkart Lira'lar [23.06.2023] tarihinde yüklenecektir. Ziraat Katılım Bankası A.Ş. kampanya koşullarını değiştirme veya durdurma hakkına sahiptir. SA…;;;
ziraat-katilim--konut-finansmani-kentsel-donusum-finansmani;ziraat-katilim;campaign_type;Konut Finansmanı;0.70;classifier;;"Kentsel Dönüşüm Finansmanı Kentsel Dönüşüm Finansmanı Nedir? 6306 sayılı ""Afet Riski Altındaki Alanların Dönüştürülmesi Hakkında Kanun"" kapsamında bulunan riskli bölgelerdeki binaların yenilenmesi için Bankamızca finansm …";;;
ziraat-katilim--konut-finansmani-kentsel-donusum-finansmani;ziraat-katilim;vade_ay;12;0.55;rule_heuristic;;…üşüm Finansmanından Kimler Yararlanabilir? Konutlarını yeniden inşa etmek isteyen hak sahipleri, Riskli yapılarda en az [1 yıl] oturan kiracı veya sınırlı ayni hak sahipleri, Konutu riskli yapı olarak tespit edilen ve farklı bir konut almak isteye…;;;
ziraat-katilim--surdurulebilirlik-temali-bireysel-urunler-yesil-ev-konut-finansmani;ziraat-katilim;campaign_type;Konut Finansmanı;0.80;classifier;;"Yeşil Ev Konut Finansmanı Enerji verimliliği yüksek konut sayısını arttırılmasına katkı sağlamak amacıyla; mevcut konut finansmanı uygulamamıza ilave olarak bireysel müşterilerimize enerji verimliliği yüksek konutlara, g …";;;
ziraat-katilim--surdurulebilirlik-temali-ticari-urunler-atik-su-aritma-ve-geri-kazanimi-yatirim-;ziraat-katilim;campaign_type;İhtiyaç Finansmanı;0.60;classifier;;"Atık Su Arıtma ve Geri Kazanımı Yatırım ve İşletme Finansmanı Çevrenin korunması/iyileştirilmesi, çevre kirliliğinin önlenmesi ve çevre ile ilgili yatırımların desteklenmesi amacıyla; üretim süreçleri neticesinde atık su …";;;
dunya-katilim--kampanyalar-dyson;dunya-katilim;vade_ay;9;0.45;rule_heuristic;;Anasayfa Kampanyalar Dyson Dyson'da Peşin Fiyatına [9 Aya] Varan Taksit Fırsatı! Dünya Katılım Paraf ile dyson.com.tr'den peşin fiyatına 9 aya varan taksit fırsatından faydalanab…;;;
dunya-katilim--kampanyalar-incehesap;dunya-katilim;vade_ay;12;0.45;rule_heuristic;;"…ile gerçekleştirilecek mal ve hizmet alımları ile nakit çekimlerinde taksitlendirme süresi bireysel kredi kartları için [12 ayı], kurumsal/ticari kredi kartları için ise 18 ayı geçemez. Bu süre bireysel kredi kartları ile yapılan; basılı ve külçe h…";;;
dunya-katilim--kampanyalar-n11;dunya-katilim;vade_ay;3;0.45;rule_heuristic;;…1'de Peşin Fiyatına 3 Taksit Fırsatı Dünya Katılım Paraf ile n11'de tek seferde yapılacak alışverişlerde peşin fiyatına [3 aya] varan taksit imkanı sunulmaktadır. Peşin fiyatına 3 taksit uygulaması sepet toplamı 2.000 TL ve üzeri siparişlerde geçe…;;;
dunya-katilim--kampanyalar-touristica;dunya-katilim;vade_ay;3;0.45;rule_heuristic;;…. İlgili yasal düzenlemelere istinaden Kuzey Kıbrıs Türk Cumhuriyeti'ne ilişkin harcamalarda taksitlendirme sürelerinin [3 ay] olarak uygulanmaktadır, yurt dışına yönelik harcamalarda taksitlendirme yapılamamaktadır. Kampanyadan Dünya Katılım Par…;;;
kuveyt-turk--isim-icin-kart-kampanyalari;kuveyt-turk;vade_ay;5;0.45;rule_heuristic;;… Kuveyt Türk Business Kart ile yıl sonuna kadar her ay yapacağınız 2.000 TL ve üzeri akaryakıt harcamalarınızda ekstra %[5, aylık] 2.000 Mil'e varan kazanç sizi bekliyor! Kampanyayı Keşfet Kampanya Aralığı: 25 Haziran 2026 - 31 Aralık 2026 E-Ticaret …;;;
kuveyt-turk--kampanya-arsivi-1-aylik-tod-taraftar-paketi-ucretsiz;kuveyt-turk;vade_ay;1;0.45;rule_heuristic;;"Ana Sayfa Kampanyalar Kampanya Arşivi [1 Aylık] TOD Taraftar Paketi Ücretsiz! ""KTOD2026"" Davet Koduyla Müşteri Olanlara, 1 Aylık TOD Taraftar Paketi Ücretsiz! Kampanya…";;;
turkiye-emlak-katilim--kampanya-paraf-ile-caspercomtrde-pesin-fiyatina-6-taksit-firsati;turkiye-emlak-katilim;vade_ay;12;0.45;rule_heuristic;;"…ile gerçekleştirilecek mal ve hizmet alımları ile nakit çekimlerinde taksitlendirme süresi bireysel kredi kartları için [12 ayı], kurumsal/ticari kredi kartları için ise 18 ayı geçemez. Bu süre bireysel kredi kartları ile yapılan; basılı ve külçe h…";;;
turkiye-emlak-katilim--kampanya-paraf-ile-damat-tweende-6-aya-varan-taksit-firsati;turkiye-emlak-katilim;vade_ay;6;0.45;rule_heuristic;;…rmek amacıyla işbu Çerez Politikası'nı hazırlanmıştır. Ana sayfa Bireysel Kampanyalar Kampanya Paraf ile Damat Tween'de [6 Aya] Varan Taksit Fırsatı! Paraf ile Damat Tween'de 6 Aya Varan Taksit Fırsatı! 31 Aralık 2026 tarihine kadar Damat Tween ma…;;;
turkiye-emlak-katilim--kampanya-paraf-ile-ds-damatta-6-aya-varan-taksit-firsati;turkiye-emlak-katilim;vade_ay;6;0.45;rule_heuristic;;…vermek amacıyla işbu Çerez Politikası'nı hazırlanmıştır. Ana sayfa Bireysel Kampanyalar Kampanya Paraf ile D'S Damat'ta [6 Aya] Varan Taksit Fırsatı! Paraf ile D'S Damat'ta 6 Aya Varan Taksit Fırsatı! 30 Haziran 2026 tarihine kadar D'S Damat mağaz…;;;
turkiye-finans--kampanyalar-gunluk-hesap-vade-kampanyasi;turkiye-finans;kampanya_suresi;2023-08-05;0.45;rule_heuristic;;…saptır. Detaylı bilgi almak için tıklayın . Kampanyadan Kimler Yararlanabilir? TL Günlük Hesap Hoş Geldin Avantajından, [5 Ağustos 2023] tarihi itibarıyla bankamızın yeni tüm bireysel bankacılık müşterisi olan ve ilk defa Günlük Hesap açan müşterilerimiz y…;;;
turkiye-finans--kampanyalar-tuzel-onbarding-avantaj-paketi;turkiye-finans;vade_ay;3;0.45;rule_heuristic;;…üşterilerimize sunulan Canlı Destek hizmetinden yararlanabilirsiniz. KOBİ Avantaj Paketinden Kimler Yararlanabilir? Son [3 ay] içerisinde mobilden Türkiye Finanslı olan tüm ticari müşterilerimiz paketin sunduğu avantajlardan yararlanabilir. KOBİ …;;;
albaraka--2026-hizli-cicek-25-indirim-kampanyasi;albaraka;indirim_orani;25.0;0.95;rule_heuristic;;Albaraka Mobil Mobil Bankacılık Aç Hızlı Çiçek %[25] İndirim Kampanyası Anasayfa Kampanyalar Detay 2026 Siz de hemen Hızlı Çiçek mobil uygulamasından sevdiklerinizi mutlu e…;;;
albaraka--2026-hizli-cicek-25-indirim-kampanyasi;albaraka;kampanya_kosullari;"[""Albaraka Türk ve Hızlı Çiçek kampanya şartlarında önceden haber vermeksizin değişiklik yapma ve kampanyayı sonlandırma hakkını saklı tutar.""]";0.95;rule_heuristic;;…siniz. Kampanya dönemi içerisinde, kampanyadan ayda bir kez faydalanabilirsiniz. Kampanya aylık 500 kod ile sınırlıdır. [Albaraka Türk ve Hızlı Çiçek kampanya şartlarında önceden haber vermeksizin değişiklik yapma ve kampanyayı sonlandırma hakkını saklı tutar.];;;
albaraka--detay-arzumda-25-indirim;albaraka;indirim_orani;25.0;0.95;rule_heuristic;;Albaraka Mobil Mobil Bankacılık Aç Arzum'da %[25] İndirim! Anasayfa Kampanyalar Detay Arzum'da indirim Albaraka'da! Eviniz için seçkin ürünlerde özel ayrıcalıkları kaçır…;;;
albaraka--detay-arzumda-25-indirim;albaraka;kampanya_suresi;2025-12-31;0.95;rule_heuristic;;…5 indirim uygulanacaktır. Kampanya sadece www.arzum.com.tr web sitesinden yapılacak alışverişlerde geçerlidir. Kampanya [31.12.2025] tarihine kadar geçerlidir. Kampanya kapsamında her sepette maksimum 2 adet üründe %25 indirim uygulanır. Thermogusto ve…;;;
albaraka--detay-arzumda-25-indirim;albaraka;kampanya_kosullari;"[""Kampanya Koşulları Kampanyada www.arzum.com.tr web sitesinden yapacağınız alışverişlerde %25 indirim uygulanacaktır."", ""Kampanya sadece www.arzum.com.tr web sitesinden yapılacak alışverişlerde geçerlidir."", ""Kuponların kullanılabilmesi için www.arzum.com.tr web sitesine üye girişi yapılması gerekmektedir.""]";0.95;rule_heuristic;;"…Sepetim"" ekranında ""İndirim Kodu"" alanına GastroClub'tan aldığınız kampanya kodu yazılır ve ""Uygula"" butonuna tıklanır. [Kampanya Koşulları Kampanyada www.arzum.com.tr web sitesinden yapacağınız alışverişlerde %25 indirim uygulanacaktır.] Kampanya sadece www.arzum.com.tr web sitesinden yapılacak alışverişlerde geçerlidir. Kampanya 31.12.2025 tarihine kadar…";;;
albaraka--detay-eflatun-kredi-kart-ile-kozmetik-harcamalarina-200-tlye-varan-worldpuan;albaraka;odul_miktari;"{""currency"": ""TRY"", ""value"": 200.0}";0.95;rule_heuristic;;…00 TL'ye varan Worldpuan! Eflatun kredi kartınız ile yapacağınız 500 TL ve üzeri kozmetik harcamalarına 50 TL, toplamda [200 TL] Worldpuan kazanma fırsatı sizi bekliyor! Kampanya Detayları: Kampanya kapsamında, Eflatun kredi kart sahibi müşterileri…;;;
albaraka--detay-eflatun-kredi-kart-ile-kozmetik-harcamalarina-200-tlye-varan-worldpuan;albaraka;alisveris_puani;"{""kind"": ""points"", ""value"": 200.0}";0.95;rule_heuristic;;Albaraka Mobil Mobil Bankacılık Aç Eflatun Kredi Kart ile Kozmetik Harcamalarına [200] TL'ye varan Worldpuan! Anasayfa Kampanyalar Kampanya Başlangıç ve Bitiş 01.01.2026 - 31.12.2026 Eflatun Kredi Kart ile …;;;
albaraka--detay-eflatun-kredi-kart-ile-kozmetik-harcamalarina-200-tlye-varan-worldpuan;albaraka;kampanya_kosullari;"[""Sadece fiziki harcamalarda geçerlidir."", ""Kampanyaya katılım koşulu aranacaktır."", ""Albaraka Türk Katılım Bankası A.Ş. kampanya şartlarında önceden haber vermeksizin değişiklik yapabilme hakkını saklı tutar.""]";0.95;rule_heuristic;;… kartları dahildir.Debit kartlar, sanal kartlar, ek kartlar ve bankamız diğer kredi kartları kampanyaya dahil değildir. [Sadece fiziki harcamalarda geçerlidir.] Online harcamalarda geçerli değildir. Kampanya 5977- Kozmetik Dükkanları, 7299- Sınıflandırılmamış Kişisel Bakım Ürünle…;;;
albaraka--detay-egitim-kampanyasi-1;albaraka;kampanya_kosullari;"[""Kampanyadan Kimler Faydalanabilir Kampanya boyunca Albaraka Mobil'den kampanyaya katılıp, Albaraka World özellikli kredi kartını kullanarak koşullara uygun eğitim harcaması yapan müşteriler yararlanabilir."", ""Müşterinin kampanyaya katıldıktan sonra koşullara uygun olarak yapacağı ilk iki işlem dönem içi işlemlere yansıdığında otomatik olarak taksitlendirilecektir."", ""Kampanyadan yalnızca bireysel bankacılık hizmeti verdiğimiz müşterilerimiz faydalanabilir."", ""Ek Kampanya Detayları Kampanya, World özellikli bireysel kredi kartları ile tek çekim olarak yaptığınız 30.000 TL- 500.000 TL arası eğitim harcamalarınız için geçerlidir."", ""Kampanya MCC grup kodu 22-EGITIM/KIRTASIYE/OFIS MLZ olan sadece eğitim sektöründe yapılan harcamaları için geçerlidir."", ""Kampanyaya sadece yurt içinde yapılan harcamalar dahildir."", ""Albaraka Türk kampanyayı dilediği zaman durdurma ve/veya kampanya koşullarını değiştirme yetkisine sahiptir.""]";0.95;rule_heuristic;;…rsatından yararlanın. Kampanya Başlangıç ve Bitiş Tarihi Kampanya 1 Temmuz 2026 -30 Eylül 2026 tarihlerinde geçerlidir. [Kampanyadan Kimler Faydalanabilir Kampanya boyunca Albaraka Mobil'den kampanyaya katılıp, Albaraka World özellikli kredi kartını kullanarak koşullara uygun eğitim harcaması yapan müşteriler yararlanabilir.] Kampanya dönemi boyunca bir müşteri maksimum 2 kere vade farksız taksitlendirme işleminden yararlanabilir. Müşterinin k…;;;
albaraka--detay-macrocentercomtrde-10-indirim;albaraka;odul_miktari;"{""currency"": ""TRY"", ""value"": 150.0}";0.95;rule_heuristic;;…rim kodu alınmalıdır. %10 indirim kodu 1500 TL'ye kadar yapılan alışverişlerde geçerlidir. Kampanya kapsamında maksimum [150 TL] indirim kazanılabilir. Başka kampanyalar ile birleştirilemez. Para ile satılamaz veya paraya çevrilemez. Kampanya kapsa…;;;
albaraka--detay-macrocentercomtrde-10-indirim;albaraka;indirim_orani;10.0;0.95;rule_heuristic;;Albaraka Mobil Mobil Bankacılık Aç Macrocenter.com.tr'de %[10] İndirim! Anasayfa Kampanyalar Detay Macrocenter.com.tr'de Albaraka müşterilerine özel ayrıcalıklar sizi bekliyor. Nasıl…;;;
albaraka--detay-macrocentercomtrde-10-indirim;albaraka;kampanya_kosullari;"[""Kampanya Koşulları İndirim kodu sadece Migros Mobil Uygulaması'nda yer alan Macroonline ve www.macrocenter.com.tr üzerinden yapılan alışverişlerde geçerlidir."", ""Kampanya kapsamında yapılan alışverişlerde; Altın ve elektronik ürün satın alımları hariç tutulacaktır."", ""Albaraka Türk ve Macroonline (Dijital Platform Gıda Hizmetleri A.Ş.) kampanya koşullarında değişiklik yapma hakkını saklı tutar""]";0.95;rule_heuristic;;"…alanına uygulamadan alınan kod yazılır ve ""Kullan"" butonuna basılır. Bu işlemden sonra sepete indirim tutarı uygulanır. [Kampanya Koşulları İndirim kodu sadece Migros Mobil Uygulaması'nda yer alan Macroonline ve www.macrocenter.com.tr üzerinden yapılan alışverişlerde geçerlidir.] Kampanya ayda iki kez kullanılabilir. Her indirim kodu tek kullanımlıktır. Her alışverişiniz için yeni indirim kodu alı…";;;
albaraka--detay-madame-cocoda-350-tl-indirim;albaraka;kampanya_suresi;2025-12-31;0.95;rule_heuristic;;"…ise ödeme sayfasında ""İndirim Kodu"" alanına kupon kodu yazılır ve uygula butonuna tıklanır. Kampanya Koşulları Kampanya [31 Aralık 2025] tarihine kadar geçerlidir. Tüm indirimlere ek 3.000 TL üzeri alışverişlerde 350 TL indirim uygulanacaktır. Uygulamadan …";;;
albaraka--detay-madame-cocoda-350-tl-indirim;albaraka;kampanya_kosullari;"[""Kampanya Koşulları Kampanya 31 Aralık 2025 tarihine kadar geçerlidir."", ""Albaraka Türk ve Madam Coco kampanya koşullarında değişiklik yapma hakkını saklı tutar""]";0.95;rule_heuristic;;"…ılabilir. Madamecoco.com'da ise ödeme sayfasında ""İndirim Kodu"" alanına kupon kodu yazılır ve uygula butonuna tıklanır. [Kampanya Koşulları Kampanya 31 Aralık 2025 tarihine kadar geçerlidir.] Tüm indirimlere ek 3.000 TL üzeri alışverişlerde 350 TL indirim uygulanacaktır. Uygulamadan alınan kodlar, Madame Coco …";;;
albaraka--detay-pocket-esimden-35-indirim;albaraka;masraf_durumu;"{""amount"": 0.0, ""has_fee"": false}";0.95;rule_heuristic;;"…lar Detay Yurtdışında internetsiz kalmamanız için %35 Pocket eSIM indirimi Albaraka Mobil'de. Müşterimiz değilseniz hem [masrafsız] bankacılıktan faydalanmak hem de bunun gibi birçok avantajlı kampanya fırsatını kaçırmamak için "" Müşteri Ol "" butonuna…";;;
albaraka--detay-pocket-esimden-35-indirim;albaraka;indirim_orani;35.0;0.95;rule_heuristic;;Albaraka Mobil Mobil Bankacılık Aç Pocket eSIM'den %[35] İndirim! Anasayfa Kampanyalar Detay Yurtdışında internetsiz kalmamanız için %35 Pocket eSIM indirimi Albaraka Mobil'de.…;;;
albaraka--detay-pocket-esimden-35-indirim;albaraka;kampanya_kosullari;"[""Sadece Dijital Portföy Yönetimi Müşterileri kampanyaya dahildir."", ""Albaraka Türk ve Pocket eSIM kampanya koşullarını önceden haber vermeksizin değiştirme ve kampanyayı durdurma hakkını saklı tutar.""]";0.95;rule_heuristic;;…a kullanılamaz. Albaraka Mobil'den kampanya döneminde alınan online indirim kodunun son kullanma tarihi 31.12.2025'tir. [Sadece Dijital Portföy Yönetimi Müşterileri kampanyaya dahildir.] Kampanya kapsamında müşteri başına en fazla 1 adet kod alınabilir. Her müşteri kampanyadan bir defaya mahsus olmak üzer…;;;
albaraka--detay-temmuz-ayina-ozel-fatura-kampanyasi;albaraka;odul_miktari;"{""currency"": ""TRY"", ""value"": 2000.0}";0.95;rule_heuristic;;"…ka World kredi kartınızla Albaraka Mobil üzerinden vereceğiniz her otomatik fatura ödeme talimatı için 500 TL, toplamda [2.000 TL] Worldpuan kazanın! Kampanyaya Katılım Adımları: ""OFT2026"" davet kodunu kullanarak Albaraka Mobil üzerinden görüntülü gö…";;;
albaraka--detay-temmuz-ayina-ozel-fatura-kampanyasi;albaraka;alisveris_puani;"{""kind"": ""points"", ""value"": 0.0}";0.95;rule_heuristic;;"…miz olun, Albaraka World kredi kartınızla Albaraka Mobil üzerinden vereceğiniz her otomatik fatura ödeme talimatı için 5[00] TL, toplamda 2.000 TL Worldpuan kazanın! Kampanyaya Katılım Adımları: ""OFT2026"" davet kodunu kullanarak Albaraka Mobil …";;;
albaraka--detay-temmuz-ayina-ozel-fatura-kampanyasi;albaraka;kampanya_kosullari;"[""Kampanya Şartları: Kampanya 1-31 Temmuz 2026 tarihleri arasında \""OFT2026\"" davet kodunu kullanarak görüntülü görüşme ile ilk kez müşterimiz olanlar için geçerlidir."", ""Otomatik fatura ödeme talimatının Albaraka Mobil üzerinden Albaraka World kredi kartları ile verilmesi gereklidir, aksi takdirde ödül yüklemesi yapılmayacaktır."", ""Verilen talimatlar için 31 Ağustos 2026 tarihine kadar ilgili fatura ödemesinin en az bir kez kredi kartından otomatik tahsil edilmesi gerekmektedir."", ""Kampanya Bireysel Müşterilerimiz için geçerlidir."", ""Albaraka Türk Katılım Bankası A.Ş. kampanyayı dilediği zaman durdurma ve/veya kampanya koşullarını değiştirme yetkisine sahiptir.""]";0.95;rule_heuristic;;"…amda 2.000 TL Worldpuan kazanın! Kampanya Başlangıç ve Bitiş Tarihi: Kampanya 1–31 Temmuz 2026 tarihlerinde geçerlidir. [Kampanya Şartları: Kampanya 1-31 Temmuz 2026 tarihleri arasında ""OFT2026"" davet kodunu kullanarak görüntülü görüşme ile ilk kez müşterimiz olanlar için geçerlidir.] Otomatik fatura ödeme talimatının Albaraka Mobil üzerinden Albaraka World kredi kartları ile verilmesi gereklidir, aksi…";;;
albaraka--detay-temmuz-ayina-ozel-fatura-kampanyasi;albaraka;hedef_kitle;"[""belirli_segment"", ""yeni_musteri""]";0.95;rule_heuristic;;"…Kampanya Şartları: Kampanya 1-31 Temmuz 2026 tarihleri arasında ""OFT2026"" davet kodunu kullanarak görüntülü görüşme ile [ilk kez] müşterimiz olanlar için geçerlidir. Otomatik fatura ödeme talimatının Albaraka Mobil üzerinden Albaraka World kredi kar…";;;
albaraka--detay-yakinini-davet-et-kampanyasi;albaraka;odul_miktari;"{""currency"": ""TRY"", ""value"": 500.0}";0.95;rule_heuristic;;…şteri olan her yakınınız için 500 TL, toplamda 5.000 TL'ye varan Worldpuan kazanın! Üstelik davet edilen yakınınınız da [500 TL] Worldpuan kazanıyor! Davet Nasıl Gönderilir? Müşteriler, Albaraka Mobil uygulaması üzerinden Profil ve Ayarlar> Yakının…;;;
albaraka--detay-yakinini-davet-et-kampanyasi;albaraka;alisveris_puani;"{""kind"": ""points"", ""value"": 5000.0}";0.95;rule_heuristic;;… 14.04.2024 - 31.12.2026 Albaraka Mobil Albaraka Mobil Albaraka Türk'e müşteri olan her yakınınız için 500 TL, toplamda [5.000] TL'ye varan Worldpuan kazanın! Üstelik davet edilen yakınınınız da 500 TL Worldpuan kazanıyor! Davet Nasıl Gönderilir? …;;;
albaraka--detay-yakinini-davet-et-kampanyasi;albaraka;kampanya_kosullari;"[""Kampanya kapsamında ödüle hak kazanabilmek için, davet kodunun kampanya dönemi içinde kullanılması ve World özellikli kredi kartının kampanya dönemi içinde aktif olması gerekmektedir."", ""Kampanyadan sadece bireysel Albaraka müşterileri yararlanabilir."", ""Davet kodunu alan kişinin, kodu 31 Aralık 2026 tarihine kadar kullanması gerekmektedir."", ""Albaraka Türk Katılım Bankası A.Ş. kampanya şartlarında önceden haber vermeksizin değişiklik yapabilme hakkını saklı tutar.""]";0.95;rule_heuristic;;"…eden"" olarak katılım sağlayabilir ve 5.000 TL Worldpuan kazanabilir. Kampanya 31 Aralık 2026 tarihine kadar geçerlidir. [Kampanya kapsamında ödüle hak kazanabilmek için, davet kodunun kampanya dönemi içinde kullanılması ve World özellikli kredi kartının kampanya dönemi içinde aktif olması gerekmektedir.] Kampanyadan sadece bireysel Albaraka müşterileri yararlanabilir. Tüzel müşteriler kampanyadan yararlanamaz. Müşteri olm…";;;
albaraka--detay-yolcu-360-yurt-disi-ucak-bileti;albaraka;masraf_durumu;"{""amount"": null, ""has_fee"": true}";0.95;rule_heuristic;;…n alma işleminizi yapabilirsiniz. İndirim fiyatları, günlük fiyatlar üzerinden indirimli olarak hesaplanır. Uçak bileti [ücret]i dışında yapılan ödemeler kampanya kapsamı dışındadır. İndirim oranı, satın alınan gidiş-dönüş uçak bileti fiyatlarına …;;;
albaraka--detay-yolcu-360-yurt-disi-ucak-bileti;albaraka;kampanya_suresi;2026-07-31;0.95;rule_heuristic;;… kapsamı dışındadır. İndirim oranı, satın alınan gidiş-dönüş uçak bileti fiyatlarına göre sepette belirlenir. Kampanya, [31.07.2026] tarihine kadar geçerlidir. Diğer Koşullar İndirim dahilinde rezervasyon yapılan uçuşla ilgili firmanın kullanım koşulla…;;;
albaraka--detay-yolcu-360-yurt-disi-ucak-bileti;albaraka;kampanya_kosullari;"[""Kampanya Koşulları Kampanya, Yurtdışı gidiş & dönüş uçak biletlerinde 300 TL indirim sağlar."", ""Diğer Koşullar İndirim dahilinde rezervasyon yapılan uçuşla ilgili firmanın kullanım koşulları geçerli olup, bileti satın alan kişi bu koşulları sağlamalıdır."", ""Koşulların sağlanmadığı durumda yapılacak değişimlerde İndirimi koşulları geçersiz sayılacaktır."", ""Albaraka Türk ve GastroClub önceden haber vermeksizin kampanya koşullarında değişiklik yapma ve/veya kampanyayı iptal etme hakkını saklı tutar""]";0.95;rule_heuristic;;…u360 Misafir Merkezini arayıp Yolcu360 indirim kodunuzu ileterek indirimli fiyatlardan bilet işleminizi yapabilirsiniz. [Kampanya Koşulları Kampanya, Yurtdışı gidiş & dönüş uçak biletlerinde 300 TL indirim sağlar.] Tek yön biletlerde, indirim oranının yarısı kadar indirim uygulanır. Her bir kod 5 kez kullanım hakkında sahiptir. Alın…;;;
albaraka--saglik-harcamalarina-vade-farksiz-6-taksit-kampanyasi-1_1;albaraka;kampanya_kosullari;"[""Kampanya Katılım Adımları Albaraka Mobil üzerinden \""Sağlık Kampanyası\"" kampanyası için \""Hemen Katıl\"" butonuna tıklayın, TROY kredi kartınız ile 1.000 TL- 100.000 TL tutarları arasında kampanyaya dahil MCC kodlarından harcamanızı yapın, Kampanyaya katıldıktan sonra, koşullara uygun olan ilk 5 işlem otomatik taksitlendirilsin."", ""Kampanyadan Kimler Faydalanabilir Kampanya döneminde Albaraka Mobil'den kampanyaya katılıp, TROY kredi kartını kullanarak koşullara uygun sağlık harcaması yapan müşteriler yararlanabilir."", ""Kampanyadan yalnızca bireysel bankacılık hizmeti verdiğimiz müşterilerimiz faydalanabilir."", ""Kampanya sadece TROY kredi kartlarına özeldir."", ""Katıl butonuna tıkladıktan sonra kampanya sonuna kadar yapılacak olan ilgili koşulları sağlayan tüm işlemler 6 taksite bölünecektir."", ""Kampanyaya sadece yurt içinde, Türk Lirası ile yapılan harcamalar dahildir."", ""Albaraka Türk Katılım Bankası A.Ş. kampanya koşullarını önceden haber vermeksizin değiştirme ve kampanyayı durdurma hakkını saklı tutar.""]";0.95;rule_heuristic;;"…TROY kredi kartlarınız ile yapacağınız 1.000 TL- 100.000 TL arası sağlık harcamalarınıza vade farksız 6 taksit fırsatı! [Kampanya Katılım Adımları Albaraka Mobil üzerinden ""Sağlık Kampanyası"" kampanyası için ""Hemen Katıl"" butonuna tıklayın, TROY kredi kartınız ile 1.000 TL- 100.000 TL tutarları arasında kampanyaya dahil MCC kodlarından harcamanızı yapın, Kampanyaya katıldıktan sonra, koşullara uygun olan ilk 5 işlem otomatik taksitlendirilsin.] Kampanya Başlangıç ve Bitiş Tarihi Kampanya 1 – 31 Temmuz 2026 tarihlerinde geçerlidir. Kampanyadan Kimler Faydalanabil…";;;
dunya-katilim--kampanyalar-alfemo;dunya-katilim;masraf_durumu;"{""amount"": 0.0, ""has_fee"": false}";0.95;rule_heuristic;;… adresi, telefon ve faks numarası d) talep konusu bulunmalıdır. Talebiniz en kısa sürede ve en geç otuz (30) gün içinde [ücretsiz] olarak sonuçlandırılmaktadır. Başvurunuza yönelik işlemlerin ayrı bir maliyeti gerektirmesi hâlinde, Kurul tarafından b…;;;
dunya-katilim--kampanyalar-alfemo;dunya-katilim;kampanya_kosullari;"[""Yapmak istediğiniz taksit sayısını satış görevlisine bildirmeniz gerekmektedir."", ""Dünya Katılım Bankası A.Ş. kampanya koşullarının tamamında değişiklik yapma ve/veya kampanyayı durdurma hakkını saklı tutar.""]";0.95;rule_heuristic;;…de 8 taksit imkanı sağlanacaktır. Mağazalardan yapılacak alışverişlere sistem tarafından artı taksit uygulanmayacaktır. [Yapmak istediğiniz taksit sayısını satış görevlisine bildirmeniz gerekmektedir.] Kampanyadan Dünya Katılım Paraf kartlar faydalanabilecektir. Sanal kartlar kampanyaya dahildir. ParafPara kullanılarak …;;;
dunya-katilim--kampanyalar-altin-kesemticari;dunya-katilim;masraf_durumu;"{""amount"": 0.0, ""has_fee"": false}";0.95;rule_heuristic;;… adresi, telefon ve faks numarası d) talep konusu bulunmalıdır. Talebiniz en kısa sürede ve en geç otuz (30) gün içinde [ücretsiz] olarak sonuçlandırılmaktadır. Başvurunuza yönelik işlemlerin ayrı bir maliyeti gerektirmesi hâlinde, Kurul tarafından b…;;;
dunya-katilim--kampanyalar-altin-kesemticari;dunya-katilim;kampanya_kosullari;"[""Fiziki altın gönderilebilmesi için kart sahibinin borcunun bulunmaması, en son kesilmiş kredi kartı ekstresinin tamamının ödenmiş olması gerekmektedir."", ""Kazanılan gram altınlar sadece fiziki altın olarak teslim edilir, alışverişlerde ya da kart borcu ödemelerinde kullanılamaz."", ""Gram altın sadece alışveriş işlemlerinden kazanılabilir."", ""Dünya Katılım, kampanya şartlarında değişiklik yapma ve kampanyayı sonlandırma hakkına sahiptir.""]";0.95;rule_heuristic;;…n 1 grama ulaştığında Mobil Şube ya da İnternet Şube'den, Fiziki Altın İşlemleri menüsünden gönderimi istenebilecektir. [Fiziki altın gönderilebilmesi için kart sahibinin borcunun bulunmaması, en son kesilmiş kredi kartı ekstresinin tamamının ödenmiş olması gerekmektedir.] Kargo ve sigorta ücretleri Dünya Katılım tarafından karşılanacaktır. Kazanılan gram altınlar sadece fiziki altın olarak…;;;
dunya-katilim--kampanyalar-avantajli-kurlar;dunya-katilim;masraf_durumu;"{""amount"": 0.0, ""has_fee"": false}";0.95;rule_heuristic;;… adresi, telefon ve faks numarası d) talep konusu bulunmalıdır. Talebiniz en kısa sürede ve en geç otuz (30) gün içinde [ücretsiz] olarak sonuçlandırılmaktadır. Başvurunuza yönelik işlemlerin ayrı bir maliyeti gerektirmesi hâlinde, Kurul tarafından b…;;;
dunya-katilim--kampanyalar-avantajli-kurlar;dunya-katilim;kampanya_kosullari;"[""Avantajlı Kurlar: Piyasa koşullarına uygun ve rekabetçi fiyatlarla işlemlerinizi gerçekleştirin.""]";0.95;rule_heuristic;;… yatırımcılar için uluslararası para birimleri ve kıymetli metallerde işlem yapma fırsatı sunuyor! Neden Dünya Katılım? [Avantajlı Kurlar: Piyasa koşullarına uygun ve rekabetçi fiyatlarla işlemlerinizi gerçekleştirin.] Hızlı ve Güvenli İşlemler: Alım satımlarınız saniyeler içinde, güvenle tamamlanır. Geniş Ürün Yelpazesi: Altın, gümüş v…;;;
dunya-katilim--kampanyalar-dyson;dunya-katilim;taksit_sayisi;9;0.95;rule_heuristic;;…it Fırsatı! Dünya Katılım Paraf ile dyson.com.tr'den peşin fiyatına 9 aya varan taksit fırsatından faydalanabilirsiniz. [9 taksit] avantajı firmanın belirlediği tutarın üzerinde yapacağınız alışverişlerde geçerlidir. Taksitten yararlanabilmek için dy…;;;
dunya-katilim--kampanyalar-dyson;dunya-katilim;masraf_durumu;"{""amount"": 0.0, ""has_fee"": false}";0.95;rule_heuristic;;… adresi, telefon ve faks numarası d) talep konusu bulunmalıdır. Talebiniz en kısa sürede ve en geç otuz (30) gün içinde [ücretsiz] olarak sonuçlandırılmaktadır. Başvurunuza yönelik işlemlerin ayrı bir maliyeti gerektirmesi hâlinde, Kurul tarafından b…;;;
dunya-katilim--kampanyalar-dyson;dunya-katilim;kampanya_kosullari;"[""Taksitten yararlanabilmek için dyson.com.tr üzerinden taksitin seçilmesi gerekmektedir."", ""Dünya Katılım Bankası A.Ş. kampanya koşullarının tamamında değişiklik yapma ve/veya kampanyayı durdurma hakkını saklı tutar.""]";0.95;rule_heuristic;;…dan faydalanabilirsiniz. 9 taksit avantajı firmanın belirlediği tutarın üzerinde yapacağınız alışverişlerde geçerlidir. [Taksitten yararlanabilmek için dyson.com.tr üzerinden taksitin seçilmesi gerekmektedir.] İşlem anındaki üye işyeri uygulamalarına ve satın alınan ürüne bağlı olarak taksit sayıları değişkenlik gösterebilmekte…;;;
dunya-katilim--kampanyalar-incehesap;dunya-katilim;masraf_durumu;"{""amount"": 0.0, ""has_fee"": false}";0.95;rule_heuristic;;… adresi, telefon ve faks numarası d) talep konusu bulunmalıdır. Talebiniz en kısa sürede ve en geç otuz (30) gün içinde [ücretsiz] olarak sonuçlandırılmaktadır. Başvurunuza yönelik işlemlerin ayrı bir maliyeti gerektirmesi hâlinde, Kurul tarafından b…;;;
dunya-katilim--kampanyalar-incehesap;dunya-katilim;kampanya_kosullari;"[""Taksit kampanyasından yararlanabilmek için işlem anında 3 taksitin seçilmesi gerekmektedir."", ""Dünya Katılım Bankası A.Ş. kampanya koşullarının tamamında değişiklik yapma ve/veya kampanyayı durdurma hakkını saklı tutar.""]";0.95;rule_heuristic;;…ww.incehesap.com web adresinde Paraf POS'undan yapılacak alışverişlerinize peşin fiyatına 3 taksit imkanı sunulacaktır. [Taksit kampanyasından yararlanabilmek için işlem anında 3 taksitin seçilmesi gerekmektedir.] İşlem gerçekleştikten sonra artı taksit uygulanmayacaktır. Yasal mevzuat gereği, mal veya hizmet alımı sonrası belli bi…;;;
dunya-katilim--kampanyalar-kip;dunya-katilim;masraf_durumu;"{""amount"": 0.0, ""has_fee"": false}";0.95;rule_heuristic;;… adresi, telefon ve faks numarası d) talep konusu bulunmalıdır. Talebiniz en kısa sürede ve en geç otuz (30) gün içinde [ücretsiz] olarak sonuçlandırılmaktadır. Başvurunuza yönelik işlemlerin ayrı bir maliyeti gerektirmesi hâlinde, Kurul tarafından b…;;;
dunya-katilim--kampanyalar-kip;dunya-katilim;kampanya_kosullari;"[""Mağazalardan yapılacak alışverişlerde 5 taksitten yararlanabilmek için kampanyanın satış görevlisine belirtilmesi gerekmektedir."", ""Dünya Katılım Bankası A.Ş. kampanya koşullarının tamamında değişiklik yapma ve/veya kampanyayı durdurma hakkını saklı tutar.""]";0.95;rule_heuristic;;… Sanal kartlar kampanyaya dahildir. ParafPara kullanılarak yapılan işlemler ile iptal ve iade işlemleri dahil değildir. [Mağazalardan yapılacak alışverişlerde 5 taksitten yararlanabilmek için kampanyanın satış görevlisine belirtilmesi gerekmektedir.] Dünya Katılım Bankası A.Ş. kampanya koşullarının tamamında değişiklik yapma ve/veya kampanyayı durdurma hakkını saklı t…;;;
dunya-katilim--kampanyalar-koton;dunya-katilim;masraf_durumu;"{""amount"": 0.0, ""has_fee"": false}";0.95;rule_heuristic;;… adresi, telefon ve faks numarası d) talep konusu bulunmalıdır. Talebiniz en kısa sürede ve en geç otuz (30) gün içinde [ücretsiz] olarak sonuçlandırılmaktadır. Başvurunuza yönelik işlemlerin ayrı bir maliyeti gerektirmesi hâlinde, Kurul tarafından b…;;;
dunya-katilim--kampanyalar-koton;dunya-katilim;kampanya_kosullari;"[""Dkart Debit ile ilgili detaylı bilgi için tıklayınız . *Dünya Katılım Bankası, kampanya süresi boyunca şartları değiştirme ve kampanyayı sonlandırma hakkını saklı tutar.""]";0.95;rule_heuristic;;…çerlidir. Kampanya, Koton online alışverişlerde geçerli değildir. Kampanya 30.04.2026 tarihine kadar geçerli olacaktır. [Dkart Debit ile ilgili detaylı bilgi için tıklayınız . *Dünya Katılım Bankası, kampanya süresi boyunca şartları değiştirme ve kampanyayı sonlandırma hakkını saklı tutar.] Kart Kampanyaları Sona erdi Bitiş Tarihi: 30 Nisan 2026 Paylaş Diğer Kampanyalar Tüm site ziyaretçilerimizi daha iyi ta…;;;
dunya-katilim--kampanyalar-lc-waikiki;dunya-katilim;finansman_tutari;"{""currency"": ""TRY"", ""value"": 3000.0}";0.95;rule_heuristic;;"…ve lcw.com ‘dan yapılacak alışverişlerde 300 TL indirime hak kazanmak için; kargo bedeli hariç sepet tutarı tek seferde [3.000 TL] ve üzeri olmalıdır. Kampanya, tüm Dünya Katılım TROY logolu banka ve kredi kartlarında geçerlidir. Kampanyaya sanal kar…";;;
dunya-katilim--kampanyalar-lc-waikiki;dunya-katilim;masraf_durumu;"{""amount"": 0.0, ""has_fee"": false}";0.95;rule_heuristic;;… adresi, telefon ve faks numarası d) talep konusu bulunmalıdır. Talebiniz en kısa sürede ve en geç otuz (30) gün içinde [ücretsiz] olarak sonuçlandırılmaktadır. Başvurunuza yönelik işlemlerin ayrı bir maliyeti gerektirmesi hâlinde, Kurul tarafından b…;;;
dunya-katilim--kampanyalar-lc-waikiki;dunya-katilim;odul_miktari;"{""currency"": ""TRY"", ""value"": 300.0}";0.95;rule_heuristic;;… tutarın katları için ek indirim verilmez. Örneğin, tek seferde yapılacak 6. 000 TL tutarındaki alışverişte de yalnızca [300 TL] indirim kazanılır. Kampanya, LC Waikiki mağazalarındaki self-servis hızlı checkout kasalarında, havalimanı ve yurtdışı …;;;
dunya-katilim--kampanyalar-lc-waikiki;dunya-katilim;kampanya_kosullari;"[""Kampanya Şartları Kampanya 15 Haziran 2026 saat 00.01 – 15 Temmuz 2026 saat 23.59 arasında geçerlidir."", ""LCW mobil uygulaması ve lcw.com ‘dan yapılacak alışverişlerde 300 TL indirime hak kazanmak için; kargo bedeli hariç sepet tutarı tek seferde 3.000 TL ve üzeri olmalıdır."", ""000 TL tutarındaki alışverişte de yalnızca 300 TL indirim kazanılır."", ""Kampanyaya katılan herkes kampanya koşullarını kabul etmiş sayılır."", ""Katılım koşullarını lcw.com web sitesi ve/veya LCW mobil uygulamasından takip etmek kullanıcının sorumluluğundadır."", ""Dünya Katılım Bankası, Bankalararası Kart Merkezi (BKM) ve LC Waikiki her zaman, önceden herhangi bir bildirimde bulunmaksızın kampanyayı iptal etme, katılım koşullarını değiştirme hakkını saklı tutar.""]";0.95;rule_heuristic;;"…z ile gerçekleştirmeniz yeterlidir. Dünya Katılım TROY kart sahiplerine indirim sepette otomatik olarak uygulanacaktır. [Kampanya Şartları Kampanya 15 Haziran 2026 saat 00.01 – 15 Temmuz 2026 saat 23.59 arasında geçerlidir.] LCW mobil uygulaması ve lcw.com ‘dan yapılacak alışverişlerde 300 TL indirime hak kazanmak için; kargo bedeli hariç sep…";;;
dunya-katilim--kampanyalar-n11;dunya-katilim;masraf_durumu;"{""amount"": 0.0, ""has_fee"": false}";0.95;rule_heuristic;;… adresi, telefon ve faks numarası d) talep konusu bulunmalıdır. Talebiniz en kısa sürede ve en geç otuz (30) gün içinde [ücretsiz] olarak sonuçlandırılmaktadır. Başvurunuza yönelik işlemlerin ayrı bir maliyeti gerektirmesi hâlinde, Kurul tarafından b…;;;
dunya-katilim--kampanyalar-n11;dunya-katilim;kampanya_kosullari;"[""n11 belirli kategorilerde yer alan ürünleri peşin fiyatına taksit uygulamasından hariç tutabilir."", ""Kampanyadan faydalanmak için ödeme esnasında ilgili taksitlerin seçilmesi gerekmektedir."", ""Taksitler, Bankacılık Düzenleme ve Denetleme Kurulu tarafından taksit kısıtı kapsamında yer almayan ürünler için geçerlidir."", ""Dünya Katılım Bankası A.Ş. kampanya koşullarının tamamında değişiklik yapma ve/veya kampanyayı durdurma hakkını saklı tutar.""]";0.95;rule_heuristic;;…aksit imkanı sunulmaktadır. Peşin fiyatına 3 taksit uygulaması sepet toplamı 2.000 TL ve üzeri siparişlerde geçerlidir. [n11 belirli kategorilerde yer alan ürünleri peşin fiyatına taksit uygulamasından hariç tutabilir.] Kampanyadan faydalanmak için ödeme esnasında ilgili taksitlerin seçilmesi gerekmektedir. Kampanyaya ilişkin geriye dönü…;;;
dunya-katilim--kampanyalar-touristica;dunya-katilim;masraf_durumu;"{""amount"": 0.0, ""has_fee"": false}";0.95;rule_heuristic;;… adresi, telefon ve faks numarası d) talep konusu bulunmalıdır. Talebiniz en kısa sürede ve en geç otuz (30) gün içinde [ücretsiz] olarak sonuçlandırılmaktadır. Başvurunuza yönelik işlemlerin ayrı bir maliyeti gerektirmesi hâlinde, Kurul tarafından b…;;;
dunya-katilim--kampanyalar-touristica;dunya-katilim;kampanya_kosullari;"[""Taksit sayısı otel bazında değişiklik gösterebilmektedir, işlem tamamlanmadan önce taksit sayısının seçilmesi gerekmektedir."", ""DÜNYA KATILIM BANKASI A.Ş. ve TOURAMA TOURİSM SEYAHAT VE TİCARET A.Ş. kampanya koşullarının tamamında değişiklik yapma ve/veya kampanyayı durdurma hakkını saklı tutar.""]";0.95;rule_heuristic;;…tı! Dünya Katılım Paraf ile www.touristica.com.tr mağazalarından yapılacak alışverişlerde 9 taksit imkanı sunulacaktır. [Taksit sayısı otel bazında değişiklik gösterebilmektedir, işlem tamamlanmadan önce taksit sayısının seçilmesi gerekmektedir.] İlgili yasal düzenlemelere istinaden Kuzey Kıbrıs Türk Cumhuriyeti'ne ilişkin harcamalarda taksitlendirme sürelerinin 3…;;;
dunya-katilim--kampanyalar-vaillant;dunya-katilim;masraf_durumu;"{""amount"": 0.0, ""has_fee"": false}";0.95;rule_heuristic;;… adresi, telefon ve faks numarası d) talep konusu bulunmalıdır. Talebiniz en kısa sürede ve en geç otuz (30) gün içinde [ücretsiz] olarak sonuçlandırılmaktadır. Başvurunuza yönelik işlemlerin ayrı bir maliyeti gerektirmesi hâlinde, Kurul tarafından b…;;;
dunya-katilim--kampanyalar-vaillant;dunya-katilim;kampanya_kosullari;"[""Kampanyaya sadece Vaillant'ın kendi POS'undan gerçekleşen işlemler dahildir."", ""Taksit kampanyasından yararlanabilmek için işlem anında satış görevlisine taksit sayısının iletilmesi gerekmektedir."", ""Dünya Katılım Bankası A.Ş. kampanya koşullarının tamamında değişiklik yapma ve/veya kampanyayı durdurma hakkını saklı tutar.""]";0.95;rule_heuristic;;…e Paraf üyesi Vaillant sanal Pos'u üzerinden gerçekleşen işlemlere vade farksız 9 aya varan taksit imkanı sunulacaktır. [Kampanyaya sadece Vaillant'ın kendi POS'undan gerçekleşen işlemler dahildir.] Bayi POS'undan gerçekleşen işlemler dahil değildir. Taksit kampanyasından yararlanabilmek için işlem anında satış görev…;;;
hayat-finans--finansmanlar-bana-bunu-al-is-ortagim;hayat-finans;vade_ay;24;0.95;rule_heuristic;;… mağazanızdan çıkmadan kısa süre içerisinde başvurunuzun sonucunu öğrenebilir, Kredilerinizi* avantajlı kâr oranları ve [24 aya] varan vadeler ile size en uygun ödeme planını seçerek kredinizi kullanabilir, Beyaz eşyadan mobilyaya, teknoloji harcam…;;;
hayat-finans--finansmanlar-bana-bunu-al-is-ortagim;hayat-finans;kampanya_kosullari;"[""Kredi* (finansman) taksit ödemelerinizi sadece Hayat Finans Mobil uygulamamız üzerinden gerçekleştirebilirsiniz.""]";0.95;rule_heuristic;;… Bana Bunu Al İş Ortağım platformundan kredi başvurusu yapmak için Bankamız müşterisi olunmasına gerek bulunmamaktadır. [Kredi* (finansman) taksit ödemelerinizi sadece Hayat Finans Mobil uygulamamız üzerinden gerçekleştirebilirsiniz.] Satın alınan ürünün sipariş, teslimat, iptal ve iade işlemlerinde yaşanabilecek sorunlardan Hayat Finans sorumlu değild…;;;
hayat-finans--kampanyalar-biz-kart-dijital-uyelikler-kampanyasi;hayat-finans;finansman_tutari;"{""currency"": ""TRY"", ""value"": 300.0}";0.95;rule_heuristic;;…adır, her iki karttan yapılacak dijital üyelik ödemeleri kapsamınca kazanılabilecek maksimum nakit ödül tutarı toplamda [300 TL]'dir. Harcamalar yalnızca ilgili platformların resmî web sitesi veya mobil uygulamaları üzerinden Hayat Finans banka vey…;;;
hayat-finans--kampanyalar-biz-kart-dijital-uyelikler-kampanyasi;hayat-finans;kampanya_suresi;2026-07-31;0.95;rule_heuristic;;Biz Kart ile Dijital Üyeliklerde %75 Nakit İade Fırsatı! Kampanya Dönemi: 16 Haziran - [31 Temmuz 2026] Kampanya Koşulları Kampanya Hayat Finans bireysel müşterileri için geçerlidir. Kampanyadan yararlanabilmek için Hayat F…;;;
hayat-finans--kampanyalar-biz-kart-dijital-uyelikler-kampanyasi;hayat-finans;kampanya_kosullari;"[""Kampanya Dönemi: 16 Haziran - 31 Temmuz 2026 Kampanya Koşulları Kampanya Hayat Finans bireysel müşterileri için geçerlidir."", ""Kampanyadan yararlanabilmek için Hayat Finans banka kartına sahip olmanız ve yakınınıza en az 1 adet Biz Kart tanımlamış olmanız gerekmektedir."", ""Hayat Finans Mobil Uygulaması > Tüm işlemler > Kartlar > Biz Kart Başvurusu Hayat Finans Mobil Kampanyadan yararlanabilmek için Hayat Finans Banka Kartınızın \""yurt dışı işlemleri ve şifresiz internet alışverişine\"" açık olması gerekmektedir."", ""Yakınlarınıza tanımladığınız Biz Kart'lar ile ödeme yapılmasını isterseniz \""yurt dışı işlemleri ve şifresiz internet alışverişine\"" açık olması gerekmektedir."", ""Harcamalar yalnızca ilgili platformların resmî web sitesi veya mobil uygulamaları üzerinden Hayat Finans banka veya yakınınıza tanımladınız Biz Kart'lar ile yapılmalıdır."", ""Dijital platformlardaki üyelik koşulları ve fiyatlamalar, ilgili firmaların sorumluluğundadır."", ""Hayat Finans, kampanya süresince bu koşullardaki değişikliklerden sorumlu değildir."", ""Hayat Finans, kampanya koşullarını değiştirme veya kampanyayı sonlandırma hakkını saklı tutar.""]";0.95;rule_heuristic;;Biz Kart ile Dijital Üyeliklerde %75 Nakit İade Fırsatı! [Kampanya Dönemi: 16 Haziran - 31 Temmuz 2026 Kampanya Koşulları Kampanya Hayat Finans bireysel müşterileri için geçerlidir.] Kampanyadan yararlanabilmek için Hayat Finans banka kartına sahip olmanız ve yakınınıza en az 1 adet Biz Kart tanımlamı…;;;
hayat-finans--kampanyalar-biz-kart-ile-arkadasini-getir-kazan;hayat-finans;odul_miktari;"{""currency"": ""TRY"", ""value"": 500.0}";0.95;rule_heuristic;;…ri toplamının 1.000 TL ve üzeri olması durumunda, 500 TL nakit ödül kazanır. Kampanya koşulları sağlandığında kazanılan [500 TL] tutarındaki nakit ödül, Biz Kart tanımlandıktan 7 gün sonra (8. Gün) hesaba yatırılır. Nakit ödülün yatırılması için ne…;;;
hayat-finans--kampanyalar-biz-kart-ile-arkadasini-getir-kazan;hayat-finans;kampanya_suresi;2026-07-31;0.95;rule_heuristic;;Biz Kart Arkadaşını Getir & Kazan Hayat Finans Mobil Kampanya Dönemi: 16 Haziran - [31 Temmuz 2026] Kampanya Koşulları 1. Bu kampanya Hayat Finans bireysel müşterileri için geçerlidir. 2. Hayat Finans müşterisi olan kiş…;;;
hayat-finans--kampanyalar-biz-kart-ile-arkadasini-getir-kazan;hayat-finans;kampanya_kosullari;"[""Biz Kart Arkadaşını Getir & Kazan Hayat Finans Mobil Kampanya Dönemi: 16 Haziran - 31 Temmuz 2026 Kampanya Koşulları 1."", ""Bu kampanya Hayat Finans bireysel müşterileri için geçerlidir."", ""Davet edilen müşteri, birden fazla Biz Kart başvurusu yapsa dahi davet eden kişi, davet edilen kişinin yapmış olduğu yalnızca ilk Biz Kart başvurusundan nakit ödül kazanımı sağlayabilir."", ""Davet eden kişi, davet ettiği kişinin kampanya koşullarını sağlaması halinde kişi başı maksimum 500 TL, toplamda 50 kişi için maksimum 25.000 TL nakit ödül kazanabilir."", ""Kampanya koşulları sağlandığında kazanılan 500 TL tutarındaki nakit ödül, Biz Kart tanımlandıktan 7 gün sonra (8."", ""Nakit ödülün yatırılması için net para transferi tutarının 7.günün sonunda * 1.000 TL ve üstü olması gerekmektedir. *Net ParaTransferi Tutarı = Biz Kartın tanımlandığı tarihten itibaren 7 gün boyunca Biz Kartın bağlı olduğu cari hesaba gelen toplam para transfer tutarı (EFT/FAST/Havale yoluyla) – Biz Kartın bağlı olduğu cari hesaptan giden toplam para transfer tutar(EFT/FAST/Havale yoluyla) 7."", ""Her Biz Kart için 1000 TL ve üzeri net para transfer koşulu 6."", ""Çocuklarınıza verdiğiniz Biz Kart'ın kampanya süresi boyunca aktif olması gerekmektedir.""]";0.95;rule_heuristic;;[Biz Kart Arkadaşını Getir & Kazan Hayat Finans Mobil Kampanya Dönemi: 16 Haziran - 31 Temmuz 2026 Kampanya Koşulları 1.] Bu kampanya Hayat Finans bireysel müşterileri için geçerlidir. 2. Hayat Finans müşterisi olan kişiler Hayat Finans Mobi…;;;
hayat-finans--kampanyalar-biz-kart-yemek-harcamasi-nakit-iade-kampanyasi;hayat-finans;odul_miktari;"{""currency"": ""TRY"", ""value"": 1000.0}";0.95;rule_heuristic;;Biz Kart ile Yemek Harcamalarına [1.000 TL]'ye Varan Nakit İade! Yakınlarınıza verdiğiniz Biz Kart ile yemek sektöründe yapılan harcamaların %10'una kadar nakit ia…;;;
hayat-finans--kampanyalar-biz-kart-yemek-harcamasi-nakit-iade-kampanyasi;hayat-finans;kampanya_kosullari;"[""Bu kampanya Hayat Finans bireysel müşterileri için geçerlidir."", ""Kampanya Tüm işlemler > Kartlar > Tüm Kartlarım > \""Biz Kart\"" alanındaki yakınlarınıza verdiğiniz kartlar için geçerlidir."", ""Kampanya Mevcut veya Yeni müşterilerimiz içerisinde Biz Kart sahibi olan müşterilerimiz için geçerlidir."", ""Sadece Hayat Finans Biz Kart veya Biz Kart QR ile yapılan harcamalar kampanyaya dahildir."", ""Kampanya sadece yurtiçinde yapılan işlemler için geçerlidir."", ""Hayat Finans kampanya koşullarında değişiklik yapma veya kampanyayı sonlandırma hakkını saklı tutar.""]";0.95;rule_heuristic;;"…bil Uygulama Tüm İşlemler> Kartlar> Biz Kart Başvurusu adımlarını takip ederek başvurunuzu hızlıca tamamlayabilirsiniz. [Bu kampanya Hayat Finans bireysel müşterileri için geçerlidir.] Kampanya Tüm işlemler > Kartlar > Tüm Kartlarım > ""Biz Kart"" alanındaki yakınlarınıza verdiğiniz kartlar için geçerlidi…";;;
hayat-finans--kampanyalar-biz-kart-yemek-harcamasi-nakit-iade-kampanyasi;hayat-finans;hedef_kitle;"[""yeni_musteri""]";0.95;rule_heuristic;;…ın %10'u, günlük en fazla 100 TL, aylık en fazla 1.000 TL'ye kadar nakit iade hakkı kazanılabilir. Kampanya Mevcut veya [Yeni müşteri]lerimiz içerisinde Biz Kart sahibi olan müşterilerimiz için geçerlidir. Sadece Hayat Finans Biz Kart veya Biz Kart QR il…;;;
kuveyt-turk--isim-icin-kart-kampanyalari;kuveyt-turk;finansman_tutari;"{""currency"": ""TRY"", ""value"": 200.0}";0.95;rule_heuristic;;… 1 Temmuz 2026 - 31 Temmuz 2026 MTV Ödemelerinizde Vade Farksız 3 Taksit Fırsatı! Kuveyt Türk Tüzel Kredi Kartlarınızla [200 TL] ve üzeri Motorlu Taşıtlar Vergisi (MTV) ödemelerinizi 31 Temmuz 2026'ya kadar vade farksız 3 taksitle ödeyin. Kampanyay…;;;
kuveyt-turk--isim-icin-kart-kampanyalari;kuveyt-turk;odul_miktari;"{""currency"": ""TRY"", ""value"": 2000.0}";0.95;rule_heuristic;;…tı! Sağlam Tohum Kartınız ile yıl boyunca her ay QR kod ile yapacağınız her 1.000 TL ve üzeri harcamanızda %5, toplamda [2.000 TL] indirim kazanın! Kampanyayı Keşfet Kampanya Aralığı: 25 Haziran 2026 - 31 Aralık 2026 Sağlam Business Kart QR Ödeme ile…;;;
kuveyt-turk--isim-icin-kart-kampanyalari;kuveyt-turk;alisveris_puani;"{""kind"": ""points"", ""value"": 4000.0}";0.95;rule_heuristic;;…indirim kazanın! Kampanyayı Keşfet Kampanya Aralığı: 25 Haziran 2026 - 31 Aralık 2026 Sağlam Business Kart QR Ödeme ile [4.000] TL' ye Varan Altın Puan Fırsatı! Sağlam Business Kart ile yıl sonuna kadar her ay yapılacak QR ödemelerinize 2.000 TL v…;;;
kuveyt-turk--isim-icin-kart-kampanyalari;kuveyt-turk;hedef_kitle;"[""belirli_segment""]";0.95;rule_heuristic;;Ana Sayfa Kampanyalar İşim İçin Kampanyalar Kendim İçin İşim İçin Kampanya Arşivi Tüm Kampanyalar Kart Kampanyaları [KOBİ] Kampanyaları Müşteri Ol Kampanyaları POS Kampanyaları Ara Kampanya Aralığı: 16 Temmuz 2026 - 31 Aralık 2026 Kuveyt Türk…;;;
kuveyt-turk--kampanya-arsivi-1-aylik-tod-taraftar-paketi-ucretsiz;kuveyt-turk;masraf_durumu;"{""amount"": 0.0, ""has_fee"": false}";0.95;rule_heuristic;;"Ana Sayfa Kampanyalar Kampanya Arşivi 1 Aylık TOD Taraftar Paketi [Ücretsiz]! ""KTOD2026"" Davet Koduyla Müşteri Olanlara, 1 Aylık TOD Taraftar Paketi Ücretsiz! Kampanya Tarihleri 26.03.2026 - 31.05…";;;
kuveyt-turk--kampanya-arsivi-1-aylik-tod-taraftar-paketi-ucretsiz;kuveyt-turk;kampanya_kosullari;"[""Müşteri olma aşamasında \"" Davet Kodu \"" alanına \"" KTOD2026 \"" kodunun yazılması gerekmektedir."", ""Kampanya kodunun aktive edilmesi için TOD TV web sitesi ziyaret edilmeli ve sayfanın en altında yer alan ''Kupon Kodu'' alanına ya da \"" https://www.todtv.com.tr/kupon-kodu \"" linki kullanılarak size özel olan kupon Kodu ilgili alana girilmeli ve gerekli işlemler tamamlanmalıdır."", ""Paketiniz kapsamında yer alan içeriklere erişmek için TOD'a üye olunması gereklidir."", ""Paket kodları yalnızca yurt içi TOD servisi için geçerlidir."", ""Kampanya kazanımı müşteri bazlıdır ve her müşteri yalnızca bir kez faydalanabilir."", ""Kuveyt Türk önceden haber vermeden kampanya koşullarında değişiklik yapabilir ya da kampanyayı sonlandırabilir.""]";0.95;rule_heuristic;;"…t Türk Mobil ya da Self Nokta üzerinden "" KTOD2026 "" koduyla müşteri olanlara 1 Aylık TOD Taraftar Paketi verilecektir. [Müşteri olma aşamasında "" Davet Kodu "" alanına "" KTOD2026 "" kodunun yazılması gerekmektedir.] Müşteri olduktan sonra 2 gün içerisinde Kuveyt Türk Mobil kampanyalar ekranından ilgili kampanyaya ait kupon kodu alına…";;;
kuveyt-turk--kampanya-arsivi-1000-tlye-varan-market-indirimi-saglam-kart-troyda;kuveyt-turk;finansman_tutari;"{""currency"": ""TRY"", ""value"": 1000.0}";0.95;rule_heuristic;;…ağlam Kart Troy ve Sağlam Nakit Troy ile kampanya kapsamında yapılacak harcamalarda müşteri bazlı toplam indirim tutarı [1.000 TL]'yi aşmayacaktır. Sadece 5411 MCC kodlu üye işyerlerinde geçerlidir. Kampanyaya Sağlam Kart Troy, Sağlam Kart Kampüs Tro…;;;
kuveyt-turk--kampanya-arsivi-1000-tlye-varan-market-indirimi-saglam-kart-troyda;kuveyt-turk;odul_miktari;"{""currency"": ""TRY"", ""value"": 1000.0}";0.95;rule_heuristic;;… paylaş Sağlam Kart Troy, 1 Aralık- 31 Aralık 2025 tarihleri arasında yapacağınız market harcamalarınızda %10 toplamda, [1.000 TL] indirim kazandırıyor. Kampanyaya Kuveyt Türk Mobil'den veya ONAY TROY yazıp 2848 'e SMS göndererek katılabilirsiniz. Ka…;;;
kuveyt-turk--kampanya-arsivi-1000-tlye-varan-market-indirimi-saglam-kart-troyda;kuveyt-turk;indirim_orani;10.0;0.95;rule_heuristic;;… Arşivi 1.000 TL'ye Varan Market İndirimi Sağlam Kart Troy'da! Sağlam Kart Troy ile yapacağınız market harcamalarınıza %[10] indirim kazanırsınız. Kampanya Tarihleri 1.12.2025 - 31.12.2025 Kampanya Süresi Doldu! Kampanyayı Paylaş Facebook'da pa…;;;
kuveyt-turk--kampanya-arsivi-1000-tlye-varan-market-indirimi-saglam-kart-troyda;kuveyt-turk;kampanya_kosullari;"[""Kampanya, sadece yurt içindeki iş yeri sektör bilgisi market olan tüm mağaza ve çevrim içi sitelerden yapılan harcamalarda geçerlidir."", ""Sadece 5411 MCC kodlu üye işyerlerinde geçerlidir."", ""Kuveyt Türk önceden haber vermeden kampanya koşullarında değişiklik yapabilir ya da kampanyayı sonlandırabilir.""]";0.95;rule_heuristic;;…TL indirim kazandırıyor. Kampanyaya Kuveyt Türk Mobil'den veya ONAY TROY yazıp 2848 'e SMS göndererek katılabilirsiniz. [Kampanya, sadece yurt içindeki iş yeri sektör bilgisi market olan tüm mağaza ve çevrim içi sitelerden yapılan harcamalarda geçerlidir.] Sağlam Kart Troy ve Sağlam Nakit Troy ile kampanya kapsamında yapılacak harcamalarda müşteri bazlı toplam indirim tutar…;;;
kuveyt-turk--kampanya-arsivi-3000-tl-degerindeki-cek-karnesi-paketi-ucretsiz-scr;kuveyt-turk;masraf_durumu;"{""amount"": 0.0, ""has_fee"": false}";0.95;rule_heuristic;;Ana Sayfa Kampanyalar Kampanya Arşivi 3.000 TL Değerindeki Çek Karnesi Paketi [Ücretsiz]! Size özel 3.000 TL tutarındaki 50 yaprak çek karnesi Kuveyt Türk'te yıl sonuna kadar ücretsiz. Kampanya Tarihleri 23.1…;;;
kuveyt-turk--kampanya-arsivi-3000-tl-degerindeki-cek-karnesi-paketi-ucretsiz-scr;kuveyt-turk;odul_miktari;"{""currency"": ""TRY"", ""value"": 10000.0}";0.95;rule_heuristic;;…nız anda 100 adet çek tahsili de yıl sonuna kadar ücretsiz olarak kullanmanız için hesabınıza tanımlanacaktır. Toplamda [10.000 TL] tutarında çek karnesi ve çek tahsil paketini ücretsiz almak için dijital kanallarımız ve şubelerimiz ile iletişim kurab…;;;
kuveyt-turk--kampanya-arsivi-3000-tl-degerindeki-cek-karnesi-paketi-ucretsiz-scr;kuveyt-turk;kampanya_kosullari;"[""Çek tahsilatlarındaki ücret muafiyeti TL çekler için geçerlidir."", ""Kuveyt Türk, önceden haber vermeden kampanya koşullarında değişiklik yapabilir ya da kampanyayı sonlandırabilir.""]";0.95;rule_heuristic;;…ijital kanallarımız ve şubelerimiz ile iletişim kurabilirsiniz. Çek karnesi ücreti muafiyetine vergiler dahil değildir. [Çek tahsilatlarındaki ücret muafiyeti TL çekler için geçerlidir.] Ücretsiz çek karnesi çek limitinize göre 10 veya 20 yaprak olarak verilmektedir. Çek karnesi alabilmeleri için müşteril…;;;
kuveyt-turk--kampanya-arsivi-akaryakit-istasyonlari-kuveyt-turk-ile-gelecege-hazir;kuveyt-turk;masraf_durumu;"{""amount"": 0.0, ""has_fee"": false}";0.95;rule_heuristic;;… %2.49 komisyon oranı ya da 25 gün bloke oranı ile çalışma fırsatı yakalayın. 31 Mart 2025 tarihinin sonuna kadar aidat [ücret]i yok! Belirtilen oranlarda BSMV değeri hariçtir. Not: Kampanyadan faydalanmak için Kuveyt Türk Mobil' den veya şubeleri…;;;
kuveyt-turk--kampanya-arsivi-akaryakit-istasyonlari-kuveyt-turk-ile-gelecege-hazir;kuveyt-turk;kampanya_kosullari;"[""Belirtilen oranlarda BSMV değeri hariçtir.""]";0.95;rule_heuristic;;…yon oranı ya da 25 gün bloke oranı ile çalışma fırsatı yakalayın. 31 Mart 2025 tarihinin sonuna kadar aidat ücreti yok! [Belirtilen oranlarda BSMV değeri hariçtir.] Not: Kampanyadan faydalanmak için Kuveyt Türk Mobil' den veya şubelerimiz üzerinden POS başvurularınızı gerçekleştirebi…;;;
kuveyt-turk--kampanya-arsivi-akaryakit-istasyonlari-kuveyt-turk-ile-gelecege-hazir;kuveyt-turk;hedef_kitle;"[""mevcut_musteri""]";0.95;rule_heuristic;;…asa cihazlarınız için POS başvurusu yapın, Kuveyt Türk'ün avantajlarını kaçırmayın! Akaryakıt istasyonu ve marketi olan [müşterilerimize özel] yeni yapılan başvurularda ertesi gün Kuveyt Türk kartlarına %1.99 komisyon oranı ya da 19 gün bloke, diğer kartlara %2.…;;;
kuveyt-turk--kampanya-arsivi-arac-finansmanina-ucretsiz-hgs-etiketi-kuveyt-turkte;kuveyt-turk;masraf_durumu;"{""amount"": 0.0, ""has_fee"": false}";0.95;rule_heuristic;;Ana Sayfa Kampanyalar Kampanya Arşivi Araç Finansmanına [Ücretsiz] HGS Etiketi Kuveyt Türk'te! Kuveyt Türk'ten araç finansmanı kullanın, ücretsiz HGS etiketi fırsatını yakalayın! Kampany…;;;
kuveyt-turk--kampanya-arsivi-arac-finansmanina-ucretsiz-hgs-etiketi-kuveyt-turkte;kuveyt-turk;kampanya_kosullari;"[""Kampanyayı Paylaş Facebook'da paylaş X'de paylaş LinkedIn'de paylaş Whatsapp'da paylaş Ücretsiz HGS etiketi kampanyası, dijitalden veya şubeden kullanılan araç finansmanları için geçerlidir."", ""Kampanya, 01.04.2025 tarihinden sonra kullanılan araç finansmanları için geçerlidir."", ""Kuveyt Türk önceden haber vermeden kampanya koşullarında değişiklik yapabilir ya da kampanyayı sonlandırabilir.""]";0.95;rule_heuristic;;…nı kullanın, ücretsiz HGS etiketi fırsatını yakalayın! Kampanya Tarihleri 1.04.2025 - 31.12.2025 Kampanya Süresi Doldu! [Kampanyayı Paylaş Facebook'da paylaş X'de paylaş LinkedIn'de paylaş Whatsapp'da paylaş Ücretsiz HGS etiketi kampanyası, dijitalden veya şubeden kullanılan araç finansmanları için geçerlidir.] Kampanya, 01.04.2025 tarihinden sonra kullanılan araç finansmanları için geçerlidir. Müşterilerimiz ücretsiz HGS etiket…;;;
kuveyt-turk--kampanya-arsivi-avansasta-1500-tlye-varan-indirim-ve-vade-farksiz-5-aya-varan-ta;kuveyt-turk;kampanya_kosullari;"[""Kampanyayı Paylaş Facebook'da paylaş X'de paylaş LinkedIn'de paylaş Whatsapp'da paylaş Kampanya Koşulları: Kuveyt Türk kredi kartlar, 30 Haziran 2026 tarihine kadar Avansas resmi web sitesi üzerinden yapacağınız alışverişlerinizde %10, toplamda 1.500 TL indirim ve peşin fiyatına 5 aya varan taksit imkanı sunuyor."", ""İndirim fırsatı tüm işlemler için geçerlidir."", ""Kampanya kazanımı müşteri bazlıdır ve her müşteri yalnızca bir kez faydalanabilir."", ""Kuveyt Türk ve Avansas kampanyayı dilediği zaman durdurma ve/veya kampanya koşullarını değiştirme hakkına sahiptir.""]";0.95;rule_heuristic;;… TL ve Üzeri Alışverişlerinize 1.500 TL İndirim İmkanı Kampanya Tarihleri 1.05.2026 - 30.06.2026 Kampanya Süresi Doldu! [Kampanyayı Paylaş Facebook'da paylaş X'de paylaş LinkedIn'de paylaş Whatsapp'da paylaş Kampanya Koşulları: Kuveyt Türk kredi kartlar, 30 Haziran 2026 tarihine kadar Avansas resmi web sitesi üzerinden yapacağınız alışverişlerinizde %10, toplamda 1.500 TL indirim ve peşin fiyatına 5 aya varan taksit imkanı sunuyor.] İndirim fırsatı tüm işlemler için geçerlidir. Kampanya kazanımı müşteri bazlıdır ve her müşteri yalnızca bir kez faydal…;;;
kuveyt-turk--kampanya-arsivi-business-plus-karttan-vade-farksiz-3-taksit-imkani;kuveyt-turk;masraf_durumu;"{""amount"": null, ""has_fee"": true}";0.95;rule_heuristic;;…. İşlemden önce kart üzerindeki taksit ve öteleme sayısının 0 olması gerekmektedir. Sonradan taksitlendirme hizmetinden [ücret] veya herhangi bir vade farkı alınmamaktadır. Taksitlendirmeye uygun işlemlerinizi Kuveyt Türk Mobil içerisindeki kart i…;;;
kuveyt-turk--kampanya-arsivi-business-plus-karttan-vade-farksiz-3-taksit-imkani;kuveyt-turk;odul_miktari;"{""currency"": ""TRY"", ""value"": 50000.0}";0.95;rule_heuristic;;…X'de paylaş LinkedIn'de paylaş Whatsapp'da paylaş Business Plus Kart ile her ekstre döneminizde yapacağınız 10.000₺ ile [50.000₺] arası tek çekim işlemlerinizi vade farksız olarak 3 aya kadar sonradan taksitlendirin! Kampanya her ekstre döneminde ak…;;;
kuveyt-turk--kampanya-arsivi-business-plus-karttan-vade-farksiz-3-taksit-imkani;kuveyt-turk;kampanya_kosullari;"[""Kampanyaya sadece Business Plus kartlarımız dahildir."", ""İşlemden önce kart üzerindeki taksit ve öteleme sayısının 0 olması gerekmektedir."", ""Kuveyt Türk önceden haber vermeden kampanya koşullarında değişiklik yapabilir ya da kampanyayı sonlandırabilir.""]";0.95;rule_heuristic;;"…m işlemlerinizi vade farksız olarak 3 aya kadar sonradan taksitlendirin! Kampanya her ekstre döneminde aktif olacaktır. [Kampanyaya sadece Business Plus kartlarımız dahildir.] Belirtilen kampanya dönemi içerisinde; Business Plus kartlar ile yapılacak 10.000₺ ile 50.000 ₺ arası tek çekim taksits…";;;
kuveyt-turk--kampanya-arsivi-business-plustan-1000-tl-indirim-firsati-scr;kuveyt-turk;odul_miktari;"{""currency"": ""TRY"", ""value"": 1000.0}";0.95;rule_heuristic;;…a 500 TL toplamda 1.000 TL indirim fırsatı. 10.000 TL ve üzeri harcamalara 500 TL indirim verilir. Bir müşteri en fazla [1.000 TL] indirim kazanabilir. Taksitli ya da taksitsiz fark etmeksizin tüm işlem türlerinde geçerlidir. Kampanyaya tüm Business …;;;
kuveyt-turk--kampanya-arsivi-dbs-fatura-odemelerinizde-100000-mil-firsati;kuveyt-turk;masraf_durumu;"{""amount"": 0.0, ""has_fee"": false}";0.95;rule_heuristic;;… hem Mil puan kazanma fırsatını yakalayın hem de 20 yaprak çek karnesi, 100 yaprak tahsile çek ve 10 adet HGS etiketini [ücretsiz] olarak alın! Her 100.000 TL fatura tahsilatı için müşterilerimize 1.000 Mil promosyon sunulacaktır. DBS fatura ödemeler…;;;
kuveyt-turk--kampanya-arsivi-dbs-fatura-odemelerinizde-100000-mil-firsati;kuveyt-turk;kampanya_kosullari;"[""Kampanyadan yararlanabilmek için Miles&Smiles Kuveyt Türk Business Kartı sahibi olma şartı bulunmaktadır."", ""Kampanya yalnızca belirlenmiş hedef kitleye özel olarak sunulmaktadır."", ""Kuveyt Türk, kampanya koşullarında önceden haber vermeksizin değişiklik yapma veya kampanyayı sonlandırma hakkını saklı tutar.""]";0.95;rule_heuristic;;… promosyon sunulacaktır. DBS fatura ödemelerinden kazanılabilecek Mil miktarı üst limiti 100.000 olarak belirlenmiştir. [Kampanyadan yararlanabilmek için Miles&Smiles Kuveyt Türk Business Kartı sahibi olma şartı bulunmaktadır.] Kampanya yalnızca belirlenmiş hedef kitleye özel olarak sunulmaktadır. Mil kazanımı, DBS fatura tahsilatı gerçekleştire…;;;
kuveyt-turk--konut;kuveyt-turk;kar_payi_orani;1.89;0.95;rule_heuristic;;Konut Finansmanı Kampanyası. Kuveyt Türk ile hayalinizdeki eve kavuşun. Konut finansmanında kâr payı oranı [%1,89]'dan başlayan oranlarla, 120 aya kadar vade imkânı. Tahsis ücreti 750 TL. Kampanya 31.12.2026 tarihine kadar geçerlidir.…;;;
kuveyt-turk--konut;kuveyt-turk;vade_ay;120;0.95;rule_heuristic;;…Kampanyası. Kuveyt Türk ile hayalinizdeki eve kavuşun. Konut finansmanında kâr payı oranı %1,89'dan başlayan oranlarla, [120 aya] kadar vade imkânı. Tahsis ücreti 750 TL. Kampanya 31.12.2026 tarihine kadar geçerlidir. Başvuru için şubelerimize veya …;;;
kuveyt-turk--konut;kuveyt-turk;tahsis_ucreti;"{""currency"": ""TRY"", ""value"": 750.0}";0.95;rule_heuristic;;… hayalinizdeki eve kavuşun. Konut finansmanında kâr payı oranı %1,89'dan başlayan oranlarla, 120 aya kadar vade imkânı. [Tahsis ücreti 750 TL]. Kampanya 31.12.2026 tarihine kadar geçerlidir. Başvuru için şubelerimize veya internet bankacılığına bekleriz.;;;
kuveyt-turk--konut;kuveyt-turk;masraf_durumu;"{""amount"": 750.0, ""has_fee"": true}";0.95;rule_heuristic;;… hayalinizdeki eve kavuşun. Konut finansmanında kâr payı oranı %1,89'dan başlayan oranlarla, 120 aya kadar vade imkânı. [Tahsis] ücreti 750 TL. Kampanya 31.12.2026 tarihine kadar geçerlidir. Başvuru için şubelerimize veya internet bankacılığına bek…;;;
kuveyt-turk--konut;kuveyt-turk;kampanya_suresi;2026-12-31;0.95;rule_heuristic;;…ut finansmanında kâr payı oranı %1,89'dan başlayan oranlarla, 120 aya kadar vade imkânı. Tahsis ücreti 750 TL. Kampanya [31.12.2026] tarihine kadar geçerlidir. Başvuru için şubelerimize veya internet bankacılığına bekleriz.;;;
tom-katilim--kampanyalar;tom-katilim;masraf_durumu;"{""amount"": 9.0, ""has_fee"": true}";0.95;rule_heuristic;;… uygulaması üzerinden kampanyalardan yararlanabileceğin, kazanç sağlayabileceğin özel bir üyelik programıdır. HADİ Gold [ücret]li midir? Hadi Gold, 9 TL karşılığında sana özel kampanyalardan yararlanıp, kazanç sağlayabileceğin özel bir üyelik prog…;;;
tom-katilim--kampanyalar;tom-katilim;odul_miktari;"{""currency"": ""TRY"", ""value"": 100.0}";0.95;rule_heuristic;;…50 TL ve üstü her restoran harcamasında %10 iade kazanılabilir. Kampanya döneminde günlük kazanılabilecek maksimum iade [100 TL], bir takvim ayında kazanılabilecek maksimum iade ise 500 TL, kampanya dönemi boyunca kazanılabilecek iade 2.500 TL ile …;;;
tom-katilim--kampanyalar;tom-katilim;kampanya_kosullari;"[""Kampanya Koşulları Kampanya 6 Mart-31 Ağustos 2026 tarihleri arasında yapılacak harcamalarda geçerlidir."", ""Kampanyadan yararlanmak için ilk harcamadan önce kampanya sayfasındaki \""Katıl\"" butonuna tıklanması gerekmektedir."", ""Kampanya sadece Hadi Black Kredi Kartı ile yapılan harcamalarda geçerli olup diğer Hadi Kredi Kartları ile yapılan harcamalar kampanyaya dahil değildir."", ""Kampanya sadece Cumartesi ve Pazar günlerinde yapılacak restoran harcamalarında geçerlidir."", ""Kampanya yalnızca yurt içinde yapılacak restoran ve online yemek siparişi harcamalarını kapsar."", ""İade tutarının yüklenebilmesi için yükleme tarihinde harcama yapılan Hadi Black Kredi Kartı'nın açık olması ve gecikme durumunda bulunmaması gerekmektedir."", ""Bank, kredi kartı limiti belirleme, kampanyayı durdurma, koşulları değiştirme veya iptal etme hakkını saklı tutar."", ""Kampanya Koşulları Kampanya 19.01.2026 – 30.09.2026 tarihleri arasında Hadi Black Kredi Kartı ile yapılacak özel okul ödemelerinde geçerlidir.""]";0.95;rule_heuristic;;"…tek seferde 750 TL üstü tüm haftasonu restoran harcamalarında, taaam %10 iade! Hemen kampanyaya katıl, kazanmaya başla! [Kampanya Koşulları Kampanya 6 Mart-31 Ağustos 2026 tarihleri arasında yapılacak harcamalarda geçerlidir.] Kampanyadan yararlanmak için ilk harcamadan önce kampanya sayfasındaki ""Katıl"" butonuna tıklanması gerekmektedir. Kampa…";;;
tom-katilim--kampanyalar-a101de-her-alisveriste-3-nakit-iade;tom-katilim;taksit_sayisi;3;0.95;rule_heuristic;;…lam 2000 TL'ye kadar A101 hediye bakiye kazan! Kampanya Detayı Hadi Black Kredi Kartı ile MTV Ödemelerinde Vade Farksız [3 taksit] fırsatını kaçırma! Kampanya Detayı Çok Kazananlar Kulübü Kat Kat Kazandıran Kampanyaları ile Seninle! Kampanya Detayı;;;
tom-katilim--kampanyalar-a101de-her-alisveriste-3-nakit-iade;tom-katilim;odul_miktari;"{""currency"": ""TRY"", ""value"": 125.0}";0.95;rule_heuristic;;…3'e varan nakit iade! Kampanya 31 Aralık 2026 tarihine kadar geçerlidir. Kampanya kapsamında bir takvim ayında en fazla [125 TL] nakit iade kazanılabilir Kampanyadan aynı gün içerisinde en fazla 5 farklı işlemden kazanım sağlanabilir. Kampanya kaps…;;;
tom-katilim--kampanyalar-a101de-her-alisveriste-3-nakit-iade;tom-katilim;kampanya_kosullari;"[""Hadi Kredi Kartları ile kazanım sağlamak için açık kredi kartına sahip olman gerekmektedir.""]";0.95;rule_heuristic;;…Kredi Kartları ile yapacağın işlemler için kazandığın nakit iadeler ortalama 5 gün içerisinde kredi kartına yansıtılır. [Hadi Kredi Kartları ile kazanım sağlamak için açık kredi kartına sahip olman gerekmektedir.] Henüz Hadi Kredi Kartları'ndan birine sahibi değilsen, başvurmak için TOM Bank Hadi uygulamasını ziyaret edebilirsin. A…;;;
tom-katilim--kampanyalar-cok-kazananlar-kulubu-kat-kat-kazandiran-kampanyalari-ile-seninle;tom-katilim;odul_miktari;"{""currency"": ""TRY"", ""value"": 3500.0}";0.95;rule_heuristic;;…ksız 3 taksit fırsatını kaçırma! Kampanya Detayı HADI Davet Koduyla TOM Bank Hadi Müşterisi Ol, Pegasus harcamalarından [3.500 TL]'ye varan iade kazan! Kampanya Detayı;;;
tom-katilim--kampanyalar-cok-kazananlar-kulubu-kat-kat-kazandiran-kampanyalari-ile-seninle;tom-katilim;kampanya_kosullari;"[""Çok Kazananlar Kulubüne katılmak çok kolay, Hadi Black Kredi Kartı'na sahip ol, minimum 10.000 TL bakiye ile Mega Günlük Hesap aç, veee Kazananlar Kulubü'ne HOŞ GELDİN!"", ""Çok Kazananlar Kulubüne katılım Hadi Black Kredi Kartı ve minimum 10.000 TL tutarında Mega Günlük Hesap açılışının sonraki günü gerçekleşir ve kampanya faydaları bu tarih itibari ile katlanmaya başlar."", ""Çok Kazananlar Kulübü kapsamında aranan minimum 10.000 TL Mega Günlük Hesap bakiyesi, her ayın 15."", ""Bu kontrol tarihlerinde koşulların sağlanması halinde, ilgili ay boyunca Çok Kazananlar Kulübü üyesi olarak değerlendirilir."", ""Çok Kazananlar Kulübüne katılma koşullarında yer alan ürünlerden birinin kapatılması durumunda, ürünün kapatıldığı günün ertesi günü kulüp üyeliği sona erer."", ""Kulüp üyeliğinden çıkarılan müşteriler, aynı takvim ayı içerisinde, katılım şartlarını sağlasalar dahi kulübe giriş yapamazlar."", ""O gün kulüp koşulları sağlandığı durumda, müşteri kulübe yeniden katılmış olur."", ""Çok Kazananlar Kulübü ek faydaları, yalnızca Hadi Black Kredi Kartı harcamaları için geçerlidir.""]";0.95;rule_heuristic;;…ulübe özel çok kazandıran kampanyaları incelemeyi unutma! Kampanya Detay: Çok Kazananlar Kulubüne üye ol kat kat kazan! [Çok Kazananlar Kulubüne katılmak çok kolay, Hadi Black Kredi Kartı'na sahip ol, minimum 10.000 TL bakiye ile Mega Günlük Hesap aç, veee Kazananlar Kulubü'ne HOŞ GELDİN!] Kulübe katılmak ve ek faydalardan yararlanmak için Çok Kazananlar Kulübü kampanyasına katılmayı unutma! Çok Kazananlar …;;;
tom-katilim--kampanyalar-cok-kazananlar-kulubu-kat-kat-kazandiran-kampanyalari-ile-seninle;tom-katilim;hedef_kitle;"[""yeni_musteri""]";0.95;rule_heuristic;;…kolay, Hadi Black Kredi Kartı'na sahip ol, minimum 10.000 TL bakiye ile Mega Günlük Hesap aç, veee Kazananlar Kulubü'ne [HOŞ GELDİN]! Kulübe katılmak ve ek faydalardan yararlanmak için Çok Kazananlar Kulübü kampanyasına katılmayı unutma! Çok Kazananlar…;;;
turkiye-emlak-katilim--bireysel-kampanyalar;turkiye-emlak-katilim;masraf_durumu;"{""amount"": null, ""has_fee"": true}";0.95;rule_heuristic;;…BİLGİ Hızlı Çiçek'te Tüm İndirimlere Ek %20 İndirim Fırsatı! DETAYLI BİLGİ Emlak Katılım Paraf'tan Trendyol Plus Üyelik [Ücret]iniz İade! DETAYLI BİLGİ Emlak Katılım Paraf'tan tabii Premium Üyeliği Hediye! DETAYLI BİLGİ Uçak Bileti Harcamalarınıza…;;;
turkiye-emlak-katilim--bireysel-kampanyalar;turkiye-emlak-katilim;odul_miktari;"{""currency"": ""TRY"", ""value"": 500.0}";0.95;rule_heuristic;;…z Politikası'nı hazırlanmıştır. Kampanyalar Ana sayfa Bireysel Kampanyalar MTV Ödemenizi Emlak Katılım Mobil'den Yapın, [500 TL]'ye Varan Nakit İade Kazanın! DETAYLI BİLGİ Biletinial'da %20 indirim! DETAYLI BİLGİ Marina Mayo'da Tüm Ürünlerde %15 İn…;;;
turkiye-emlak-katilim--bireysel-kampanyalar;turkiye-emlak-katilim;indirim_orani;20.0;0.95;rule_heuristic;;…mpanyalar MTV Ödemenizi Emlak Katılım Mobil'den Yapın, 500 TL'ye Varan Nakit İade Kazanın! DETAYLI BİLGİ Biletinial'da %[20] indirim! DETAYLI BİLGİ Marina Mayo'da Tüm Ürünlerde %15 İndirim! DETAYLI BİLGİ Modanisa'da Tüm İndirimlere Ek %15 İndir…;;;
turkiye-emlak-katilim--bireysel-kampanyalar;turkiye-emlak-katilim;hedef_kitle;"[""belirli_segment"", ""mevcut_musteri""]";0.95;rule_heuristic;;…da Vade Farksız 6 Taksit! DETAYLI BİLGİ Paraf ile A101'de Vade Farksız 6 Aya Varan Taksit Fırsatı! DETAYLI BİLGİ Emekli [Müşterilerimize Özel] Ayrıcalıklar DETAYLI BİLGİ × Your browser does not support the audio element.;;;
turkiye-emlak-katilim--kampanya-akaryakit-harcamalariniza-300-tl-parafpara;turkiye-emlak-katilim;masraf_durumu;"{""amount"": 0.0, ""has_fee"": false}";0.95;rule_heuristic;;"… başarılı sayılabilmesi için banka sisteminde adınıza tanımlı telefon numarasından katılım sağlanmalıdır. Katılım SMS'i [ücretsiz] olup; kampanyaya katılabilmek için SMS'in Turkcell, Vodafone veya Türk Telekom operatörleri üzerinden ve yurt içinden g…";;;
turkiye-emlak-katilim--kampanya-akaryakit-harcamalariniza-300-tl-parafpara;turkiye-emlak-katilim;odul_miktari;"{""currency"": ""TRY"", ""value"": 300.0}";0.95;rule_heuristic;;…plam 300 TL ParafPara verilecektir. Kampanya müşteri bazlı olup, bir müşteri kampanyaya bir kez katılabilir ve en fazla [300 TL] ParafPara kazanabilir. Aynı gün aynı iş yerinden yapılacak harcamaların ilki kampanyaya dahildir. Bir kart ile kampanya…;;;
turkiye-emlak-katilim--kampanya-akaryakit-harcamalariniza-300-tl-parafpara;turkiye-emlak-katilim;kampanya_kosullari;"[""Kampanyaya katılmak için \""AKARYAKIT\"" yazıp 6026'ya SMS gönderilmesi gerekmektedir."", ""Katılım SMS'i ücretsiz olup; kampanyaya katılabilmek için SMS'in Turkcell, Vodafone veya Türk Telekom operatörleri üzerinden ve yurt içinden gönderilmesi gerekmektedir."", ""Kampanya Koşulları Kampanya 1 -31 Temmuz 2026 tarihleri arasında geçerlidir."", ""Kampanya kapsamında kazanılan ParafPara'lar, kampanyayı takip eden ayın 14‘ünde, kampanya koşullarını sağlayan müşterilerimizin işlem yaptığı ve kullanıma açık kartına yansıtılacaktır."", ""Türkiye Emlak Katılım Bankası A.Ş. kampanyayı dilediği zaman durdurma ve/veya kampanya koşullarını değiştirme hakkına sahiptir. × Your browser does not support the audio element.""]";0.95;rule_heuristic;;"…ra! Akaryakıt Harcamalarınıza 300 TL ParafPara! Akaryakıt Harcamalarınıza 300 TL ParafPara! Kampanyaya Nasıl Katılırım? [Kampanyaya katılmak için ""AKARYAKIT"" yazıp 6026'ya SMS gönderilmesi gerekmektedir.] Kampanya katılımının başarılı sayılabilmesi için banka sisteminde adınıza tanımlı telefon numarasından katılım sağlanma…";;;
turkiye-emlak-katilim--kampanya-enterprise-arac-kiralamalarinda-35-indirim-firsati;turkiye-emlak-katilim;indirim_orani;35.0;0.95;rule_heuristic;;…cıyla işbu Çerez Politikası'nı hazırlanmıştır. Ana sayfa Bireysel Kampanyalar Kampanya Enterprise Araç Kiralamalarında %[35] İndirim Fırsatı! Enterprise Araç Kiralamalarında %35 İndirim Fırsatı! Enterprise Araç Kiralamalarında %35 İndirim Fırsa…;;;
turkiye-emlak-katilim--kampanya-enterprise-arac-kiralamalarinda-35-indirim-firsati;turkiye-emlak-katilim;kampanya_suresi;2026-12-31;0.95;rule_heuristic;;…hangi bir üyelik veya ek kayıt işlemi gerekmemektedir. Kampanya Koşulları Liste fiyatı üzerinden %35 indirim kampanyası [31.12.2026] tarihine kadar Türkiye'deki tüm Enterprise ofislerinde online kiralamalarda geçerlidir. Kampanya, web sitesi banka iş b…;;;
turkiye-emlak-katilim--kampanya-enterprise-arac-kiralamalarinda-35-indirim-firsati;turkiye-emlak-katilim;kampanya_kosullari;"[""Kampanya Koşulları Liste fiyatı üzerinden %35 indirim kampanyası 31.12.2026 tarihine kadar Türkiye'deki tüm Enterprise ofislerinde online kiralamalarda geçerlidir."", ""Kampanya koşulları ve indirim oranları rezervasyon ekranında görüntülenecektir."", ""Ödeme yapılacak kartın, kiralayan kişi adına olması gereklidir."", ""Kampanya farklı kampanyalarla birleştirilemez ve tek seferde maksimum 27 günlük kiralama yapılabilir Kampanya kapsamındaki indirim yalnızca araç kiralamalarında geçerlidir, hiçbir ek hizmet için geçerli değildir."", ""Araç kiralamalarında Enterprise Rent-A-Car genel kiralama koşulları geçerlidir."", ""Koşullara Kiralama Sözleşmesi'nden ulaşabilirsiniz."", ""Enterprise Türkiye önceden haber vermeksizin kampanya koşullarını değiştirme hakkını saklı tutar."", ""Türkiye Emlak Katılım Bankası A.Ş. ve Enterprise Türkiye önceden haber vermeksizin kampanya koşullarını değiştirme hakkını saklı tutar. × Your browser does not support the audio element.""]";0.95;rule_heuristic;;…amasında kart doğrulaması ile otomatik olarak uygulanacaktır. Herhangi bir üyelik veya ek kayıt işlemi gerekmemektedir. [Kampanya Koşulları Liste fiyatı üzerinden %35 indirim kampanyası 31.12.2026 tarihine kadar Türkiye'deki tüm Enterprise ofislerinde online kiralamalarda geçerlidir.] Kampanya, web sitesi banka iş birliğimiz sayfası üzerinden yapılan kiralamalarda geçerlidir. Kampanya koşulları ve indi…;;;
turkiye-emlak-katilim--kampanya-giyim-ve-kozmetik-alisverislerinize-1000-tl-parafpara;turkiye-emlak-katilim;finansman_tutari;"{""currency"": ""TRY"", ""value"": 500.0}";0.95;rule_heuristic;;…erilecektir. Kampanya müşteri bazlı olup bir müşteri kampanyadan bir defa yararlanabilir ve ilk alışveriş tutarına göre [500 TL] ya da 1.000 TL ParafPara tutarından sadece birini kazanabilir. Kampanyaya katılmak için harcama yapmadan önce Paraf Mob…;;;
turkiye-emlak-katilim--kampanya-giyim-ve-kozmetik-alisverislerinize-1000-tl-parafpara;turkiye-emlak-katilim;masraf_durumu;"{""amount"": 0.0, ""has_fee"": false}";0.95;rule_heuristic;;"… başarılı sayılabilmesi için banka sisteminde adınıza tanımlı telefon numarasından katılım sağlanmalıdır. Katılım SMS'i [ücretsiz] olup; kampanyaya katılabilmek için SMS'in Turkcell, Vodafone veya Türk Telekom operatörleri üzerinden ve yurt içinden g…";;;
turkiye-emlak-katilim--kampanya-giyim-ve-kozmetik-alisverislerinize-1000-tl-parafpara;turkiye-emlak-katilim;kampanya_kosullari;"[""Kampanyaya katılmak için \""GIYIM2\"" yazıp 6026'ya SMS gönderilmesi gerekmektedir."", ""Katılım SMS'i ücretsiz olup; kampanyaya katılabilmek için SMS'in Turkcell, Vodafone veya Türk Telekom operatörleri üzerinden ve yurt içinden gönderilmesi gerekmektedir."", ""Kampanya Koşulları Kampanya 1-31 Temmuz 2026 tarihleri arasında geçerlidir."", ""Kampanya müşteri bazlı olup bir müşteri kampanyadan bir defa yararlanabilir ve ilk alışveriş tutarına göre 500 TL ya da 1.000 TL ParafPara tutarından sadece birini kazanabilir."", ""Kampanyaya katılmak için harcama yapmadan önce Paraf Mobil veya Halkbank Mobil uygulamamızın Paraf kart kampanyaları alanında yer alan HEMEN KATIL butonuna tıklanması gerekmektedir."", ""Birden fazla kampanya koşulunun aynı anda sağlanması halinde, hak kazanılan en yüksek tutarlı ödül yüklenir."", ""Müşterinin kampanya dönemi içerisinde gerçekleştirdiği farklı işlemler, ilgili tutar koşullarını sağlamaları halinde kendi kampanyaları kapsamında ayrıca ödüllendirilecektir."", ""Kampanya kapsamında kazanılan ParafPara'lar, kampanyayı takip eden ayın 14‘ünde, kampanya koşullarını sağlayan müşterilerimizin işlem yaptığı ve kullanıma açık kartına yansıtılacaktır.""]";0.95;rule_heuristic;;"…ışverişlerinize 1.000 TL ParafPara! Giyim ve Kozmetik Alışverişlerinize 1.000 TL ParafPara! Kampanyaya Nasıl Katılırım? [Kampanyaya katılmak için ""GIYIM2"" yazıp 6026'ya SMS gönderilmesi gerekmektedir.] Kampanya katılımının başarılı sayılabilmesi için banka sisteminde adınıza tanımlı telefon numarasından katılım sağlanma…";;;
turkiye-emlak-katilim--kampanya-market-alisverislerinize-700-tl-parafpara;turkiye-emlak-katilim;masraf_durumu;"{""amount"": 0.0, ""has_fee"": false}";0.95;rule_heuristic;;"… başarılı sayılabilmesi için banka sisteminde adınıza tanımlı telefon numarasından katılım sağlanmalıdır. Katılım SMS'i [ücretsiz] olup; kampanyaya katılabilmek için SMS'in Turkcell, Vodafone veya Türk Telekom operatörleri üzerinden ve yurt içinden g…";;;
turkiye-emlak-katilim--kampanya-market-alisverislerinize-700-tl-parafpara;turkiye-emlak-katilim;odul_miktari;"{""currency"": ""TRY"", ""value"": 700.0}";0.95;rule_heuristic;;…amda 700 TL ParafPara verilecektir. Kampanya müşteri bazlı olup, bir müşteri kampanyaya bir kez katılabilir ve en fazla [700 TL] ParafPara kazanabilir. Bir kart ile kampanyaya katılım yapıldığında müşterinin tüm kartları kampanyaya dahil olur. Hede…;;;
turkiye-emlak-katilim--kampanya-market-alisverislerinize-700-tl-parafpara;turkiye-emlak-katilim;kampanya_kosullari;"[""Kampanyaya katılmak için \"" GIDA2 \"" yazıp 6026'ya SMS gönderilmesi gerekmektedir."", ""Katılım SMS'i ücretsiz olup; kampanyaya katılabilmek için SMS'in Turkcell, Vodafone veya Türk Telekom operatörleri üzerinden ve yurt içinden gönderilmesi gerekmektedir."", ""Kampanya Koşulları Kampanya 1-31 Temmuz 2026 tarihleri arasında geçerlidir."", ""Birden fazla kampanya koşulunun aynı anda sağlanması halinde, hak kazanılan en yüksek tutarlı ödül yüklenir."", ""Müşterinin kampanya dönemi içerisinde gerçekleştirdiği farklı işlemler, ilgili tutar koşullarını sağlamaları halinde kendi kampanyaları kapsamında ayrıca ödüllendirilecektir."", ""Kampanya kapsamında kazanılan ParafPara'lar, kampanyayı takip eden ayın 14‘ünde, kampanya koşullarını sağlayan müşterilerimizin işlem yaptığı ve kullanıma açık kartına yansıtılacaktır."", ""Türkiye Emlak Katılım Bankası A.Ş. kampanyayı dilediği zaman durdurma ve/veya kampanya koşullarını değiştirme hakkına sahiptir. × Your browser does not support the audio element.""]";0.95;rule_heuristic;;"…panya Market Alışverişlerinize 700 TL ParafPara! Market Alışverişlerinize 700 TL ParafPara! Kampanyaya Nasıl Katılırım? [Kampanyaya katılmak için "" GIDA2 "" yazıp 6026'ya SMS gönderilmesi gerekmektedir.] Kampanya katılımının başarılı sayılabilmesi için banka sisteminde adınıza tanımlı telefon numarasından katılım sağlanma…";;;
turkiye-emlak-katilim--kampanya-modanisada-tum-indirimlere-ek-15-indirim-firsati;turkiye-emlak-katilim;indirim_orani;15.0;0.95;rule_heuristic;;…acıyla işbu Çerez Politikası'nı hazırlanmıştır. Ana sayfa Bireysel Kampanyalar Kampanya Modanisa'da Tüm İndirimlere Ek %[15] İndirim Fırsatı! Modanisa'da Tüm İndirimlere Ek %15 İndirim Fırsatı! Modanisa'da Tüm İndirimlere Ek %15 İndirim Fırsatı…;;;
turkiye-emlak-katilim--kampanya-modanisada-tum-indirimlere-ek-15-indirim-firsati;turkiye-emlak-katilim;kampanya_kosullari;"[""İndirimden yararlanabilmek için sepette indirim kodu kutucuğunda \""Farklı Bir Kuponum Var\"" seçilerek \"" EKB15 \"" kampanya kodunun ilgili alana girilmesi gerekmektedir."", ""Kampanya Koşulları Kampanyadan faydalanmak için modanisa.com'a üye olunması gerekmektedir."", ""Bir alışverişte sadece bir adet indirim kodu kullanılabilir, kodlar tek kullanımlıktır, bölünemez."", ""Emlak Katılım Bankası A.Ş. ve Modanisa Elektronik Mağazacılık ve Ticaret A.Ş. kampanya koşullarında değişiklik yapma ve kampanyayı durdurma hakkına sahiptir. × Your browser does not support the audio element.""]";0.95;rule_heuristic;;"…Tüm İndirimlere Ek %15 İndirim Fırsatı! Modanisa'da Tüm İndirimlere Ek %15 İndirim Fırsatı! Kampanyaya Nasıl Katılırım? [İndirimden yararlanabilmek için sepette indirim kodu kutucuğunda ""Farklı Bir Kuponum Var"" seçilerek "" EKB15 "" kampanya kodunun ilgili alana girilmesi gerekmektedir.] İndirim, ödeme aşamasında kart doğrulaması ile otomatik olarak uygulanacaktır. Herhangi bir üyelik veya ek kayıt işlemi…";;;
turkiye-emlak-katilim--kampanya-paraf-ile-adv-magazalarinda-1000-tl-parafpara;turkiye-emlak-katilim;masraf_durumu;"{""amount"": 0.0, ""has_fee"": false}";0.95;rule_heuristic;;"… başarılı sayılabilmesi için banka sisteminde adınıza tanımlı telefon numarasından katılım sağlanmalıdır. Katılım SMS'i [ücretsiz] olup; kampanyaya katılabilmek için SMS'in Turkcell, Vodafone veya Türk Telekom operatörleri üzerinden ve yurt içinden g…";;;
turkiye-emlak-katilim--kampanya-paraf-ile-adv-magazalarinda-1000-tl-parafpara;turkiye-emlak-katilim;odul_miktari;"{""currency"": ""TRY"", ""value"": 1000.0}";0.95;rule_heuristic;;…k 10.000 TL ve üzeri ilk alışverişe 1.000 TL ParafPara verilecektir. Kampanya dönemi boyunca bir müşteri sadece bir kez [1.000 TL] ParafPara kazanabilecektir. Ödül kazanımına ilişkin bilgi SMS ile bildirilecektir. Kazanılan ParafPara'ların son kullan…;;;
turkiye-emlak-katilim--kampanya-paraf-ile-adv-magazalarinda-1000-tl-parafpara;turkiye-emlak-katilim;kampanya_kosullari;"[""Kampanyaya katılmak için \"" ADV \"" yazıp 6026'ya SMS gönderilmesi gerekmektedir."", ""Katılım SMS'i ücretsiz olup; kampanyaya katılabilmek için SMS'in Turkcell, Vodafone veya Türk Telekom operatörleri üzerinden ve yurt içinden gönderilmesi gerekmektedir."", ""Kampanya Koşulları 01-31 Temmuz 2026 tarihleri arasında ADV mağazalarında Paraf POS'undan tek seferde yapılacak 10.000 TL ve üzeri ilk alışverişe 1.000 TL ParafPara verilecektir."", ""Kampanya dönemi boyunca bir müşteri sadece bir kez 1.000 TL ParafPara kazanabilecektir."", ""Türkiye Emlak Katılım Bankası A.Ş. kampanyayı dilediği zaman durdurma ve/veya kampanya koşullarını değiştirme hakkına sahiptir."", ""Kampanya kapsamında kazanılan ParafPara'lar, kampanyayı takip eden ayın 10‘unde, kampanya koşullarını sağlayan müşterilerimizin işlem yaptığı ve kullanıma açık kartına yansıtılacaktır.""]";0.95;rule_heuristic;;"…raf ile ADV mağazalarında 1.000 TL ParafPara Paraf ile ADV mağazalarında 1.000 TL ParafPara Kampanyaya Nasıl Katılırım? [Kampanyaya katılmak için "" ADV "" yazıp 6026'ya SMS gönderilmesi gerekmektedir.] Kampanya katılımının başarılı sayılabilmesi için banka sisteminde adınıza tanımlı telefon numarasından katılım sağlanma…";;;
turkiye-emlak-katilim--kampanya-paraf-ile-alfemoda-8-taksit-firsati;turkiye-emlak-katilim;kampanya_kosullari;"[""Yapmak istediğiniz taksit sayısını satış görevlisine bildirmeniz gerekmektedir."", ""Türkiye Emlak Katılım Bankası A.Ş. kampanya koşullarının tamamında değişiklik yapma ve/veya kampanyayı durdurma hakkını saklı tutar. × Your browser does not support the audio element.""]";0.95;rule_heuristic;;…de 8 taksit imkanı sağlanacaktır. Mağazalardan yapılacak alışverişlere sistem tarafından artı taksit uygulanmayacaktır. [Yapmak istediğiniz taksit sayısını satış görevlisine bildirmeniz gerekmektedir.] Kampanyadan Emlak Katılım Paraf ve Emlak Katılım Paraf Premium kartlar faydalanabilecektir. Sanal ve ek kartlar kampany…;;;
turkiye-emlak-katilim--kampanya-paraf-ile-caspercomtrde-pesin-fiyatina-6-taksit-firsati;turkiye-emlak-katilim;masraf_durumu;"{""amount"": null, ""has_fee"": true}";0.95;rule_heuristic;;… ve iade edilen işlemler kampanyaya dahil edilmeyecektir. Yasal mevzuat gereği, mal veya hizmet alımı sonrası belli bir [ücret] karşılığı borcun taksitlendirilmesi veya ödemenin ertelendiği dönemler de dâhil olmak üzere, kredi kartları ile gerçekl…;;;
turkiye-emlak-katilim--kampanya-paraf-ile-caspercomtrde-pesin-fiyatina-6-taksit-firsati;turkiye-emlak-katilim;kampanya_suresi;2026-07-31;0.95;rule_heuristic;;…Paraf ile Casper.com.tr'de Peşin Fiyatına 6 Taksit Fırsatı! Paraf ile Casper.com.tr'de Peşin Fiyatına 6 Taksit Fırsatı! [31 Temmuz 2026] tarihine kadar www.casper.com.tr web adresinde Paraf üye işyerlerinden yapılacak alışverişlerinize peşin fiyatına 6 tak…;;;
turkiye-emlak-katilim--kampanya-paraf-ile-caspercomtrde-pesin-fiyatina-6-taksit-firsati;turkiye-emlak-katilim;kampanya_kosullari;"[""Taksit kampanyasından yararlanabilmek için işlem anında 6 taksitin seçilmesi gerekmektedir."", ""Türkiye Emlak Katılım Bankası A.Ş. kampanya koşullarının tamamında değişiklik yapma ve/veya kampanyayı durdurma hakkını saklı tutar. × Your browser does not support the audio element.""]";0.95;rule_heuristic;;…r.com.tr web adresinde Paraf üye işyerlerinden yapılacak alışverişlerinize peşin fiyatına 6 taksit imkanı sunulacaktır. [Taksit kampanyasından yararlanabilmek için işlem anında 6 taksitin seçilmesi gerekmektedir.] İşlem gerçekleştikten sonra artı taksit uygulanmayacaktır. Kampanyadan Emlak Katılım Paraf ve Emlak Katılım Paraf Premi…;;;
turkiye-emlak-katilim--kampanya-paraf-ile-damat-tweende-6-aya-varan-taksit-firsati;turkiye-emlak-katilim;taksit_sayisi;6;0.95;rule_heuristic;;…Debit kartlar ve ParafPara kullanarak yapılan işlemler kampanyaya dahil değildir. Mağazalardan yapılacak alışverişlerde [6 taksit]ten yararlanabilmek için kampanyanın satış görevlisine belirtilmesi gerekmektedir. Debit kartlar ve ParafPara kullanarak…;;;
turkiye-emlak-katilim--kampanya-paraf-ile-damat-tweende-6-aya-varan-taksit-firsati;turkiye-emlak-katilim;kampanya_suresi;2026-12-31;0.95;rule_heuristic;;…alar Kampanya Paraf ile Damat Tween'de 6 Aya Varan Taksit Fırsatı! Paraf ile Damat Tween'de 6 Aya Varan Taksit Fırsatı! [31 Aralık 2026] tarihine kadar Damat Tween mağazalarında Paraf POS'larından yapılacak alışverişlerde 6 aya varan taksit imkanı sunulaca…;;;
turkiye-emlak-katilim--kampanya-paraf-ile-damat-tweende-6-aya-varan-taksit-firsati;turkiye-emlak-katilim;kampanya_kosullari;"[""Mağazalardan yapılacak alışverişlerde 6 taksitten yararlanabilmek için kampanyanın satış görevlisine belirtilmesi gerekmektedir."", ""Türkiye Emlak Katılım Bankası A.Ş. kampanya koşullarının tamamında değişiklik yapma ve/veya kampanyayı durdurma hakkını saklı tutar. × Your browser does not support the audio element.""]";0.95;rule_heuristic;;…sahipleri kampanyadan yararlanabilir. Debit kartlar ve ParafPara kullanarak yapılan işlemler kampanyaya dahil değildir. [Mağazalardan yapılacak alışverişlerde 6 taksitten yararlanabilmek için kampanyanın satış görevlisine belirtilmesi gerekmektedir.] Debit kartlar ve ParafPara kullanarak yapılan işlemler kampanyaya dahil değildir. Türkiye Emlak Katılım Bankası A.Ş. ka…;;;
turkiye-emlak-katilim--kampanya-paraf-ile-divaresede-4-taksit-firsati;turkiye-emlak-katilim;kampanya_suresi;2026-07-31;0.95;rule_heuristic;;…Ana sayfa Bireysel Kampanyalar Kampanya Paraf ile Divarese'de 4 Taksit Fırsatı! Paraf ile Divarese'de 4 Taksit Fırsatı! [31 Temmuz 2026] tarihine kadar Divarese mağazaları ve www.divarese.com.tr'de Paraf POS'larından yapılacak alışverişlerde 4 taksit imkan…;;;
turkiye-emlak-katilim--kampanya-paraf-ile-divaresede-4-taksit-firsati;turkiye-emlak-katilim;kampanya_kosullari;"[""Mağazalardan yapılacak alışverişlerde 4 taksitten yararlanabilmek için kampanyanın satış görevlisine belirtilmesi gerekmektedir."", ""Türkiye Emlak Katılım Bankası A.Ş. kampanya koşullarının tamamında değişiklik yapma ve/veya kampanyayı durdurma hakkını saklı tutar. × Your browser does not support the audio element.""]";0.95;rule_heuristic;;…Divarese mağazaları ve www.divarese.com.tr'de Paraf POS'larından yapılacak alışverişlerde 4 taksit imkanı sunulacaktır. [Mağazalardan yapılacak alışverişlerde 4 taksitten yararlanabilmek için kampanyanın satış görevlisine belirtilmesi gerekmektedir.] Kampanyadan Emlak Katılım Paraf ve Emlak Katılım Paraf Premium kartlar faydalanabilecektir. Sanal ve ek kartlar kampany…;;;
turkiye-emlak-katilim--kampanya-paraf-ile-ds-damatta-6-aya-varan-taksit-firsati;turkiye-emlak-katilim;taksit_sayisi;6;0.95;rule_heuristic;;…Debit kartlar ve ParafPara kullanarak yapılan işlemler kampanyaya dahil değildir. Mağazalardan yapılacak alışverişlerde [6 taksit]ten yararlanabilmek için kampanyanın satış görevlisine belirtilmesi gerekmektedir. Türkiye Emlak Katılım Bankası A.Ş. ka…;;;
turkiye-emlak-katilim--kampanya-paraf-ile-ds-damatta-6-aya-varan-taksit-firsati;turkiye-emlak-katilim;kampanya_kosullari;"[""Mağazalardan yapılacak alışverişlerde 6 taksitten yararlanabilmek için kampanyanın satış görevlisine belirtilmesi gerekmektedir."", ""Türkiye Emlak Katılım Bankası A.Ş. kampanya koşullarının tamamında değişiklik yapma ve/veya kampanyayı durdurma hakkını saklı tutar. × Your browser does not support the audio element.""]";0.95;rule_heuristic;;…sahipleri kampanyadan yararlanabilir. Debit kartlar ve ParafPara kullanarak yapılan işlemler kampanyaya dahil değildir. [Mağazalardan yapılacak alışverişlerde 6 taksitten yararlanabilmek için kampanyanın satış görevlisine belirtilmesi gerekmektedir.] Türkiye Emlak Katılım Bankası A.Ş. kampanya koşullarının tamamında değişiklik yapma ve/veya kampanyayı durdurma hakkını…;;;
turkiye-finans--bireysel-arsa-finansmani;turkiye-finans;tahsis_ucreti;"{""currency"": ""TRY"", ""value"": 3.0}";0.95;rule_heuristic;;…elge isteme hakkına sahiptir. Kefil için de aynı belgeler talep edilecektir. Arsa Finansmanı (Sigortalı) Vade Kâr Oranı [Tahsis Ücreti Aylık Toplam Maliyet Yıllık Toplam Maliyet 3 4,67% 0,50% 19],24% 726,26% 6 4,63% 0,50% 13,66% 365,04% 12 4,48% 0,50% 10,16% 219,52% 18 4,44% 0,50% 8,93% 179,11% 24 4,40% 0,50% 8,28…;;;
turkiye-finans--bireysel-arsa-finansmani;turkiye-finans;masraf_durumu;"{""amount"": null, ""has_fee"": true}";0.95;rule_heuristic;;… Et Ana Menüye Git İçeriğe Git Bölüm Menüsüne Git İçeriğe Git English العربية Şube ve ATM'ler Hakkımızda Ürün ve Hizmet [Ücret]leri Müşteri Ol İnternet Şubesi Bireysel Kurumsal Dijital Şifre Al Bireysel İhtiyaç Finansmanı Hızlı Finansman Taşıt Fin…;;;
turkiye-finans--bireysel-arsa-finansmani;turkiye-finans;alisveris_puani;"{""kind"": ""points"", ""value"": 10.0}";0.95;rule_heuristic;;…arı Enflasyon Nedir? Nasıl Hesaplanır? 3D Secure Nedir, Ne İşe Yarar? Kredi Notu (Kredi Puanı) Nedir? Türkiye Finans'ın [10]0'ünde Gelecek Olan 5 Üyesi Cumhuriyetimizin Unutulmaz 100'leri Bankacılığın Tarihçesi ve Türkiye'de Bankacılık Türleri …;;;
turkiye-finans--bireysel-arsa-finansmani;turkiye-finans;kampanya_kosullari;"[""Türkiye Finans'ın 100'ünde Gelecek Olan 5 Üyesi Cumhuriyetimizin Unutulmaz 100'leri Bankacılığın Tarihçesi ve Türkiye'de Bankacılık Türleri Dijital Dünyada Güvenlik İçin Temel İpuçları Avrupa Yeşil Mutabakatı: Sürdürülebilir Ekonomiler İçin Yol Haritası 2023'ü Geride Bırakırken DASK - Zorunlu Deprem Sigortası Nedir?"", ""EN YAKIN ŞUBE HESAPLAMA ARAÇLARI Başvuru için Gerekli Belgeler Nüfus cüzdanı veya ehliyet, Gelir belgesi/maaş bordrosu, Serbest meslek sahipleri ve işletme sahipleri için son yıla ait vergi levhası ve onaylı bilanço, gelir tabloları, mizan, imza sirküleri, kuruluş ve en son ortaklık payını gösteren Ticaret Sicil Gazetesi, Finansmana konu ürünün proforma faturası."", ""Satın alınacak konuta ait kat mülkiyeti veya kat irtifakı tapusu ve yapı kullanım izin belgesi Ücretli çalışan kişiler için, maaş bordrosu antetli kağıt ile bildiriliyor ise firmanın imza sirküleri beyanı gerekmektedir."", ""Banka gerekli gördüğü durumlarda kefil ve ek belge isteme hakkına sahiptir."", ""Maliyet tablosu hesaplamasında yer alan kar oranları; Finansman Ferdi Kaza Sigortası ürünlerinin tamamının finansman başvurusu ile birlikte alınması şartıyla uygulanmaktadır."", ""Arsa Finansmanının (Arsa Kredisi)* maksimum vadesi 60 ay olup, Banka tarafından belirlenen finansman tahsisindeki özel şartların sağlanması halinde 84 aya kadar vade seçeneği sunulabilir."", ""Ekspertiz ücreti minimum maliyetler üzerinden hesaplanmış olup Ekspertiz ücreti Resmi Kurumlara ödenen harç miktarına, taşınmazın alanına, mevcut durumuna ve bulunduğu lokasyona göre değişebilmektedir.Gayrimenkulün bulunduğu lokasyona bağlı olarak ekspertiz firmasına ödenen meblağ arttığında, müşteriden tahsil edilecek ekspertiz ücreti de artacaktır.""]";0.95;rule_heuristic;;…ra Biriktirme Yolları Enflasyon Nedir? Nasıl Hesaplanır? 3D Secure Nedir, Ne İşe Yarar? Kredi Notu (Kredi Puanı) Nedir? [Türkiye Finans'ın 100'ünde Gelecek Olan 5 Üyesi Cumhuriyetimizin Unutulmaz 100'leri Bankacılığın Tarihçesi ve Türkiye'de Bankacılık Türleri Dijital Dünyada Güvenlik İçin Temel İpuçları Avrupa Yeşil Mutabakatı: Sürdürülebilir Ekonomiler İçin Yol Haritası 2023'ü Geride Bırakırken DASK - Zorunlu Deprem Sigortası Nedir?] Sağlık Sigortası Nedir? Neden Sağlık Sigortası Yaptırmalıyız? Katılma Hesabı Nedir, Nasıl Açılır? Sürdürülebilir Bir Ge…;;;
turkiye-finans--bireysel-arsa-finansmani;turkiye-finans;hedef_kitle;"[""belirli_segment"", ""maas_musterisi"", ""yeni_musteri""]";0.95;rule_heuristic;;…bı Nedir, Nasıl Açılır? Sürdürülebilir Bir Geleceğin Anahtarı: Net Sıfır Hedefi Tüm Renkleri Buluşturan Güzellikleriyle [Hoş Geldin] Ramazan! İşsizlik Maaşı (İşsizlik Ödeneği) Nedir? İşsizlik Maaşı Hesaplama 2024 Trafik Cezası (TPC) Nedir? Trafik Cezas…;;;
turkiye-finans--dis-ticaret-ve-finansmani-dis-ticaret-odeme-yontemleri-2;turkiye-finans;masraf_durumu;"{""amount"": null, ""has_fee"": true}";0.95;rule_heuristic;;… Et Ana Menüye Git İçeriğe Git Bölüm Menüsüne Git İçeriğe Git English العربية Şube ve ATM'ler Hakkımızda Ürün ve Hizmet [Ücret]leri Müşteri Ol İnternet Şubesi Bireysel Kurumsal Dijital Şifre Al Bireysel İhtiyaç Finansmanı Hızlı Finansman Taşıt Fin…;;;
turkiye-finans--dis-ticaret-ve-finansmani-dis-ticaret-odeme-yontemleri-2;turkiye-finans;alisveris_puani;"{""kind"": ""points"", ""value"": 10.0}";0.95;rule_heuristic;;…arı Enflasyon Nedir? Nasıl Hesaplanır? 3D Secure Nedir, Ne İşe Yarar? Kredi Notu (Kredi Puanı) Nedir? Türkiye Finans'ın [10]0'ünde Gelecek Olan 5 Üyesi Cumhuriyetimizin Unutulmaz 100'leri Bankacılığın Tarihçesi ve Türkiye'de Bankacılık Türleri …;;;
turkiye-finans--dis-ticaret-ve-finansmani-dis-ticaret-odeme-yontemleri-2;turkiye-finans;kampanya_kosullari;"[""Türkiye Finans'ın 100'ünde Gelecek Olan 5 Üyesi Cumhuriyetimizin Unutulmaz 100'leri Bankacılığın Tarihçesi ve Türkiye'de Bankacılık Türleri Dijital Dünyada Güvenlik İçin Temel İpuçları Avrupa Yeşil Mutabakatı: Sürdürülebilir Ekonomiler İçin Yol Haritası 2023'ü Geride Bırakırken DASK - Zorunlu Deprem Sigortası Nedir?"", ""Siz de tüm dış ticaret işlemlerinizde Türkiye Finans'ın ithalat ödeme yöntemleri ve ihracat ödeme yöntemleri ile ilgili hizmetlerinden yararlanabilir, risklerinizi minimuma indirebilir, rekabet ve likidite gücünüzü artırabilirsiniz."", ""Banka avalli işlemler haricinde bankadan kredi talep etme zorunluluğu yoktur."", ""Bu akreditif, belirli şartlar yerine getirildiğinde ihracatçının ödemesinin garanti altında olduğunu gösterir."", ""İhracatçı malları gönderip gerekli belgeleri zamanında ve eksiksiz olarak ibraz ederse bankadan ödemesini alır."", ""Bu yöntem, ihracatçıya alıcı riskine karşı güçlü bir koruma sağlarken ithalatçı açısından da malların sözleşme koşullarına uygun sevk edildiğini belge üzerinden doğrulama imkânı sunar."", ""İhracatçı mallarını akreditif şartlarına uygun olarak hazırlar ve yükler; belgeleri belirlenen süre zarfında görevli bankaya ibraz eder."", ""Görevli banka tarafından akreditif şartlarına uygun bulunan belgeler amir bankaya gönderilir.""]";0.95;rule_heuristic;;…ra Biriktirme Yolları Enflasyon Nedir? Nasıl Hesaplanır? 3D Secure Nedir, Ne İşe Yarar? Kredi Notu (Kredi Puanı) Nedir? [Türkiye Finans'ın 100'ünde Gelecek Olan 5 Üyesi Cumhuriyetimizin Unutulmaz 100'leri Bankacılığın Tarihçesi ve Türkiye'de Bankacılık Türleri Dijital Dünyada Güvenlik İçin Temel İpuçları Avrupa Yeşil Mutabakatı: Sürdürülebilir Ekonomiler İçin Yol Haritası 2023'ü Geride Bırakırken DASK - Zorunlu Deprem Sigortası Nedir?] Sağlık Sigortası Nedir? Neden Sağlık Sigortası Yaptırmalıyız? Katılma Hesabı Nedir, Nasıl Açılır? Sürdürülebilir Bir Ge…;;;
turkiye-finans--dis-ticaret-ve-finansmani-dis-ticaret-odeme-yontemleri-2;turkiye-finans;hedef_kitle;"[""belirli_segment"", ""maas_musterisi"", ""yeni_musteri""]";0.95;rule_heuristic;;…bı Nedir, Nasıl Açılır? Sürdürülebilir Bir Geleceğin Anahtarı: Net Sıfır Hedefi Tüm Renkleri Buluşturan Güzellikleriyle [Hoş Geldin] Ramazan! İşsizlik Maaşı (İşsizlik Ödeneği) Nedir? İşsizlik Maaşı Hesaplama 2024 Trafik Cezası (TPC) Nedir? Trafik Cezas…;;;
turkiye-finans--ihtiyac-finansmani-ihtiyac-finansmani;turkiye-finans;tahsis_ucreti;"{""currency"": ""TRY"", ""value"": 3.0}";0.95;rule_heuristic;;…p edilecektir. Sigortalı İhtiyaç Finansmanı (İhtiyaç Kredisi)* Kâr Payı Oranları ve Maliyet Tablosu Vade Kâr Payı Oranı [Tahsis Ücreti Aylık Toplam Maliyet Yıllık Toplam Maliyet 3 4,09% 0,50% 5,]63% 92,88% 12 4,05% 0,50% 5,37% 87,29% 18 4,05% 0,50% 5,34% 86,68% 24 3,99% 0,50% 5,25% 84,72% 35 3,94% 0,50% 5,17% 83,0…;;;
turkiye-finans--ihtiyac-finansmani-ihtiyac-finansmani;turkiye-finans;masraf_durumu;"{""amount"": 0.0, ""has_fee"": false}";0.95;rule_heuristic;;…isi)* başvurunuzu hemen yapın, ödemeye 3 ay sonra başlayın. Üstelik Türkiye Finans'ın temel bankacılık işlemlerinden de [ücretsiz] yararlanın. Türkiye Finans müşterileri ATM, Mobil Şube ve İnternet Şubesinden gerçekleştirdikleri EFT/Havale işlemleri …;;;
turkiye-finans--ihtiyac-finansmani-ihtiyac-finansmani;turkiye-finans;alisveris_puani;"{""kind"": ""points"", ""value"": 10.0}";0.95;rule_heuristic;;…arı Enflasyon Nedir? Nasıl Hesaplanır? 3D Secure Nedir, Ne İşe Yarar? Kredi Notu (Kredi Puanı) Nedir? Türkiye Finans'ın [10]0'ünde Gelecek Olan 5 Üyesi Cumhuriyetimizin Unutulmaz 100'leri Bankacılığın Tarihçesi ve Türkiye'de Bankacılık Türleri …;;;
turkiye-finans--ihtiyac-finansmani-ihtiyac-finansmani;turkiye-finans;kampanya_kosullari;"[""Türkiye Finans'ın 100'ünde Gelecek Olan 5 Üyesi Cumhuriyetimizin Unutulmaz 100'leri Bankacılığın Tarihçesi ve Türkiye'de Bankacılık Türleri Dijital Dünyada Güvenlik İçin Temel İpuçları Avrupa Yeşil Mutabakatı: Sürdürülebilir Ekonomiler İçin Yol Haritası 2023'ü Geride Bırakırken DASK - Zorunlu Deprem Sigortası Nedir?"", ""Türkiye Finans İhtiyaç Finansmanı (bankacılık kanununa göre ihtiyaç kredisi), 36 aya varan vade seçenekleri ile bütçenize uygun ödeme koşulları sunar."", ""Banka gerekli gördüğü durumlarda kefil ve ek belge isteme hakkına sahiptir."", ""Tahsis ücreti vergiler hariç finansman tutarının binde 5'i oranındadır."", ""Sıkça Sorulan Sorular İhtiyaç Finansmanı (İhtiyaç Kredisi)* başvurusu için gerekli belgeler nelerdir?"", ""Nüfus cüzdanı, ehliyet veya pasaport, Gelir belgesi/maaş bordrosu, Serbest meslek sahipleri ve işletme sahipleri için son yıla ait vergi levhası ve onaylı bilanço, gelir tabloları, mizan, imza sirküleri, kuruluş ve en son ortaklık payını gösteren Ticaret Sicil Gazetesi Ücretli çalışan kişiler için, maaş bordrosu antetli kağıt ile bildiriliyor ise firmanın imza sirküleri beyanı gerekmektedir."", ""Banka gerekli gördüğü durumlarda kefil ve ek belge isteme hakkına sahiptir.""]";0.95;rule_heuristic;;…ra Biriktirme Yolları Enflasyon Nedir? Nasıl Hesaplanır? 3D Secure Nedir, Ne İşe Yarar? Kredi Notu (Kredi Puanı) Nedir? [Türkiye Finans'ın 100'ünde Gelecek Olan 5 Üyesi Cumhuriyetimizin Unutulmaz 100'leri Bankacılığın Tarihçesi ve Türkiye'de Bankacılık Türleri Dijital Dünyada Güvenlik İçin Temel İpuçları Avrupa Yeşil Mutabakatı: Sürdürülebilir Ekonomiler İçin Yol Haritası 2023'ü Geride Bırakırken DASK - Zorunlu Deprem Sigortası Nedir?] Sağlık Sigortası Nedir? Neden Sağlık Sigortası Yaptırmalıyız? Katılma Hesabı Nedir, Nasıl Açılır? Sürdürülebilir Bir Ge…;;;
turkiye-finans--ihtiyac-finansmani-ihtiyac-finansmani;turkiye-finans;hedef_kitle;"[""belirli_segment"", ""maas_musterisi"", ""yeni_musteri""]";0.95;rule_heuristic;;…bı Nedir, Nasıl Açılır? Sürdürülebilir Bir Geleceğin Anahtarı: Net Sıfır Hedefi Tüm Renkleri Buluşturan Güzellikleriyle [Hoş Geldin] Ramazan! İşsizlik Maaşı (İşsizlik Ödeneği) Nedir? İşsizlik Maaşı Hesaplama 2024 Trafik Cezası (TPC) Nedir? Trafik Cezas…;;;
turkiye-finans--kampanyalar-biten-kampanyalar;turkiye-finans;finansman_tutari;"{""currency"": ""TRY"", ""value"": 1000.0}";0.95;rule_heuristic;;…ayan özel bir avantaj paketidir. Detaylı Bilgi 3 Ay Ertelemeli Katılım Bankacılığına Uygun İhtiyaç Finansmanı Fırsatı + [1.000 TL]'ye Varan Bonus! Bu kampanya ile %3,59'dan başlayan kar payı oranları ile 3 ay öteleme fırsatından yararlanarak finansma…;;;
turkiye-finans--kampanyalar-biten-kampanyalar;turkiye-finans;masraf_durumu;"{""amount"": 0.0, ""has_fee"": false}";0.95;rule_heuristic;;…a KKB skorundan bağımsız tüm vadelerde sabit %4.09 kâr payı oranı, 3 ay erteleme fırsatı ve yeni müşterilere özel dosya [masrafsız]lık avantajı sizi bekliyor. Detaylı Bilgi Avukatlar Günü'ne Özel Avantajlar Türkiye Finans'ta! Avukat müşterilerimizin T…;;;
turkiye-finans--kampanyalar-biten-kampanyalar;turkiye-finans;odul_miktari;"{""currency"": ""TRY"", ""value"": 100.0}";0.95;rule_heuristic;;…inansman kullanılabilir ve finansman kullanan müşteriler market ve giyim alışverişlerinde her 1.000 TL'lik alışverişine [100 TL] bonus kazanabilir. Detaylı Bilgi Başvuru Merkezi Hesaplama Araçları Müşteri Memnuniyet Merkezi Yatırımcı İlişkileri Fin…;;;
turkiye-finans--kampanyalar-biten-kampanyalar;turkiye-finans;alisveris_puani;"{""kind"": ""points"", ""value"": 10.0}";0.95;rule_heuristic;;…arı Enflasyon Nedir? Nasıl Hesaplanır? 3D Secure Nedir, Ne İşe Yarar? Kredi Notu (Kredi Puanı) Nedir? Türkiye Finans'ın [10]0'ünde Gelecek Olan 5 Üyesi Cumhuriyetimizin Unutulmaz 100'leri Bankacılığın Tarihçesi ve Türkiye'de Bankacılık Türleri …;;;
turkiye-finans--kampanyalar-biten-kampanyalar;turkiye-finans;kampanya_kosullari;"[""Türkiye Finans'ın 100'ünde Gelecek Olan 5 Üyesi Cumhuriyetimizin Unutulmaz 100'leri Bankacılığın Tarihçesi ve Türkiye'de Bankacılık Türleri Dijital Dünyada Güvenlik İçin Temel İpuçları Avrupa Yeşil Mutabakatı: Sürdürülebilir Ekonomiler İçin Yol Haritası 2023'ü Geride Bırakırken DASK - Zorunlu Deprem Sigortası Nedir?""]";0.95;rule_heuristic;;…ra Biriktirme Yolları Enflasyon Nedir? Nasıl Hesaplanır? 3D Secure Nedir, Ne İşe Yarar? Kredi Notu (Kredi Puanı) Nedir? [Türkiye Finans'ın 100'ünde Gelecek Olan 5 Üyesi Cumhuriyetimizin Unutulmaz 100'leri Bankacılığın Tarihçesi ve Türkiye'de Bankacılık Türleri Dijital Dünyada Güvenlik İçin Temel İpuçları Avrupa Yeşil Mutabakatı: Sürdürülebilir Ekonomiler İçin Yol Haritası 2023'ü Geride Bırakırken DASK - Zorunlu Deprem Sigortası Nedir?] Sağlık Sigortası Nedir? Neden Sağlık Sigortası Yaptırmalıyız? Katılma Hesabı Nedir, Nasıl Açılır? Sürdürülebilir Bir Ge…;;;
turkiye-finans--kampanyalar-biten-kampanyalar;turkiye-finans;hedef_kitle;"[""belirli_segment"", ""maas_musterisi"", ""mevcut_musteri"", ""yeni_musteri""]";0.95;rule_heuristic;;…bı Nedir, Nasıl Açılır? Sürdürülebilir Bir Geleceğin Anahtarı: Net Sıfır Hedefi Tüm Renkleri Buluşturan Güzellikleriyle [Hoş Geldin] Ramazan! İşsizlik Maaşı (İşsizlik Ödeneği) Nedir? İşsizlik Maaşı Hesaplama 2024 Trafik Cezası (TPC) Nedir? Trafik Cezas…;;;
turkiye-finans--kampanyalar-dijital-bankacilik-kampanyalari;turkiye-finans;masraf_durumu;"{""amount"": 0.0, ""has_fee"": false}";0.95;rule_heuristic;;…müşteri olanlara özel 11.000 TL'ye varan bonus kazanma fırsatı ve daha pek çok avantaj Türkiye Finans'ta. Detaylı Bilgi [Masrafsız] Bankacılık Türkiye Finans Mobil'le temel bankacılık hizmetlerinde masraf ödeme. Detaylı Bilgi Sevdiklerinize Fırsat Ver…;;;
turkiye-finans--kampanyalar-dijital-bankacilik-kampanyalari;turkiye-finans;odul_miktari;"{""currency"": ""TRY"", ""value"": 5000.0}";0.95;rule_heuristic;;…. Dost Kazandıran Kampanya ile hep birlikte kazanın. Mobilden Türkiye Finanslı olan her yakınınız için 500 TL, toplamda [5.000 TL] bonus sizin olsun. Detaylı Bilgi Başvuru Merkezi Hesaplama Araçları Müşteri Memnuniyet Merkezi Yatırımcı İlişkileri Fin…;;;
turkiye-finans--kampanyalar-dijital-bankacilik-kampanyalari;turkiye-finans;alisveris_puani;"{""kind"": ""points"", ""value"": 10.0}";0.95;rule_heuristic;;…arı Enflasyon Nedir? Nasıl Hesaplanır? 3D Secure Nedir, Ne İşe Yarar? Kredi Notu (Kredi Puanı) Nedir? Türkiye Finans'ın [10]0'ünde Gelecek Olan 5 Üyesi Cumhuriyetimizin Unutulmaz 100'leri Bankacılığın Tarihçesi ve Türkiye'de Bankacılık Türleri …;;;
turkiye-finans--kampanyalar-dijital-bankacilik-kampanyalari;turkiye-finans;kampanya_kosullari;"[""Türkiye Finans'ın 100'ünde Gelecek Olan 5 Üyesi Cumhuriyetimizin Unutulmaz 100'leri Bankacılığın Tarihçesi ve Türkiye'de Bankacılık Türleri Dijital Dünyada Güvenlik İçin Temel İpuçları Avrupa Yeşil Mutabakatı: Sürdürülebilir Ekonomiler İçin Yol Haritası 2023'ü Geride Bırakırken DASK - Zorunlu Deprem Sigortası Nedir?""]";0.95;rule_heuristic;;…ra Biriktirme Yolları Enflasyon Nedir? Nasıl Hesaplanır? 3D Secure Nedir, Ne İşe Yarar? Kredi Notu (Kredi Puanı) Nedir? [Türkiye Finans'ın 100'ünde Gelecek Olan 5 Üyesi Cumhuriyetimizin Unutulmaz 100'leri Bankacılığın Tarihçesi ve Türkiye'de Bankacılık Türleri Dijital Dünyada Güvenlik İçin Temel İpuçları Avrupa Yeşil Mutabakatı: Sürdürülebilir Ekonomiler İçin Yol Haritası 2023'ü Geride Bırakırken DASK - Zorunlu Deprem Sigortası Nedir?] Sağlık Sigortası Nedir? Neden Sağlık Sigortası Yaptırmalıyız? Katılma Hesabı Nedir, Nasıl Açılır? Sürdürülebilir Bir Ge…;;;
turkiye-finans--kampanyalar-dijital-bankacilik-kampanyalari;turkiye-finans;hedef_kitle;"[""belirli_segment"", ""maas_musterisi"", ""yeni_musteri""]";0.95;rule_heuristic;;…bı Nedir, Nasıl Açılır? Sürdürülebilir Bir Geleceğin Anahtarı: Net Sıfır Hedefi Tüm Renkleri Buluşturan Güzellikleriyle [Hoş Geldin] Ramazan! İşsizlik Maaşı (İşsizlik Ödeneği) Nedir? İşsizlik Maaşı Hesaplama 2024 Trafik Cezası (TPC) Nedir? Trafik Cezas…;;;
turkiye-finans--kampanyalar-emekliler-haftasina-ozel-avantajlar;turkiye-finans;kar_payi_orani;3.0;0.95;rule_heuristic;;…r 50.000 TL'ye Kadar Kâr Paysız İhtiyaç Finansmanı kampanyası ile Mobilden Türkiye Finanslı olarak %0 kâr payı oranı ve [3 ]ay vadeli olarak 50.000 TL'ye kadar İhtiyaç Finansmanı başvurusu yapma avantajından faydalanabilirsiniz. Mobilden Türkiy…;;;
turkiye-finans--kampanyalar-emekliler-haftasina-ozel-avantajlar;turkiye-finans;masraf_durumu;"{""amount"": 0.0, ""has_fee"": false}";0.95;rule_heuristic;;…uat bakiyeniz 10.000 TL'nin altında ise Katılma Hesap'ta 99/1 özel getiri oranı avantajından yararlanabilirsiniz. Dosya [Masrafsız] İhtiyaç Finansmanı: İhtiyaç Finansmanı başvurunuzu dilediğiniz zaman yapabilir, dosya masrafı ödemeden ihtiyaçlarınızı …;;;
turkiye-finans--kampanyalar-emekliler-haftasina-ozel-avantajlar;turkiye-finans;odul_miktari;"{""currency"": ""TRY"", ""value"": 700.0}";0.95;rule_heuristic;;…lanabilirsiniz. Happy Bonus ve Âlâ kredi kartı ile yeni HGS etiketi alıp HGS talimatı vererek gerçekleşen ödeme sonrası [700 TL] bonus kazanma imkânından yararlanabilirsiniz. Varlık bakiyenizi bankamıza taşıyarak, ayrıcalıklarla dolu Âlâ Dünyası'na…;;;
turkiye-finans--kampanyalar-emekliler-haftasina-ozel-avantajlar;turkiye-finans;alisveris_puani;"{""kind"": ""points"", ""value"": 10.0}";0.95;rule_heuristic;;…arı Enflasyon Nedir? Nasıl Hesaplanır? 3D Secure Nedir, Ne İşe Yarar? Kredi Notu (Kredi Puanı) Nedir? Türkiye Finans'ın [10]0'ünde Gelecek Olan 5 Üyesi Cumhuriyetimizin Unutulmaz 100'leri Bankacılığın Tarihçesi ve Türkiye'de Bankacılık Türleri …;;;
turkiye-finans--kampanyalar-emekliler-haftasina-ozel-avantajlar;turkiye-finans;kampanya_kosullari;"[""Türkiye Finans'ın 100'ünde Gelecek Olan 5 Üyesi Cumhuriyetimizin Unutulmaz 100'leri Bankacılığın Tarihçesi ve Türkiye'de Bankacılık Türleri Dijital Dünyada Güvenlik İçin Temel İpuçları Avrupa Yeşil Mutabakatı: Sürdürülebilir Ekonomiler İçin Yol Haritası 2023'ü Geride Bırakırken DASK - Zorunlu Deprem Sigortası Nedir?"", ""Kampanya Koşulları Kampanya 30 Haziran – 31 Temmuz 2026 tarihleri arasında geçerlidir.* Emeklilere özel avantajlar kampanyası kapsamındaki ürün ve hizmetlerimizden halihazırda müşterimiz olan ve yeni müşterimiz olacak olan Emekliler yararlanabilir."", ""Kampanyaya katılım talebi için en yakın Türkiye Finans şubesi ile iletişime geçilmesi gerekmektedir."", ""İhtiyaç Finansmanında Dosya Masrafsızlık avantajından yararlanmak için cari hesabınızın aktif olması gerekmektedir.""]";0.95;rule_heuristic;;…ra Biriktirme Yolları Enflasyon Nedir? Nasıl Hesaplanır? 3D Secure Nedir, Ne İşe Yarar? Kredi Notu (Kredi Puanı) Nedir? [Türkiye Finans'ın 100'ünde Gelecek Olan 5 Üyesi Cumhuriyetimizin Unutulmaz 100'leri Bankacılığın Tarihçesi ve Türkiye'de Bankacılık Türleri Dijital Dünyada Güvenlik İçin Temel İpuçları Avrupa Yeşil Mutabakatı: Sürdürülebilir Ekonomiler İçin Yol Haritası 2023'ü Geride Bırakırken DASK - Zorunlu Deprem Sigortası Nedir?] Sağlık Sigortası Nedir? Neden Sağlık Sigortası Yaptırmalıyız? Katılma Hesabı Nedir, Nasıl Açılır? Sürdürülebilir Bir Ge…;;;
turkiye-finans--kampanyalar-emekliler-haftasina-ozel-avantajlar;turkiye-finans;hedef_kitle;"[""belirli_segment"", ""maas_musterisi"", ""mevcut_musteri"", ""yeni_musteri""]";0.95;rule_heuristic;;…bı Nedir, Nasıl Açılır? Sürdürülebilir Bir Geleceğin Anahtarı: Net Sıfır Hedefi Tüm Renkleri Buluşturan Güzellikleriyle [Hoş Geldin] Ramazan! İşsizlik Maaşı (İşsizlik Ödeneği) Nedir? İşsizlik Maaşı Hesaplama 2024 Trafik Cezası (TPC) Nedir? Trafik Cezas…;;;
turkiye-finans--kampanyalar-fatura-2300tl-bonus;turkiye-finans;campaign_type;Kart;0.90;classifier;;Navigasyonu görüntüle İçeriği görüntüle GÜNCELLE Çerez Politikası ve 6698 sayılı Kişisel Verilerin Korunması Kanunu kapsamında Bankamız ile paylaşmış olduğunuz kişisel verileriniz ile ilgili detaylı bilgiye Kişisel Veril …;;;
turkiye-finans--kampanyalar-fatura-2300tl-bonus;turkiye-finans;masraf_durumu;"{""amount"": null, ""has_fee"": true}";0.95;rule_heuristic;;… Et Ana Menüye Git İçeriğe Git Bölüm Menüsüne Git İçeriğe Git English العربية Şube ve ATM'ler Hakkımızda Ürün ve Hizmet [Ücret]leri Müşteri Ol İnternet Şubesi Bireysel Kurumsal Dijital Şifre Al Bireysel İhtiyaç Finansmanı Hızlı Finansman Taşıt Fin…;;;
turkiye-finans--kampanyalar-fatura-2300tl-bonus;turkiye-finans;odul_miktari;"{""currency"": ""TRY"", ""value"": 4000.0}";0.95;rule_heuristic;;…py Bonus Kart başvurusu yapan ve otomatik fatura ödeme talimatı veren müşterilerimiz 4.000 TL'ye varan bonus kazanıyor. [4.000 TL] Bonus Kazandıran Kampanya Nedir? Mobilden Türkiye Finanslı olan müşterilerimizin bankamızın Otomatik Fatura Ödeme Talim…;;;
turkiye-finans--kampanyalar-fatura-2300tl-bonus;turkiye-finans;alisveris_puani;"{""kind"": ""points"", ""value"": 10.0}";0.95;rule_heuristic;;…arı Enflasyon Nedir? Nasıl Hesaplanır? 3D Secure Nedir, Ne İşe Yarar? Kredi Notu (Kredi Puanı) Nedir? Türkiye Finans'ın [10]0'ünde Gelecek Olan 5 Üyesi Cumhuriyetimizin Unutulmaz 100'leri Bankacılığın Tarihçesi ve Türkiye'de Bankacılık Türleri …;;;
turkiye-finans--kampanyalar-fatura-2300tl-bonus;turkiye-finans;kampanya_kosullari;"[""Türkiye Finans'ın 100'ünde Gelecek Olan 5 Üyesi Cumhuriyetimizin Unutulmaz 100'leri Bankacılığın Tarihçesi ve Türkiye'de Bankacılık Türleri Dijital Dünyada Güvenlik İçin Temel İpuçları Avrupa Yeşil Mutabakatı: Sürdürülebilir Ekonomiler İçin Yol Haritası 2023'ü Geride Bırakırken DASK - Zorunlu Deprem Sigortası Nedir?"", ""Kampanya tarihleri içerisinde yeni kredi kartı başvurusu yapılması gerekmektedir."", ""Kampanya Koşulları Otomatik Fatura Ödeme Talimatlarınıza 2.000 TL Bonus Kampanya 1 Temmuz - 31 Temmuz 2026 tarihleri arasında geçerlidir."", ""Verilen otomatik fatura ödeme talimatının otomatik olarak ödenmesi gerekmekte olup otomatik ödeme tamamlandıktan sonra kazanılan bonus yüklenecektir."", ""Verilen otomatik fatura ödeme talimatı ya da talimatlarının (6) ay boyunca bankamızda kalması gerekmektedir."", ""Kampanyadan yararlanmak için talimatınızın Happy Bonus Kartınıza verilmesi gereklidir."", ""Kampanya sadece belirtilen tarihler arasında verilen talimatlar için geçerlidir."", ""Kampanyaya katılacak ve bonus kazanan müşterilerimizin kartının açık durumda olması ve kampanya tarihi itibari ile kredi kartlarını kullanmasını engelleyen herhangi bir durumun olmaması gerekmektedir.""]";0.95;rule_heuristic;;…ra Biriktirme Yolları Enflasyon Nedir? Nasıl Hesaplanır? 3D Secure Nedir, Ne İşe Yarar? Kredi Notu (Kredi Puanı) Nedir? [Türkiye Finans'ın 100'ünde Gelecek Olan 5 Üyesi Cumhuriyetimizin Unutulmaz 100'leri Bankacılığın Tarihçesi ve Türkiye'de Bankacılık Türleri Dijital Dünyada Güvenlik İçin Temel İpuçları Avrupa Yeşil Mutabakatı: Sürdürülebilir Ekonomiler İçin Yol Haritası 2023'ü Geride Bırakırken DASK - Zorunlu Deprem Sigortası Nedir?] Sağlık Sigortası Nedir? Neden Sağlık Sigortası Yaptırmalıyız? Katılma Hesabı Nedir, Nasıl Açılır? Sürdürülebilir Bir Ge…;;;
turkiye-finans--kampanyalar-fatura-2300tl-bonus;turkiye-finans;hedef_kitle;"[""belirli_segment"", ""maas_musterisi"", ""mevcut_musteri"", ""yeni_musteri""]";0.95;rule_heuristic;;…bı Nedir, Nasıl Açılır? Sürdürülebilir Bir Geleceğin Anahtarı: Net Sıfır Hedefi Tüm Renkleri Buluşturan Güzellikleriyle [Hoş Geldin] Ramazan! İşsizlik Maaşı (İşsizlik Ödeneği) Nedir? İşsizlik Maaşı Hesaplama 2024 Trafik Cezası (TPC) Nedir? Trafik Cezas…;;;
turkiye-finans--kampanyalar-gunluk-hesap-vade-kampanyasi;turkiye-finans;masraf_durumu;"{""amount"": null, ""has_fee"": true}";0.95;rule_heuristic;;… Et Ana Menüye Git İçeriğe Git Bölüm Menüsüne Git İçeriğe Git English العربية Şube ve ATM'ler Hakkımızda Ürün ve Hizmet [Ücret]leri Müşteri Ol İnternet Şubesi Bireysel Kurumsal Dijital Şifre Al Bireysel İhtiyaç Finansmanı Hızlı Finansman Taşıt Fin…;;;
turkiye-finans--kampanyalar-gunluk-hesap-vade-kampanyasi;turkiye-finans;alisveris_puani;"{""kind"": ""points"", ""value"": 10.0}";0.95;rule_heuristic;;…arı Enflasyon Nedir? Nasıl Hesaplanır? 3D Secure Nedir, Ne İşe Yarar? Kredi Notu (Kredi Puanı) Nedir? Türkiye Finans'ın [10]0'ünde Gelecek Olan 5 Üyesi Cumhuriyetimizin Unutulmaz 100'leri Bankacılığın Tarihçesi ve Türkiye'de Bankacılık Türleri …;;;
turkiye-finans--kampanyalar-gunluk-hesap-vade-kampanyasi;turkiye-finans;kampanya_kosullari;"[""Türkiye Finans'ın 100'ünde Gelecek Olan 5 Üyesi Cumhuriyetimizin Unutulmaz 100'leri Bankacılığın Tarihçesi ve Türkiye'de Bankacılık Türleri Dijital Dünyada Güvenlik İçin Temel İpuçları Avrupa Yeşil Mutabakatı: Sürdürülebilir Ekonomiler İçin Yol Haritası 2023'ü Geride Bırakırken DASK - Zorunlu Deprem Sigortası Nedir?"", ""Kampanya Koşulları Kampanya kapsamında, 5 Ağustos 2023 tarihi itibarıyla bankamızın yeni tüm bireysel bankacılık müşterisi olan ve ilk defa TL Günlük Hesap açan müşterilerimiz yararlanabilmektedir."", ""Türkiye Finans Katılım Bankası AŞ bu kampanyayı uzatma, durdurma, kampanya şartlarını değiştirme ve/veya kampanyayı tek taraflı olarak sonlandırma hakkını saklı tutar.""]";0.95;rule_heuristic;;…ra Biriktirme Yolları Enflasyon Nedir? Nasıl Hesaplanır? 3D Secure Nedir, Ne İşe Yarar? Kredi Notu (Kredi Puanı) Nedir? [Türkiye Finans'ın 100'ünde Gelecek Olan 5 Üyesi Cumhuriyetimizin Unutulmaz 100'leri Bankacılığın Tarihçesi ve Türkiye'de Bankacılık Türleri Dijital Dünyada Güvenlik İçin Temel İpuçları Avrupa Yeşil Mutabakatı: Sürdürülebilir Ekonomiler İçin Yol Haritası 2023'ü Geride Bırakırken DASK - Zorunlu Deprem Sigortası Nedir?] Sağlık Sigortası Nedir? Neden Sağlık Sigortası Yaptırmalıyız? Katılma Hesabı Nedir, Nasıl Açılır? Sürdürülebilir Bir Ge…;;;
turkiye-finans--kampanyalar-gunluk-hesap-vade-kampanyasi;turkiye-finans;hedef_kitle;"[""belirli_segment"", ""maas_musterisi"", ""yeni_musteri""]";0.95;rule_heuristic;;…bı Nedir, Nasıl Açılır? Sürdürülebilir Bir Geleceğin Anahtarı: Net Sıfır Hedefi Tüm Renkleri Buluşturan Güzellikleriyle [Hoş Geldin] Ramazan! İşsizlik Maaşı (İşsizlik Ödeneği) Nedir? İşsizlik Maaşı Hesaplama 2024 Trafik Cezası (TPC) Nedir? Trafik Cezas…;;;
turkiye-finans--kampanyalar-sigorta-kampanyalari;turkiye-finans;masraf_durumu;"{""amount"": null, ""has_fee"": true}";0.95;rule_heuristic;;… Et Ana Menüye Git İçeriğe Git Bölüm Menüsüne Git İçeriğe Git English العربية Şube ve ATM'ler Hakkımızda Ürün ve Hizmet [Ücret]leri Müşteri Ol İnternet Şubesi Bireysel Kurumsal Dijital Şifre Al Bireysel İhtiyaç Finansmanı Hızlı Finansman Taşıt Fin…;;;
turkiye-finans--kampanyalar-sigorta-kampanyalari;turkiye-finans;odul_miktari;"{""currency"": ""TRY"", ""value"": 650.0}";0.95;rule_heuristic;;…Yazdır Facebook'da Paylaş Twitter'da Paylaş Linkedin'de Paylaş Sayfa İçeriği BES ile Hem Yarınınıza Değer Katın, Hem de [650 TL] Bonus Kazanın! Türkiye Finans kredi kartlarınızı kullanarak satın alacağınız her yeni BES sözleşmesi için 650 TL bonus …;;;
turkiye-finans--kampanyalar-sigorta-kampanyalari;turkiye-finans;alisveris_puani;"{""kind"": ""points"", ""value"": 10.0}";0.95;rule_heuristic;;…arı Enflasyon Nedir? Nasıl Hesaplanır? 3D Secure Nedir, Ne İşe Yarar? Kredi Notu (Kredi Puanı) Nedir? Türkiye Finans'ın [10]0'ünde Gelecek Olan 5 Üyesi Cumhuriyetimizin Unutulmaz 100'leri Bankacılığın Tarihçesi ve Türkiye'de Bankacılık Türleri …;;;
turkiye-finans--kampanyalar-sigorta-kampanyalari;turkiye-finans;kampanya_kosullari;"[""Türkiye Finans'ın 100'ünde Gelecek Olan 5 Üyesi Cumhuriyetimizin Unutulmaz 100'leri Bankacılığın Tarihçesi ve Türkiye'de Bankacılık Türleri Dijital Dünyada Güvenlik İçin Temel İpuçları Avrupa Yeşil Mutabakatı: Sürdürülebilir Ekonomiler İçin Yol Haritası 2023'ü Geride Bırakırken DASK - Zorunlu Deprem Sigortası Nedir?""]";0.95;rule_heuristic;;…ra Biriktirme Yolları Enflasyon Nedir? Nasıl Hesaplanır? 3D Secure Nedir, Ne İşe Yarar? Kredi Notu (Kredi Puanı) Nedir? [Türkiye Finans'ın 100'ünde Gelecek Olan 5 Üyesi Cumhuriyetimizin Unutulmaz 100'leri Bankacılığın Tarihçesi ve Türkiye'de Bankacılık Türleri Dijital Dünyada Güvenlik İçin Temel İpuçları Avrupa Yeşil Mutabakatı: Sürdürülebilir Ekonomiler İçin Yol Haritası 2023'ü Geride Bırakırken DASK - Zorunlu Deprem Sigortası Nedir?] Sağlık Sigortası Nedir? Neden Sağlık Sigortası Yaptırmalıyız? Katılma Hesabı Nedir, Nasıl Açılır? Sürdürülebilir Bir Ge…;;;
turkiye-finans--kampanyalar-sigorta-kampanyalari;turkiye-finans;hedef_kitle;"[""belirli_segment"", ""maas_musterisi"", ""yeni_musteri""]";0.95;rule_heuristic;;…bı Nedir, Nasıl Açılır? Sürdürülebilir Bir Geleceğin Anahtarı: Net Sıfır Hedefi Tüm Renkleri Buluşturan Güzellikleriyle [Hoş Geldin] Ramazan! İşsizlik Maaşı (İşsizlik Ödeneği) Nedir? İşsizlik Maaşı Hesaplama 2024 Trafik Cezası (TPC) Nedir? Trafik Cezas…;;;
turkiye-finans--kampanyalar-ticari-kampanyalar;turkiye-finans;masraf_durumu;"{""amount"": null, ""has_fee"": true}";0.95;rule_heuristic;;… Et Ana Menüye Git İçeriğe Git Bölüm Menüsüne Git İçeriğe Git English العربية Şube ve ATM'ler Hakkımızda Ürün ve Hizmet [Ücret]leri Müşteri Ol İnternet Şubesi Bireysel Kurumsal Dijital Şifre Al Bireysel İhtiyaç Finansmanı Hızlı Finansman Taşıt Fin…;;;
turkiye-finans--kampanyalar-ticari-kampanyalar;turkiye-finans;alisveris_puani;"{""kind"": ""points"", ""value"": 10.0}";0.95;rule_heuristic;;…arı Enflasyon Nedir? Nasıl Hesaplanır? 3D Secure Nedir, Ne İşe Yarar? Kredi Notu (Kredi Puanı) Nedir? Türkiye Finans'ın [10]0'ünde Gelecek Olan 5 Üyesi Cumhuriyetimizin Unutulmaz 100'leri Bankacılığın Tarihçesi ve Türkiye'de Bankacılık Türleri …;;;
turkiye-finans--kampanyalar-ticari-kampanyalar;turkiye-finans;kampanya_kosullari;"[""Türkiye Finans'ın 100'ünde Gelecek Olan 5 Üyesi Cumhuriyetimizin Unutulmaz 100'leri Bankacılığın Tarihçesi ve Türkiye'de Bankacılık Türleri Dijital Dünyada Güvenlik İçin Temel İpuçları Avrupa Yeşil Mutabakatı: Sürdürülebilir Ekonomiler İçin Yol Haritası 2023'ü Geride Bırakırken DASK - Zorunlu Deprem Sigortası Nedir?""]";0.95;rule_heuristic;;…ra Biriktirme Yolları Enflasyon Nedir? Nasıl Hesaplanır? 3D Secure Nedir, Ne İşe Yarar? Kredi Notu (Kredi Puanı) Nedir? [Türkiye Finans'ın 100'ünde Gelecek Olan 5 Üyesi Cumhuriyetimizin Unutulmaz 100'leri Bankacılığın Tarihçesi ve Türkiye'de Bankacılık Türleri Dijital Dünyada Güvenlik İçin Temel İpuçları Avrupa Yeşil Mutabakatı: Sürdürülebilir Ekonomiler İçin Yol Haritası 2023'ü Geride Bırakırken DASK - Zorunlu Deprem Sigortası Nedir?] Sağlık Sigortası Nedir? Neden Sağlık Sigortası Yaptırmalıyız? Katılma Hesabı Nedir, Nasıl Açılır? Sürdürülebilir Bir Ge…;;;
turkiye-finans--kampanyalar-ticari-kampanyalar;turkiye-finans;hedef_kitle;"[""belirli_segment"", ""maas_musterisi"", ""yeni_musteri""]";0.95;rule_heuristic;;…bı Nedir, Nasıl Açılır? Sürdürülebilir Bir Geleceğin Anahtarı: Net Sıfır Hedefi Tüm Renkleri Buluşturan Güzellikleriyle [Hoş Geldin] Ramazan! İşsizlik Maaşı (İşsizlik Ödeneği) Nedir? İşsizlik Maaşı Hesaplama 2024 Trafik Cezası (TPC) Nedir? Trafik Cezas…;;;
turkiye-finans--kampanyalar-tuzel-onbarding-avantaj-paketi;turkiye-finans;campaign_type;Kart;0.90;classifier;;Navigasyonu görüntüle İçeriği görüntüle GÜNCELLE Çerez Politikası ve 6698 sayılı Kişisel Verilerin Korunması Kanunu kapsamında Bankamız ile paylaşmış olduğunuz kişisel verileriniz ile ilgili detaylı bilgiye Kişisel Veril …;;;
turkiye-finans--kampanyalar-tuzel-onbarding-avantaj-paketi;turkiye-finans;masraf_durumu;"{""amount"": 0.0, ""has_fee"": false}";0.95;rule_heuristic;;"…satlardan hemen yararlanmaya başlayın. Siz de şimdi mobilden Türkiye Finanslı olun; aidatsız Business Kart avantajından [ücretsiz] para transferine, indirimli kiralık kasa fırsatından size özel canlı destek hizmetine kadar birçok ayrıcalıktan yararla…";;;
turkiye-finans--kampanyalar-tuzel-onbarding-avantaj-paketi;turkiye-finans;odul_miktari;"{""currency"": ""TRY"", ""value"": 5000.0}";0.95;rule_heuristic;;… kartınızın sunduğu benzersiz avantajlardan yararlanmaya başlayabilirsiniz. Ortak ATM'lerimizden ücretsiz olarak günlük [5.000 TL]'ye kadar para çekme ve 50.000 TL'ye kadar para yatırma avantajından yararlanabilirsiniz. İlk yıl için kiralık kasa hizm…;;;
turkiye-finans--kampanyalar-tuzel-onbarding-avantaj-paketi;turkiye-finans;indirim_orani;50.0;0.95;rule_heuristic;;… para çekme ve 50.000 TL'ye kadar para yatırma avantajından yararlanabilirsiniz. İlk yıl için kiralık kasa hizmetinden %[50] indirimli olarak yararlanabilirsiniz. Türkiye Finans Mobil ve İnternet Şube üzerinden ücretsiz olarak EFT, havale ve FA…;;;
turkiye-finans--kampanyalar-tuzel-onbarding-avantaj-paketi;turkiye-finans;alisveris_puani;"{""kind"": ""points"", ""value"": 10.0}";0.95;rule_heuristic;;…arı Enflasyon Nedir? Nasıl Hesaplanır? 3D Secure Nedir, Ne İşe Yarar? Kredi Notu (Kredi Puanı) Nedir? Türkiye Finans'ın [10]0'ünde Gelecek Olan 5 Üyesi Cumhuriyetimizin Unutulmaz 100'leri Bankacılığın Tarihçesi ve Türkiye'de Bankacılık Türleri …;;;
turkiye-finans--kampanyalar-tuzel-onbarding-avantaj-paketi;turkiye-finans;kampanya_suresi;2026-12-31;0.95;rule_heuristic;;"…lmak için Türkiye Finans Mobil üzerinden ""Kampanyaya Katıl"" butonuna tıklamanız gereklidir. Kampanya Koşulları Kampanya [31.12.2026] tarihine kadar geçerlidir. Kampanya kapsamında son 3 ay içerisinde mobilden Türkiye Finanslı olan ticari müşterilerimiz…";;;
turkiye-finans--kampanyalar-tuzel-onbarding-avantaj-paketi;turkiye-finans;kampanya_kosullari;"[""Türkiye Finans'ın 100'ünde Gelecek Olan 5 Üyesi Cumhuriyetimizin Unutulmaz 100'leri Bankacılığın Tarihçesi ve Türkiye'de Bankacılık Türleri Dijital Dünyada Güvenlik İçin Temel İpuçları Avrupa Yeşil Mutabakatı: Sürdürülebilir Ekonomiler İçin Yol Haritası 2023'ü Geride Bırakırken DASK - Zorunlu Deprem Sigortası Nedir?"", ""KOBİ Avantaj Paketi, son üç ay içerisinde mobilden Türkiye Finanslı olan ticari müşterilerimizin bankacılık hizmetlerinden ücretsiz ve avantajlı koşullarla yararlanmalarına ve Bonus kazanmalarına olanak tanıyan bir destek paketidir."", ""Kampanyaya katılmak için Türkiye Finans Mobil üzerinden \""Kampanyaya Katıl\"" butonuna tıklamanız gereklidir."", ""Kampanya Koşulları Kampanya 31.12.2026 tarihine kadar geçerlidir."", ""Kampanyaya katılacak ve Bonus kazanan müşterilerimizin kartının açık durumda olması ve kampanya tarihi itibari ile kredi kartlarını kullanmasını engelleyen herhangi bir durumun olmaması gerekmektedir."", ""Türkiye Finans Katılım Bankası A.Ş. kampanya koşullarını değiştirme hakkını saklı tutar.""]";0.95;rule_heuristic;;…ra Biriktirme Yolları Enflasyon Nedir? Nasıl Hesaplanır? 3D Secure Nedir, Ne İşe Yarar? Kredi Notu (Kredi Puanı) Nedir? [Türkiye Finans'ın 100'ünde Gelecek Olan 5 Üyesi Cumhuriyetimizin Unutulmaz 100'leri Bankacılığın Tarihçesi ve Türkiye'de Bankacılık Türleri Dijital Dünyada Güvenlik İçin Temel İpuçları Avrupa Yeşil Mutabakatı: Sürdürülebilir Ekonomiler İçin Yol Haritası 2023'ü Geride Bırakırken DASK - Zorunlu Deprem Sigortası Nedir?] Sağlık Sigortası Nedir? Neden Sağlık Sigortası Yaptırmalıyız? Katılma Hesabı Nedir, Nasıl Açılır? Sürdürülebilir Bir Ge…;;;
turkiye-finans--kampanyalar-tuzel-onbarding-avantaj-paketi;turkiye-finans;hedef_kitle;"[""belirli_segment"", ""maas_musterisi"", ""mevcut_musteri"", ""yeni_musteri""]";0.95;rule_heuristic;;…bı Nedir, Nasıl Açılır? Sürdürülebilir Bir Geleceğin Anahtarı: Net Sıfır Hedefi Tüm Renkleri Buluşturan Güzellikleriyle [Hoş Geldin] Ramazan! İşsizlik Maaşı (İşsizlik Ödeneği) Nedir? İşsizlik Maaşı Hesaplama 2024 Trafik Cezası (TPC) Nedir? Trafik Cezas…;;;
turkiye-finans--kampanyalar-yatirim-kampanyalari;turkiye-finans;masraf_durumu;"{""amount"": null, ""has_fee"": true}";0.95;rule_heuristic;;… Et Ana Menüye Git İçeriğe Git Bölüm Menüsüne Git İçeriğe Git English العربية Şube ve ATM'ler Hakkımızda Ürün ve Hizmet [Ücret]leri Müşteri Ol İnternet Şubesi Bireysel Kurumsal Dijital Şifre Al Bireysel İhtiyaç Finansmanı Hızlı Finansman Taşıt Fin…;;;
turkiye-finans--kampanyalar-yatirim-kampanyalari;turkiye-finans;alisveris_puani;"{""kind"": ""points"", ""value"": 10.0}";0.95;rule_heuristic;;…arı Enflasyon Nedir? Nasıl Hesaplanır? 3D Secure Nedir, Ne İşe Yarar? Kredi Notu (Kredi Puanı) Nedir? Türkiye Finans'ın [10]0'ünde Gelecek Olan 5 Üyesi Cumhuriyetimizin Unutulmaz 100'leri Bankacılığın Tarihçesi ve Türkiye'de Bankacılık Türleri …;;;
turkiye-finans--kampanyalar-yatirim-kampanyalari;turkiye-finans;kampanya_kosullari;"[""Türkiye Finans'ın 100'ünde Gelecek Olan 5 Üyesi Cumhuriyetimizin Unutulmaz 100'leri Bankacılığın Tarihçesi ve Türkiye'de Bankacılık Türleri Dijital Dünyada Güvenlik İçin Temel İpuçları Avrupa Yeşil Mutabakatı: Sürdürülebilir Ekonomiler İçin Yol Haritası 2023'ü Geride Bırakırken DASK - Zorunlu Deprem Sigortası Nedir?""]";0.95;rule_heuristic;;…ra Biriktirme Yolları Enflasyon Nedir? Nasıl Hesaplanır? 3D Secure Nedir, Ne İşe Yarar? Kredi Notu (Kredi Puanı) Nedir? [Türkiye Finans'ın 100'ünde Gelecek Olan 5 Üyesi Cumhuriyetimizin Unutulmaz 100'leri Bankacılığın Tarihçesi ve Türkiye'de Bankacılık Türleri Dijital Dünyada Güvenlik İçin Temel İpuçları Avrupa Yeşil Mutabakatı: Sürdürülebilir Ekonomiler İçin Yol Haritası 2023'ü Geride Bırakırken DASK - Zorunlu Deprem Sigortası Nedir?] Sağlık Sigortası Nedir? Neden Sağlık Sigortası Yaptırmalıyız? Katılma Hesabı Nedir, Nasıl Açılır? Sürdürülebilir Bir Ge…;;;
turkiye-finans--kampanyalar-yatirim-kampanyalari;turkiye-finans;hedef_kitle;"[""belirli_segment"", ""maas_musterisi"", ""yeni_musteri""]";0.95;rule_heuristic;;…bı Nedir, Nasıl Açılır? Sürdürülebilir Bir Geleceğin Anahtarı: Net Sıfır Hedefi Tüm Renkleri Buluşturan Güzellikleriyle [Hoş Geldin] Ramazan! İşsizlik Maaşı (İşsizlik Ödeneği) Nedir? İşsizlik Maaşı Hesaplama 2024 Trafik Cezası (TPC) Nedir? Trafik Cezas…;;;
turkiye-finans--konut-finansmani-konut-finansmani;turkiye-finans;campaign_type;Konut Finansmanı;0.90;classifier;;Navigasyonu görüntüle İçeriği görüntüle GÜNCELLE Çerez Politikası ve 6698 sayılı Kişisel Verilerin Korunması Kanunu kapsamında Bankamız ile paylaşmış olduğunuz kişisel verileriniz ile ilgili detaylı bilgiye Kişisel Veril …;;;
turkiye-finans--konut-finansmani-konut-finansmani;turkiye-finans;tahsis_ucreti;"{""currency"": ""TRY"", ""value"": 3.0}";0.95;rule_heuristic;;…için de aynı belgeler talep edilecektir. İlk Konutunu Alan / Sigortalı Konut Finansmanı (Konut Kredisi)* Vade Kâr Oranı [Tahsis Ücreti Aylık Toplam Maliyet Yıllık Toplam Maliyet 3 3,96% 0,50% 16],66% 535,27% 6 3,92% 0,50% 11,21% 257,86% 12 3,77% 0,50% 7,81% 146,69% 18 3,73% 0,50% 6,60% 115,39% 24 3,69% 0,50% 5,96%…;;;
turkiye-finans--konut-finansmani-konut-finansmani;turkiye-finans;masraf_durumu;"{""amount"": null, ""has_fee"": true}";0.95;rule_heuristic;;… Et Ana Menüye Git İçeriğe Git Bölüm Menüsüne Git İçeriğe Git English العربية Şube ve ATM'ler Hakkımızda Ürün ve Hizmet [Ücret]leri Müşteri Ol İnternet Şubesi Bireysel Kurumsal Dijital Şifre Al Bireysel İhtiyaç Finansmanı Hızlı Finansman Taşıt Fin…;;;
turkiye-finans--konut-finansmani-konut-finansmani;turkiye-finans;alisveris_puani;"{""kind"": ""points"", ""value"": 10.0}";0.95;rule_heuristic;;…arı Enflasyon Nedir? Nasıl Hesaplanır? 3D Secure Nedir, Ne İşe Yarar? Kredi Notu (Kredi Puanı) Nedir? Türkiye Finans'ın [10]0'ünde Gelecek Olan 5 Üyesi Cumhuriyetimizin Unutulmaz 100'leri Bankacılığın Tarihçesi ve Türkiye'de Bankacılık Türleri …;;;
turkiye-finans--konut-finansmani-konut-finansmani;turkiye-finans;kampanya_kosullari;"[""Türkiye Finans'ın 100'ünde Gelecek Olan 5 Üyesi Cumhuriyetimizin Unutulmaz 100'leri Bankacılığın Tarihçesi ve Türkiye'de Bankacılık Türleri Dijital Dünyada Güvenlik İçin Temel İpuçları Avrupa Yeşil Mutabakatı: Sürdürülebilir Ekonomiler İçin Yol Haritası 2023'ü Geride Bırakırken DASK - Zorunlu Deprem Sigortası Nedir?"", ""Türkiye Finans Konut Finansmanı (bankacılık kanununa göre konut kredisi), uygun koşullarda ev sahibi olmanız için sunulan finansman desteğidir."", ""Konut Finansmanı (Konut Kredisi)* çözümlerimizden bütçenize göre dilediğinizi seçebilir, uygun ödeme koşulları ile zorlanmadan ev sahibi olabilirsiniz."", ""Banka gerekli gördüğü durumlarda kefil ve ek belge isteme hakkına sahiptir."", ""Maliyet tablosu hesaplamasında yer alan kar oranları; Yedek Hesap, DASK, Finansman Ferdi Kaza Sigortası, Konut Sigortası, Otomatik Fatura Ödeme Talimatı ürünlerinin tamamının finansman başvurusu ile birlikte alınması şartıyla uygulanmaktadır."", ""Finansmanın maksimum vadesi 120 ay olup, tahsis ücreti vergiler hariç finansman tutarının binde 5'i oranındadır."", ""Ekspertiz ücreti minimum maliyetler üzerinden hesaplanmış olup Ekspertiz ücreti Resmi Kurumlara ödenen harç miktarına, taşınmazın alanına, mevcut durumuna ve bulunduğu lokasyona göre değişebilmektedir.Gayrimenkulün bulunduğu lokasyona bağlı olarak ekspertiz firmasına ödenen meblağ arttığında, müşteriden tahsil edilecek ekspertiz ücreti de artacaktır."", ""Mortgage finansmanı için gerekli belgeler nelerdir?""]";0.95;rule_heuristic;;…ra Biriktirme Yolları Enflasyon Nedir? Nasıl Hesaplanır? 3D Secure Nedir, Ne İşe Yarar? Kredi Notu (Kredi Puanı) Nedir? [Türkiye Finans'ın 100'ünde Gelecek Olan 5 Üyesi Cumhuriyetimizin Unutulmaz 100'leri Bankacılığın Tarihçesi ve Türkiye'de Bankacılık Türleri Dijital Dünyada Güvenlik İçin Temel İpuçları Avrupa Yeşil Mutabakatı: Sürdürülebilir Ekonomiler İçin Yol Haritası 2023'ü Geride Bırakırken DASK - Zorunlu Deprem Sigortası Nedir?] Sağlık Sigortası Nedir? Neden Sağlık Sigortası Yaptırmalıyız? Katılma Hesabı Nedir, Nasıl Açılır? Sürdürülebilir Bir Ge…;;;
turkiye-finans--konut-finansmani-konut-finansmani;turkiye-finans;hedef_kitle;"[""belirli_segment"", ""maas_musterisi"", ""yeni_musteri""]";0.95;rule_heuristic;;…bı Nedir, Nasıl Açılır? Sürdürülebilir Bir Geleceğin Anahtarı: Net Sıfır Hedefi Tüm Renkleri Buluşturan Güzellikleriyle [Hoş Geldin] Ramazan! İşsizlik Maaşı (İşsizlik Ödeneği) Nedir? İşsizlik Maaşı Hesaplama 2024 Trafik Cezası (TPC) Nedir? Trafik Cezas…;;;
turkiye-finans--tasit-finansmani-tasit-finansmani-2;turkiye-finans;campaign_type;Taşıt Finansmanı;0.90;classifier;;Navigasyonu görüntüle İçeriği görüntüle GÜNCELLE Çerez Politikası ve 6698 sayılı Kişisel Verilerin Korunması Kanunu kapsamında Bankamız ile paylaşmış olduğunuz kişisel verileriniz ile ilgili detaylı bilgiye Kişisel Veril …;;;
turkiye-finans--tasit-finansmani-tasit-finansmani-2;turkiye-finans;tahsis_ucreti;"{""currency"": ""TRY"", ""value"": 3.0}";0.95;rule_heuristic;;…iyaç Finansmanı hesaplama aracına gitmek için tıklayın. Sigortalı Taşıt Finansmanı (Taşıt Kredisi)* 0 km Vade Kâr Oranı [Tahsis Ücreti Aylık Toplam Maliyet Yıllık Toplam Maliyet 3 3,67% 0,50% 5,]07% 81,11% 6 3,67% 0,50% 4,95% 78,49% 12 3,63% 0,50% 4,81% 75,81% 18 3,56% 0,50% 4,70% 73,61% 24 3,52% 0,50% 4,64% 72,24…;;;
turkiye-finans--tasit-finansmani-tasit-finansmani-2;turkiye-finans;masraf_durumu;"{""amount"": null, ""has_fee"": true}";0.95;rule_heuristic;;… Et Ana Menüye Git İçeriğe Git Bölüm Menüsüne Git İçeriğe Git English العربية Şube ve ATM'ler Hakkımızda Ürün ve Hizmet [Ücret]leri Müşteri Ol İnternet Şubesi Bireysel Kurumsal Dijital Şifre Al Bireysel İhtiyaç Finansmanı Hızlı Finansman Taşıt Fin…;;;
turkiye-finans--tasit-finansmani-tasit-finansmani-2;turkiye-finans;alisveris_puani;"{""kind"": ""points"", ""value"": 10.0}";0.95;rule_heuristic;;…arı Enflasyon Nedir? Nasıl Hesaplanır? 3D Secure Nedir, Ne İşe Yarar? Kredi Notu (Kredi Puanı) Nedir? Türkiye Finans'ın [10]0'ünde Gelecek Olan 5 Üyesi Cumhuriyetimizin Unutulmaz 100'leri Bankacılığın Tarihçesi ve Türkiye'de Bankacılık Türleri …;;;
turkiye-finans--tasit-finansmani-tasit-finansmani-2;turkiye-finans;kampanya_kosullari;"[""Türkiye Finans'ın 100'ünde Gelecek Olan 5 Üyesi Cumhuriyetimizin Unutulmaz 100'leri Bankacılığın Tarihçesi ve Türkiye'de Bankacılık Türleri Dijital Dünyada Güvenlik İçin Temel İpuçları Avrupa Yeşil Mutabakatı: Sürdürülebilir Ekonomiler İçin Yol Haritası 2023'ü Geride Bırakırken DASK - Zorunlu Deprem Sigortası Nedir?"", ""Türkiye Finans Taşıt Araç / Taşıt Finansmanı (Taşıt Kredisi)* başvurunuzu gerekli belgelerle birlikte size en yakın Türkiye Finans şubesinden yapabilirsiniz."", ""Araç / Taşıt Finansmanı (Taşıt Kredisi)* kullanmak için aşağıdaki teminatlardan birini kullanabilirsiniz: Alınacak aracın rehini Gayrimenkul ipoteği Nakit bloke teminatı Türkiye Finans Araç / Taşıt Finansmanı (Taşıt Kredisi)* için Gerekli Belgeler Nelerdir?"", ""el aracı alternatif ödeme seçeneklerinden faydalanarak avantajlı ve uygun koşullarla satın alabilirsiniz."", ""Maliyet tablosu hesaplamasında yer alan kar oranları; Kasko, Finansman Güvence Sigortası ürünlerinin tamamının finansman başvurusu ile birlikte alınması şartıyla uygulanmaktadır."", ""Tahsis ücreti finansman fiyatlamasının bir parçasıdır Tahsis ücreti vergiler hariç finansman tutarının binde 5'i oranındadır."", ""Araç / Taşıt Finansmanı (Taşıt Kredisi)* Hakkında Sıkça Sorulan Sorular Araç / Taşıt Finansmanı (Taşıt Kredisi)* başvurusu için gerekli belgeler nelerdir?"", ""Taşıt kredisi başvurunuz için aşağıdaki belgeleri ibraz etmeniz gerekmektedir.""]";0.95;rule_heuristic;;…ra Biriktirme Yolları Enflasyon Nedir? Nasıl Hesaplanır? 3D Secure Nedir, Ne İşe Yarar? Kredi Notu (Kredi Puanı) Nedir? [Türkiye Finans'ın 100'ünde Gelecek Olan 5 Üyesi Cumhuriyetimizin Unutulmaz 100'leri Bankacılığın Tarihçesi ve Türkiye'de Bankacılık Türleri Dijital Dünyada Güvenlik İçin Temel İpuçları Avrupa Yeşil Mutabakatı: Sürdürülebilir Ekonomiler İçin Yol Haritası 2023'ü Geride Bırakırken DASK - Zorunlu Deprem Sigortası Nedir?] Sağlık Sigortası Nedir? Neden Sağlık Sigortası Yaptırmalıyız? Katılma Hesabı Nedir, Nasıl Açılır? Sürdürülebilir Bir Ge…;;;
turkiye-finans--tasit-finansmani-tasit-finansmani-2;turkiye-finans;hedef_kitle;"[""belirli_segment"", ""maas_musterisi"", ""mevcut_musteri"", ""yeni_musteri""]";0.95;rule_heuristic;;…bı Nedir, Nasıl Açılır? Sürdürülebilir Bir Geleceğin Anahtarı: Net Sıfır Hedefi Tüm Renkleri Buluşturan Güzellikleriyle [Hoş Geldin] Ramazan! İşsizlik Maaşı (İşsizlik Ödeneği) Nedir? İşsizlik Maaşı Hesaplama 2024 Trafik Cezası (TPC) Nedir? Trafik Cezas…;;;
vakif-katilim--detay-3-ay-ertelemeli-motosiklet-kampanyasi;vakif-katilim;kampanya_kosullari;"[""Kampanya Şartları Sadece sıfır motosikletler için 3 ay ödemesiz dönemli satın alma kolaylığı sağlayan finansmandır.""]";0.95;rule_heuristic;;"…kletlerde uygun kâr oranlarıyla motosiklet finansmanı Vakıf Katılım'da! Siz de hemen müşterimiz olmak için tıklayınız . [Kampanya Şartları Sadece sıfır motosikletler için 3 ay ödemesiz dönemli satın alma kolaylığı sağlayan finansmandır.] Bireysel müşterilerle gerçek kişi tacir müşterilerin bireysel amaçlı motosiklet finansmanları kredilendirme oranı; sıfı…";;;
vakif-katilim--detay-3-ay-ertelemeli-tasit-finansmani;vakif-katilim;finansman_tutari;"{""currency"": ""TRY"", ""value"": 400000.0}";0.95;rule_heuristic;;…nlar için azami %20'sidir. Bireysel müşterilerle gerçek kişi tacir müşterilerin bireysel amaçlı taşıt finansmanlarında, [400.000 TL] ve altında olan araçlar için azami vade 48 ay, 400.001 TL – 800.000 TL aralığında olan araçlar için azami vade 36 ay, 8…;;;
vakif-katilim--detay-3-ay-ertelemeli-tasit-finansmani;vakif-katilim;kampanya_kosullari;"[""Kampanya Şartları Sıfır veya ikinci el araçlar için 3 ay ödemesiz dönemli satın alma kolaylığı sağlayan finansmandır.""]";0.95;rule_heuristic;;"…rda tüm vadelerde uygun kâr oranıyla taşıt finansmanı Vakıf Katılım'da! Siz de hemen müşterimiz olmak için tıklayınız . [Kampanya Şartları Sıfır veya ikinci el araçlar için 3 ay ödemesiz dönemli satın alma kolaylığı sağlayan finansmandır.] Bireysel müşterilerle gerçek kişi tacir müşterilerin bireysel amaçlı taşıt finansmanları kredilendirme oranı; sıfır ara…";;;
vakif-katilim--detay-anneler-gunu-hediyesi-vakif-katilimda;vakif-katilim;indirim_orani;15.0;0.95;rule_heuristic;;…lü görüşme ile müşterimiz olan Vakıf Katılımlılar, yıl sonuna kadar tazecicek.com üzerinden yapacakları alışverişlerde %[15] indirim fırsatı yakalıyor! Siz de hemen müşterimiz olmak için tıklayınız . İndirim tazecicek.com' da %15 oranında uygul…;;;
vakif-katilim--detay-anneler-gunu-hediyesi-vakif-katilimda;vakif-katilim;kampanya_kosullari;"[""Kampanya Şartları Görüntülü görüşme ile müşterimiz olup, kendisine iletilen kod ile harcamalarını yapan müşterilerimiz yapacakları alışverişten %15 indirimli faydalanacaklardır."", ""İndirimin uygulanması için siparişlerde herhangi bir alt veya üst limit yoktur. *Vakıf Katılım veya Taze Çiçek kampanya şartlarında değişiklik yapma ve kampanyayı durdurma hakkına sahiptir.""]";0.95;rule_heuristic;;…Hediye çekleri ilgili tarihlerde görüntülü görüşme ile müşteri olan kişilere görüntülü görüşme esnasında iletilecektir. [Kampanya Şartları Görüntülü görüşme ile müşterimiz olup, kendisine iletilen kod ile harcamalarını yapan müşterilerimiz yapacakları alışverişten %15 indirimli faydalanacaklardır.] İndirimin uygulanması için siparişlerde herhangi bir alt veya üst limit yoktur. *Vakıf Katılım veya Taze Çiçek kampanya…;;;
vakif-katilim--detay-gaziantepte-ulasim-icin-troy-kullanilir;vakif-katilim;masraf_durumu;"{""amount"": 0.0, ""has_fee"": false}";0.95;rule_heuristic;;…nda, Gaziantep il sınırları içindeki toplu taşıma hatlarında, TROY logolu temassız kredi kartlarıyla yapılan ilk ulaşım [ücretsiz]! Kampanya Şartları • Kampanya 29 Eylül 2025 00:01 ile 27 Ekim 2025 23:59 arasında pazartesi günleri geçerli olacaktır. …;;;
vakif-katilim--detay-gaziantepte-ulasim-icin-troy-kullanilir;vakif-katilim;kampanya_kosullari;"[""Ödeme noktasında, ekranda ödeme tutarı gösterilecektir ancak bu ücret TROY kart kullanıcısına yansıtılmayacak olup BKM (TROY) tarafından karşılanacaktır. • Her bir TROY logolu temassız kart, kampanya süresince her pazartesi günü kampanyadan yalnızca 1 kez faydalanabilir. • Vakıf Katılım Bankası AŞ ve BKM, kampanyayı durdurma veya kampanya koşullarında değişiklik yapma hakkını saklı tutar.""]";0.95;rule_heuristic;;…l edilmeyecektir. Kart sahiplerinin kampanyadan yararlanabilmesi için ayrıca bir işlem yapmasına gerek bulunmamaktadır. [Ödeme noktasında, ekranda ödeme tutarı gösterilecektir ancak bu ücret TROY kart kullanıcısına yansıtılmayacak olup BKM (TROY) tarafından karşılanacaktır. • Her bir TROY logolu temassız kart, kampanya süresince her pazartesi günü kampanyadan yalnızca 1 kez faydalanabilir. • Vakıf Katılım Bankası AŞ ve BKM, kampanyayı durdurma veya kampanya koşullarında değişiklik yapma hakkını saklı tutar.] Tümünü Göster İlginizi Çekebilecek Kampanyalar MTV Ödemelerinde Vade Farksız 3 Taksit Detaylı Bilgi VKart'la Şarj Et, Y…;;;
vakif-katilim--detay-genclere-ozel-hediye-kahve;vakif-katilim;taksit_sayisi;3;0.95;rule_heuristic;;…Kampanyalar Espressolab Hediye Kahve Kampanyası Detaylı Bilgi Tamamla Kazan Detaylı Bilgi MTV Ödemelerinde Vade Farksız [3 Taksit] Detaylı Bilgi Tüm Kampanyalar Çerezleri Özelleştirin Reddet Kabul Ediyorum;;;
vakif-katilim--detay-genclere-ozel-hediye-kahve;vakif-katilim;kampanya_suresi;2025-12-31;0.95;rule_heuristic;;…takiben en geç 2 hafta içerisinde iletilir. Vakıf Katılım & Espressolab iş birliği ile sunulan hediye kahve kampanyası, [31 Aralık 2025] tarihine kadar geçerlidir. Kampanya Şartları Hediye Kahve Nasıl Kazanılır? Vakıf Katılım Mobil Şube üzerinden görüntülü…;;;
vakif-katilim--detay-genclere-ozel-hediye-kahve;vakif-katilim;kampanya_kosullari;"[""Fatura Talimatı Sayısı Kampanyaya katılım için en az bir fatura talimatı verilmesi gerekmektedir."", ""Kampanya Şartları Hediye Kahve Nasıl Kazanılır?"", ""Kampanya müşteri bazındadır ve bir müşteri, kampanyadan yalnızca bir kez yararlanabilir."", ""Kodlar yalnızca Espressolab mağazalarında geçerlidir, online alışverişlerde kullanılamaz.""]";0.95;rule_heuristic;;…nı verdiğiniz faturanın ödenmesiyle birlikte hediye kahveniz hazır! Kampanya boyunca en fazla 5 kahve kazanabilirsiniz. [Fatura Talimatı Sayısı Kampanyaya katılım için en az bir fatura talimatı verilmesi gerekmektedir.] Kahve kodu, talimatlı faturanın ödenmesini takiben en geç 2 hafta içerisinde iletilir. Vakıf Katılım & Espressolab iş b…;;;
vakif-katilim--detay-igdas-fatura-odemelerinize-vade-farksiz-3-taksit;vakif-katilim;finansman_tutari;"{""currency"": ""TRY"", ""value"": 10000.0}";0.95;rule_heuristic;;…pılmış olması gereklidir. • Kampanya süresince toplam 8 adet doğal gaz faturası taksitlendirilebilir. • Tutarı en fazla [10.000 TL]'ye kadar olan faturalar taksitlendirilebilir. • Kampanyaya bireysel fiziki veya dijital Vakıf Katılım Kredi Kartları il…;;;
vakif-katilim--detay-mastercard-ile-enuyguncomda-150-tl-indirim;vakif-katilim;odul_miktari;"{""currency"": ""TRY"", ""value"": 150.0}";0.95;rule_heuristic;;"… logolu Vakıf Katılım Kredi Kartınızla enuygun.com.com mobil uygulaması üzerinden yapacağınız ilk otobüs bileti alımına [150 TL] indirim kazanın! Vakıf Katılım müşterisi değilseniz Vakıf Katılım Mobil 'i indirerek "" Vakıf Katılımlı Ol "" adımından y…";;;
vakif-katilim--detay-mastercard-ile-enuyguncomda-150-tl-indirim;vakif-katilim;kampanya_kosullari;"[""Kampanya Şartları 6 Ocak 2026 - 31 Temmuz 2026 tarihleri arasında Masterpass'e kayıtlı olan tüm Mastercard sahipleri Masterpass web sitesinden enuygun.com mobil uygulamasında geçerli otobüs bileti alımlarında kullanabilecekleri 150 TL indirim kuponu kazanacaklardır."", ""Kampanya sadece enuygun.com mobil uygulaması üzerinden alınacak ilk otobüs biletlerinde geçerlidir."", ""Vakıf Katılım Bankası AŞ, enuygun.com ve Mastercard önceden haber vermeksizin kampanyayı durdurma, sona erdirme, kampanya kapsamını ve koşullarını değiştirme hakkını saklı tutar.""]";0.95;rule_heuristic;;…üzerinden satın alacağınız 300 TL ve üzeri tutardaki ilk otobüs bileti alımında indirim kuponundan yararlanabilirsiniz. [Kampanya Şartları 6 Ocak 2026 - 31 Temmuz 2026 tarihleri arasında Masterpass'e kayıtlı olan tüm Mastercard sahipleri Masterpass web sitesinden enuygun.com mobil uygulamasında geçerli otobüs bileti alımlarında kullanabilecekleri 150 TL indirim kuponu kazanacaklardır.] Masterpass'e üyeliği bulunmayan kullanıcılar Masterpass web sitesine üye olduktan sonra indirim kuponlarını alabilirler…;;;
vakif-katilim--detay-masterpiece-hobi-atolyesinde-10-indirim;vakif-katilim;indirim_orani;10.0;0.95;rule_heuristic;;…in SİZE ÖZEL ÇÖZÜMLER ÜRÜN VE HİZMETLERİMİZ Hakkımızda Ana Sayfa Kendim İçin Kampanyalar Masterpiece Hobi Atölyesi'nde %[10] İndirim Kampanya Geçerlilik Tarihi Kampanya Süresi Dolmuştur Kampanya Detayları 1- 31 Mayıs 2025 tarihleri arasında, Ma…;;;
vakif-katilim--detay-mobilden-vakif-katilimli-olanlara-modanisada-200-tl-hediye;vakif-katilim;odul_miktari;"{""currency"": ""TRY"", ""value"": 200.0}";0.95;rule_heuristic;;"…ZÜMLER ÜRÜN VE HİZMETLERİMİZ Hakkımızda Ana Sayfa Kendim İçin Kampanyalar Mobilden Vakıf Katılımlı Olanlara Modanisa'da [200 TL] Hediye! Kampanya Geçerlilik Tarihi Kampanya Süresi Dolmuştur Kampanya Detayları 15 Mayıs – 30 Haziran arasında ""MODANIS…";;;
vakif-katilim--detay-mobilden-vakif-katilimli-olanlara-modanisada-200-tl-hediye;vakif-katilim;kampanya_kosullari;"[""Kampanya Şartları Kampanyadan yararlanmak isteyen müşterilerimiz; Kampanyadan faydalanabilmek için davet kodu alanına \"" MODANISA2024 \"" yazılması gerekmektedir."", ""Vakıf Katılım kampanya koşullarının tamamında değişiklik yapma ve/veya kampanyayı durdurma hakkını saklı tutar.""]";0.95;rule_heuristic;;"… Hediye Çeki gönderimi sağlanacaktır. Siz de hemen Vakıf Katılımlı olmak ve kampanyamızdan yararlanmak için tıklayınız. [Kampanya Şartları Kampanyadan yararlanmak isteyen müşterilerimiz; Kampanyadan faydalanabilmek için davet kodu alanına "" MODANISA2024 "" yazılması gerekmektedir.] Kampanya kapsamında kazanılan hediye çekleri 2 iş günü içerisinde müşterilerimize SMS olarak gönderilecektir. Davet kod…";;;
vakif-katilim--detay-mobilya-ve-dekorasyon-alisverislerinize-500-tl-iade;vakif-katilim;odul_miktari;"{""currency"": ""TRY"", ""value"": 500.0}";0.95;rule_heuristic;;…ZEL ÇÖZÜMLER ÜRÜN VE HİZMETLERİMİZ Hakkımızda Ana Sayfa Kendim İçin Kampanyalar Mobilya ve Dekorasyon Alışverişlerinize [500 TL] İade! Kampanya Geçerlilik Tarihi Kampanya Süresi Dolmuştur Kampanya Detayları 30 Kasım 2025 tarihine kadar mobilya ve d…;;;
ziraat-katilim--dis-ticaret-finansmanlari-vadeli-ihracat-finansmani;ziraat-katilim;kampanya_kosullari;"[""Özellikleri Faydaları Yurtdışındaki alıcısına vade tanımak isteyen ve uygun şartları taşıyan tüm ihracatçılarımız yararlanabilecektir."", ""Şube Vadeli İhracat Finansmanı Kullanmak için Gerekli Belgeler Size en yakın şubemizden detaylı bilgi alabilirsiniz.""]";0.95;rule_heuristic;;…t gücünüzü artırır. Finansman maliyeti önceden kesin olarak öğrenilir. Mal satışı ile tahsilat arasındaki süre kısalır. [Özellikleri Faydaları Yurtdışındaki alıcısına vade tanımak isteyen ve uygun şartları taşıyan tüm ihracatçılarımız yararlanabilecektir.] İthalatçı bankanın ödeme teyidine istinaden finansman gerçekleştirilmektedir. Firma limiti ve teminat gerektirmeden fin…;;;
ziraat-katilim--finansman-urunleri-finansman-is-birlikleri;ziraat-katilim;hedef_kitle;"[""belirli_segment""]";0.95;rule_heuristic;;…Destekli Finansmanlar KOSGEB (Küçük ve Orta Ölçekli İşletmeleri Geliştirme ve Destekleme İdaresi Başkanlığı) tarafından [KOBİ]'lere yönelik finansmanlarda kar desteği sağlamak amacıyla sunulan finansmanlardır. Detaylı Bilgi Eximbank Destekli Fina…;;;
ziraat-katilim--finansman-urunleri-konut-gayrimenkul-finansmani;ziraat-katilim;kampanya_kosullari;"[""Detaylı Bilgi Bireysel İş Yeri Finansmanı Yalnızca ticari faaliyeti olmayan gerçek kişilere (kamu ve özel sektör çalışanları, emekliler vb.) hazır/bitmiş işyeri (ofis, büro, dükkân, muayenehane vb. nitelikteki işyerleri) alımının finansmanına yönelik olarak kullandırılan taksitli bireysel finansman ürünüdür.""]";0.95;rule_heuristic;;…l müşterilerimiz için belediye sınırları içerisinde yer alan imarlı arsa alımına yönelik sağlanan finansman desteğidir. [Detaylı Bilgi Bireysel İş Yeri Finansmanı Yalnızca ticari faaliyeti olmayan gerçek kişilere (kamu ve özel sektör çalışanları, emekliler vb.) hazır/bitmiş işyeri (ofis, büro, dükkân, muayenehane vb. nitelikteki işyerleri) alımının finansmanına yönelik olarak kullandırılan taksitli bireysel finansman ürünüdür.] Detaylı Bilgi HEMEN BAŞVUR SAYFAYI PAYLAŞ;;;
ziraat-katilim--finansman-urunleri-konut-gayrimenkul-finansmani;ziraat-katilim;hedef_kitle;"[""belirli_segment""]";0.95;rule_heuristic;;…ı Bilgi Bireysel İş Yeri Finansmanı Yalnızca ticari faaliyeti olmayan gerçek kişilere (kamu ve özel sektör çalışanları, [emekli]ler vb.) hazır/bitmiş işyeri (ofis, büro, dükkân, muayenehane vb. nitelikteki işyerleri) alımının finansmanına yönelik o…;;;
ziraat-katilim--gayri-nakdi-finansman-urunleri-referans-mektuplari;ziraat-katilim;kampanya_kosullari;"[""Referans Mektubu başvurusu Yapılabilen Kanallar Şube Referans Mektubu Almak için Gerekli Belgeler Size en yakın şubemizden detaylı bilgi alabilirsiniz.""]";0.95;rule_heuristic;;…L veya YP olarak düzenlenebilir. Belirli bir projenin finansmanı konusunda muhatabına ciddi izlenim veren bir belgedir. [Referans Mektubu başvurusu Yapılabilen Kanallar Şube Referans Mektubu Almak için Gerekli Belgeler Size en yakın şubemizden detaylı bilgi alabilirsiniz.] SAYFAYI PAYLAŞ;;;
ziraat-katilim--kampanyalar-ziraat-katilim-bankkart-babalargunu-kampanyasi;ziraat-katilim;finansman_tutari;"{""currency"": ""TRY"", ""value"": 120.0}";0.95;rule_heuristic;;…n sadece ilki kampanyaya dahil edilecektir. Bir müşterinin kampanya döneminde kazanabileceği azami Bankkart Lira tutarı [120 TL] ile sınırlıdır. Kampanyaya asıl kart müşterileri katılabilir. Kampanyaya katılım sağlamış asıl kartlara bağlı ek kartla…;;;
ziraat-katilim--kampanyalar-ziraat-katilim-bankkart-babalargunu-kampanyasi;ziraat-katilim;masraf_durumu;"{""amount"": 0.0, ""has_fee"": false}";0.95;rule_heuristic;;…l işlemleri kampanya dışında tutulacaktır. Kampanyaya yalnızca Ziraat Katılım Bankası kredi kartları dahildir. Bankkart [Ücretsiz] ile yapılan işlemler kampanya kapsamında değerlendirilmeyecektir Kampanyaya hak kazanan kartların Bankkart Lira yükleme…;;;
ziraat-katilim--kampanyalar-ziraat-katilim-bankkart-babalargunu-kampanyasi;ziraat-katilim;odul_miktari;"{""currency"": ""TRY"", ""value"": 120.0}";0.95;rule_heuristic;;…ektörlerindeki üye işyerlerinde bankkart pos'undan tek seferde yapılacak 500 TL ve üzeri her alışverişe 30 TL, toplamda [120 TL] Bankkart lira kazanacaktır. İşlemlerin Bankkart POS'undan yapılması gerekmektedir. Kampanya kapsamında Bankkart Lira ve…;;;
ziraat-katilim--kampanyalar-ziraat-katilim-bankkart-babalargunu-kampanyasi;ziraat-katilim;kampanya_kosullari;"[""Ziraat Katılım Bankkart Babalar Günü Kampanyası Ziraat Katılım Bankkart Babalar Günü Kampanyası Kampanya 7 Haziran -19 Haziran tarihleri arasında yapılacak harcamalar için geçerli olacaktır."", ""İşlemlerin Bankkart POS'undan yapılması gerekmektedir."", ""Aynı gün aynı işyerinden yapılan harcamaların sadece ilki kampanyaya dahil edilecektir."", ""Kampanyaya yalnızca Ziraat Katılım Bankası kredi kartları dahildir."", ""Bankkart Ücretsiz ile yapılan işlemler kampanya kapsamında değerlendirilmeyecektir Kampanyaya hak kazanan kartların Bankkart Lira yükleme tarihinde açık statüde olması gerekmektedir."", ""Ziraat Katılım Bankası A.Ş. kampanya koşullarını değiştirme veya durdurma hakkına sahiptir.""]";0.95;rule_heuristic;;[Ziraat Katılım Bankkart Babalar Günü Kampanyası Ziraat Katılım Bankkart Babalar Günü Kampanyası Kampanya 7 Haziran -19 Haziran tarihleri arasında yapılacak harcamalar için geçerli olacaktır.] Kampanya süresince bankkart anlaşmalı giyim, ayakkabı, aksesuar, saat, kozmetik, kafe ve restoran sektörlerindeki üye i…;;;
ziraat-katilim--konut-finansmani-kentsel-donusum-finansmani;ziraat-katilim;kampanya_kosullari;"[""Çevre ve Şehircilik Bakanlığı tarafından belirlenen kâr destek oranlarından faydanılabilmesi için, gayrimenkulün riskli alanda bulunması ve riskli alan içinde yer almamakla birlikte gayrimenkulün ‘'riskli yapı'' olduğuna dair teknik raporlarla tespit edilmiş olması gerekmektedir."", ""Konutlarını yeniden inşa etmek isteyen hak sahipleri, Riskli yapılarda en az 1 yıl oturan kiracı veya sınırlı ayni hak sahipleri, Konutu riskli yapı olarak tespit edilen ve farklı bir konut almak isteyen malikleri.""]";0.95;rule_heuristic;;"…n"" kapsamında bulunan riskli bölgelerdeki binaların yenilenmesi için Bankamızca finansman kullandırılabilmektedir. T.C. [Çevre ve Şehircilik Bakanlığı tarafından belirlenen kâr destek oranlarından faydanılabilmesi için, gayrimenkulün riskli alanda bulunması ve riskli alan içinde yer almamakla birlikte gayrimenkulün ‘'riskli yapı'' olduğuna dair teknik raporlarla tespit edilmiş olması gerekmektedir.] Kentsel Dönüşüm Finansmanından Kimler Yararlanabilir? Konutlarını yeniden inşa etmek isteyen hak sahipleri, Riskli yapı…";;;
ziraat-katilim--surdurulebilirlik-temali-bireysel-urunler-yesil-ev-konut-finansmani;ziraat-katilim;kampanya_kosullari;"[""Yeşil Ev Konut Finansmanı Enerji verimliliği yüksek konut sayısını arttırılmasına katkı sağlamak amacıyla; mevcut konut finansmanı uygulamamıza ilave olarak bireysel müşterilerimize enerji verimliliği yüksek konutlara, günün koşullarına göre diğer konut finansmanlarına kıyasla daha avantajlı koşullar ile sunulur."", ""Avantajlı koşullarla sağlanması müşteriler için bir fırsat oluşturmaktadır.""]";0.95;rule_heuristic;;"[Yeşil Ev Konut Finansmanı Enerji verimliliği yüksek konut sayısını arttırılmasına katkı sağlamak amacıyla; mevcut konut finansmanı uygulamamıza ilave olarak bireysel müşterilerimize enerji verimliliği yüksek konutlara, günün koşullarına göre diğer konut finansmanlarına kıyasla daha avantajlı koşullar ile sunulur.] Özellikleri Faydaları Enerji Kimlik Belgesi (EKB) bulunan ve enerji performansı A ve B sınıfı olan konutların finansman…";;;
albaraka--2026-hizli-cicek-25-indirim-kampanyasi;albaraka;campaign_type;;;;;Albaraka Mobil Mobil Bankacılık Aç Hızlı Çiçek %25 İndirim Kampanyası Anasayfa Kampanyalar Detay 2026 Siz de hemen Hızlı Çiçek mobil uygulamasından sevdiklerinizi mutlu edecek hediyenizi seçin, %25 indirim kodunuzu kaçır …;;;
albaraka--detay-arzumda-25-indirim;albaraka;campaign_type;;;;;Albaraka Mobil Mobil Bankacılık Aç Arzum'da %25 İndirim! Anasayfa Kampanyalar Detay Arzum'da indirim Albaraka'da! Eviniz için seçkin ürünlerde özel ayrıcalıkları kaçırmayın. Nasıl Kullanılır? Albaraka Mobil'e giriş yapın …;;;
albaraka--detay-macrocentercomtrde-10-indirim;albaraka;campaign_type;;;;;Albaraka Mobil Mobil Bankacılık Aç Macrocenter.com.tr'de %10 İndirim! Anasayfa Kampanyalar Detay Macrocenter.com.tr'de Albaraka müşterilerine özel ayrıcalıklar sizi bekliyor. Nasıl Kullanılır? Albaraka Mobil'e giriş yapı …;;;
albaraka--detay-madame-cocoda-350-tl-indirim;albaraka;campaign_type;;;;;Albaraka Mobil Mobil Bankacılık Aç Madame Coco'da 350 TL İndirim! Anasayfa Kampanyalar Detay Madam Coco'da özel ayrıcalık. Albaraka ayrıcalığıyla seçkin ürünler sizi bekliyor. Nasıl Kullanılır? Albaraka Mobil'e giriş yap …;;;
albaraka--detay-pocket-esimden-35-indirim;albaraka;campaign_type;;;;;Albaraka Mobil Mobil Bankacılık Aç Pocket eSIM'den %35 İndirim! Anasayfa Kampanyalar Detay Yurtdışında internetsiz kalmamanız için %35 Pocket eSIM indirimi Albaraka Mobil'de. Müşterimiz değilseniz hem masrafsız bankacılı …;;;
albaraka--detay-pocket-esimden-35-indirim;albaraka;kar_payi_orani;;;;;Albaraka Mobil Mobil Bankacılık Aç Pocket eSIM'den %35 İndirim! Anasayfa Kampanyalar Detay Yurtdışında internetsiz kalmamanız için %35 Pocket eSIM indirimi Albaraka Mobil'de. Müşterimiz değilseniz hem masrafsız bankacılı …;;;
albaraka--detay-pocket-esimden-35-indirim;albaraka;finansman_tutari;;;;;Albaraka Mobil Mobil Bankacılık Aç Pocket eSIM'den %35 İndirim! Anasayfa Kampanyalar Detay Yurtdışında internetsiz kalmamanız için %35 Pocket eSIM indirimi Albaraka Mobil'de. Müşterimiz değilseniz hem masrafsız bankacılı …;;;
albaraka--detay-pocket-esimden-35-indirim;albaraka;vade_ay;;;;;Albaraka Mobil Mobil Bankacılık Aç Pocket eSIM'den %35 İndirim! Anasayfa Kampanyalar Detay Yurtdışında internetsiz kalmamanız için %35 Pocket eSIM indirimi Albaraka Mobil'de. Müşterimiz değilseniz hem masrafsız bankacılı …;;;
albaraka--detay-pocket-esimden-35-indirim;albaraka;taksit_sayisi;;;;;Albaraka Mobil Mobil Bankacılık Aç Pocket eSIM'den %35 İndirim! Anasayfa Kampanyalar Detay Yurtdışında internetsiz kalmamanız için %35 Pocket eSIM indirimi Albaraka Mobil'de. Müşterimiz değilseniz hem masrafsız bankacılı …;;;
albaraka--detay-pocket-esimden-35-indirim;albaraka;tahsis_ucreti;;;;;Albaraka Mobil Mobil Bankacılık Aç Pocket eSIM'den %35 İndirim! Anasayfa Kampanyalar Detay Yurtdışında internetsiz kalmamanız için %35 Pocket eSIM indirimi Albaraka Mobil'de. Müşterimiz değilseniz hem masrafsız bankacılı …;;;
albaraka--detay-pocket-esimden-35-indirim;albaraka;odul_miktari;;;;;Albaraka Mobil Mobil Bankacılık Aç Pocket eSIM'den %35 İndirim! Anasayfa Kampanyalar Detay Yurtdışında internetsiz kalmamanız için %35 Pocket eSIM indirimi Albaraka Mobil'de. Müşterimiz değilseniz hem masrafsız bankacılı …;;;
albaraka--detay-pocket-esimden-35-indirim;albaraka;alisveris_puani;;;;;Albaraka Mobil Mobil Bankacılık Aç Pocket eSIM'den %35 İndirim! Anasayfa Kampanyalar Detay Yurtdışında internetsiz kalmamanız için %35 Pocket eSIM indirimi Albaraka Mobil'de. Müşterimiz değilseniz hem masrafsız bankacılı …;;;
albaraka--detay-pocket-esimden-35-indirim;albaraka;hedef_kitle;;;;;Albaraka Mobil Mobil Bankacılık Aç Pocket eSIM'den %35 İndirim! Anasayfa Kampanyalar Detay Yurtdışında internetsiz kalmamanız için %35 Pocket eSIM indirimi Albaraka Mobil'de. Müşterimiz değilseniz hem masrafsız bankacılı …;;;
albaraka--detay-yolcu-360-yurt-disi-ucak-bileti;albaraka;campaign_type;;;;;Albaraka Mobil Mobil Bankacılık Aç Yolcu 360 – Yurt Dışı Uçak Bileti Anasayfa Kampanyalar Detay Yola çıkmak artık çok kolay! Albaraka Mobil'den kampanya kodunuzu alın, yurt dışı uçak bileti alımlarınızda özel indirim fır …;;;
dunya-katilim--kampanyalar-altin-kesemticari;dunya-katilim;kar_payi_orani;;;;;Anasayfa Kampanyalar Altın Kesem Altın Kazandıran Alışveriş Dünya Katılım'da ! Kredi kartı ve banka kartı alışverişlerinizde şimdi Altın Kesem var. Her harcamanızda altınlar kesenizde biriksin, 1 grama ulaşınca kapınıza …;;;
dunya-katilim--kampanyalar-altin-kesemticari;dunya-katilim;finansman_tutari;;;;;Anasayfa Kampanyalar Altın Kesem Altın Kazandıran Alışveriş Dünya Katılım'da ! Kredi kartı ve banka kartı alışverişlerinizde şimdi Altın Kesem var. Her harcamanızda altınlar kesenizde biriksin, 1 grama ulaşınca kapınıza …;;;
dunya-katilim--kampanyalar-altin-kesemticari;dunya-katilim;taksit_sayisi;;;;;Anasayfa Kampanyalar Altın Kesem Altın Kazandıran Alışveriş Dünya Katılım'da ! Kredi kartı ve banka kartı alışverişlerinizde şimdi Altın Kesem var. Her harcamanızda altınlar kesenizde biriksin, 1 grama ulaşınca kapınıza …;;;
dunya-katilim--kampanyalar-altin-kesemticari;dunya-katilim;tahsis_ucreti;;;;;Anasayfa Kampanyalar Altın Kesem Altın Kazandıran Alışveriş Dünya Katılım'da ! Kredi kartı ve banka kartı alışverişlerinizde şimdi Altın Kesem var. Her harcamanızda altınlar kesenizde biriksin, 1 grama ulaşınca kapınıza …;;;
dunya-katilim--kampanyalar-altin-kesemticari;dunya-katilim;indirim_orani;;;;;Anasayfa Kampanyalar Altın Kesem Altın Kazandıran Alışveriş Dünya Katılım'da ! Kredi kartı ve banka kartı alışverişlerinizde şimdi Altın Kesem var. Her harcamanızda altınlar kesenizde biriksin, 1 grama ulaşınca kapınıza …;;;
dunya-katilim--kampanyalar-altin-kesemticari;dunya-katilim;alisveris_puani;;;;;Anasayfa Kampanyalar Altın Kesem Altın Kazandıran Alışveriş Dünya Katılım'da ! Kredi kartı ve banka kartı alışverişlerinizde şimdi Altın Kesem var. Her harcamanızda altınlar kesenizde biriksin, 1 grama ulaşınca kapınıza …;;;
dunya-katilim--kampanyalar-altin-kesemticari;dunya-katilim;kampanya_suresi;;;;;Anasayfa Kampanyalar Altın Kesem Altın Kazandıran Alışveriş Dünya Katılım'da ! Kredi kartı ve banka kartı alışverişlerinizde şimdi Altın Kesem var. Her harcamanızda altınlar kesenizde biriksin, 1 grama ulaşınca kapınıza …;;;
dunya-katilim--kampanyalar-altin-kesemticari;dunya-katilim;hedef_kitle;;;;;Anasayfa Kampanyalar Altın Kesem Altın Kazandıran Alışveriş Dünya Katılım'da ! Kredi kartı ve banka kartı alışverişlerinizde şimdi Altın Kesem var. Her harcamanızda altınlar kesenizde biriksin, 1 grama ulaşınca kapınıza …;;;
dunya-katilim--kampanyalar-kip;dunya-katilim;kar_payi_orani;;;;;Anasayfa Kampanyalar kip Kip'te 5 Taksit Fırsatı! Dünya Katılım Paraf ile KİP mağazaları ve www.kip.com.tr 'de Paraf POS'larından yapılacak alışverişlerde 5 taksit imkanı sunulacaktır. Kampanyadan Dünya Katılım Paraf kar …;;;
dunya-katilim--kampanyalar-kip;dunya-katilim;finansman_tutari;;;;;Anasayfa Kampanyalar kip Kip'te 5 Taksit Fırsatı! Dünya Katılım Paraf ile KİP mağazaları ve www.kip.com.tr 'de Paraf POS'larından yapılacak alışverişlerde 5 taksit imkanı sunulacaktır. Kampanyadan Dünya Katılım Paraf kar …;;;
dunya-katilim--kampanyalar-kip;dunya-katilim;tahsis_ucreti;;;;;Anasayfa Kampanyalar kip Kip'te 5 Taksit Fırsatı! Dünya Katılım Paraf ile KİP mağazaları ve www.kip.com.tr 'de Paraf POS'larından yapılacak alışverişlerde 5 taksit imkanı sunulacaktır. Kampanyadan Dünya Katılım Paraf kar …;;;
dunya-katilim--kampanyalar-kip;dunya-katilim;odul_miktari;;;;;Anasayfa Kampanyalar kip Kip'te 5 Taksit Fırsatı! Dünya Katılım Paraf ile KİP mağazaları ve www.kip.com.tr 'de Paraf POS'larından yapılacak alışverişlerde 5 taksit imkanı sunulacaktır. Kampanyadan Dünya Katılım Paraf kar …;;;
dunya-katilim--kampanyalar-kip;dunya-katilim;indirim_orani;;;;;Anasayfa Kampanyalar kip Kip'te 5 Taksit Fırsatı! Dünya Katılım Paraf ile KİP mağazaları ve www.kip.com.tr 'de Paraf POS'larından yapılacak alışverişlerde 5 taksit imkanı sunulacaktır. Kampanyadan Dünya Katılım Paraf kar …;;;
dunya-katilim--kampanyalar-kip;dunya-katilim;alisveris_puani;;;;;Anasayfa Kampanyalar kip Kip'te 5 Taksit Fırsatı! Dünya Katılım Paraf ile KİP mağazaları ve www.kip.com.tr 'de Paraf POS'larından yapılacak alışverişlerde 5 taksit imkanı sunulacaktır. Kampanyadan Dünya Katılım Paraf kar …;;;
dunya-katilim--kampanyalar-kip;dunya-katilim;hedef_kitle;;;;;Anasayfa Kampanyalar kip Kip'te 5 Taksit Fırsatı! Dünya Katılım Paraf ile KİP mağazaları ve www.kip.com.tr 'de Paraf POS'larından yapılacak alışverişlerde 5 taksit imkanı sunulacaktır. Kampanyadan Dünya Katılım Paraf kar …;;;
dunya-katilim--kampanyalar-koton;dunya-katilim;kar_payi_orani;;;;;Anasayfa Kampanyalar Koton DKart Debit'le Koton'da Harcadıkça Kazanın! Dkart Debit Kartınızla Koton alışverişlerinizde nakit iade kazanma fırsatı sizi bekliyor! 💸 Dkart Debit Kartınızla Koton mağazalarından yapacağınız a …;;;
dunya-katilim--kampanyalar-koton;dunya-katilim;finansman_tutari;;;;;Anasayfa Kampanyalar Koton DKart Debit'le Koton'da Harcadıkça Kazanın! Dkart Debit Kartınızla Koton alışverişlerinizde nakit iade kazanma fırsatı sizi bekliyor! 💸 Dkart Debit Kartınızla Koton mağazalarından yapacağınız a …;;;
dunya-katilim--kampanyalar-koton;dunya-katilim;taksit_sayisi;;;;;Anasayfa Kampanyalar Koton DKart Debit'le Koton'da Harcadıkça Kazanın! Dkart Debit Kartınızla Koton alışverişlerinizde nakit iade kazanma fırsatı sizi bekliyor! 💸 Dkart Debit Kartınızla Koton mağazalarından yapacağınız a …;;;
dunya-katilim--kampanyalar-koton;dunya-katilim;tahsis_ucreti;;;;;Anasayfa Kampanyalar Koton DKart Debit'le Koton'da Harcadıkça Kazanın! Dkart Debit Kartınızla Koton alışverişlerinizde nakit iade kazanma fırsatı sizi bekliyor! 💸 Dkart Debit Kartınızla Koton mağazalarından yapacağınız a …;;;
dunya-katilim--kampanyalar-koton;dunya-katilim;odul_miktari;;;;;Anasayfa Kampanyalar Koton DKart Debit'le Koton'da Harcadıkça Kazanın! Dkart Debit Kartınızla Koton alışverişlerinizde nakit iade kazanma fırsatı sizi bekliyor! 💸 Dkart Debit Kartınızla Koton mağazalarından yapacağınız a …;;;
dunya-katilim--kampanyalar-koton;dunya-katilim;indirim_orani;;;;;Anasayfa Kampanyalar Koton DKart Debit'le Koton'da Harcadıkça Kazanın! Dkart Debit Kartınızla Koton alışverişlerinizde nakit iade kazanma fırsatı sizi bekliyor! 💸 Dkart Debit Kartınızla Koton mağazalarından yapacağınız a …;;;
dunya-katilim--kampanyalar-koton;dunya-katilim;alisveris_puani;;;;;Anasayfa Kampanyalar Koton DKart Debit'le Koton'da Harcadıkça Kazanın! Dkart Debit Kartınızla Koton alışverişlerinizde nakit iade kazanma fırsatı sizi bekliyor! 💸 Dkart Debit Kartınızla Koton mağazalarından yapacağınız a …;;;
dunya-katilim--kampanyalar-koton;dunya-katilim;hedef_kitle;;;;;Anasayfa Kampanyalar Koton DKart Debit'le Koton'da Harcadıkça Kazanın! Dkart Debit Kartınızla Koton alışverişlerinizde nakit iade kazanma fırsatı sizi bekliyor! 💸 Dkart Debit Kartınızla Koton mağazalarından yapacağınız a …;;;
hayat-finans--kampanyalar-biz-kart-yemek-harcamasi-nakit-iade-kampanyasi;hayat-finans;kar_payi_orani;;;;;Biz Kart ile Yemek Harcamalarına 1.000 TL'ye Varan Nakit İade! Yakınlarınıza verdiğiniz Biz Kart ile yemek sektöründe yapılan harcamaların %10'una kadar nakit iade kazanın. Kampanya kapsamında günlük en fazla 100 TL, ayl …;;;
hayat-finans--kampanyalar-biz-kart-yemek-harcamasi-nakit-iade-kampanyasi;hayat-finans;finansman_tutari;;;;;Biz Kart ile Yemek Harcamalarına 1.000 TL'ye Varan Nakit İade! Yakınlarınıza verdiğiniz Biz Kart ile yemek sektöründe yapılan harcamaların %10'una kadar nakit iade kazanın. Kampanya kapsamında günlük en fazla 100 TL, ayl …;;;
hayat-finans--kampanyalar-biz-kart-yemek-harcamasi-nakit-iade-kampanyasi;hayat-finans;vade_ay;;;;;Biz Kart ile Yemek Harcamalarına 1.000 TL'ye Varan Nakit İade! Yakınlarınıza verdiğiniz Biz Kart ile yemek sektöründe yapılan harcamaların %10'una kadar nakit iade kazanın. Kampanya kapsamında günlük en fazla 100 TL, ayl …;;;
hayat-finans--kampanyalar-biz-kart-yemek-harcamasi-nakit-iade-kampanyasi;hayat-finans;taksit_sayisi;;;;;Biz Kart ile Yemek Harcamalarına 1.000 TL'ye Varan Nakit İade! Yakınlarınıza verdiğiniz Biz Kart ile yemek sektöründe yapılan harcamaların %10'una kadar nakit iade kazanın. Kampanya kapsamında günlük en fazla 100 TL, ayl …;;;
hayat-finans--kampanyalar-biz-kart-yemek-harcamasi-nakit-iade-kampanyasi;hayat-finans;tahsis_ucreti;;;;;Biz Kart ile Yemek Harcamalarına 1.000 TL'ye Varan Nakit İade! Yakınlarınıza verdiğiniz Biz Kart ile yemek sektöründe yapılan harcamaların %10'una kadar nakit iade kazanın. Kampanya kapsamında günlük en fazla 100 TL, ayl …;;;
hayat-finans--kampanyalar-biz-kart-yemek-harcamasi-nakit-iade-kampanyasi;hayat-finans;masraf_durumu;;;;;Biz Kart ile Yemek Harcamalarına 1.000 TL'ye Varan Nakit İade! Yakınlarınıza verdiğiniz Biz Kart ile yemek sektöründe yapılan harcamaların %10'una kadar nakit iade kazanın. Kampanya kapsamında günlük en fazla 100 TL, ayl …;;;
hayat-finans--kampanyalar-biz-kart-yemek-harcamasi-nakit-iade-kampanyasi;hayat-finans;indirim_orani;;;;;Biz Kart ile Yemek Harcamalarına 1.000 TL'ye Varan Nakit İade! Yakınlarınıza verdiğiniz Biz Kart ile yemek sektöründe yapılan harcamaların %10'una kadar nakit iade kazanın. Kampanya kapsamında günlük en fazla 100 TL, ayl …;;;
hayat-finans--kampanyalar-biz-kart-yemek-harcamasi-nakit-iade-kampanyasi;hayat-finans;alisveris_puani;;;;;Biz Kart ile Yemek Harcamalarına 1.000 TL'ye Varan Nakit İade! Yakınlarınıza verdiğiniz Biz Kart ile yemek sektöründe yapılan harcamaların %10'una kadar nakit iade kazanın. Kampanya kapsamında günlük en fazla 100 TL, ayl …;;;
kuveyt-turk--kampanya-arsivi-1-aylik-tod-taraftar-paketi-ucretsiz;kuveyt-turk;campaign_type;;;;;"Ana Sayfa Kampanyalar Kampanya Arşivi 1 Aylık TOD Taraftar Paketi Ücretsiz! ""KTOD2026"" Davet Koduyla Müşteri Olanlara, 1 Aylık TOD Taraftar Paketi Ücretsiz! Kampanya Tarihleri 26.03.2026 - 31.05.2026 Kampanya Süresi Dold …";;;
kuveyt-turk--kampanya-arsivi-3000-tl-degerindeki-cek-karnesi-paketi-ucretsiz-scr;kuveyt-turk;campaign_type;;;;;Ana Sayfa Kampanyalar Kampanya Arşivi 3.000 TL Değerindeki Çek Karnesi Paketi Ücretsiz! Size özel 3.000 TL tutarındaki 50 yaprak çek karnesi Kuveyt Türk'te yıl sonuna kadar ücretsiz. Kampanya Tarihleri 23.10.2024 - 31.12 …;;;
kuveyt-turk--kampanya-arsivi-akaryakit-istasyonlari-kuveyt-turk-ile-gelecege-hazir;kuveyt-turk;campaign_type;;;;;Ana Sayfa Kampanyalar Kampanya Arşivi Akaryakıt İstasyonları Kuveyt Türk ile Geleceğe Hazır! Beko 400 TR ve 1000 TR Yazarkasa cihazlarınız için POS başvurusu yapın, Kuveyt Türk'ün avantajlarını kaçırmayın. Kampanya Tarih …;;;
kuveyt-turk--kampanya-arsivi-arac-finansmanina-ucretsiz-hgs-etiketi-kuveyt-turkte;kuveyt-turk;kar_payi_orani;;;;;Ana Sayfa Kampanyalar Kampanya Arşivi Araç Finansmanına Ücretsiz HGS Etiketi Kuveyt Türk'te! Kuveyt Türk'ten araç finansmanı kullanın, ücretsiz HGS etiketi fırsatını yakalayın! Kampanya Tarihleri 1.04.2025 - 31.12.2025 K …;;;
kuveyt-turk--kampanya-arsivi-arac-finansmanina-ucretsiz-hgs-etiketi-kuveyt-turkte;kuveyt-turk;finansman_tutari;;;;;Ana Sayfa Kampanyalar Kampanya Arşivi Araç Finansmanına Ücretsiz HGS Etiketi Kuveyt Türk'te! Kuveyt Türk'ten araç finansmanı kullanın, ücretsiz HGS etiketi fırsatını yakalayın! Kampanya Tarihleri 1.04.2025 - 31.12.2025 K …;;;
kuveyt-turk--kampanya-arsivi-arac-finansmanina-ucretsiz-hgs-etiketi-kuveyt-turkte;kuveyt-turk;vade_ay;;;;;Ana Sayfa Kampanyalar Kampanya Arşivi Araç Finansmanına Ücretsiz HGS Etiketi Kuveyt Türk'te! Kuveyt Türk'ten araç finansmanı kullanın, ücretsiz HGS etiketi fırsatını yakalayın! Kampanya Tarihleri 1.04.2025 - 31.12.2025 K …;;;
kuveyt-turk--kampanya-arsivi-arac-finansmanina-ucretsiz-hgs-etiketi-kuveyt-turkte;kuveyt-turk;taksit_sayisi;;;;;Ana Sayfa Kampanyalar Kampanya Arşivi Araç Finansmanına Ücretsiz HGS Etiketi Kuveyt Türk'te! Kuveyt Türk'ten araç finansmanı kullanın, ücretsiz HGS etiketi fırsatını yakalayın! Kampanya Tarihleri 1.04.2025 - 31.12.2025 K …;;;
kuveyt-turk--kampanya-arsivi-arac-finansmanina-ucretsiz-hgs-etiketi-kuveyt-turkte;kuveyt-turk;tahsis_ucreti;;;;;Ana Sayfa Kampanyalar Kampanya Arşivi Araç Finansmanına Ücretsiz HGS Etiketi Kuveyt Türk'te! Kuveyt Türk'ten araç finansmanı kullanın, ücretsiz HGS etiketi fırsatını yakalayın! Kampanya Tarihleri 1.04.2025 - 31.12.2025 K …;;;
kuveyt-turk--kampanya-arsivi-arac-finansmanina-ucretsiz-hgs-etiketi-kuveyt-turkte;kuveyt-turk;odul_miktari;;;;;Ana Sayfa Kampanyalar Kampanya Arşivi Araç Finansmanına Ücretsiz HGS Etiketi Kuveyt Türk'te! Kuveyt Türk'ten araç finansmanı kullanın, ücretsiz HGS etiketi fırsatını yakalayın! Kampanya Tarihleri 1.04.2025 - 31.12.2025 K …;;;
kuveyt-turk--kampanya-arsivi-arac-finansmanina-ucretsiz-hgs-etiketi-kuveyt-turkte;kuveyt-turk;indirim_orani;;;;;Ana Sayfa Kampanyalar Kampanya Arşivi Araç Finansmanına Ücretsiz HGS Etiketi Kuveyt Türk'te! Kuveyt Türk'ten araç finansmanı kullanın, ücretsiz HGS etiketi fırsatını yakalayın! Kampanya Tarihleri 1.04.2025 - 31.12.2025 K …;;;
kuveyt-turk--kampanya-arsivi-arac-finansmanina-ucretsiz-hgs-etiketi-kuveyt-turkte;kuveyt-turk;alisveris_puani;;;;;Ana Sayfa Kampanyalar Kampanya Arşivi Araç Finansmanına Ücretsiz HGS Etiketi Kuveyt Türk'te! Kuveyt Türk'ten araç finansmanı kullanın, ücretsiz HGS etiketi fırsatını yakalayın! Kampanya Tarihleri 1.04.2025 - 31.12.2025 K …;;;
kuveyt-turk--kampanya-arsivi-arac-finansmanina-ucretsiz-hgs-etiketi-kuveyt-turkte;kuveyt-turk;hedef_kitle;;;;;Ana Sayfa Kampanyalar Kampanya Arşivi Araç Finansmanına Ücretsiz HGS Etiketi Kuveyt Türk'te! Kuveyt Türk'ten araç finansmanı kullanın, ücretsiz HGS etiketi fırsatını yakalayın! Kampanya Tarihleri 1.04.2025 - 31.12.2025 K …;;;
kuveyt-turk--konut;kuveyt-turk;finansman_tutari;;;;;Konut Finansmanı Kampanyası. Kuveyt Türk ile hayalinizdeki eve kavuşun. Konut finansmanında kâr payı oranı %1,89'dan başlayan oranlarla, 120 aya kadar vade imkânı. Tahsis ücreti 750 TL. Kampanya 31.12.2026 tarihine kadar …;;;
kuveyt-turk--konut;kuveyt-turk;taksit_sayisi;;;;;Konut Finansmanı Kampanyası. Kuveyt Türk ile hayalinizdeki eve kavuşun. Konut finansmanında kâr payı oranı %1,89'dan başlayan oranlarla, 120 aya kadar vade imkânı. Tahsis ücreti 750 TL. Kampanya 31.12.2026 tarihine kadar …;;;
kuveyt-turk--konut;kuveyt-turk;odul_miktari;;;;;Konut Finansmanı Kampanyası. Kuveyt Türk ile hayalinizdeki eve kavuşun. Konut finansmanında kâr payı oranı %1,89'dan başlayan oranlarla, 120 aya kadar vade imkânı. Tahsis ücreti 750 TL. Kampanya 31.12.2026 tarihine kadar …;;;
kuveyt-turk--konut;kuveyt-turk;indirim_orani;;;;;Konut Finansmanı Kampanyası. Kuveyt Türk ile hayalinizdeki eve kavuşun. Konut finansmanında kâr payı oranı %1,89'dan başlayan oranlarla, 120 aya kadar vade imkânı. Tahsis ücreti 750 TL. Kampanya 31.12.2026 tarihine kadar …;;;
kuveyt-turk--konut;kuveyt-turk;alisveris_puani;;;;;Konut Finansmanı Kampanyası. Kuveyt Türk ile hayalinizdeki eve kavuşun. Konut finansmanında kâr payı oranı %1,89'dan başlayan oranlarla, 120 aya kadar vade imkânı. Tahsis ücreti 750 TL. Kampanya 31.12.2026 tarihine kadar …;;;
kuveyt-turk--konut;kuveyt-turk;kampanya_kosullari;;;;;Konut Finansmanı Kampanyası. Kuveyt Türk ile hayalinizdeki eve kavuşun. Konut finansmanında kâr payı oranı %1,89'dan başlayan oranlarla, 120 aya kadar vade imkânı. Tahsis ücreti 750 TL. Kampanya 31.12.2026 tarihine kadar …;;;
kuveyt-turk--konut;kuveyt-turk;hedef_kitle;;;;;Konut Finansmanı Kampanyası. Kuveyt Türk ile hayalinizdeki eve kavuşun. Konut finansmanında kâr payı oranı %1,89'dan başlayan oranlarla, 120 aya kadar vade imkânı. Tahsis ücreti 750 TL. Kampanya 31.12.2026 tarihine kadar …;;;
turkiye-emlak-katilim--kampanya-enterprise-arac-kiralamalarinda-35-indirim-firsati;turkiye-emlak-katilim;kar_payi_orani;;;;;Türkiye Emlak Katılım Bankası A.Ş. internet sitesini ziyaretiniz esnasında kullanılabilecek çerezler ve benzeri teknolojiler hakkında bilgi vermek amacıyla işbu Çerez Politikası'nı hazırlanmıştır. Ana sayfa Bireysel Kamp …;;;
turkiye-emlak-katilim--kampanya-enterprise-arac-kiralamalarinda-35-indirim-firsati;turkiye-emlak-katilim;finansman_tutari;;;;;Türkiye Emlak Katılım Bankası A.Ş. internet sitesini ziyaretiniz esnasında kullanılabilecek çerezler ve benzeri teknolojiler hakkında bilgi vermek amacıyla işbu Çerez Politikası'nı hazırlanmıştır. Ana sayfa Bireysel Kamp …;;;
turkiye-emlak-katilim--kampanya-enterprise-arac-kiralamalarinda-35-indirim-firsati;turkiye-emlak-katilim;vade_ay;;;;;Türkiye Emlak Katılım Bankası A.Ş. internet sitesini ziyaretiniz esnasında kullanılabilecek çerezler ve benzeri teknolojiler hakkında bilgi vermek amacıyla işbu Çerez Politikası'nı hazırlanmıştır. Ana sayfa Bireysel Kamp …;;;
turkiye-emlak-katilim--kampanya-enterprise-arac-kiralamalarinda-35-indirim-firsati;turkiye-emlak-katilim;taksit_sayisi;;;;;Türkiye Emlak Katılım Bankası A.Ş. internet sitesini ziyaretiniz esnasında kullanılabilecek çerezler ve benzeri teknolojiler hakkında bilgi vermek amacıyla işbu Çerez Politikası'nı hazırlanmıştır. Ana sayfa Bireysel Kamp …;;;
turkiye-emlak-katilim--kampanya-enterprise-arac-kiralamalarinda-35-indirim-firsati;turkiye-emlak-katilim;tahsis_ucreti;;;;;Türkiye Emlak Katılım Bankası A.Ş. internet sitesini ziyaretiniz esnasında kullanılabilecek çerezler ve benzeri teknolojiler hakkında bilgi vermek amacıyla işbu Çerez Politikası'nı hazırlanmıştır. Ana sayfa Bireysel Kamp …;;;
turkiye-emlak-katilim--kampanya-enterprise-arac-kiralamalarinda-35-indirim-firsati;turkiye-emlak-katilim;masraf_durumu;;;;;Türkiye Emlak Katılım Bankası A.Ş. internet sitesini ziyaretiniz esnasında kullanılabilecek çerezler ve benzeri teknolojiler hakkında bilgi vermek amacıyla işbu Çerez Politikası'nı hazırlanmıştır. Ana sayfa Bireysel Kamp …;;;
turkiye-emlak-katilim--kampanya-enterprise-arac-kiralamalarinda-35-indirim-firsati;turkiye-emlak-katilim;odul_miktari;;;;;Türkiye Emlak Katılım Bankası A.Ş. internet sitesini ziyaretiniz esnasında kullanılabilecek çerezler ve benzeri teknolojiler hakkında bilgi vermek amacıyla işbu Çerez Politikası'nı hazırlanmıştır. Ana sayfa Bireysel Kamp …;;;
turkiye-emlak-katilim--kampanya-enterprise-arac-kiralamalarinda-35-indirim-firsati;turkiye-emlak-katilim;alisveris_puani;;;;;Türkiye Emlak Katılım Bankası A.Ş. internet sitesini ziyaretiniz esnasında kullanılabilecek çerezler ve benzeri teknolojiler hakkında bilgi vermek amacıyla işbu Çerez Politikası'nı hazırlanmıştır. Ana sayfa Bireysel Kamp …;;;
turkiye-emlak-katilim--kampanya-enterprise-arac-kiralamalarinda-35-indirim-firsati;turkiye-emlak-katilim;hedef_kitle;;;;;Türkiye Emlak Katılım Bankası A.Ş. internet sitesini ziyaretiniz esnasında kullanılabilecek çerezler ve benzeri teknolojiler hakkında bilgi vermek amacıyla işbu Çerez Politikası'nı hazırlanmıştır. Ana sayfa Bireysel Kamp …;;;
turkiye-emlak-katilim--kampanya-paraf-ile-adv-magazalarinda-1000-tl-parafpara;turkiye-emlak-katilim;kar_payi_orani;;;;;Türkiye Emlak Katılım Bankası A.Ş. internet sitesini ziyaretiniz esnasında kullanılabilecek çerezler ve benzeri teknolojiler hakkında bilgi vermek amacıyla işbu Çerez Politikası'nı hazırlanmıştır. Ana sayfa Bireysel Kamp …;;;
turkiye-emlak-katilim--kampanya-paraf-ile-adv-magazalarinda-1000-tl-parafpara;turkiye-emlak-katilim;finansman_tutari;;;;;Türkiye Emlak Katılım Bankası A.Ş. internet sitesini ziyaretiniz esnasında kullanılabilecek çerezler ve benzeri teknolojiler hakkında bilgi vermek amacıyla işbu Çerez Politikası'nı hazırlanmıştır. Ana sayfa Bireysel Kamp …;;;
turkiye-emlak-katilim--kampanya-paraf-ile-adv-magazalarinda-1000-tl-parafpara;turkiye-emlak-katilim;vade_ay;;;;;Türkiye Emlak Katılım Bankası A.Ş. internet sitesini ziyaretiniz esnasında kullanılabilecek çerezler ve benzeri teknolojiler hakkında bilgi vermek amacıyla işbu Çerez Politikası'nı hazırlanmıştır. Ana sayfa Bireysel Kamp …;;;
turkiye-emlak-katilim--kampanya-paraf-ile-adv-magazalarinda-1000-tl-parafpara;turkiye-emlak-katilim;taksit_sayisi;;;;;Türkiye Emlak Katılım Bankası A.Ş. internet sitesini ziyaretiniz esnasında kullanılabilecek çerezler ve benzeri teknolojiler hakkında bilgi vermek amacıyla işbu Çerez Politikası'nı hazırlanmıştır. Ana sayfa Bireysel Kamp …;;;
turkiye-emlak-katilim--kampanya-paraf-ile-adv-magazalarinda-1000-tl-parafpara;turkiye-emlak-katilim;tahsis_ucreti;;;;;Türkiye Emlak Katılım Bankası A.Ş. internet sitesini ziyaretiniz esnasında kullanılabilecek çerezler ve benzeri teknolojiler hakkında bilgi vermek amacıyla işbu Çerez Politikası'nı hazırlanmıştır. Ana sayfa Bireysel Kamp …;;;
turkiye-emlak-katilim--kampanya-paraf-ile-adv-magazalarinda-1000-tl-parafpara;turkiye-emlak-katilim;indirim_orani;;;;;Türkiye Emlak Katılım Bankası A.Ş. internet sitesini ziyaretiniz esnasında kullanılabilecek çerezler ve benzeri teknolojiler hakkında bilgi vermek amacıyla işbu Çerez Politikası'nı hazırlanmıştır. Ana sayfa Bireysel Kamp …;;;
turkiye-emlak-katilim--kampanya-paraf-ile-adv-magazalarinda-1000-tl-parafpara;turkiye-emlak-katilim;alisveris_puani;;;;;Türkiye Emlak Katılım Bankası A.Ş. internet sitesini ziyaretiniz esnasında kullanılabilecek çerezler ve benzeri teknolojiler hakkında bilgi vermek amacıyla işbu Çerez Politikası'nı hazırlanmıştır. Ana sayfa Bireysel Kamp …;;;
turkiye-emlak-katilim--kampanya-paraf-ile-adv-magazalarinda-1000-tl-parafpara;turkiye-emlak-katilim;hedef_kitle;;;;;Türkiye Emlak Katılım Bankası A.Ş. internet sitesini ziyaretiniz esnasında kullanılabilecek çerezler ve benzeri teknolojiler hakkında bilgi vermek amacıyla işbu Çerez Politikası'nı hazırlanmıştır. Ana sayfa Bireysel Kamp …;;;
turkiye-emlak-katilim--kampanya-paraf-ile-alfemoda-8-taksit-firsati;turkiye-emlak-katilim;campaign_type;;;;;Türkiye Emlak Katılım Bankası A.Ş. internet sitesini ziyaretiniz esnasında kullanılabilecek çerezler ve benzeri teknolojiler hakkında bilgi vermek amacıyla işbu Çerez Politikası'nı hazırlanmıştır. Ana sayfa Bireysel Kamp …;;;
turkiye-emlak-katilim--kampanya-paraf-ile-divaresede-4-taksit-firsati;turkiye-emlak-katilim;campaign_type;;;;;Türkiye Emlak Katılım Bankası A.Ş. internet sitesini ziyaretiniz esnasında kullanılabilecek çerezler ve benzeri teknolojiler hakkında bilgi vermek amacıyla işbu Çerez Politikası'nı hazırlanmıştır. Ana sayfa Bireysel Kamp …;;;
turkiye-finans--ihtiyac-finansmani-ihtiyac-finansmani;turkiye-finans;kar_payi_orani;;;;;Navigasyonu görüntüle İçeriği görüntüle GÜNCELLE Çerez Politikası ve 6698 sayılı Kişisel Verilerin Korunması Kanunu kapsamında Bankamız ile paylaşmış olduğunuz kişisel verileriniz ile ilgili detaylı bilgiye Kişisel Veril …;;;
turkiye-finans--ihtiyac-finansmani-ihtiyac-finansmani;turkiye-finans;taksit_sayisi;;;;;Navigasyonu görüntüle İçeriği görüntüle GÜNCELLE Çerez Politikası ve 6698 sayılı Kişisel Verilerin Korunması Kanunu kapsamında Bankamız ile paylaşmış olduğunuz kişisel verileriniz ile ilgili detaylı bilgiye Kişisel Veril …;;;
turkiye-finans--ihtiyac-finansmani-ihtiyac-finansmani;turkiye-finans;indirim_orani;;;;;Navigasyonu görüntüle İçeriği görüntüle GÜNCELLE Çerez Politikası ve 6698 sayılı Kişisel Verilerin Korunması Kanunu kapsamında Bankamız ile paylaşmış olduğunuz kişisel verileriniz ile ilgili detaylı bilgiye Kişisel Veril …;;;
turkiye-finans--ihtiyac-finansmani-ihtiyac-finansmani;turkiye-finans;kampanya_suresi;;;;;Navigasyonu görüntüle İçeriği görüntüle GÜNCELLE Çerez Politikası ve 6698 sayılı Kişisel Verilerin Korunması Kanunu kapsamında Bankamız ile paylaşmış olduğunuz kişisel verileriniz ile ilgili detaylı bilgiye Kişisel Veril …;;;
turkiye-finans--kampanyalar-ticari-kampanyalar;turkiye-finans;kar_payi_orani;;;;;Navigasyonu görüntüle İçeriği görüntüle GÜNCELLE Çerez Politikası ve 6698 sayılı Kişisel Verilerin Korunması Kanunu kapsamında Bankamız ile paylaşmış olduğunuz kişisel verileriniz ile ilgili detaylı bilgiye Kişisel Veril …;;;
turkiye-finans--kampanyalar-ticari-kampanyalar;turkiye-finans;finansman_tutari;;;;;Navigasyonu görüntüle İçeriği görüntüle GÜNCELLE Çerez Politikası ve 6698 sayılı Kişisel Verilerin Korunması Kanunu kapsamında Bankamız ile paylaşmış olduğunuz kişisel verileriniz ile ilgili detaylı bilgiye Kişisel Veril …;;;
turkiye-finans--kampanyalar-ticari-kampanyalar;turkiye-finans;vade_ay;;;;;Navigasyonu görüntüle İçeriği görüntüle GÜNCELLE Çerez Politikası ve 6698 sayılı Kişisel Verilerin Korunması Kanunu kapsamında Bankamız ile paylaşmış olduğunuz kişisel verileriniz ile ilgili detaylı bilgiye Kişisel Veril …;;;
turkiye-finans--kampanyalar-ticari-kampanyalar;turkiye-finans;taksit_sayisi;;;;;Navigasyonu görüntüle İçeriği görüntüle GÜNCELLE Çerez Politikası ve 6698 sayılı Kişisel Verilerin Korunması Kanunu kapsamında Bankamız ile paylaşmış olduğunuz kişisel verileriniz ile ilgili detaylı bilgiye Kişisel Veril …;;;
turkiye-finans--kampanyalar-ticari-kampanyalar;turkiye-finans;tahsis_ucreti;;;;;Navigasyonu görüntüle İçeriği görüntüle GÜNCELLE Çerez Politikası ve 6698 sayılı Kişisel Verilerin Korunması Kanunu kapsamında Bankamız ile paylaşmış olduğunuz kişisel verileriniz ile ilgili detaylı bilgiye Kişisel Veril …;;;
turkiye-finans--kampanyalar-ticari-kampanyalar;turkiye-finans;odul_miktari;;;;;Navigasyonu görüntüle İçeriği görüntüle GÜNCELLE Çerez Politikası ve 6698 sayılı Kişisel Verilerin Korunması Kanunu kapsamında Bankamız ile paylaşmış olduğunuz kişisel verileriniz ile ilgili detaylı bilgiye Kişisel Veril …;;;
turkiye-finans--kampanyalar-ticari-kampanyalar;turkiye-finans;indirim_orani;;;;;Navigasyonu görüntüle İçeriği görüntüle GÜNCELLE Çerez Politikası ve 6698 sayılı Kişisel Verilerin Korunması Kanunu kapsamında Bankamız ile paylaşmış olduğunuz kişisel verileriniz ile ilgili detaylı bilgiye Kişisel Veril …;;;
turkiye-finans--kampanyalar-ticari-kampanyalar;turkiye-finans;kampanya_suresi;;;;;Navigasyonu görüntüle İçeriği görüntüle GÜNCELLE Çerez Politikası ve 6698 sayılı Kişisel Verilerin Korunması Kanunu kapsamında Bankamız ile paylaşmış olduğunuz kişisel verileriniz ile ilgili detaylı bilgiye Kişisel Veril …;;;
vakif-katilim--detay-anneler-gunu-hediyesi-vakif-katilimda;vakif-katilim;campaign_type;;;;;Müşteri Ol Kendim İçin SİZE ÖZEL ÇÖZÜMLER ÜRÜN VE HİZMETLERİMİZ İşim İçin SİZE ÖZEL ÇÖZÜMLER ÜRÜN VE HİZMETLERİMİZ Hakkımızda Ana Sayfa Kendim İçin Kampanyalar Anneler Günü Hediyesi Vakıf Katılım'da! Kampanya Geçerlilik …;;;
vakif-katilim--detay-genclere-ozel-hediye-kahve;vakif-katilim;campaign_type;;;;;Müşteri Ol Kendim İçin SİZE ÖZEL ÇÖZÜMLER ÜRÜN VE HİZMETLERİMİZ İşim İçin SİZE ÖZEL ÇÖZÜMLER ÜRÜN VE HİZMETLERİMİZ Hakkımızda Ana Sayfa Kendim İçin Kampanyalar Gençlere Özel Hediye Kahve Kampanya Geçerlilik Tarihi Kampan …;;;
vakif-katilim--detay-genclere-ozel-hediye-kahve;vakif-katilim;kar_payi_orani;;;;;Müşteri Ol Kendim İçin SİZE ÖZEL ÇÖZÜMLER ÜRÜN VE HİZMETLERİMİZ İşim İçin SİZE ÖZEL ÇÖZÜMLER ÜRÜN VE HİZMETLERİMİZ Hakkımızda Ana Sayfa Kendim İçin Kampanyalar Gençlere Özel Hediye Kahve Kampanya Geçerlilik Tarihi Kampan …;;;
vakif-katilim--detay-genclere-ozel-hediye-kahve;vakif-katilim;finansman_tutari;;;;;Müşteri Ol Kendim İçin SİZE ÖZEL ÇÖZÜMLER ÜRÜN VE HİZMETLERİMİZ İşim İçin SİZE ÖZEL ÇÖZÜMLER ÜRÜN VE HİZMETLERİMİZ Hakkımızda Ana Sayfa Kendim İçin Kampanyalar Gençlere Özel Hediye Kahve Kampanya Geçerlilik Tarihi Kampan …;;;
vakif-katilim--detay-genclere-ozel-hediye-kahve;vakif-katilim;vade_ay;;;;;Müşteri Ol Kendim İçin SİZE ÖZEL ÇÖZÜMLER ÜRÜN VE HİZMETLERİMİZ İşim İçin SİZE ÖZEL ÇÖZÜMLER ÜRÜN VE HİZMETLERİMİZ Hakkımızda Ana Sayfa Kendim İçin Kampanyalar Gençlere Özel Hediye Kahve Kampanya Geçerlilik Tarihi Kampan …;;;
vakif-katilim--detay-genclere-ozel-hediye-kahve;vakif-katilim;tahsis_ucreti;;;;;Müşteri Ol Kendim İçin SİZE ÖZEL ÇÖZÜMLER ÜRÜN VE HİZMETLERİMİZ İşim İçin SİZE ÖZEL ÇÖZÜMLER ÜRÜN VE HİZMETLERİMİZ Hakkımızda Ana Sayfa Kendim İçin Kampanyalar Gençlere Özel Hediye Kahve Kampanya Geçerlilik Tarihi Kampan …;;;
vakif-katilim--detay-genclere-ozel-hediye-kahve;vakif-katilim;masraf_durumu;;;;;Müşteri Ol Kendim İçin SİZE ÖZEL ÇÖZÜMLER ÜRÜN VE HİZMETLERİMİZ İşim İçin SİZE ÖZEL ÇÖZÜMLER ÜRÜN VE HİZMETLERİMİZ Hakkımızda Ana Sayfa Kendim İçin Kampanyalar Gençlere Özel Hediye Kahve Kampanya Geçerlilik Tarihi Kampan …;;;
vakif-katilim--detay-genclere-ozel-hediye-kahve;vakif-katilim;odul_miktari;;;;;Müşteri Ol Kendim İçin SİZE ÖZEL ÇÖZÜMLER ÜRÜN VE HİZMETLERİMİZ İşim İçin SİZE ÖZEL ÇÖZÜMLER ÜRÜN VE HİZMETLERİMİZ Hakkımızda Ana Sayfa Kendim İçin Kampanyalar Gençlere Özel Hediye Kahve Kampanya Geçerlilik Tarihi Kampan …;;;
vakif-katilim--detay-genclere-ozel-hediye-kahve;vakif-katilim;indirim_orani;;;;;Müşteri Ol Kendim İçin SİZE ÖZEL ÇÖZÜMLER ÜRÜN VE HİZMETLERİMİZ İşim İçin SİZE ÖZEL ÇÖZÜMLER ÜRÜN VE HİZMETLERİMİZ Hakkımızda Ana Sayfa Kendim İçin Kampanyalar Gençlere Özel Hediye Kahve Kampanya Geçerlilik Tarihi Kampan …;;;
vakif-katilim--detay-genclere-ozel-hediye-kahve;vakif-katilim;alisveris_puani;;;;;Müşteri Ol Kendim İçin SİZE ÖZEL ÇÖZÜMLER ÜRÜN VE HİZMETLERİMİZ İşim İçin SİZE ÖZEL ÇÖZÜMLER ÜRÜN VE HİZMETLERİMİZ Hakkımızda Ana Sayfa Kendim İçin Kampanyalar Gençlere Özel Hediye Kahve Kampanya Geçerlilik Tarihi Kampan …;;;
vakif-katilim--detay-genclere-ozel-hediye-kahve;vakif-katilim;hedef_kitle;;;;;Müşteri Ol Kendim İçin SİZE ÖZEL ÇÖZÜMLER ÜRÜN VE HİZMETLERİMİZ İşim İçin SİZE ÖZEL ÇÖZÜMLER ÜRÜN VE HİZMETLERİMİZ Hakkımızda Ana Sayfa Kendim İçin Kampanyalar Gençlere Özel Hediye Kahve Kampanya Geçerlilik Tarihi Kampan …;;;
vakif-katilim--detay-mobilden-vakif-katilimli-olanlara-modanisada-200-tl-hediye;vakif-katilim;campaign_type;;;;;Müşteri Ol Kendim İçin SİZE ÖZEL ÇÖZÜMLER ÜRÜN VE HİZMETLERİMİZ İşim İçin SİZE ÖZEL ÇÖZÜMLER ÜRÜN VE HİZMETLERİMİZ Hakkımızda Ana Sayfa Kendim İçin Kampanyalar Mobilden Vakıf Katılımlı Olanlara Modanisa'da 200 TL Hediye! …;;;
ziraat-katilim--dis-ticaret-finansmanlari-vadeli-ihracat-finansmani;ziraat-katilim;kar_payi_orani;;;;;Vadeli İhracat Finansmanı Vadeli İhracat Finansmanı Nedir? Vadeli akreditif yoluyla ödemelerini alan ihracatçı müşterilerimizin akreditif vadesini beklemeden alacaklarını bankamızdan peşin tahsil edebilecekleri finansman …;;;
ziraat-katilim--dis-ticaret-finansmanlari-vadeli-ihracat-finansmani;ziraat-katilim;finansman_tutari;;;;;Vadeli İhracat Finansmanı Vadeli İhracat Finansmanı Nedir? Vadeli akreditif yoluyla ödemelerini alan ihracatçı müşterilerimizin akreditif vadesini beklemeden alacaklarını bankamızdan peşin tahsil edebilecekleri finansman …;;;
ziraat-katilim--dis-ticaret-finansmanlari-vadeli-ihracat-finansmani;ziraat-katilim;vade_ay;;;;;Vadeli İhracat Finansmanı Vadeli İhracat Finansmanı Nedir? Vadeli akreditif yoluyla ödemelerini alan ihracatçı müşterilerimizin akreditif vadesini beklemeden alacaklarını bankamızdan peşin tahsil edebilecekleri finansman …;;;
ziraat-katilim--dis-ticaret-finansmanlari-vadeli-ihracat-finansmani;ziraat-katilim;taksit_sayisi;;;;;Vadeli İhracat Finansmanı Vadeli İhracat Finansmanı Nedir? Vadeli akreditif yoluyla ödemelerini alan ihracatçı müşterilerimizin akreditif vadesini beklemeden alacaklarını bankamızdan peşin tahsil edebilecekleri finansman …;;;
ziraat-katilim--dis-ticaret-finansmanlari-vadeli-ihracat-finansmani;ziraat-katilim;tahsis_ucreti;;;;;Vadeli İhracat Finansmanı Vadeli İhracat Finansmanı Nedir? Vadeli akreditif yoluyla ödemelerini alan ihracatçı müşterilerimizin akreditif vadesini beklemeden alacaklarını bankamızdan peşin tahsil edebilecekleri finansman …;;;
ziraat-katilim--dis-ticaret-finansmanlari-vadeli-ihracat-finansmani;ziraat-katilim;masraf_durumu;;;;;Vadeli İhracat Finansmanı Vadeli İhracat Finansmanı Nedir? Vadeli akreditif yoluyla ödemelerini alan ihracatçı müşterilerimizin akreditif vadesini beklemeden alacaklarını bankamızdan peşin tahsil edebilecekleri finansman …;;;
ziraat-katilim--dis-ticaret-finansmanlari-vadeli-ihracat-finansmani;ziraat-katilim;odul_miktari;;;;;Vadeli İhracat Finansmanı Vadeli İhracat Finansmanı Nedir? Vadeli akreditif yoluyla ödemelerini alan ihracatçı müşterilerimizin akreditif vadesini beklemeden alacaklarını bankamızdan peşin tahsil edebilecekleri finansman …;;;
ziraat-katilim--dis-ticaret-finansmanlari-vadeli-ihracat-finansmani;ziraat-katilim;indirim_orani;;;;;Vadeli İhracat Finansmanı Vadeli İhracat Finansmanı Nedir? Vadeli akreditif yoluyla ödemelerini alan ihracatçı müşterilerimizin akreditif vadesini beklemeden alacaklarını bankamızdan peşin tahsil edebilecekleri finansman …;;;
ziraat-katilim--dis-ticaret-finansmanlari-vadeli-ihracat-finansmani;ziraat-katilim;alisveris_puani;;;;;Vadeli İhracat Finansmanı Vadeli İhracat Finansmanı Nedir? Vadeli akreditif yoluyla ödemelerini alan ihracatçı müşterilerimizin akreditif vadesini beklemeden alacaklarını bankamızdan peşin tahsil edebilecekleri finansman …;;;
ziraat-katilim--dis-ticaret-finansmanlari-vadeli-ihracat-finansmani;ziraat-katilim;kampanya_suresi;;;;;Vadeli İhracat Finansmanı Vadeli İhracat Finansmanı Nedir? Vadeli akreditif yoluyla ödemelerini alan ihracatçı müşterilerimizin akreditif vadesini beklemeden alacaklarını bankamızdan peşin tahsil edebilecekleri finansman …;;;
ziraat-katilim--dis-ticaret-finansmanlari-vadeli-ihracat-finansmani;ziraat-katilim;hedef_kitle;;;;;Vadeli İhracat Finansmanı Vadeli İhracat Finansmanı Nedir? Vadeli akreditif yoluyla ödemelerini alan ihracatçı müşterilerimizin akreditif vadesini beklemeden alacaklarını bankamızdan peşin tahsil edebilecekleri finansman …;;;
ziraat-katilim--gayri-nakdi-finansman-urunleri-referans-mektuplari;ziraat-katilim;kar_payi_orani;;;;;Referans Mektupları Referans Mektupları Nedir? Bankamız müşterileri hakkında yurt içi ve yurt dışı şirket, daire ve müesseselere hitaben onaylı kredileri ve onaylı kredilerinden ne kadarının kullanıldığı, ne kadarının ku …;;;
ziraat-katilim--gayri-nakdi-finansman-urunleri-referans-mektuplari;ziraat-katilim;finansman_tutari;;;;;Referans Mektupları Referans Mektupları Nedir? Bankamız müşterileri hakkında yurt içi ve yurt dışı şirket, daire ve müesseselere hitaben onaylı kredileri ve onaylı kredilerinden ne kadarının kullanıldığı, ne kadarının ku …;;;
ziraat-katilim--gayri-nakdi-finansman-urunleri-referans-mektuplari;ziraat-katilim;vade_ay;;;;;Referans Mektupları Referans Mektupları Nedir? Bankamız müşterileri hakkında yurt içi ve yurt dışı şirket, daire ve müesseselere hitaben onaylı kredileri ve onaylı kredilerinden ne kadarının kullanıldığı, ne kadarının ku …;;;
ziraat-katilim--gayri-nakdi-finansman-urunleri-referans-mektuplari;ziraat-katilim;taksit_sayisi;;;;;Referans Mektupları Referans Mektupları Nedir? Bankamız müşterileri hakkında yurt içi ve yurt dışı şirket, daire ve müesseselere hitaben onaylı kredileri ve onaylı kredilerinden ne kadarının kullanıldığı, ne kadarının ku …;;;
ziraat-katilim--gayri-nakdi-finansman-urunleri-referans-mektuplari;ziraat-katilim;tahsis_ucreti;;;;;Referans Mektupları Referans Mektupları Nedir? Bankamız müşterileri hakkında yurt içi ve yurt dışı şirket, daire ve müesseselere hitaben onaylı kredileri ve onaylı kredilerinden ne kadarının kullanıldığı, ne kadarının ku …;;;
ziraat-katilim--gayri-nakdi-finansman-urunleri-referans-mektuplari;ziraat-katilim;masraf_durumu;;;;;Referans Mektupları Referans Mektupları Nedir? Bankamız müşterileri hakkında yurt içi ve yurt dışı şirket, daire ve müesseselere hitaben onaylı kredileri ve onaylı kredilerinden ne kadarının kullanıldığı, ne kadarının ku …;;;
ziraat-katilim--gayri-nakdi-finansman-urunleri-referans-mektuplari;ziraat-katilim;odul_miktari;;;;;Referans Mektupları Referans Mektupları Nedir? Bankamız müşterileri hakkında yurt içi ve yurt dışı şirket, daire ve müesseselere hitaben onaylı kredileri ve onaylı kredilerinden ne kadarının kullanıldığı, ne kadarının ku …;;;
ziraat-katilim--gayri-nakdi-finansman-urunleri-referans-mektuplari;ziraat-katilim;indirim_orani;;;;;Referans Mektupları Referans Mektupları Nedir? Bankamız müşterileri hakkında yurt içi ve yurt dışı şirket, daire ve müesseselere hitaben onaylı kredileri ve onaylı kredilerinden ne kadarının kullanıldığı, ne kadarının ku …;;;
ziraat-katilim--gayri-nakdi-finansman-urunleri-referans-mektuplari;ziraat-katilim;alisveris_puani;;;;;Referans Mektupları Referans Mektupları Nedir? Bankamız müşterileri hakkında yurt içi ve yurt dışı şirket, daire ve müesseselere hitaben onaylı kredileri ve onaylı kredilerinden ne kadarının kullanıldığı, ne kadarının ku …;;;
ziraat-katilim--gayri-nakdi-finansman-urunleri-referans-mektuplari;ziraat-katilim;kampanya_suresi;;;;;Referans Mektupları Referans Mektupları Nedir? Bankamız müşterileri hakkında yurt içi ve yurt dışı şirket, daire ve müesseselere hitaben onaylı kredileri ve onaylı kredilerinden ne kadarının kullanıldığı, ne kadarının ku …;;;
ziraat-katilim--gayri-nakdi-finansman-urunleri-referans-mektuplari;ziraat-katilim;hedef_kitle;;;;;Referans Mektupları Referans Mektupları Nedir? Bankamız müşterileri hakkında yurt içi ve yurt dışı şirket, daire ve müesseselere hitaben onaylı kredileri ve onaylı kredilerinden ne kadarının kullanıldığı, ne kadarının ku …;;;
ziraat-katilim--konut-finansmani-kentsel-donusum-finansmani;ziraat-katilim;kar_payi_orani;;;;;"Kentsel Dönüşüm Finansmanı Kentsel Dönüşüm Finansmanı Nedir? 6306 sayılı ""Afet Riski Altındaki Alanların Dönüştürülmesi Hakkında Kanun"" kapsamında bulunan riskli bölgelerdeki binaların yenilenmesi için Bankamızca finansm …";;;
ziraat-katilim--konut-finansmani-kentsel-donusum-finansmani;ziraat-katilim;finansman_tutari;;;;;"Kentsel Dönüşüm Finansmanı Kentsel Dönüşüm Finansmanı Nedir? 6306 sayılı ""Afet Riski Altındaki Alanların Dönüştürülmesi Hakkında Kanun"" kapsamında bulunan riskli bölgelerdeki binaların yenilenmesi için Bankamızca finansm …";;;
ziraat-katilim--konut-finansmani-kentsel-donusum-finansmani;ziraat-katilim;taksit_sayisi;;;;;"Kentsel Dönüşüm Finansmanı Kentsel Dönüşüm Finansmanı Nedir? 6306 sayılı ""Afet Riski Altındaki Alanların Dönüştürülmesi Hakkında Kanun"" kapsamında bulunan riskli bölgelerdeki binaların yenilenmesi için Bankamızca finansm …";;;
ziraat-katilim--konut-finansmani-kentsel-donusum-finansmani;ziraat-katilim;tahsis_ucreti;;;;;"Kentsel Dönüşüm Finansmanı Kentsel Dönüşüm Finansmanı Nedir? 6306 sayılı ""Afet Riski Altındaki Alanların Dönüştürülmesi Hakkında Kanun"" kapsamında bulunan riskli bölgelerdeki binaların yenilenmesi için Bankamızca finansm …";;;
ziraat-katilim--konut-finansmani-kentsel-donusum-finansmani;ziraat-katilim;masraf_durumu;;;;;"Kentsel Dönüşüm Finansmanı Kentsel Dönüşüm Finansmanı Nedir? 6306 sayılı ""Afet Riski Altındaki Alanların Dönüştürülmesi Hakkında Kanun"" kapsamında bulunan riskli bölgelerdeki binaların yenilenmesi için Bankamızca finansm …";;;
ziraat-katilim--konut-finansmani-kentsel-donusum-finansmani;ziraat-katilim;odul_miktari;;;;;"Kentsel Dönüşüm Finansmanı Kentsel Dönüşüm Finansmanı Nedir? 6306 sayılı ""Afet Riski Altındaki Alanların Dönüştürülmesi Hakkında Kanun"" kapsamında bulunan riskli bölgelerdeki binaların yenilenmesi için Bankamızca finansm …";;;
ziraat-katilim--konut-finansmani-kentsel-donusum-finansmani;ziraat-katilim;indirim_orani;;;;;"Kentsel Dönüşüm Finansmanı Kentsel Dönüşüm Finansmanı Nedir? 6306 sayılı ""Afet Riski Altındaki Alanların Dönüştürülmesi Hakkında Kanun"" kapsamında bulunan riskli bölgelerdeki binaların yenilenmesi için Bankamızca finansm …";;;
ziraat-katilim--konut-finansmani-kentsel-donusum-finansmani;ziraat-katilim;alisveris_puani;;;;;"Kentsel Dönüşüm Finansmanı Kentsel Dönüşüm Finansmanı Nedir? 6306 sayılı ""Afet Riski Altındaki Alanların Dönüştürülmesi Hakkında Kanun"" kapsamında bulunan riskli bölgelerdeki binaların yenilenmesi için Bankamızca finansm …";;;
ziraat-katilim--konut-finansmani-kentsel-donusum-finansmani;ziraat-katilim;kampanya_suresi;;;;;"Kentsel Dönüşüm Finansmanı Kentsel Dönüşüm Finansmanı Nedir? 6306 sayılı ""Afet Riski Altındaki Alanların Dönüştürülmesi Hakkında Kanun"" kapsamında bulunan riskli bölgelerdeki binaların yenilenmesi için Bankamızca finansm …";;;
ziraat-katilim--konut-finansmani-kentsel-donusum-finansmani;ziraat-katilim;hedef_kitle;;;;;"Kentsel Dönüşüm Finansmanı Kentsel Dönüşüm Finansmanı Nedir? 6306 sayılı ""Afet Riski Altındaki Alanların Dönüştürülmesi Hakkında Kanun"" kapsamında bulunan riskli bölgelerdeki binaların yenilenmesi için Bankamızca finansm …";;;
