doc_id;bank;field;model_value;model_conf;confidence_source;disagreement;snippet;gold_value;verdict;note
albaraka--detay-dijital-musterilere-ozel-pratik-finansman-kart;albaraka;campaign_type;Konut Finansmanı;0.70;classifier;;Albaraka Mobil Mobil Bankacılık Aç Dijital Müşterilere Özel Pratik Finansman Kart Anasayfa Kampanyalar Kampanya Başlangıç ve Bitiş 01.01.2026 - 31.12.2026 Müşteri Ol Müşteri Ol Vade farksız 40.000 TL ve uygun oranlı hoş …;;;
albaraka--detay-dijital-musterilere-ozel-pratik-finansman-kart;albaraka;finansman_tutari;"{""currency"": ""TRY"", ""value"": 250.0}";0.82;rule_heuristic;;… kartınızla birçok ihtiyacınız için birden fazla finansman kullanımını yapabilirsiniz. Pratik Finansman Kart ile asgari [250 TL], azami 150.000 TL finansman kullanılabilmektedir. Pratik Finansman Kart başvurunuz onaylandıktan sonra, kartınızın kury…;;;
albaraka--detay-dijital-musterilere-ozel-pratik-finansman-kart;albaraka;taksit_sayisi;4;0.85;rule_heuristic;;"…ile Albaraka'lı olan dijital müşterilerimize özel; vade farksız, azami 40.000 TL limitli, 3 aya varan ödemesiz dönem ve [4 taksit] imkânı ile birlikte toplam 6 aya varan vade imkanıyla sunulan Pratik Finansman Kart (Karz-ı Hasen) başvurusunda bulunab…";;;
albaraka--detay-dijital-musterilere-ozel-pratik-finansman-kart;albaraka;kampanya_suresi;2026-01-01;0.72;rule_heuristic;;…bil Mobil Bankacılık Aç Dijital Müşterilere Özel Pratik Finansman Kart Anasayfa Kampanyalar Kampanya Başlangıç ve Bitiş [01.01.2026] - 31.12.2026 Müşteri Ol Müşteri Ol Vade farksız 40.000 TL ve uygun oranlı hoş geldin finansmanı Albaraka'da! Beyaz eşya…;;;
albaraka--dis-ticaret-finansmanlari-harici-garantiler;albaraka;campaign_type;Finansman;0.60;classifier;;Albaraka Mobil Mobil Bankacılık Aç Harici Garantiler Anasayfa KOBİ Dış Ticaret Dış Ticaret Finansmanları Harici Garantiler İthalat Finansmanı İhracat Finansmanı Harici Garantiler Dış Kaynak Temini Yurt dışı ticaretinizde …;;;
albaraka--eviniz-icin-prefabrik;albaraka;campaign_type;Konut Finansmanı;0.70;classifier;;Albaraka Mobil Mobil Bankacılık Aç Prefabrik Anasayfa Bireysel Finansmanlar İhtiyaç Finansmanı Eviniz İçin Prefabrik Konut Kirası Taşınma Ücreti ve Emlak Eşya Dekorasyon Bina Tamamlama Prefabrik Doğalgaz Dönüşüm Doğal En …;;;
albaraka--eviniz-icin-prefabrik;albaraka;vade_ay;24;0.85;rule_heuristic;;…varsa Albaraka sizinle. Özellikler Finansman tutarı 50.000 TL'ye kadar olan ödemelerinizi 36 aya, 50.000 TL üstünde ise [24 aya] kadar vadelendirebilir, geri ödemelerinizi aylık eşit taksitler hâlinde yapabilirsiniz.;;;
albaraka--formlar-altin-hesaplarindan-donusumun-desteklenmesi-tl-katilma-hesabi-bilgilendi;albaraka;campaign_type;Yatırım Ürünü;0.60;classifier;;ALTIN HESAPLARINDAN TÜRK LİRASI MEVDUAT VE KATILMA HESAPLARINA DÖNÜŞÜMÜN DESTEKLENMESİ HAKKINDA TEBLİĞ KAPSAMINDA KATILMA HESABI AÇILIŞINA İLİŞKİN BİLGİLENDİRME VE BEYAN FORMU Albaraka Türk Katılım Bankası A.Ş. İstanbul …;;;
albaraka--formlar-altin-hesaplarindan-donusumun-desteklenmesi-tl-katilma-hesabi-bilgilendi;albaraka;vade_ay;12;0.85;rule_heuristic;;"…onusu Katılma Hesabı'nın; Tebliğ, BHS ve Ek Sözleşme hükümlerine tabi olduğu, 3. Katılma Hesapları'nın, 3 ay, 6 ay veya [1 yıl] vadeli olarak açılabileceği, 4. (i) Tebliğ'e konu uygulama kapsamında açılan söz konusu Katılma Hesapları'nın; vade son…";;;
albaraka--formlar-genel-kredi-sozlesmesi-ucret-bilgilendirme-formu-pdf;albaraka;campaign_type;Taşıt Finansmanı;0.70;classifier;;Albaraka Türk Katılım Bankası A.Ş. İstanbul Ticaret Sicil Memurluğu No: 206671 MERSİS No: 0047000870200019 Saray Mah. Dr. Adnan Büyükdeniz Cad. No:6 34768 Ümraniye/İSTANBUL www.albaraka.com.tr / albarakaturk@hs03.kep.tr …;;;
albaraka--formlar-genel-kredi-sozlesmesi-ucret-bilgilendirme-formu-pdf;albaraka;vade_ay;36;0.85;rule_heuristic;;…müşterilerimizden erken kapama talep edilen tarihteki kalan ana para tutarı üzerinden alınan komisyondur. Kalan vade 24-[36 ay] arası %3, 36-48 ay arası %4, 48 ay üzerinde ise %5 oranında komisyon tahsil edilmektedir. (Döviz ve dövize endeksli kre…;;;
albaraka--gecmis-tarihli-aracfinansmanitalep-onayveucretbilgilendirmeformu-pdf;albaraka;campaign_type;Finansman;0.70;classifier;;ARAÇ FİNANSMANI TALEP, ONAY ve ÜCRET BİLGİLENDİRME FORMU Sayfa 1 / 3 EFRM-137-031/07 Ürünün Adı/Tanımı ARAÇ KREDİSİ Süresi (Vadesi) ………………….. Ay Finansman Tutarı (Anapara) Akdi Kâr Payı Oranı (Aylık) % Akdi Kâr Payı, Fin …;;;
albaraka--sozlesmeler-bayide-finansman-ihtiyac-aracilik-ve-garantorluk-sozlesmesi-komisyon;albaraka;campaign_type;Finansman;0.70;classifier;;ALBARAKA TÜRK KATILIM BANKASI A.Ş. İnkılap Mah. Dr. Adnan Büyükdeniz Cad. No:6 34768 Ümraniye/İstanbul İstanbul Ticaret Sicil Memurluğu/206671 MERSİS No: 0047000870200019 www.albaraka.com.tr / albarakaturk@hs03.kep.tr / …;;;
albaraka--tarim-bankaciligi-diger-finansmanlar;albaraka;campaign_type;İhtiyaç Finansmanı;0.60;classifier;;Albaraka Mobil Mobil Bankacılık Aç Diğer Finansmanlar Anasayfa KOBİ Tarım Bankacılığı Diğer Finansmanlar Tarım Bankacılığı Hakkında Tarım Finansmanları Elektronik Ürün Senedi (ELÜS) Diğer Finansmanlar Hayvancılık Finansm …;;;
albaraka--tatiliniz-icin-devre-mulk;albaraka;campaign_type;İhtiyaç Finansmanı;0.70;classifier;;Albaraka Mobil Mobil Bankacılık Aç Devre Mülk Anasayfa Bireysel Finansmanlar İhtiyaç Finansmanı Tatiliniz İçin Devre Mülk Seyahat Devre Mülk Devre Tatil Hemen Başvur Devre mülkler tapu kaydı gerektiren ve her yıl belirli …;;;
albaraka--tatiliniz-icin-devre-mulk;albaraka;vade_ay;12;0.85;rule_heuristic;;…elerinizi 36 aya, 125.000 TL ile 250.000 TL aralığındaki ödemelerinizi 24 aya, 250.000 TL' nin üzerindeki ödemelerinizi [12 aya] kadar vadelendirebilirsiniz.;;;
albaraka--tr-urun-ve-hizmet-ucretleri;albaraka;campaign_type;Konut Finansmanı;0.70;classifier;;Albaraka Mobil Mobil Bankacılık Aç Ürün ve Hizmet Ücretleri Bireysel Bireysel Finansmanlar Katılım Fonu (TL/YP) Para ve Kıymetli Maden Transferleri (TL/YP) Kredi Kartları (TL/YP) Diğer (TL/YP) Ticari Ticari Finansmanlar …;;;
albaraka--tr-urun-ve-hizmet-ucretleri;albaraka;vade_ay;24;0.85;rule_heuristic;;…mi Asgari Tutar Asgari Oran Azami Tutar Azami Oran Açıklama Güncelleme Tarihi Nakdi Finansman Erken Kapama-Kalan Vadesi [24 Aya] Kadar (1.3.2021 Tarihinden Önce Kullandırılan Finansmanlarda) Nakdi Finansman Erken Kapama-Kalan Vadesi 24 Aya Kadar (1…;;;
dunya-katilim--hizmetler-doviz-transferi-swift;dunya-katilim;campaign_type;İhtiyaç Finansmanı;0.60;classifier;;Anasayfa Kendim Için Içerik Ödemeler ve Hizmetler Hizmetler Döviz Transferi (SWIFT) Döviz Transferi (SWIFT) Nedir ? Swift, dünya genelinde finansal kurumlar arasında güvenli ve hızlı para transferi yapılmasını sağlayan b …;;;
dunya-katilim--hizmetler-doviz-transferi-swift;dunya-katilim;vade_ay;12;0.55;rule_heuristic;;"…çilerin İnternet Sitesini ziyaret sıklığına ve ziyaret zamanlarına ilişkin bilgi toplamak amacıyla kullanılan çerezdir. [1 yıl] 5.Kişisel Veri Sahibi Olarak Haklarınız Nelerdir? Kişisel veri sahipleri Kanunun ""ilgili kişinin haklarını düzenleyen"" …";;;
dunya-katilim--kredi-kartlari-paraf-platinum-kredi-karti;dunya-katilim;campaign_type;Kart;0.80;classifier;;"Anasayfa Kendim Için Içerik Kartlar Kredi Kartları Paraf Platinum Kredi Kartı Paraf Platinum Kredi Kartı Nedir ? Dünya Katılım Paraf Platinum Kredi Kartı; yurt içindeki Paraf üye iş yerlerinde yapacağınız tüm alışverişle …";;;
dunya-katilim--kredi-kartlari-paraf-platinum-kredi-karti;dunya-katilim;vade_ay;12;0.55;rule_heuristic;;"…çilerin İnternet Sitesini ziyaret sıklığına ve ziyaret zamanlarına ilişkin bilgi toplamak amacıyla kullanılan çerezdir. [1 yıl] 5.Kişisel Veri Sahibi Olarak Haklarınız Nelerdir? Kişisel veri sahipleri Kanunun ""ilgili kişinin haklarını düzenleyen"" …";;;
dunya-katilim--sermaye-piyasasi-urunleri-yatirim-fonlari;dunya-katilim;campaign_type;Yatırım Ürünü;0.70;classifier;;Anasayfa Isim Için Içerik Yatırım Sermaye Piyasası Ürünleri Yatırım Fonları Yatırım Fonları Yatırım Fonu Nedir? Yatırımcılardan toplanan birikimlerin çeşitli para ve sermaye piyasası araçlarında değerlendirmek üzere prof …;;;
dunya-katilim--sermaye-piyasasi-urunleri-yatirim-fonlari;dunya-katilim;vade_ay;12;0.55;rule_heuristic;;"…çilerin İnternet Sitesini ziyaret sıklığına ve ziyaret zamanlarına ilişkin bilgi toplamak amacıyla kullanılan çerezdir. [1 yıl] 5.Kişisel Veri Sahibi Olarak Haklarınız Nelerdir? Kişisel veri sahipleri Kanunun ""ilgili kişinin haklarını düzenleyen"" …";;;
dunya-katilim--sermaye-piyasasi-urunleri-yatirim-fonlari-2;dunya-katilim;campaign_type;Yatırım Ürünü;0.70;classifier;;Anasayfa Kendim Için Içerik Yatırım Ürünleri Sermaye Piyasası Ürünleri Yatırım Fonları Yatırım Fonları Yatırım Fonu Nedir? Yatırımcılardan toplanan birikimlerin çeşitli para ve sermaye piyasası araçlarında değerlendirmek …;;;
dunya-katilim--sermaye-piyasasi-urunleri-yatirim-fonlari-2;dunya-katilim;vade_ay;12;0.55;rule_heuristic;;"…çilerin İnternet Sitesini ziyaret sıklığına ve ziyaret zamanlarına ilişkin bilgi toplamak amacıyla kullanılan çerezdir. [1 yıl] 5.Kişisel Veri Sahibi Olarak Haklarınız Nelerdir? Kişisel veri sahipleri Kanunun ""ilgili kişinin haklarını düzenleyen"" …";;;
hayat-finans--yatirim-ve-birikim-yatirim-fonlari-yatirim-ve-birikim;hayat-finans;campaign_type;Yatırım Ürünü;0.70;classifier;;Yatırım Fonları Hisse senedi, değerli madenler, döviz, yabancı hisse senedi ve daha birçok seçenek ile yatırımlarınızı profesyoneller tarafından yönetilen TEFAS fonları ile değerlendirebilirsiniz. Sunduğumuz çeşitli fon …;;;
hayat-finans--yatirim-ve-birikim-yatirim-fonlari-yatirim-ve-birikim;hayat-finans;finansman_tutari;"{""currency"": ""TRY"", ""value"": 100.0}";0.85;rule_heuristic;;"…ır. Bahse konu değişiklikler, 03.03.2025 tarihinde uygulamaya alınacak olup, ileri valörlü fonlarda asgari işlem tutarı [100 TL] (Yüz Türk Lirası) olarak uygulanacaktır. Aynı tarih itibarıyla söz konusu değişiklikleri içeren ""Türkiye Elektronik Fon…";;;
hayat-finans--yatirim-ve-birikim-yatirimci-seviye-sistemi;hayat-finans;campaign_type;Yatırım Ürünü;0.60;classifier;;Yatırımcı Seviyesi ile Daha Fazla Avantaj Sizi Bekliyor Yatırım Yaptıkça Kazancınız Katlanır Hayat Finans'ta yatırım işlemleri sadece kazanç sağlamakla kalmaz, aynı zamanda size özel avantajların kapısını da aralar. Dövi …;;;
kuveyt-turk--bizden-haberler-kuveyt-turkten-1-milyar-tl-limitli-yeni-makine-finansmani-kampan;kuveyt-turk;campaign_type;İhtiyaç Finansmanı;0.60;classifier;;Ana Sayfa Hakkımızda Kuveyt Türk'ü Tanıyın Basın Bültenleri Kuveyt Türk'ten 1 milyar TL limitli yeni makine finansmanı kampanyası Ticari müşterilerine cazip kâr oranlarıyla finansman desteğinde bulunan Kuveyt Türk, 6 ayı …;;;
kuveyt-turk--bizden-haberler-kuveyt-turkten-1-milyar-tl-limitli-yeni-makine-finansmani-kampan;kuveyt-turk;vade_ay;60;0.85;rule_heuristic;;…icari müşterilerine cazip kâr oranlarıyla finansman desteğinde bulunan Kuveyt Türk, 6 ayı ödemesiz olmak üzere toplamda [60 aya] varan vade seçenekleriyle işletmelere 1 milyar TL finansman desteğinde bulunmayı hedefliyor. 22.07.2020 Reel sektöre de…;;;
kuveyt-turk--ihtiyac-finansmanlari-tekne-tuketici-finansmani;kuveyt-turk;campaign_type;İhtiyaç Finansmanı;0.70;classifier;;Ana Sayfa Kendim İçin Finansmanlar İhtiyaç Finansmanları Tekne Tüketici Finansmanı Hac-Umre Finansmanı Eğitim Finansmanı Seyahat Finansmanı Tekne Tüketici Finansmanı Kira Finansmanı İhtiyaç Kart Bisiklet Finansmanı Elekt …;;;
kuveyt-turk--kampanya-arsivi-akaryakitta-200-tlye-varan-altin-puan-firsati;kuveyt-turk;campaign_type;Alışveriş Puanı;0.60;classifier;;Ana Sayfa Kampanyalar Kampanya Arşivi Akaryakıtta 200 TL'ye Varan Altın Puan Fırsatı! Akaryakıt harcamalarınıza toplam 200 TL Altın Puan kazanma fırsatı! 1-31 Temmuz arasında 2.000 TL ve üzeri harcamalarınıza 100 TL, top …;;;
kuveyt-turk--kampanya-arsivi-akaryakitta-200-tlye-varan-altin-puan-firsati;kuveyt-turk;alisveris_puani;"{""kind"": ""points"", ""value"": 200.0}";0.82;rule_heuristic;;Ana Sayfa Kampanyalar Kampanya Arşivi Akaryakıtta [200] TL'ye Varan Altın Puan Fırsatı! Akaryakıt harcamalarınıza toplam 200 TL Altın Puan kazanma fırsatı! 1-31 Temmuz arasınd…;;;
kuveyt-turk--kampanya-arsivi-akaryakitta-200-tlye-varan-altin-puan-firsati;kuveyt-turk;kampanya_suresi;2026-07-01;0.72;rule_heuristic;;… Temmuz arasında 2.000 TL ve üzeri harcamalarınıza 100 TL, toplamda 200 TL Altın Puan sizi bekliyor! Kampanya Tarihleri [1.07.2026] - 31.07.2026 Kampanya Süresi Doldu! Kampanyayı Paylaş Facebook'da paylaş X'de paylaş LinkedIn'de paylaş Whatsapp'da pay…;;;
kuveyt-turk--kampanya-arsivi-bisiklet-finansmaninda-enerji-tasarrufu-haftasina-ozel-419-kar-o;kuveyt-turk;campaign_type;Finansman;0.70;classifier;;Ana Sayfa Kampanyalar Kampanya Arşivi Bisiklet Finansmanı'nda Enerji Tasarrufu Haftasına Özel %4.19 Kar Oranı Fırsatı! Daha yaşanılabilir bir dünya için Enerji Haftasına özel kar payı oranı Bisiklet Finansmanı'nda! Kampa …;;;
kuveyt-turk--kampanya-arsivi-bisiklet-finansmaninda-enerji-tasarrufu-haftasina-ozel-419-kar-o;kuveyt-turk;kar_payi_orani;4.19;0.85;rule_heuristic;;…asında Kuveyt Türk Bisiklet Finansmanı ile elektrikli bisiklet, bisiklet veya scooter gibi doğa dostu ulaşım araçlarına [%4.19] kar payı oranı ile sahip olma fırsatını kaçırmayın! Kuveyt Türk Bisiklet Finansmanı ile kredi kartı limitiniz ve nakit …;;;
kuveyt-turk--kampanya-arsivi-bisiklet-finansmaninda-enerji-tasarrufu-haftasina-ozel-419-kar-o;kuveyt-turk;finansman_tutari;"{""currency"": ""TRY"", ""value"": 13.88247}";0.50;rule_heuristic;;…n örnek ödeme planı: Aylık kar payı oranı %4,19, aylık maliyet %5,5507, yıllık maliyet %91,2198. Ödenecek toplam tutar: [13,882.47 TL]. Bu ödeme planı bilgi amaçlı olup Kuveyt Türk Katılım Bankası A.Ş.'yi hiçbir şekilde taahhüt altına sokmaz.;;;
kuveyt-turk--kampanya-arsivi-bisiklet-finansmaninda-enerji-tasarrufu-haftasina-ozel-419-kar-o;kuveyt-turk;vade_ay;12;0.85;rule_heuristic;;…en başvurabilirsiniz. Kuveyt Türk Bisiklet Finansmanı hakkında daha fazla detaylı bilgi almak için tıklayabilirsiniz. **[12 ay] vadeli 10.000 TL'lik başvuru için örnek ödeme planı: Aylık kar payı oranı %4,19, aylık maliyet %5,5507, yıllık maliyet …;;;
kuveyt-turk--kampanya-arsivi-bisiklet-finansmaninda-enerji-tasarrufu-haftasina-ozel-419-kar-o;kuveyt-turk;kampanya_suresi;2025-01-06;0.72;rule_heuristic;;…atı! Daha yaşanılabilir bir dünya için Enerji Haftasına özel kar payı oranı Bisiklet Finansmanı'nda! Kampanya Tarihleri [6.01.2025] - 20.01.2025 Kampanya Süresi Doldu! Kampanyayı Paylaş Facebook'da paylaş X'de paylaş LinkedIn'de paylaş Whatsapp'da pay…;;;
kuveyt-turk--kampanya-arsivi-hepsiburada-alisveris-finansmaninda-enerji-tasarrufu-haftasina-o;kuveyt-turk;campaign_type;Finansman;0.70;classifier;;Ana Sayfa Kampanyalar Kampanya Arşivi Hepsiburada Alışveriş Finansmanı'nda Enerji Tasarrufu Haftasına Özel %3.99 Kar Oranı Fırsatı! Daha yaşanılabilir bir dünya için Enerji Haftasına özel oran Hepsiburada Alışveriş Finan …;;;
kuveyt-turk--kampanya-arsivi-hepsiburada-alisveris-finansmaninda-enerji-tasarrufu-haftasina-o;kuveyt-turk;kar_payi_orani;3.99;0.85;rule_heuristic;;…ulamasından Seçili A Enerji Sınıfı ürünlerinden oluşturacağınız sepetinizi Kuveyt Türk Alışveriş Finansmanı ile ödeyin, [%3.99] kar payı oranı ile avantajlı alışverişin tadını çıkarın! Kuveyt Türk Alışveriş Finansmanı Hepsiburada kampanyası ile kr…;;;
kuveyt-turk--kampanya-arsivi-hepsiburada-alisveris-finansmaninda-enerji-tasarrufu-haftasina-o;kuveyt-turk;finansman_tutari;"{""currency"": ""TRY"", ""value"": 13.68222}";0.50;rule_heuristic;;…n örnek ödeme planı: Aylık kar payı oranı %3,99, aylık maliyet %5,2899, yıllık maliyet %85,6273. Ödenecek toplam tutar: [13,682.22 TL]. Bu ödeme planı bilgi amaçlı olup Kuveyt Türk Katılım Bankası A.Ş.'yi hiçbir şekilde taahhüt altına sokmaz.;;;
kuveyt-turk--kampanya-arsivi-hepsiburada-alisveris-finansmaninda-enerji-tasarrufu-haftasina-o;kuveyt-turk;vade_ay;12;0.85;rule_heuristic;;…rabilir. Kuveyt Türk Hepsiburada Alışveriş Finansmanı hakkında daha fazla detaylı bilgi almak için tıklayabilirsiniz. **[12 ay] vadeli 10.000 TL'lik başvuru için örnek ödeme planı: Aylık kar payı oranı %3,99, aylık maliyet %5,2899, yıllık maliyet …;;;
kuveyt-turk--kampanya-arsivi-hepsiburada-alisveris-finansmaninda-enerji-tasarrufu-haftasina-o;kuveyt-turk;kampanya_suresi;2025-01-06;0.72;rule_heuristic;;…! Daha yaşanılabilir bir dünya için Enerji Haftasına özel oran Hepsiburada Alışveriş Finansmanı'nda! Kampanya Tarihleri [6.01.2025] - 20.01.2025 Kampanya Süresi Doldu! Kampanyayı Paylaş Facebook'da paylaş X'de paylaş LinkedIn'de paylaş Whatsapp'da pay…;;;
kuveyt-turk--kampanya-arsivi-kuveyt-turkten-turizm-sektorune-kfk-destekli-finansman;kuveyt-turk;campaign_type;Finansman;0.70;classifier;;Ana Sayfa Kampanyalar Kampanya Arşivi Kuveyt Türk'ten Turizm Sektörüne KFK Destekli Finansman! KFK teminatı desteğiyle sunulan finansman paketiyle işletme sermayenizi rahatlatın, nakit akışınızı dengeleyin ve ihtiyaçları …;;;
kuveyt-turk--kampanya-arsivi-kuveyt-turkten-turizm-sektorune-kfk-destekli-finansman;kuveyt-turk;vade_ay;12;0.85;rule_heuristic;;…ansman paketi ile sezon öncesi ve sezon içi işletme sermayesi ihtiyaçlarınızı karşılayın. 6 aya kadar ödemesiz dönem ve [12 aya] varan vade imkânı sayesinde geri ödemelerinizi işletmenizin nakit akışına uygun şekilde planlayabilirsiniz. USD ve EUR …;;;
kuveyt-turk--kampanya-arsivi-kuveyt-turkten-turizm-sektorune-kfk-destekli-finansman;kuveyt-turk;kampanya_suresi;2026-07-01;0.72;rule_heuristic;;…şletme sermayenizi rahatlatın, nakit akışınızı dengeleyin ve ihtiyaçlarınızı ertelemeden tamamlayın. Kampanya Tarihleri [1.07.2026] - 31.07.2026 Kampanya Süresi Doldu! Kampanyayı Paylaş Facebook'da paylaş X'de paylaş LinkedIn'de paylaş Whatsapp'da pay…;;;
kuveyt-turk--kart-kampanyalari-dogtas-grubunda-5-aya-varan-taksit-imkani;kuveyt-turk;campaign_type;Kart;0.70;classifier;;Ana Sayfa Kampanyalar Kendim İçin Kart Kampanyaları Doğtaş Grubu'nda 5 Aya Varan Taksit İmkanı! Doğtaş Grubu'nda 5 Aya Varan Taksit İmkanı! Kampanya Tarihleri 13.10.2025 - 31.12.2026 Kampanyayı Paylaş Facebook'da paylaş …;;;
kuveyt-turk--kart-kampanyalari-dogtas-grubunda-5-aya-varan-taksit-imkani;kuveyt-turk;kampanya_suresi;2025-10-13;0.72;rule_heuristic;;…Kampanyaları Doğtaş Grubu'nda 5 Aya Varan Taksit İmkanı! Doğtaş Grubu'nda 5 Aya Varan Taksit İmkanı! Kampanya Tarihleri [13.10.2025] - 31.12.2026 Kampanyayı Paylaş Facebook'da paylaş X'de paylaş LinkedIn'de paylaş Whatsapp'da paylaş Kuveyt Türk Bireyse…;;;
kuveyt-turk--kart-kampanyalari-saglam-business-karttan-dev-kampanya-3-ay-erteleme-ve-349-oran;kuveyt-turk;campaign_type;Kart;0.80;classifier;;Ana Sayfa Kampanyalar İşim İçin Kart Kampanyaları Sağlam Business Kart'tan Dev Kampanya 3 Ay Erteleme ve %3,49 Oranla 9 Taksit İmkanı! Sağlam Business Kartınızla harcamanızı 3 ay erteleme ve %3,49 oranla toplamda 9 taksi …;;;
kuveyt-turk--kart-kampanyalari-saglam-business-karttan-dev-kampanya-3-ay-erteleme-ve-349-oran;kuveyt-turk;taksit_sayisi;9;0.85;rule_heuristic;;Ana Sayfa Kampanyalar İşim İçin Kart Kampanyaları Sağlam Business Kart'tan Dev Kampanya 3 Ay Erteleme ve %3,49 Oranla [9 Taksit] İmkanı! Sağlam Business Kartınızla harcamanızı 3 ay erteleme ve %3,49 oranla toplamda 9 taksite bölebilirsiniz. Hemen B…;;;
kuveyt-turk--kart-kampanyalari-saglam-business-karttan-dev-kampanya-3-ay-erteleme-ve-349-oran;kuveyt-turk;odul_miktari;"{""currency"": ""TRY"", ""value"": 300.0}";0.82;rule_heuristic;;…seçebilirsiniz. Sağlam Business Kart ile yapılan işlemlere taksit yapılabilmesi için minimum harcama tutarı 300 TL'dir. [300 TL] altındaki işlemler tek çekim olarak gerçekleşir. Sağlam Business Kart ile alkollü içecek satan market ve tekel bayi alı…;;;
kuveyt-turk--kart-kampanyalari-saglam-business-karttan-dev-kampanya-3-ay-erteleme-ve-349-oran;kuveyt-turk;kampanya_suresi;2026-05-18;0.72;rule_heuristic;;…harcamanızı 3 ay erteleme ve %3,49 oranla toplamda 9 taksite bölebilirsiniz. Hemen Başvur Müşteri Ol Kampanya Tarihleri [18.05.2026] - 31.12.2026 Kampanyayı Paylaş Facebook'da paylaş X'de paylaş LinkedIn'de paylaş Whatsapp'da paylaş Kuveyt Türk Müşteri…;;;
kuveyt-turk--katilma-hesaplari-ara-donem-kar-payi-odemeli-hesaplar;kuveyt-turk;campaign_type;Yatırım Ürünü;0.70;classifier;;Ana Sayfa Kendim İçin Hesaplar Katılma Hesapları Ara Dönem Kâr Payı Ödemeli Hesaplar Katılma Hesabı Dijital Katılma Hesabı Hoş Geldin Katılma Hesabı Sepet Hesap İncir Katılma Hesabı Ara Dönem Kâr Payı Ödemeli Hesaplar Yu …;;;
kuveyt-turk--katilma-hesaplari-ara-donem-kar-payi-odemeli-hesaplar;kuveyt-turk;kar_payi_orani;50.0;0.50;rule_heuristic;;…çekimi ile ilgili kurallardan en az birinin ihlali hâlinde yasal mevzuat gereği Kuveyt Türk'ün verdiği brüt kâr payının [%50]'si geri alınır. Ara dönemde oluşan kâr payı, isteğiniz doğrultusunda cari hesabınıza ya da Kârlı Katılma Hesabı'nıza ak…;;;
kuveyt-turk--katilma-hesaplari-ara-donem-kar-payi-odemeli-hesaplar;kuveyt-turk;kampanya_suresi;2025-07-09;0.55;rule_heuristic;;…l (372 Gün) Alternatif 20.000 92-8 92-8 92-8 92-8 Yatırım 150.000 97-3 97-3 97-3 97-3 Stopaj Oranı** 10% 10% 10% 10% ** [09.07.2025] tarihinden itibaren açılan ve vadesi yenilenen hesaplar USD-Euro Ara Dönem Kâr Payı Ödemeli Katılma Hesapları USD Ara D…;;;
kuveyt-turk--katilma-hesaplari-birikimli-katilma-hesabi;kuveyt-turk;campaign_type;Konut Finansmanı;0.60;classifier;;Ana Sayfa Kendim İçin Hesaplar Katılma Hesapları Birikimli Katılma Hesabı Katılma Hesabı Dijital Katılma Hesabı Hoş Geldin Katılma Hesabı Sepet Hesap İncir Katılma Hesabı Ara Dönem Kâr Payı Ödemeli Hesaplar Yuvam TL Katı …;;;
kuveyt-turk--katilma-hesaplari-birikimli-katilma-hesabi;kuveyt-turk;finansman_tutari;"{""currency"": ""TRY"", ""value"": 50.0}";0.50;rule_heuristic;;…50 TL, 100 dolar, 100 euro veya 50 gr altın olması gerekir. Belirlediğiniz periyotlarla yatırabileceğiniz minimum tutar [50 TL], 50 dolar, 50 euro ya da 1 gram altındır. Ödemelerinizi, cari hesabınızdan vereceğiniz talimatla yapabilirsiniz. Verdiğ…;;;
kuveyt-turk--katilma-hesaplari-birikimli-katilma-hesabi;kuveyt-turk;vade_ay;36;0.85;rule_heuristic;;"…atılma Hesabı; küçük meblağlarla uzun vadede büyük birikimler yapmak isteyenlere uygun katılma hesabı ürünüdür. Minimum [3 yıl] vade ile açabileceğiniz hesabınız sayesinde zamanla yüksek oranda tasarruf sağlayabilirsiniz. Siz de şimdi Birikimli Ka…";;;
kuveyt-turk--konut;kuveyt-turk;campaign_type;Konut Finansmanı;0.70;classifier;;Konut Finansmanı Kampanyası. Kuveyt Türk ile hayalinizdeki eve kavuşun. Konut finansmanında kâr payı oranı %1,89'dan başlayan oranlarla, 120 aya kadar vade imkânı. Tahsis ücreti 750 TL. Kampanya 31.12.2026 tarihine kadar …;;;
kuveyt-turk--medium-bireysel-finansman-talebi-onay-ve-bilgilendirme-fo-4013-pdf;kuveyt-turk;campaign_type;Finansman;0.70;classifier;;KUVEYT TÜRK KATILIM BANKASI A.Ş. | Büyükdere Street No: 129/1 Esentepe / Şişli / Istanbul. Mersis No: 0600002681400074 | kuveytturk@hs03.kep.tr | www.kuveytturk.com.tr | Tel: 444 0 123 Activity: Any Activity Allowed Unde …;;;
kuveyt-turk--medium-bireysel-finansman-talebi-onay-ve-bilgilendirme-fo-4013-pdf;kuveyt-turk;vade_ay;12;0.55;rule_heuristic;;… Rate and Total Payable Amount) Finansman Miktarı/ Financing Amount : 10.000TL Taksit Sayısı / Number of Installments : [12 ay] / months Aylık Kar payı oranı / Monthly Profit share rate : %1,20 Efektif Yıllık Kar Payı Oranı / Effective Annual Prof…;;;
tom-katilim--kampanyalar-giyim-alisverislerinde-kampanya;tom-katilim;campaign_type;Kart;0.70;classifier;;TOM Bank Hadi Hadi Kazan Kampanyalar Giyim Alışverişlerinde Vade Farksız 3 Taksit! Çok Kazananlar Kulübü'ne özel vade farksız 6 Taksit! Hemen İndir Hemen İndir Giyim Alışverişlerinde Vade Farksız 3 Taksit! Çok Kazananlar …;;;
tom-katilim--kampanyalar-giyim-alisverislerinde-kampanya;tom-katilim;vade_ay;6;0.55;rule_heuristic;;… 20.000 TL arası giyim harcamalarında 3 taksit fırsatını kaçırma! Ayrıca Çok Kazananlar Kulübü'ne üye ol, taksit sayını [6 aya] çıkar! Kampanya Detay: Kampanya 1 Temmuz 2026 - 31 Ağustos 2026 tarihleri arasında geçerlidir. Kampanyadan yararlanmak …;;;
tom-katilim--kampanyalar-giyim-alisverislerinde-kampanya;tom-katilim;taksit_sayisi;3;0.85;rule_heuristic;;TOM Bank Hadi Hadi Kazan Kampanyalar Giyim Alışverişlerinde Vade Farksız [3 Taksit]! Çok Kazananlar Kulübü'ne özel vade farksız 6 Taksit! Hemen İndir Hemen İndir Giyim Alışverişlerinde Vade Farksız 3 Tak…;;;
tom-katilim--kampanyalar-giyim-alisverislerinde-kampanya;tom-katilim;kampanya_suresi;2026-07-01;0.85;rule_heuristic;;…3 taksit fırsatını kaçırma! Ayrıca Çok Kazananlar Kulübü'ne üye ol, taksit sayını 6 aya çıkar! Kampanya Detay: Kampanya [1 Temmuz 2026] - 31 Ağustos 2026 tarihleri arasında geçerlidir. Kampanyadan yararlanmak için ilk harcamadan önce TOM Bank Hadi uygulam…;;;
turkiye-emlak-katilim--kampanya-akaryakit-harcamalariniza-300-tl-parafpara;turkiye-emlak-katilim;campaign_type;Alışveriş Puanı;0.60;classifier;;Türkiye Emlak Katılım Bankası A.Ş. internet sitesini ziyaretiniz esnasında kullanılabilecek çerezler ve benzeri teknolojiler hakkında bilgi vermek amacıyla işbu Çerez Politikası'nı hazırlanmıştır. Ana sayfa Bireysel Kamp …;;;
turkiye-emlak-katilim--kampanya-akaryakit-harcamalariniza-300-tl-parafpara;turkiye-emlak-katilim;kampanya_suresi;2026-07-31;0.85;rule_heuristic;;…one veya Türk Telekom operatörleri üzerinden ve yurt içinden gönderilmesi gerekmektedir. Kampanya Koşulları Kampanya 1 -[31 Temmuz 2026] tarihleri arasında geçerlidir. Kampanya kapsamında yurt içinde tek seferde yapılacak 1.500 TL ve üzeri ikinci ve dördün…;;;
turkiye-emlak-katilim--kampanya-elektrikli-arac-sarj-istasyonu-harcamalariniza-200-tl-parafpara;turkiye-emlak-katilim;campaign_type;Taşıt Finansmanı;0.60;classifier;;Türkiye Emlak Katılım Bankası A.Ş. internet sitesini ziyaretiniz esnasında kullanılabilecek çerezler ve benzeri teknolojiler hakkında bilgi vermek amacıyla işbu Çerez Politikası'nı hazırlanmıştır. Ana sayfa Bireysel Kamp …;;;
turkiye-emlak-katilim--kampanya-elektrikli-arac-sarj-istasyonu-harcamalariniza-200-tl-parafpara;turkiye-emlak-katilim;kampanya_suresi;2026-08-31;0.85;rule_heuristic;;…fone veya Türk Telekom operatörleri üzerinden ve yurt içinden gönderilmesi gerekmektedir. Kampanya Koşulları Kampanya 1-[31 Ağustos 2026] tarihleri arasında geçerlidir. Kampanya kapsamında yurt içi elektrikli araç şarj istasyonlarında tek seferde yapılacak …;;;
turkiye-emlak-katilim--kartlar-kredi-karti;turkiye-emlak-katilim;campaign_type;Kart;0.80;classifier;;Türkiye Emlak Katılım Bankası A.Ş. internet sitesini ziyaretiniz esnasında kullanılabilecek çerezler ve benzeri teknolojiler hakkında bilgi vermek amacıyla işbu Çerez Politikası'nı hazırlanmıştır. Emlak Katılım Paraf Kre …;;;
turkiye-emlak-katilim--kartlar-kredi-karti;turkiye-emlak-katilim;kar_payi_orani;0.0;0.85;rule_heuristic;;…r almaktadır. Azami Gecikme Cezası Oranları (Aylık) Azami Oran (%) Açıklama Güncelleme Tarihi Aylık Akdi Kar Payı Oranı [%0 ]Dönem borcu 30.000 TL altında olan bireysel kredi kartları %3,55 KKDF, BSMV hariçtir. 01.01.2026 Dönem borcu 30.000 - 18…;;;
turkiye-emlak-katilim--katilma-hesaplari-zumrut-katilma-hesabi;turkiye-emlak-katilim;campaign_type;Yatırım Ürünü;0.60;classifier;;Türkiye Emlak Katılım Bankası A.Ş. internet sitesini ziyaretiniz esnasında kullanılabilecek çerezler ve benzeri teknolojiler hakkında bilgi vermek amacıyla işbu Çerez Politikası'nı hazırlanmıştır. Zümrüt Katılma Hesabı A …;;;
turkiye-emlak-katilim--katilma-hesaplari-zumrut-katilma-hesabi;turkiye-emlak-katilim;vade_ay;6;0.85;rule_heuristic;;…kar dağıtımı yapılmamaktadır. Yalnızca gerçek kişi müşterilerimiz Zümrüt Katılma Hesabı açabilmektedir. Aylık, 3 Aylık, [6 Aylık], Kırık Vadeli ve Yıllık vade seçenekleriyle Zümrüt Katılma Hesabı açılabilmektedir. Hesaptan para çekilmesi halinde vad…;;;
turkiye-emlak-katilim--nakdi-finansman-cevreci-ihracat-finansmani;turkiye-emlak-katilim;campaign_type;Finansman;0.60;classifier;;Türkiye Emlak Katılım Bankası A.Ş. internet sitesini ziyaretiniz esnasında kullanılabilecek çerezler ve benzeri teknolojiler hakkında bilgi vermek amacıyla işbu Çerez Politikası'nı hazırlanmıştır. Çevreci İhracat Finansm …;;;
turkiye-emlak-katilim--nakdi-finansman-cevreci-ihracat-finansmani;turkiye-emlak-katilim;vade_ay;24;0.85;rule_heuristic;;… limiti 5.000.000 TL'dir. İlgili ürün kapsamında kullandırılacak finansmanların vadesi azami 3 ay ödemesiz dönem, azami [24 ay] vade (ödemesiz dönem dahil) olacak şekilde uygulanacaktır. Katılım finans prensiplerine uygun olarak KFK (Katılım Finan…;;;
turkiye-emlak-katilim--qr-kredi-karti-uyelik-sozlesmesi-pdf;turkiye-emlak-katilim;campaign_type;Yatırım Ürünü;0.70;classifier;;"1 SOZ.0190.02 Gizlilik Derecesi: Açık TÜRKİYE EMLAK KATILIM BANKASI A.Ş. KREDİ KARTI ÜYELİK SÖZLEŞMESİ Bir tarafta TÜRKİYE EMLAK KATILIM BANKASI A.Ş. (""Banka"" olarak anılacaktır) ile diğer tarafta, KART HAMİLİ / EK KART …";;;
turkiye-emlak-katilim--qr-kredi-karti-uyelik-sozlesmesi-pdf;turkiye-emlak-katilim;kar_payi_orani;7.0;0.72;rule_heuristic;;… payı karşılığı taksitlendirme yapılan hallerde anaparanın Banka'ya ödendiği tarihe kadar işleyen kâr payı ile bir kamu [7 ]kurum veya kuruluşuna veya üçüncü kişilere ödenmiş masrafların Banka'ya nakden ve defaten ödenmiş olması gerekmektedir. …;;;
turkiye-emlak-katilim--qr-kredi-karti-uyelik-sozlesmesi-pdf;turkiye-emlak-katilim;vade_ay;12;0.55;rule_heuristic;;"…Bilgilendirme ile Talep ve Bilgi Formunda bildirilen ücretler şunlardır; a) Geriye Dönük Kredi Kartı Ekstre Ücreti: Üye,[1 yıldan] eski olan geriye dönük kredi kartı ekstre talebinde bulunduğunda ekstre başına Bankanın belirleyip ilan edeceği ücreti …";;;
turkiye-finans--kampanyalar-biten-kampanyalar;turkiye-finans;campaign_type;Yatırım Ürünü;0.80;classifier;;Navigasyonu görüntüle İçeriği görüntüle GÜNCELLE Çerez Politikası ve 6698 sayılı Kişisel Verilerin Korunması Kanunu kapsamında Bankamız ile paylaşmış olduğunuz kişisel verileriniz ile ilgili detaylı bilgiye Kişisel Veril …;;;
turkiye-finans--kampanyalar-biten-kampanyalar;turkiye-finans;vade_ay;3;0.72;rule_heuristic;;… Türkiye Finans'ta Bayrama özel İhtiyaç Finansmanı'nda KKB skorundan bağımsız tüm vadelerde sabit %4.09 kâr payı oranı, [3 ay] erteleme fırsatı ve yeni müşterilere özel dosya masrafsızlık avantajı sizi bekliyor. Detaylı Bilgi Avukatlar Günü'ne Öz…;;;
turkiye-finans--katilma-hesaplari-e-katilma-hesabi;turkiye-finans;vade_ay;6;0.85;rule_heuristic;;…TL, YP ve Kıymetli Maden katılma hesaplarına ait stopaj oranları aşağıdaki gibidir. Vade TL Yabancı Para Kıymetli Maden [6 aya] kadar vadeli (180 gün dahil) %17.5 %25 %15 1 yıla kadar vadeli (181 gün-365 gün dahil) %15 %25 %15 1 yıldan uzun vadeli…;;;
turkiye-finans--katilma-hesaplari-katilma-hesaplari;turkiye-finans;vade_ay;1;0.85;rule_heuristic;;…lma Hesapları Sayfayı Yazdır Facebook'da Paylaş Twitter'da Paylaş Linkedin'de Paylaş Sayfa İçeriği Katılma Hesabı en az [1 ay] vadeli olarak açılan ve kâr ortaklığı çerçevesinde vade sonunda getirinin paylaşıldığı bir hesap türüdür. Katılma Hesab…;;;
turkiye-finans--kobi-dijital-taksitli-ticari-finansman-destegi;turkiye-finans;campaign_type;Yatırım Ürünü;0.80;classifier;;Navigasyonu görüntüle İçeriği görüntüle GÜNCELLE Çerez Politikası ve 6698 sayılı Kişisel Verilerin Korunması Kanunu kapsamında Bankamız ile paylaşmış olduğunuz kişisel verileriniz ile ilgili detaylı bilgiye Kişisel Veril …;;;
vakif-katilim--bireysel-bankacilik-vakif-katilim-ile-altin-gunler;vakif-katilim;campaign_type;İhtiyaç Finansmanı;0.60;classifier;;Müşteri Ol Kendim İçin SİZE ÖZEL ÇÖZÜMLER ÜRÜN VE HİZMETLERİMİZ İşim İçin SİZE ÖZEL ÇÖZÜMLER ÜRÜN VE HİZMETLERİMİZ Hakkımızda Ana Sayfa Kendim İçin Bireysel Bankacılık Vakıf Katılım ile Altın Günler Vakıf Katılım ile Alt …;;;
vakif-katilim--detay-vakif-katilim-aile-yili-paketi;vakif-katilim;campaign_type;Konut Finansmanı;0.70;classifier;;Müşteri Ol Kendim İçin SİZE ÖZEL ÇÖZÜMLER ÜRÜN VE HİZMETLERİMİZ İşim İçin SİZE ÖZEL ÇÖZÜMLER ÜRÜN VE HİZMETLERİMİZ Hakkımızda Ana Sayfa Kendim İçin Kampanyalar Vakıf Katılım Aile Yılı Paketi Kampanya Geçerlilik Tarihi Ka …;;;
vakif-katilim--finansmanlar-motosiklet-finansmani;vakif-katilim;campaign_type;Finansman;0.60;classifier;;Müşteri Ol Kendim İçin SİZE ÖZEL ÇÖZÜMLER ÜRÜN VE HİZMETLERİMİZ İşim İçin SİZE ÖZEL ÇÖZÜMLER ÜRÜN VE HİZMETLERİMİZ Hakkımızda Ana Sayfa Kendim İçin Finansmanlar Motosiklet Finansmanı Motosiklet Finansmanı Vakıf Katılım t …;;;
vakif-katilim--finansmanlar-motosiklet-finansmani;vakif-katilim;vade_ay;48;0.85;rule_heuristic;;"… Vade Seçeneklerimi Etkiler mi? Nihai fatura değeri 400.000 TL ve altında olan motosiklet finansmanları için azami vade [48 ay]; nihai fatura değeri 400.001 TL ile 800.000 TL arasında olan motosiklet finansmanları için azami vade 36 ay; nihai fatu…";;;
vakif-katilim--kendim-icin-detay-ihtiyac-finansmani;vakif-katilim;campaign_type;İhtiyaç Finansmanı;0.70;classifier;;Müşteri Ol Kendim İçin SİZE ÖZEL ÇÖZÜMLER ÜRÜN VE HİZMETLERİMİZ İşim İçin SİZE ÖZEL ÇÖZÜMLER ÜRÜN VE HİZMETLERİMİZ Hakkımızda Ana Sayfa Diğer Yardım Merkezi İhtiyaç Finansmanı ile ilgili Sıkça Sorulan Sorular Bireysel İh …;;;
vakif-katilim--kendim-icin-finansmanlar;vakif-katilim;campaign_type;Konut Finansmanı;0.70;classifier;;Müşteri Ol Kendim İçin SİZE ÖZEL ÇÖZÜMLER ÜRÜN VE HİZMETLERİMİZ İşim İçin SİZE ÖZEL ÇÖZÜMLER ÜRÜN VE HİZMETLERİMİZ Hakkımızda Ana Sayfa Kendim İçin Finansmanlar Finansmanlar Başvuru Yap Konut Finansmanı Vakıf Katılım tar …;;;
vakif-katilim--kendim-icin-finansmanlar;vakif-katilim;vade_ay;60;0.85;rule_heuristic;;…lamak için tıklayınız. Detaylı Bilgi İş Yeri Finansmanı İşinizi büyütmek için gayrimenkul yatırımına ihtiyacınız varsa, [60 ay] vadeyle %100'e kadar finansal destek alabilirsiniz. Detaylı Bilgi Kentsel Dönüşüm Finansmanı Çevre Şehircilik ve İklim …;;;
vakif-katilim--kobi-destekli-finansmanlar-kosgeb-destekli-finansman;vakif-katilim;campaign_type;Finansman;0.70;classifier;;Müşteri Ol Kendim İçin SİZE ÖZEL ÇÖZÜMLER ÜRÜN VE HİZMETLERİMİZ İşim İçin SİZE ÖZEL ÇÖZÜMLER ÜRÜN VE HİZMETLERİMİZ Hakkımızda Ana Sayfa İşim İçin Finansmanlar KOBİ Destekli Finansmanlar KOSGEB Destekli Finansman KOSGEB D …;;;
vakif-katilim--kobi-destekli-finansmanlar-kosgeb-destekli-finansman;vakif-katilim;vade_ay;36;0.55;rule_heuristic;;"…öncelikli sektördeki işletmeler, Teknoloji odaklı sanayi hamlesi programından yararlanan işletmeler. İşletme, destekten [3 yıl] süreyle yararlanır. Üç yıl süre tamamlandıktan sonra destek programı yeniden başlatılabilir. Acil Destek Finansmanı; do…";;;
vakif-katilim--nakdi-finansmanlar-is-yeri-finansmani;vakif-katilim;campaign_type;İhtiyaç Finansmanı;0.60;classifier;;Müşteri Ol Kendim İçin SİZE ÖZEL ÇÖZÜMLER ÜRÜN VE HİZMETLERİMİZ İşim İçin SİZE ÖZEL ÇÖZÜMLER ÜRÜN VE HİZMETLERİMİZ Hakkımızda Ana Sayfa İşim İçin Finansmanlar Nakdi Finansmanlar İş Yeri Finansmanı İş Yeri Finansmanı Vakı …;;;
ziraat-katilim--finansman-urunleri-surdurulebilirlik-temali-bireysel-urunler;ziraat-katilim;campaign_type;Konut Finansmanı;0.80;classifier;;"Ziraat Katılım Bankası Finansman Hesaplama Aracı Sürdürülebilirlik Temalı Bireysel Ürünler Yeşil Ev Konut Finansmanı Enerji verimliliği yüksek konut sayısını arttırılmasına katkı sağlamak amacıyla; mevcut konut finansman …";;;
ziraat-katilim--kart-kampanyalari-mobilya-alisverisinize-1500-tl-bankkart-lira;ziraat-katilim;campaign_type;Kart;0.80;classifier;;Mobilya Alışverişinize 1.500 TL Bankkart Lira! Tüm Kampanyalar 2 Kuyum, Optik ve Saat 3 Market ve Gıda 4 E-Ticaret 2 Elektronik ve Telekomünikasyon 3 Yapı Sektörü ve İklimlendirme 2 Akaryakıt 12 Diğer Kampanyalar 1 Eğiti …;;;
ziraat-katilim--kart-kampanyalari-mobilya-alisverisinize-1500-tl-bankkart-lira;ziraat-katilim;taksit_sayisi;5;0.85;rule_heuristic;;…n tamamında değişiklik yapma ve kampanyayı durdurma hakkına sahiptir. SAYFAYI PAYLAŞ Mobilya ve Dekorasyon Mondihome'da [5 Taksit] Son Gün 31.08.2026 Mobilya ve Dekorasyon Mondihome'da 5 Taksit Son Gün 31.08.2026 Detaylar Mobilya ve Dekorasyon İstikb…;;;
ziraat-katilim--kart-kampanyalari-size-ozel-banka-karti-kampanyasi;ziraat-katilim;campaign_type;Kart;0.70;classifier;;Size Özel! Banka Kartı Kampanyası Tüm Kampanyalar 2 Kuyum, Optik ve Saat 3 Market ve Gıda 4 E-Ticaret 2 Elektronik ve Telekomünikasyon 3 Yapı Sektörü ve İklimlendirme 2 Akaryakıt 12 Diğer Kampanyalar 1 Eğitim, Kitap ve K …;;;
ziraat-katilim--kart-kampanyalari-size-ozel-banka-karti-kampanyasi;ziraat-katilim;finansman_tutari;"{""currency"": ""TRY"", ""value"": 5000.0}";0.85;rule_heuristic;;….2026 Diğer Kampanyalar Michelin'de 4 Taksit Son Gün 31.08.2026 Detaylar Diğer Kampanyalar İlk Bankkart Kredi Kartınıza [5.000 TL] Bankkart Lira! Son Gün 07.08.2026 Diğer Kampanyalar İlk Bankkart Kredi Kartınıza 5.000 TL Bankkart Lira! Son Gün 07.08.…;;;
ziraat-katilim--kart-kampanyalari-size-ozel-banka-karti-kampanyasi;ziraat-katilim;taksit_sayisi;4;0.85;rule_heuristic;;…A.Ş. kampanya koşullarını değiştirme veya durdurma hakkına sahiptir. SAYFAYI PAYLAŞ Diğer Kampanyalar MTV Ödemelerinize [4 Taksit] Son Gün 05.08.2026 Diğer Kampanyalar MTV Ödemelerinize 4 Taksit Son Gün 05.08.2026 Detaylar Diğer Kampanyalar Michelin'…;;;
ziraat-katilim--kart-kampanyalari-size-ozel-banka-karti-kampanyasi;ziraat-katilim;kampanya_suresi;2025-08-21;0.85;rule_heuristic;;…r Arşiv Size Özel! Banka Kartı Kampanyası Kampanya 21-09-2025 Tarihinde Sona Ermiştir. Size Özel Banka Kartı Kampanyası [21.08.2025] – 21.09.2025 tarihleri arasında tek seferde 1.000 TL ve üzeri harcamaya 250 TL iade edilecektir. Kampanya müşteri özeli…;;;
ziraat-katilim--kart-kampanyalari-troy-kartla-drda-1000-tlye-varan-indirim;ziraat-katilim;campaign_type;Kart;0.80;classifier;;TROY Kartla D&R'da 1.000 TL'ye Varan İndirim! Tüm Kampanyalar 2 Kuyum, Optik ve Saat 3 Market ve Gıda 4 E-Ticaret 2 Elektronik ve Telekomünikasyon 3 Yapı Sektörü ve İklimlendirme 2 Akaryakıt 12 Diğer Kampanyalar 1 Eğitim …;;;
ziraat-katilim--kart-kampanyalari-troy-kartla-drda-1000-tlye-varan-indirim;ziraat-katilim;finansman_tutari;"{""currency"": ""TRY"", ""value"": 1000.0}";0.85;rule_heuristic;;"…ygula"" butonuna tıklanarak seçilmelidir. 200 TL indirime hak kazanmak için; kargo bedeli hariç sepet tutarı tek seferde [1.000 TL] ve üzeri olmalıdır. Kampanya Koşulları: Kampanya 15 Haziran 2026 saat 00.01 – 15 Temmuz 2026 saat 23.59 arasında geçerl…";;;
ziraat-katilim--kart-kampanyalari-troy-kartla-drda-1000-tlye-varan-indirim;ziraat-katilim;taksit_sayisi;4;0.85;rule_heuristic;;…yalar QR ile Ödemelerinize Toplam 100 TL Bankkart Lira! Son Gün 07.08.2026 Detaylar Diğer Kampanyalar MTV Ödemelerinize [4 Taksit] Son Gün 05.08.2026 Diğer Kampanyalar MTV Ödemelerinize 4 Taksit Son Gün 05.08.2026 Detaylar Diğer Kampanyalar İlk Ek Kr…;;;
ziraat-katilim--kart-kampanyalari-troy-kartla-drda-1000-tlye-varan-indirim;ziraat-katilim;kampanya_suresi;2026-06-15;0.85;rule_heuristic;;"…ak kazanmak için; kargo bedeli hariç sepet tutarı tek seferde 1.000 TL ve üzeri olmalıdır. Kampanya Koşulları: Kampanya [15 Haziran 2026] saat 00.01 – 15 Temmuz 2026 saat 23.59 arasında geçerlidir. Kampanya döneminde www.dr.com.tr ve D&R mobil uygulamasında…";;;
albaraka--gecmis-tarihli-aracfinansmanitalep-onayveucretbilgilendirmeformu-pdf;albaraka;kar_payi_orani;30.0;0.37;rule_heuristic;;…n yıllık yüzde değeri olarak hesaplanması sonucu ortaya çıkan orandır. Gecikme Kâr Payı (Aylık) Akdi Kâr Payı Oranı'nın [%30 ]Fazlası Temerrüde düşülen herhangi bir borcun (taksit ve/veya diğer borçlar) anapara kısmı için temerrüt tarihind en bor…;;;
albaraka--sozlesmeler-bayide-finansman-ihtiyac-aracilik-ve-garantorluk-sozlesmesi-komisyon;albaraka;kar_payi_orani;30.0;0.40;rule_heuristic;;…len günler için Banka'nın kredi/finansman ödeme tarihinde ticari kredilere uyguladığı en yüksek kredi kâr payı oranının [%30 ]fazlası bir oranda işleyecek gecikme cezasını da Banka'ya ödemeyi kabul ve beyan etmektedir. Aracı, söz konusu bu ödeme …;;;
albaraka--tr-urun-ve-hizmet-ucretleri;albaraka;kampanya_suresi;2020-03-01;0.45;rule_heuristic;;…i Asgari Tutar Asgari Oran Azami Tutar Azami Oran Açıklama Güncelleme Tarihi Konut Finansmanı - % 0.5 - % 0.5 BSMV Muaf [1.03.2020] Taşıt Finansmanı - % 0.5 - % 0.5 BSMV Hariçtir. 1.03.2020 İhtiyaç Finansmanı - % 0.5 - % 0.5 BSMV Hariçtir. 1.03.2020 K…;;;
hayat-finans--yatirim-ve-birikim-yatirim-fonlari-yatirim-ve-birikim;hayat-finans;kampanya_suresi;2024-01-25;0.45;rule_heuristic;;…r. Fon Alış İşlemi Bir örnekle açıklayalım KTI - AZİMUT PORTFÖY KATILIM HİSSE SENEDİ FONU (HİSSE SENEDİ YOĞUN FON) için [25 ocak 2024] tarihinde saat 12.00 alış emri gönderilir. Yatırım hesabınızda 26 Ocak 2024 öğleden sonra saat 15.00- 15.30 da görünece…;;;
hayat-finans--yatirim-ve-birikim-yatirimci-seviye-sistemi;hayat-finans;vade_ay;3;0.45;rule_heuristic;;… yükselir, işlem kurlarınız iyileşir, maliyetleriniz düşer. Nasıl Çalışır? Döviz ve kıymetli maden işlemleri yapın, Son [3 aylık] toplam işlem hacminize göre seviyeniz otomatik belirlensin, Seviyeniz yükseldikçe daha avantajlı kurlar ile işlem yapın…;;;
kuveyt-turk--bizden-haberler-kuveyt-turkten-1-milyar-tl-limitli-yeni-makine-finansmani-kampan;kuveyt-turk;kampanya_suresi;2020-07-22;0.45;rule_heuristic;;…lmak üzere toplamda 60 aya varan vade seçenekleriyle işletmelere 1 milyar TL finansman desteğinde bulunmayı hedefliyor. [22.07.2020] Reel sektöre desteğini artıran Kuveyt Türk, üretime ve yatırıma katkı sağlamak amacıyla ticari müşterilerine yönelik Şu…;;;
kuveyt-turk--ihtiyac-finansmanlari-tekne-tuketici-finansmani;kuveyt-turk;finansman_tutari;"{""currency"": ""TRY"", ""value"": 0.0}";0.37;rule_heuristic;;…menizi uygun kâr payı oranları ile kolayca gerçekleştirebilirsiniz. Taksit Tutarı Ödenecek Toplam Tutar Aylık Kâr Oranı [0,00 TL] 0,00 TL %0 Ödeme Planı Hemen Başvur Detaylı Bilgi ve Ödeme Planı Finansman Tutarı Taksit Sayısı Taksit Tutarı Aylık Kâr…;;;
kuveyt-turk--kart-kampanyalari-dogtas-grubunda-5-aya-varan-taksit-imkani;kuveyt-turk;vade_ay;5;0.45;rule_heuristic;;Ana Sayfa Kampanyalar Kendim İçin Kart Kampanyaları Doğtaş Grubu'nda [5 Aya] Varan Taksit İmkanı! Doğtaş Grubu'nda 5 Aya Varan Taksit İmkanı! Kampanya Tarihleri 13.10.2025 - 31.12.2026 Kampanyayı …;;;
kuveyt-turk--kart-kampanyalari-saglam-business-karttan-dev-kampanya-3-ay-erteleme-ve-349-oran;kuveyt-turk;vade_ay;3;0.45;rule_heuristic;;…üst tutar sınırı olmaksızın yaptığınız tüm harcamaların ödemesini 3 ay erteleyebilirsiniz. Sağlam Business kartınız ile [3 ay] ertelemeyle birlikte harcamalarınızı %3,49 kâr payıyla toplamda 9 taksite bölebilirsiniz. Harcama yapmadan önce mobil ş…;;;
kuveyt-turk--katilma-hesaplari-ara-donem-kar-payi-odemeli-hesaplar;kuveyt-turk;vade_ay;6;0.45;rule_heuristic;;…kleri şunlardır: Hesaplar, 372 gün vadeli olarak açılabilir. Katılımcının kâr payı ödemesi tercihine bağlı olarak 1, 3, [6 aylık] ödemeli yapılabilen hesap türüdür. Dilerseniz dönem sonu ödemeli hesap seçeneğini de tercih edebilirsiniz. Bir vade dön…;;;
kuveyt-turk--katilma-hesaplari-birikimli-katilma-hesabi;kuveyt-turk;kar_payi_orani;50.0;0.40;rule_heuristic;;…eden önce kapatmanız durumunda, kapatma tarihine kadar hesabınızda biriken meblağ üzerinden hesaplanan brüt kâr payının [%50]'si ödenir. Tüzel ya da gerçek kişi olmanıza bakılmaksızın, Birikimli Katılma Hesabı'nız ve cari hesaplarınızdaki 1.200.…;;;
kuveyt-turk--katilma-hesaplari-birikimli-katilma-hesabi;kuveyt-turk;kampanya_suresi;2025-05-01;0.45;rule_heuristic;;…plarınızdaki 1.200.000 TL'ye kadar olan birikimleriniz Tasarruf Mevduatı Sigorta Fonu (TMSF) güvencesi altındadır. ii. *[01.05.2025] - 31.07.2025 tarihleri arasında açılan ve vadesi yenilenen TL hesaplarda geçerli stopaj oranı Birikimli Katılma Hesabın…;;;
kuveyt-turk--medium-bireysel-finansman-talebi-onay-ve-bilgilendirme-fo-4013-pdf;kuveyt-turk;kampanya_suresi;2023-08-07;0.45;rule_heuristic;;…/ MATURITY DATE TUTAR/ AMOUNT ANAPARA/ PRINCIPAL KAR/ PROFIT BSMV/ BITT KKDF/ RUSF KALAN ANAPARA/ REMAINING PRINCIPAL 1 [07/08/2023] 920.24 764.24 120 18 18 9235.76 2 07/09/2023 920.24 776.17 110.83 16.62 16.62 8459.59 3 09/10/2023 920.24 788.26 101.52…;;;
turkiye-emlak-katilim--kartlar-kredi-karti;turkiye-emlak-katilim;kampanya_suresi;2026-01-01;0.45;rule_heuristic;;…rihi Aylık Akdi Kar Payı Oranı %0 Dönem borcu 30.000 TL altında olan bireysel kredi kartları %3,55 KKDF, BSMV hariçtir. [01.01.2026] Dönem borcu 30.000 - 180.000 TL arasında olan bireysel kredi kartları %4,05 KKDF, BSMV hariçtir. 01.01.2026 Dönem borcu…;;;
vakif-katilim--detay-vakif-katilim-aile-yili-paketi;vakif-katilim;vade_ay;24300;0.05;rule_heuristic;;"…İçin Kampanyalar Vakıf Katılım Aile Yılı Paketi Kampanya Geçerlilik Tarihi Kampanya Süresi Dolmuştur Kampanya Detayları [2025 yılı] içerisinde; evlenmiş, nikah tarihi almış veya çocuk sahibi olmuş müşterilerimizin Aile Yılı Paketi'nin avantajlarından …";;;
vakif-katilim--kendim-icin-detay-ihtiyac-finansmani;vakif-katilim;vade_ay;36;0.45;rule_heuristic;;…inansmanı Vade Süreleri Nelerdir? Yasal düzenlemeler sonrasında kullanılan ihtiyaç finansmanı 125.000 TL ve altında ise [36 ay], 125.000 TL ve 250.000 TL arasında ise 24 ay, 250.000 TL üzerinde ise 12 aydır. İhtiyaç Finansmanı Ödemesi Gecikirse Ne…;;;
ziraat-katilim--finansman-urunleri-surdurulebilirlik-temali-bireysel-urunler;ziraat-katilim;finansman_tutari;"{""currency"": ""TRY"", ""value"": 0.0}";0.40;rule_heuristic;;…8 29 30 31 32 33 34 35 36 37 38 39 40 41 42 43 44 45 46 47 48 49 50 51 52 53 54 55 56 57 58 59 60 HESAPLA Taksit Tutarı [0 TL] Toplam Ödenecek Tutar 0 TL Yapılan hesaplamalar bilgi amaçlıdır bağlayıcı bir fiyat içermemektedir. Ziraat Katılım Bank…;;;
ziraat-katilim--finansman-urunleri-surdurulebilirlik-temali-bireysel-urunler;ziraat-katilim;vade_ay;48;0.45;rule_heuristic;;…SMANI KAMPANYA PAKETI TAŞIT FINANSMANI (1-36 AY) TAŞIT FINANSMANI(1-12 AY) TAŞIT FINANSMANI(1-24 AY) TAŞIT FINANSMANI(1-[48 AY]) Kâr Oranını Kendim Belirleyeceğim Aylık Kâr Oranı Finansman Tutarı Vade 1 2 3 4 5 6 7 8 9 10 11 12 13 14 15 16 17 18 1…;;;
ziraat-katilim--kart-kampanyalari-mobilya-alisverisinize-1500-tl-bankkart-lira;ziraat-katilim;kampanya_suresi;2026-06-09;0.45;rule_heuristic;;…kkart Lira! Kampanya 09-07-2026 Tarihinde Sona Ermiştir. Kampanya Koşulları: Ziraat Katılım Bankkart kredi kartınız ile [9 Haziran 2026] - 9 Temmuz 2026 tarihleri arasında Mobilya sektöründe yer alan üye işyerlerinde Bankkart POS'undan tek seferde yapacağı…;;;
albaraka--detay-dijital-musterilere-ozel-pratik-finansman-kart;albaraka;kar_payi_orani;"{""max"": 3.95, ""min"": 3.85}";0.90;rule_heuristic;;[]Albaraka Mobil Mobil Bankacılık Aç Dijital Müşterilere Özel Pratik Finansman Kart Anasayfa Kampanyalar Kampanya Başlangı…;;;
albaraka--detay-dijital-musterilere-ozel-pratik-finansman-kart;albaraka;vade_ay;95;0.95;rule_heuristic;;[]Albaraka Mobil Mobil Bankacılık Aç Dijital Müşterilere Özel Pratik Finansman Kart Anasayfa Kampanyalar Kampanya Başlangı…;;;
albaraka--detay-dijital-musterilere-ozel-pratik-finansman-kart;albaraka;kampanya_kosullari;"[""Pratik Finansman Kart Finansman Kampanyası Koşulları Kampanyadan 1 Ocak 2026 – 31 Aralık 2026 tarihleri arasında Albaraka Mobil'i indirip \""Müşteri Olmak İstiyorum\"" adımından ilerleyerek ilk defa Albaraka'lı olan müşterilerimiz Dijital Müşterilere özel vade farksız veya özel oranlı Pratik Finansman Kart\"" kampanyasına başvurabilecektir."", ""Kampanyamız sadece yeni müşterilerimiz için geçerli olup daha önce Albaraka müşterisi olmuş müşterilerimiz kampanyadan faydalanamaz."", ""Müşterilerimiz kampanya süresi boyunca yalnızca 1 kez kampanyadan faydalanabilecektir."", ""Kampanyadan 25 yaş ve üzerindeki müşteriler yararlanabilecek olup, ayrıca gelir şartı aranacaktır."", ""Kampanya sadece Albaraka Mobil ve İnternet üzerinden tamamlanacak Pratik Finansman Kart başvuruları için geçerlidir."", ""Bankamız uygun görmediği başvuruları reddetme, kampanya koşullarını değiştirme, gerekli görmesi halinde ek bilgi ve belge talebinde bulunma ve kampanyayı durdurma hakkını saklı tutar."", ""Pratik Finansman Kart ile asgari 250 TL, azami 150.000 TL finansman kullanılabilmektedir."", ""Sadece ihtiyaç finansmanı olan pratik kart ürünümüzde araç veya konut alıma konu olduğunda ilgili finansman kart kullanılamamaktadır.""]";0.95;rule_heuristic;;"…rler; Mobilya ve Beyaz Eşya, Oto Servis ve Bakım, Teknoloji Marketler, Ulaşım Bileti Alımı, Sağlık, Okul, Kırtasiyedir. [Pratik Finansman Kart Finansman Kampanyası Koşulları Kampanyadan 1 Ocak 2026 – 31 Aralık 2026 tarihleri arasında Albaraka Mobil'i indirip ""Müşteri Olmak İstiyorum"" adımından ilerleyerek ilk defa Albaraka'lı olan müşterilerimiz Dijital Müşterilere özel vade farksız veya özel oranlı Pratik Finansman Kart"" kampanyasına başvurabilecektir.] Kampanyamız sadece yeni müşterilerimiz için geçerli olup daha önce Albaraka müşterisi olmuş müşterilerimiz kampanyadan …";;;
albaraka--detay-dijital-musterilere-ozel-pratik-finansman-kart;albaraka;hedef_kitle;"[""mevcut_musteri"", ""yeni_musteri""]";0.95;rule_heuristic;;…nyalar Kampanya Başlangıç ve Bitiş 01.01.2026 - 31.12.2026 Müşteri Ol Müşteri Ol Vade farksız 40.000 TL ve uygun oranlı [hoş geldin] finansmanı Albaraka'da! Beyaz eşyadan eğitim ve sağlık harcamalarına, ev eşyalarına kadar birçok ihtiyacınız için Prati…;;;
albaraka--dis-ticaret-finansmanlari-harici-garantiler;albaraka;hedef_kitle;"[""belirli_segment""]";0.95;rule_heuristic;;Albaraka Mobil Mobil Bankacılık Aç Harici Garantiler Anasayfa [KOBİ] Dış Ticaret Dış Ticaret Finansmanları Harici Garantiler İthalat Finansmanı İhracat Finansmanı Harici Garantiler Dış Kay…;;;
albaraka--eviniz-icin-prefabrik;albaraka;finansman_tutari;"{""currency"": ""TRY"", ""value"": 50000.0}";0.95;rule_heuristic;;…Tadilat Finansmanı Hemen Başvur Prefabrik ev satın alma ihtiyacınız varsa Albaraka sizinle. Özellikler Finansman tutarı [50.000 TL]'ye kadar olan ödemelerinizi 36 aya, 50.000 TL üstünde ise 24 aya kadar vadelendirebilir, geri ödemelerinizi aylık eşit …;;;
albaraka--formlar-altin-hesaplarindan-donusumun-desteklenmesi-tl-katilma-hesabi-bilgilendi;albaraka;kampanya_kosullari;"[""Vergi kesintileri, Katılma Hesabı'nın açılış/vade yenileme tarihinde ilgili vade için geçerli olan cari vergi oranları üzerinden hesaplanacağı, 8."", ""Müşteri, katılma hesaplarının; Banka'nın herhangi bir oran veya tutarda getiri taahhüdü bulunmadığı, bu bakımdan Banka'nın asgari de olsa getiri taahhüdü/garantisi olmayan, karşılığında hesap sahibine önceden belirlenmiş herhangi bir getiri ödenmeyen ve anaparanın aynen geri ödenmesi garanti edilmeyen hesaplar olduğunu bildiğini, 10.""]";0.95;rule_heuristic;;…h. Dr. Adnan Büyükdeniz Cad.No:6 34768Ümraniye/ İSTANBUL www.albaraka.com.tr albarakaturk@hs03.kep.tr EFRM-111-325-6 7. [Vergi kesintileri, Katılma Hesabı'nın açılış/vade yenileme tarihinde ilgili vade için geçerli olan cari vergi oranları üzerinden hesaplanacağı, 8.] Katılma Hesapları'nın vadesinin sonunda (daha önce çekim/kapama olmamışsa) Banka'nın ödeme yükümlülüğü ilgili Katılma H…;;;
albaraka--formlar-genel-kredi-sozlesmesi-ucret-bilgilendirme-formu-pdf;albaraka;tahsis_ucreti;"{""currency"": ""TRY"", ""value"": 0.5}";0.95;rule_heuristic;;…10 İşyeri Kredi Komisyonu(BİREYSEL) TRY,EUR,USD - - - 1,10 Arsa Kredi Komisyonu (BİREYSEL) TRY,EUR,USD - - - 1,10 Taşıt [Tahsis Ücreti (BİREYSEL) TRY 0,5 - 0,5 EFRM-143-010 / 7 Sayfa 5 / 10 Ürün] Adı ve Tanımı Para Cinsi ÜCRET TARİFESİ Asgari Tutar Minimum Oran (%) Azami Tutar Maksimum Oran (%) KFD İhracat Garanti…;;;
albaraka--formlar-genel-kredi-sozlesmesi-ucret-bilgilendirme-formu-pdf;albaraka;masraf_durumu;"{""amount"": 3.0, ""has_fee"": true}";0.95;rule_heuristic;;"…i - Arsa/İş Yeri ""Taşınmaz İpoteği Tesis Edilirse"" 3. kişilere ödenen maliyet tutarının %15 fazlası şeklinde Araç Rehin [Ücret]i Araç üzerine rehin tesis edilirse 3. kişilere ödenen maliyet tutarının %15 fazlası şeklinde EFRM-143-010 / 7 Sayfa 4 /…";;;
albaraka--formlar-genel-kredi-sozlesmesi-ucret-bilgilendirme-formu-pdf;albaraka;kampanya_kosullari;"[""TRY 1.000 - 5.000 - Niyet Mektubu Komisyonu Niyet mektubu, kesin bir taahhüt içermeyen, bağlayıcılığı bulunmayan ancak açılabilecek olası bir kredinin koşullarının resmi başvurunun yapılacağı tarihteki şartlar dikkate alınarak düzenleneceğini belirten resmi yazılardır."", ""Kom. (Teyitsiz) 150 1,50 - 10 EFRM-143-010 / 7 Sayfa 3 / 10 Cinsi ÜCRET TARİFESİ Asgari Tutar Minimum Oran (%) Azami Tutar Maksimum Oran (%) Tavarruk Emtia Alım Satım Komisyonu Tavarruk yöntemi ile nakdi kredi kullandırılması durumunda Londra metal borsası üzerinden işlem yapılmakta olup, bu kapsamda yapılan işlemlerde talep edilen komisyon ücretidir.""]";0.95;rule_heuristic;;…ktubu Komisyonu Banka referans mektubu, müşterinin bankalar nezdindeki mevduatını ve kredibilitesini gösteren belgedir. [TRY 1.000 - 5.000 - Niyet Mektubu Komisyonu Niyet mektubu, kesin bir taahhüt içermeyen, bağlayıcılığı bulunmayan ancak açılabilecek olası bir kredinin koşullarının resmi başvurunun yapılacağı tarihteki şartlar dikkate alınarak düzenleneceğini belirten resmi yazılardır.] TRY 1.000 0,2 5.000 Kabul Kredili İth. Akr. Kom. (Teyitli) Kabul Kredili İthalat Akreditifi açılışında oluşan risk karş…;;;
albaraka--gecmis-tarihli-aracfinansmanitalep-onayveucretbilgilendirmeformu-pdf;albaraka;masraf_durumu;"{""amount"": 0.0, ""has_fee"": false}";0.95;rule_heuristic;;…enen Tutar Değişene Kadar 4. Doküman Talebi İlgili Dokümanın Düzenleme Tarihinden Sonraki Bir Yıl İçerisindeki Talepler [Ücret] Alınmaz İlgili Dokümanın Düzenleme Tarihinin Üzerinden Bir Yıl Geçmesinden Sonraki Talepler Sayfa Başına 5-TL Her Bir T…;;;
albaraka--gecmis-tarihli-aracfinansmanitalep-onayveucretbilgilendirmeformu-pdf;albaraka;kampanya_kosullari;"[""Zorunlu Bildirimler Hesabın Kat'ı ve Borcun Ödenmesi İhtarı Bildirimin Maliyeti Kadar Bildirim Başına 8."", ""Geçerlilik süresi sonunda ücretlerde değişiklik olm azsa, geçerlilik süresi kendiliğinden ve aynı şartl arla sonraki yılın 31 Aralık gününe kadar uzar."", ""SİGORTA YAPTIRILMASI VE PRİM Finansman kullanımı aşamasında müşterinin; hayat sigortası, ferdi kaza sigortası, zorunlu mali sorumluluk sigortası, kasko, finansman güvence sigortası ve sa ir zorunlu ve ihtiyari sigortaları Bankamız aracılı ğı ile yaptırmak istemesi halinde, bu sigortalara ilişkin poliçeler ayrıca düzenlenerek, poliçeye göre ayrıca prim tahsil edilecektir."", ""Müşterinin mevcut sigorta poliç elerinin bu finansmanla ilişkilendirilebilmesi için sigorta poliçelerinin finansmanla uyumlu olması gerekir.""]";0.95;rule_heuristic;;…Kuruluşuna Veya Üçüncü Kişilere Ö denen Ücretler Tahsil Edilir, Başka Bir Ücret Alınmaz. Sayfa 2 / 3 EFRM-137-031/07 7. [Zorunlu Bildirimler Hesabın Kat'ı ve Borcun Ödenmesi İhtarı Bildirimin Maliyeti Kadar Bildirim Başına 8.] Onaya Tabi Bildirimler Taksit Gecikmelerinin Bildirilmesini: ONAYLIYORUM ONAYLAMIYORUM SMS Bildirim Başına Sözleşme'nin…;;;
albaraka--sozlesmeler-bayide-finansman-ihtiyac-aracilik-ve-garantorluk-sozlesmesi-komisyon;albaraka;masraf_durumu;"{""amount"": 0.0, ""has_fee"": false}";0.95;rule_heuristic;;…me'ye konu iş ve işlemler ile kredi/finansman hizmetine ve bankacılık işlemlerine yönelik olarak Aracı'nın işyerlerinde [ücretsiz] stant açabilecektir. 3.23. İşbu Sözleşme kapsamında verilecek hizmetler ile ilgili olarak mevzuatta Banka için yükümlül…;;;
albaraka--sozlesmeler-bayide-finansman-ihtiyac-aracilik-ve-garantorluk-sozlesmesi-komisyon;albaraka;kampanya_kosullari;"[""Taraflar, işbu Sözleşme gereğince uyulması gerekli her türlü kanun, tüzük, kararname, karar ve benzeri mevzuat, yasal ve idari düzenlemelerin gereğini yerine getirmek zorundadır."", ""Aracı tarafından gerekli başvurular yapılmak suretiyle ve Banka'nın izin ve yetki vermesi şartıyla Sistem, Aracı'nın bağlı veya bağımsız tacir yardımcısı, ticari temsilci, ticari vekil, personel, alt çalışan ve kendisine bağlı olarak çalışan ve Banka'nın izin ve yetki verdiği kişi tarafından kullanılabilir."", ""Aracı, işbu Sözleşme kapsamında Başvuran'dan bilgi, belge ve sözleşme alma yükümlülüğünü Banka'ya bilgi vermek koşulu ile planlı tadilat, bakım, onarım, izin süreleri dışında Aracı'ya ait işyerlerinden Banka'nın mesai (çalışma) günlerinde ve saatlerinde yerine getirmeyi taahhüt etmektedir 3.8."", ""Aracı, müşteri ilişkileri veya yönetimi anlamında Banka müşterilerinden gelen tüm talepleri de derhal tüm bilgi ve belgelerle birlikte Banka'ya iletecek ve yönlendirecek olup, yalnızca Banka tarafından kendisine bildirilen ve verilen talimatlar kapsamda Banka müşterilerine bilgi ve belge verecektir."", ""maddesinde belirtilen şartları taşıdığını ve Sözleşme süresi içerisinde bu şartların kaybedilmesi durumunda, bu durumu derhal Banka'ya yazılı olarak bildireceğini beyan ve taahhüt eder."", ""Banka tarafından talep edilmesi durumunda ya da BDDK'ca gerekli görülmesi halinde, Aracı tarafından işbu Sözleşme kapsamında verilen hizmetlerden doğabilecek zararları karşılamak amacıyla masrafları Taraflarca karşılanmak üzere Banka'ca sorumluluk sigortası yaptırılabilecektir."", ""Aracı, işbu Sözleşme kapsamında verdiği hizmeti gerçekleştirebilecek yönetim yapısına, yeterli sayı ve nitelikte personele, gerekli teknik donanıma, belge ve kayıt düzenine, iş devamlılığı planına sahip olduğunu, Sözleşme konusu hizmet ile ilgili güvenlik risklerine, yangın ve doğal afetler gibi acil durumlara karşı gerekli önlemleri almış kabul, beyan ve taahhüt eder."", ""Aracı, kendisinden mal veya hizmet satın alan Başvuran'ın olabilecek ayıplarla ilgili şikâyet, iddia ve taleplerine meydan veremeyecek yahut bu sebeplerle mağduriyetlerine yol açmayacak şekilde gerekli tedbirli alacaktır.""]";0.95;rule_heuristic;;…antör olması gibi bir ilişki kurmamakta olup, bu şekilde yorumlanamaz ve anlaşılamaz. 3. TARAFLARIN YÜKÜMLÜLÜKLERİ 3.1. [Taraflar, işbu Sözleşme gereğince uyulması gerekli her türlü kanun, tüzük, kararname, karar ve benzeri mevzuat, yasal ve idari düzenlemelerin gereğini yerine getirmek zorundadır.] Bunları bilmemek bir mazeret teşkil etmez. Bu icapları yerine getirmek için Taraflar hiçbir istekte ve hak iddiasında b…;;;
albaraka--tarim-bankaciligi-diger-finansmanlar;albaraka;vade_ay;48;0.95;rule_heuristic;;…an, traktör ve biçerdöver finansmanı işlemleri finansal kiralama yöntemiyle ve hasat dönemine uygun ödeme koşulları ile [48 ay] vadeye kadar yapılabilmektedir. Projeli IPARD Finansmanı Avrupa Birliği (AB) tarafından aday ve potansiyel aday ülkeler…;;;
albaraka--tarim-bankaciligi-diger-finansmanlar;albaraka;kampanya_kosullari;"[""Finansal Kiralama Makine ekipman, traktör ve biçerdöver finansmanı işlemleri finansal kiralama yöntemiyle ve hasat dönemine uygun ödeme koşulları ile 48 ay vadeye kadar yapılabilmektedir."", ""IPARD Programı kapsamında destek alan projeleriniz için gerekli olan finansmanı bankamızdan kullanabilirsiniz.""]";0.95;rule_heuristic;;…yaçlarınızı karşılayabilirsiniz. ELÜS teminatı karşılığı finansman işlemlerinde vergi avantajı (%1 BSMV) bulunmaktadır. [Finansal Kiralama Makine ekipman, traktör ve biçerdöver finansmanı işlemleri finansal kiralama yöntemiyle ve hasat dönemine uygun ödeme koşulları ile 48 ay vadeye kadar yapılabilmektedir.] Projeli IPARD Finansmanı Avrupa Birliği (AB) tarafından aday ve potansiyel aday ülkelere destek olmak amacıyla oluşturu…;;;
albaraka--tarim-bankaciligi-diger-finansmanlar;albaraka;hedef_kitle;"[""belirli_segment""]";0.95;rule_heuristic;;Albaraka Mobil Mobil Bankacılık Aç Diğer Finansmanlar Anasayfa [KOBİ] Tarım Bankacılığı Diğer Finansmanlar Tarım Bankacılığı Hakkında Tarım Finansmanları Elektronik Ürün Senedi (ELÜS) Diğer…;;;
albaraka--tatiliniz-icin-devre-mulk;albaraka;finansman_tutari;"{""currency"": ""TRY"", ""value"": 125000.0}";0.95;rule_heuristic;;…htiyacı olan sizler için en uygun kredi seçenekleri ile Devre Mülk Finansmanını hazırladık. Özellikler Finansman tutarı [125.000 TL]'ye kadar olan ödemelerinizi 36 aya, 125.000 TL ile 250.000 TL aralığındaki ödemelerinizi 24 aya, 250.000 TL' nin üzerin…;;;
albaraka--tatiliniz-icin-devre-mulk;albaraka;kampanya_kosullari;"[""Albaraka Mobil Mobil Bankacılık Aç Devre Mülk Anasayfa Bireysel Finansmanlar İhtiyaç Finansmanı Tatiliniz İçin Devre Mülk Seyahat Devre Mülk Devre Tatil Hemen Başvur Devre mülkler tapu kaydı gerektiren ve her yıl belirli dönemlerde asgari 15 gün süreli konaklama imkânı veren mülklerdir.""]";0.95;rule_heuristic;;[Albaraka Mobil Mobil Bankacılık Aç Devre Mülk Anasayfa Bireysel Finansmanlar İhtiyaç Finansmanı Tatiliniz İçin Devre Mülk Seyahat Devre Mülk Devre Tatil Hemen Başvur Devre mülkler tapu kaydı gerektiren ve her yıl belirli dönemlerde asgari 15 gün süreli konaklama imkânı veren mülklerdir.] Albaraka Türk olarak Devre mülk ihtiyacı olan sizler için en uygun kredi seçenekleri ile Devre Mülk Finansmanını hazırl…;;;
albaraka--tr-urun-ve-hizmet-ucretleri;albaraka;kar_payi_orani;0.05;0.95;rule_heuristic;;…n Erken Kapama (Türk Lirası Finansmanlar) - - - - Kalan Ana Para üzerinden (Finansmanın yıllık bileşik kâr payı oranı * [0,05]) + ( Kalan ağırlıklı ortalama vade * 0,002) formül uygulanarak hesaplanmaktadır. BSMV Hariçtir. 1.07.2024 Nakdi Finansm…;;;
albaraka--tr-urun-ve-hizmet-ucretleri;albaraka;masraf_durumu;"{""amount"": 0.0, ""has_fee"": false}";0.95;rule_heuristic;;…met Para Birimi Asgari Tutar Asgari Oran Azami Tutar Azami Oran Açıklama Güncelleme Tarihi 8.300 TL ve altı TRY - - - - [Ücretsiz] sunulmaktadır. 16.01.2024 8.300-399.000 TL arası TRY - - - - Ücretsiz sunulmaktadır. 16.01.2024 399.000 TL üstü TRY - -…;;;
albaraka--tr-urun-ve-hizmet-ucretleri;albaraka;kampanya_kosullari;"[""1.03.2020 İhtiyaç Finansmanı - % 0.5 - % 0.5 BSMV Hariçtir."", ""14.08.2020 Yurt Dışı Diğer Şubeden Para Çekme - Şube - % 0.5 - % 1 BSMV Hariçtir."", ""14.08.2020 Nakit Çekim Ofisinden Para Çekme - Nakit Çekim Ofisi TRY - - 5 - BSMV Hariçtir."", ""15.01.2026 8.300-399.000 TL arası TRY 79.76 - 79.76 - BSMV Hariçtir."", ""15.01.2026 399.000 TL üstü TRY 797.68 - 797.68 - BSMV Hariçtir."", ""15.01.2026 Düzenli EFT Gönderimi - 8.300 TL ve altı TRY 7.97 - 7.97 - BSMV Hariçtir."", ""16.02.2026 Düzenli EFT Gönderimi - 8.300-399.000 TL arası TRY 15.96 - 15.96 - BSMV Hariçtir."", ""16.02.2026 Düzenli EFT Gönderimi - 399.000 TL üstü TRY 199.41 - 199.41 - BSMV Hariçtir.""]";0.95;rule_heuristic;;… Güncelleme Tarihi Konut Finansmanı - % 0.5 - % 0.5 BSMV Muaf 1.03.2020 Taşıt Finansmanı - % 0.5 - % 0.5 BSMV Hariçtir. [1.03.2020 İhtiyaç Finansmanı - % 0.5 - % 0.5 BSMV Hariçtir.] 1.03.2020 Konut Finansmanı Konut Finansmanı Ürün / Hizmet Para Birimi Asgari Tutar Asgari Oran Azami Tutar Azami Oran A…;;;
dunya-katilim--hizmetler-doviz-transferi-swift;dunya-katilim;masraf_durumu;"{""amount"": 0.0, ""has_fee"": false}";0.95;rule_heuristic;;… adresi, telefon ve faks numarası d) talep konusu bulunmalıdır. Talebiniz en kısa sürede ve en geç otuz (30) gün içinde [ücretsiz] olarak sonuçlandırılmaktadır. Başvurunuza yönelik işlemlerin ayrı bir maliyeti gerektirmesi hâlinde, Kurul tarafından b…;;;
dunya-katilim--kredi-kartlari-paraf-platinum-kredi-karti;dunya-katilim;masraf_durumu;"{""amount"": 0.0, ""has_fee"": false}";0.95;rule_heuristic;;…atılım Paraf Platinum Kredi Kartı'mı nasıl teslim alırım? Kartınız, başvuru aşamasında belirttiğiniz kayıtlı adresinize [ücretsiz] teslimat ile gönderilecektir. Dünya Katılım Paraf Platinum Kredi Kartı'nın yıllık kart ücreti var mı? Dünya Katılım Par…;;;
dunya-katilim--kredi-kartlari-paraf-platinum-kredi-karti;dunya-katilim;kampanya_kosullari;"[""Fizikî alışverişlerde, satıcıya ödemenizi Paraf Para ile yapmak istediğinizi söylemeniz gerekmektedir.""]";0.95;rule_heuristic;;…nabilirim? Kazanmış olduğunuz Paraf Paraları, Paraf üye iş yerlerinde yapacağınız alışverişlerinizde kullanabilirsiniz. [Fizikî alışverişlerde, satıcıya ödemenizi Paraf Para ile yapmak istediğinizi söylemeniz gerekmektedir.] Tüm site ziyaretçilerimizi daha iyi tanımak, sitemizdeki kullanıcı deneyimini kişiselleştirmek ve iyileştirmek için web…;;;
dunya-katilim--sermaye-piyasasi-urunleri-yatirim-fonlari;dunya-katilim;masraf_durumu;"{""amount"": 0.0, ""has_fee"": false}";0.95;rule_heuristic;;… adresi, telefon ve faks numarası d) talep konusu bulunmalıdır. Talebiniz en kısa sürede ve en geç otuz (30) gün içinde [ücretsiz] olarak sonuçlandırılmaktadır. Başvurunuza yönelik işlemlerin ayrı bir maliyeti gerektirmesi hâlinde, Kurul tarafından b…;;;
dunya-katilim--sermaye-piyasasi-urunleri-yatirim-fonlari;dunya-katilim;kampanya_kosullari;"[""Valörlü fonlarda 100 TL asgari alım limiti bulunmaktadır.""]";0.95;rule_heuristic;;…r. Yatırımcı fonunu satmadığı sürece vergi ödemek zorunda değildir. Yatırım fonu alımında herhangi bir limit var mıdır? [Valörlü fonlarda 100 TL asgari alım limiti bulunmaktadır.] Bununla birlikte alım yapmak istediğiniz fon için özel limit tanımları da olabilir. Yatırım fonu fiyatını, getirisini, …;;;
dunya-katilim--sermaye-piyasasi-urunleri-yatirim-fonlari-2;dunya-katilim;masraf_durumu;"{""amount"": 0.0, ""has_fee"": false}";0.95;rule_heuristic;;… adresi, telefon ve faks numarası d) talep konusu bulunmalıdır. Talebiniz en kısa sürede ve en geç otuz (30) gün içinde [ücretsiz] olarak sonuçlandırılmaktadır. Başvurunuza yönelik işlemlerin ayrı bir maliyeti gerektirmesi hâlinde, Kurul tarafından b…;;;
dunya-katilim--sermaye-piyasasi-urunleri-yatirim-fonlari-2;dunya-katilim;kampanya_kosullari;"[""Valörlü fonlarda 100 TL asgari alım limiti bulunmaktadır.""]";0.95;rule_heuristic;;…r. Yatırımcı fonunu satmadığı sürece vergi ödemek zorunda değildir. Yatırım fonu alımında herhangi bir limit var mıdır? [Valörlü fonlarda 100 TL asgari alım limiti bulunmaktadır.] Bununla birlikte alım yapmak istediğiniz fon için özel limit tanımları da olabilir. Yatırım fonu fiyatını, getirisini, …;;;
hayat-finans--yatirim-ve-birikim-yatirim-fonlari-yatirim-ve-birikim;hayat-finans;kampanya_kosullari;"[""TEFAS'ta yazan bütün ihbar süreleri 13.30 'dan önce iletilen emirler için geçerlidir."", ""Bahse konu değişiklikler, 03.03.2025 tarihinde uygulamaya alınacak olup, ileri valörlü fonlarda asgari işlem tutarı 100 TL (Yüz Türk Lirası) olarak uygulanacaktır.""]";0.95;rule_heuristic;;…r. Yatırım fonlarının işlem saatlerini Hayat Finans Mobil uygulamamız üzerinden ilgili fonun sayfasında görebilirsiniz. [TEFAS'ta yazan bütün ihbar süreleri 13.30 'dan önce iletilen emirler için geçerlidir.] 13.30'dan sonraki emir iletimi yapıldıysa T+1 kadar eklenir. Resmi gün ve tatillerde takas süreleri değişebilmektedir. …;;;
hayat-finans--yatirim-ve-birikim-yatirimci-seviye-sistemi;hayat-finans;kampanya_kosullari;"[""Yatırımcı Seviyesi ile Daha Fazla Avantaj Sizi Bekliyor Yatırım Yaptıkça Kazancınız Katlanır Hayat Finans'ta yatırım işlemleri sadece kazanç sağlamakla kalmaz, aynı zamanda size özel avantajların kapısını da aralar."", ""Yatırımcı Seviyesi ve Avantajlar Seviye 3 Aylık Toplam Hacim Hedefi Avantaj Avantaj Oranı* Başlangıç 0 Standart işlem kuru - Yatırımcı 2.000.000 TL İyi işlem kuru 15% Tecrübeli 4.000.000 TL Daha iyi işlem kuru 35% Trader 10.000.000 TL Rekabetçi işlem kuru 60% Profesyonel 20.000.000 TL En iyi işlem kuru 90% * Avantaj oranı piyasa koşullarına göre günlük olarak değişkenlik gösterebilir."", ""Böylece hiçbir başvuru yapmadan, sadece işlem yaparak avantajlı kurlardan faydalanabilirsiniz."", ""Avantaj oranı piyasa koşullarına göre günlük olarak değişebilir.""]";0.95;rule_heuristic;;[Yatırımcı Seviyesi ile Daha Fazla Avantaj Sizi Bekliyor Yatırım Yaptıkça Kazancınız Katlanır Hayat Finans'ta yatırım işlemleri sadece kazanç sağlamakla kalmaz, aynı zamanda size özel avantajların kapısını da aralar.] Döviz ve kıymetli maden işlemlerinizin hacmine göre yatırımcı seviyeniz yükselir, işlem kurlarınız iyileşir, maliyetler…;;;
kuveyt-turk--bizden-haberler-kuveyt-turkten-1-milyar-tl-limitli-yeni-makine-finansmani-kampan;kuveyt-turk;hedef_kitle;"[""belirli_segment""]";0.95;rule_heuristic;;…Vade farksız ve düşük kâr paylı finansmanla makine edinme fırsatı Kuveyt Türk, kampanyanın ikinci fazı kapsamında başta [KOBİ]'ler olmak üzere ticari müşterilerinin makine finansman ihtiyacını uygun kâr oranlarıyla karşılıyor. Leasing ve makine t…;;;
kuveyt-turk--ihtiyac-finansmanlari-tekne-tuketici-finansmani;kuveyt-turk;kar_payi_orani;4.82;0.95;rule_heuristic;;[]Ana Sayfa Kendim İçin Finansmanlar İhtiyaç Finansmanları Tekne Tüketici Finansmanı Hac-Umre Finansmanı Eğitim Finansmanı…;;;
kuveyt-turk--ihtiyac-finansmanlari-tekne-tuketici-finansmani;kuveyt-turk;vade_ay;12;0.95;rule_heuristic;;[]Ana Sayfa Kendim İçin Finansmanlar İhtiyaç Finansmanları Tekne Tüketici Finansmanı Hac-Umre Finansmanı Eğitim Finansmanı…;;;
kuveyt-turk--ihtiyac-finansmanlari-tekne-tuketici-finansmani;kuveyt-turk;masraf_durumu;"{""amount"": null, ""has_fee"": true}";0.95;rule_heuristic;;…Tesis Bedeli Ekspertiz Ücreti Toplam Masraf Taksit No Taksit Tutarı Ana Para Kalan Ana Para Kâr Tutarı KKDF BSMV Tahsis [ücret]i müşteriden peşin olarak tahsil edilecektir. Ödenecek toplam tutar finansman tahsis ücretini içermemektedir. Bu tablo b…;;;
kuveyt-turk--kampanya-arsivi-akaryakitta-200-tlye-varan-altin-puan-firsati;kuveyt-turk;odul_miktari;"{""currency"": ""TRY"", ""value"": 200.0}";0.95;rule_heuristic;;Ana Sayfa Kampanyalar Kampanya Arşivi Akaryakıtta 200 TL'ye Varan Altın Puan Fırsatı! Akaryakıt harcamalarınıza toplam [200 TL] Altın Puan kazanma fırsatı! 1-31 Temmuz arasında 2.000 TL ve üzeri harcamalarınıza 100 TL, toplamda 200 TL Altın Puan s…;;;
kuveyt-turk--kampanya-arsivi-akaryakitta-200-tlye-varan-altin-puan-firsati;kuveyt-turk;kampanya_kosullari;"[""Kuveyt Türk, önceden haber vermeden kampanya koşullarında değişiklik yapabilir ya da kampanyayı sonlandırabilir.""]";0.95;rule_heuristic;;"…kampanyaya dahil değildir. ℹ️ DİĞER Kampanya; 5172, 5541, 5542 ve 5983 MCC kodlu akaryakıt üye işyerlerinde geçerlidir. [Kuveyt Türk, önceden haber vermeden kampanya koşullarında değişiklik yapabilir ya da kampanyayı sonlandırabilir.]";;;
kuveyt-turk--kampanya-arsivi-bisiklet-finansmaninda-enerji-tasarrufu-haftasina-ozel-419-kar-o;kuveyt-turk;kampanya_kosullari;"[""Kuveyt Türk, önceden haber vermeden kampanya koşullarında değişiklik yapabilir ya da kampanyayı sonlandırabilir.""]";0.95;rule_heuristic;;…nyalı finansman başvurularında %4.19 kar payı oranlı geri ödeme planı Kuveyt Türk tarafından müşterilere sağlanacaktır. [Kuveyt Türk, önceden haber vermeden kampanya koşullarında değişiklik yapabilir ya da kampanyayı sonlandırabilir.] Kuveyt Türk Bisiklet Finansmanı'na istenilen belgeler ile birlikte size en yakın şubemizden başvurabilirsiniz. Kuveyt T…;;;
kuveyt-turk--kampanya-arsivi-hepsiburada-alisveris-finansmaninda-enerji-tasarrufu-haftasina-o;kuveyt-turk;kampanya_kosullari;"[""Kuveyt Türk, önceden haber vermeden kampanya koşullarında değişiklik yapabilir ya da kampanyayı sonlandırabilir.""]";0.95;rule_heuristic;;…nyalı finansman başvurularında %3.99 kar payı oranlı geri ödeme planı Kuveyt Türk tarafından müşterilere sağlanacaktır. [Kuveyt Türk, önceden haber vermeden kampanya koşullarında değişiklik yapabilir ya da kampanyayı sonlandırabilir.] Kuveyt Türk Hepsiburada Alışveriş Finansmanı hakkında daha fazla detaylı bilgi almak için tıklayabilirsiniz. **12 ay va…;;;
kuveyt-turk--kampanya-arsivi-kuveyt-turkten-turizm-sektorune-kfk-destekli-finansman;kuveyt-turk;kampanya_kosullari;"[""FİNANSMAN KOŞULLARI Belirtilen finansman koşulları, 01.07.2026-31.07.2026 tarihleri arasında geçerlidir."", ""Finansman koşulları, kâr payı oranı, vade ve ödeme planı başvuru sahibinin kredi değerlendirme sonucuna göre değişebilir."", ""Banka finansman şartlarını değiştirme veya sonlandırma hakkını saklı tutar.""]";0.95;rule_heuristic;;…ilirsiniz. 📌 Hemen başvurmak ve detaylı bilgi almak için size en yakın Kuveyt Türk Şubesi ile iletişime geçebilirsiniz. [FİNANSMAN KOŞULLARI Belirtilen finansman koşulları, 01.07.2026-31.07.2026 tarihleri arasında geçerlidir.] Finansman, Banka değerlendirme ve onay sürecine tabidir. Finansman koşulları, kâr payı oranı, vade ve ödeme planı başvu…;;;
kuveyt-turk--kart-kampanyalari-dogtas-grubunda-5-aya-varan-taksit-imkani;kuveyt-turk;kampanya_kosullari;"[""İşlemlerin taksitli olabilmesi için ödeme anında taksitli seçimin yapılması gerekmektedir."", ""Kuveyt Türk ve Doğtaş , Kelebek , Lova kampanyayı dilediği zaman durdurma ve/veya kampanya koşullarını değiştirme hakkına sahiptir.""]";0.95;rule_heuristic;;…va markaları üzerinden mağaza ve resmi web sitesinden yapacağınız alışverişlerinizde 5 aya varan taksit imkanı sunuyor. [İşlemlerin taksitli olabilmesi için ödeme anında taksitli seçimin yapılması gerekmektedir.] Kampanya mağazalardan ve web sitesinden yapılacak alışverişlerde geçerlidir. Kampanyaya Kuveyt Türk Bireysel Kredi Kart…;;;
kuveyt-turk--kart-kampanyalari-saglam-business-karttan-dev-kampanya-3-ay-erteleme-ve-349-oran;kuveyt-turk;kar_payi_orani;3.49;0.95;rule_heuristic;;… harcamaların ödemesini 3 ay erteleyebilirsiniz. Sağlam Business kartınız ile 3 ay ertelemeyle birlikte harcamalarınızı [%3,49] kâr payıyla toplamda 9 taksite bölebilirsiniz. Harcama yapmadan önce mobil şubeden taksit sayısını veya ertelemeyi seçm…;;;
kuveyt-turk--kart-kampanyalari-saglam-business-karttan-dev-kampanya-3-ay-erteleme-ve-349-oran;kuveyt-turk;finansman_tutari;"{""currency"": ""TRY"", ""value"": 300.0}";0.95;rule_heuristic;;…nı 9 olarak seçebilirsiniz. Sağlam Business Kart ile yapılan işlemlere taksit yapılabilmesi için minimum harcama tutarı [300 TL]'dir. 300 TL altındaki işlemler tek çekim olarak gerçekleşir. Sağlam Business Kart ile alkollü içecek satan market ve te…;;;
kuveyt-turk--kart-kampanyalari-saglam-business-karttan-dev-kampanya-3-ay-erteleme-ve-349-oran;kuveyt-turk;kampanya_kosullari;"[""Harcama yapmadan önce mobil şubeden taksit sayısını veya ertelemeyi seçmeniz gerekmektedir."", ""Kuveyt Türk, önceden haber vermeden kampanya koşullarında değişiklik yapabilir ya da kampanyayı sonlandırabilir."", ""Sağlam Business Kart ile yapılan işlemlere taksit yapılabilmesi için minimum harcama tutarı 300 TL'dir."", ""Kuyum harcamalarında, mahkeme ve para cezalarında, bağış, kontör, sigorta, vergi ve fatura ödemelerinde, kablolu ve diğer ödemeli TV hizmetlerinde yalnızca tek çekim olarak işlem yapılabilir.""]";0.95;rule_heuristic;;…am Business kartınız ile 3 ay ertelemeyle birlikte harcamalarınızı %3,49 kâr payıyla toplamda 9 taksite bölebilirsiniz. [Harcama yapmadan önce mobil şubeden taksit sayısını veya ertelemeyi seçmeniz gerekmektedir.] Kampanya 31.12.2026 tarihine kadar geçerlidir. Kuveyt Türk, önceden haber vermeden kampanya koşullarında değişiklik yap…;;;
kuveyt-turk--katilma-hesaplari-ara-donem-kar-payi-odemeli-hesaplar;kuveyt-turk;kampanya_kosullari;"[""Hesabınıza yalnızca vade tarihlerinde para yatırabilirsiniz.""]";0.95;rule_heuristic;;… ya da Kârlı Katılma Hesabı'nıza aktarılabilir. Uzun vadeli ve yüksek getiri sağlayan bu hesabın stopaj oranı düşüktür. [Hesabınıza yalnızca vade tarihlerinde para yatırabilirsiniz.] Hesaba yönelik getiri oranı vade başı yerine sonunda belli olur. *Yurtiçi şubelerde, resmi kuruluşlar, kredi kuruluşlar…;;;
kuveyt-turk--katilma-hesaplari-ara-donem-kar-payi-odemeli-hesaplar;kuveyt-turk;hedef_kitle;"[""yeni_musteri""]";0.95;rule_heuristic;;… Sayfa Kendim İçin Hesaplar Katılma Hesapları Ara Dönem Kâr Payı Ödemeli Hesaplar Katılma Hesabı Dijital Katılma Hesabı [Hoş Geldin] Katılma Hesabı Sepet Hesap İncir Katılma Hesabı Ara Dönem Kâr Payı Ödemeli Hesaplar Yuvam TL Katılma Hesabı Birikimli K…;;;
kuveyt-turk--katilma-hesaplari-birikimli-katilma-hesabi;kuveyt-turk;masraf_durumu;"{""amount"": 0.0, ""has_fee"": false}";0.95;rule_heuristic;;…gorta Fonu (TMSF) güvencesi altındadır. Birikimli Katılma Hesabı Avantajları Birikimli Katılma Hesabı açmak için ek bir [ücret] ödemenize gerek yoktur. Tek bir talimat vererek düzenli olarak birikim yapabilir, istediğiniz zaman verdiğiniz talimatt…;;;
kuveyt-turk--katilma-hesaplari-birikimli-katilma-hesabi;kuveyt-turk;kampanya_kosullari;"[""Minimum 3 yıl vade ile açabileceğiniz hesabınız sayesinde zamanla yüksek oranda tasarruf sağlayabilirsiniz."", ""Birikimli Katılma Hesabı Özellikleri En az 3 yıl, en çok 10 yıl vade ile hesap açabilirsiniz."", ""Açılış için hesabınızda minimum 150 TL, 100 dolar, 100 euro veya 50 gr altın olması gerekir."", ""Belirlediğiniz periyotlarla yatırabileceğiniz minimum tutar 50 TL, 50 dolar, 50 euro ya da 1 gram altındır."", ""Vadeden önce yalnızca 3 kez para çekebilir ya da tek seferde anaparanın %50'sine kadar istediğiniz tutarı çekebilirsiniz."", ""Hesap Türleri ve Limitleri Birikimli Katılma Hesabı Oranları(%) Para Birimi Açılış Bakiyesi Paylaşım Oranı (Asgari 3 Yıl, Azami 10 yıl) Stopaj Oranları TL 150 97-3 10* USD 100 40-60 25 EUR 100 40-60 25 Altın 50 40-60 15 i."", ""Katılma Hesabı açtığınızda, aylık minimum oranlarda ödeme yapabilirsiniz."", ""Ayrıca düzenli ödeme yapma zorunluluğunuz yoktur.""]";0.95;rule_heuristic;;"…ikimli Katılma Hesabı; küçük meblağlarla uzun vadede büyük birikimler yapmak isteyenlere uygun katılma hesabı ürünüdür. [Minimum 3 yıl vade ile açabileceğiniz hesabınız sayesinde zamanla yüksek oranda tasarruf sağlayabilirsiniz.] Siz de şimdi Birikimli Katılma Hesabınızı açabilir, geleceğinizi şimdiden şekillendirmek için birikim yapmaya başlayabi…";;;
kuveyt-turk--katilma-hesaplari-birikimli-katilma-hesabi;kuveyt-turk;hedef_kitle;"[""yeni_musteri""]";0.95;rule_heuristic;;Ana Sayfa Kendim İçin Hesaplar Katılma Hesapları Birikimli Katılma Hesabı Katılma Hesabı Dijital Katılma Hesabı [Hoş Geldin] Katılma Hesabı Sepet Hesap İncir Katılma Hesabı Ara Dönem Kâr Payı Ödemeli Hesaplar Yuvam TL Katılma Hesabı Birikimli K…;;;
kuveyt-turk--konut;kuveyt-turk;kar_payi_orani;1.89;0.95;rule_heuristic;;Konut Finansmanı Kampanyası. Kuveyt Türk ile hayalinizdeki eve kavuşun. Konut finansmanında kâr payı oranı [%1,89]'dan başlayan oranlarla, 120 aya kadar vade imkânı. Tahsis ücreti 750 TL. Kampanya 31.12.2026 tarihine kadar geçerlidir.…;;;
kuveyt-turk--konut;kuveyt-turk;vade_ay;120;0.95;rule_heuristic;;…Kampanyası. Kuveyt Türk ile hayalinizdeki eve kavuşun. Konut finansmanında kâr payı oranı %1,89'dan başlayan oranlarla, [120 aya] kadar vade imkânı. Tahsis ücreti 750 TL. Kampanya 31.12.2026 tarihine kadar geçerlidir. Başvuru için şubelerimize veya …;;;
kuveyt-turk--konut;kuveyt-turk;tahsis_ucreti;"{""currency"": ""TRY"", ""value"": 750.0}";0.95;rule_heuristic;;… hayalinizdeki eve kavuşun. Konut finansmanında kâr payı oranı %1,89'dan başlayan oranlarla, 120 aya kadar vade imkânı. [Tahsis ücreti 750 TL]. Kampanya 31.12.2026 tarihine kadar geçerlidir. Başvuru için şubelerimize veya internet bankacılığına bekleriz.;;;
kuveyt-turk--konut;kuveyt-turk;masraf_durumu;"{""amount"": 750.0, ""has_fee"": true}";0.95;rule_heuristic;;… hayalinizdeki eve kavuşun. Konut finansmanında kâr payı oranı %1,89'dan başlayan oranlarla, 120 aya kadar vade imkânı. [Tahsis] ücreti 750 TL. Kampanya 31.12.2026 tarihine kadar geçerlidir. Başvuru için şubelerimize veya internet bankacılığına bek…;;;
kuveyt-turk--konut;kuveyt-turk;kampanya_suresi;2026-12-31;0.95;rule_heuristic;;…ut finansmanında kâr payı oranı %1,89'dan başlayan oranlarla, 120 aya kadar vade imkânı. Tahsis ücreti 750 TL. Kampanya [31.12.2026] tarihine kadar geçerlidir. Başvuru için şubelerimize veya internet bankacılığına bekleriz.;;;
kuveyt-turk--medium-bireysel-finansman-talebi-onay-ve-bilgilendirme-fo-4013-pdf;kuveyt-turk;tahsis_ucreti;"{""currency"": ""TRY"", ""value"": 57.5}";0.95;rule_heuristic;;… Kar Payı Oranı / Effective Annual Profit Share Rate : %23,52 KKDF Oranı / RUSF Rate : %15 BSMV Oranı / BITT Rate : %15 [Tahsis Ücreti / Allocation Fee : 57,5 TL Ekspertiz Masrafı / Appraisal Co]st : 23.645 TL Araç Rehin Tesisi Katılım Payı / Vehicle Lien Participation Fee : 350.92 TL (Rehin Adedi Başına) (Noter İ…;;;
kuveyt-turk--medium-bireysel-finansman-talebi-onay-ve-bilgilendirme-fo-4013-pdf;kuveyt-turk;masraf_durumu;"{""amount"": 0.0, ""has_fee"": false}";0.95;rule_heuristic;;…ri Tarafından Ödenecektir. (Shall be paid by the Customer when required.) Borcu Yoktur Yazısı (No Debt Letter) Bir Defa [Ücretsiz] (Free of Charge for One Time) İşlem Başına (Per Transaction) * Sonraki Talepler İçin (For the Following Requests) ____.…;;;
kuveyt-turk--medium-bireysel-finansman-talebi-onay-ve-bilgilendirme-fo-4013-pdf;kuveyt-turk;kampanya_kosullari;"[""Ay (Months) Kredi, borcunun tüm ferileriyle birlikte ve tamamen geri ödenmesi tarihine kadar yürürlükte kalır. (The Loan shall remain in effect until full and complete repayment of the debt together with all accessories.) Kredinin Tutarı ve Şartları (Amount and Terms of Loan) ……………………."", ""Müşterinin mevcut sigorta poliçelerinin krediyle lişkilendirilebilmesi için, bu poliçelerin krediyle uyumlu olması gerekir."", ""Sadece kredi ile ilgili işlemlerin yapıldığı hesaplara ilişkin hiçbir ücret ve masraf talep edilmez ve bu hesap Müşterinin aksine yazılı veya kalıcı veri saklayıcısıyla talebi olmaması halinde kredinin ödenmesi ile kapatılır."", ""CAYMA HAKKI: Müşteri; sözleşmenin imzalandığı tarihten itibaren on dört gün içinde herhangi bir gerekçe göstermeksizin ve cezai şart ödemeksizin kredi sözleşmesinden cayma hakkına sahiptir."", ""Ayrıca gerekli hallerde ek teminat da talep edebilir."", ""GEREKLİBELGE LİSTESİ Tüketici Kredisi Başvuru Formu ve Sözleşmesi Gelir belgesi (maaş bordrosu, finansal tablolar, vergi levhası vs.) BİLGİLERİN GEÇERLİLİK SÜRESİ: Formdaki bilgiler, verilmesinden itibaren 2 iş günü süreyle bağlayıcıdır."", ""Karşı tarafın menfaatine aykırı genel işlem koşullarının sözleşmenin kapsamına girmesi, sözleşmenin yapılması sırası nda düzenleyenin karşı tarafa, bu koşulların varlığı hakkında açıkça bilgi verip, bunların içeriğini öğrenme imkânı sağlamasına ve karşı tarafın da bu koşulları kabul etmesine bağlıdır."", ""1-Sözleşmenin uygulama ve yorumunda, Bankanın bir Katılım Bankası olduğu öncelikle nazara alınır; Bankanın üretici, satıcı, sağlayıcı vs. olmadığı, sadece kredi/finansman sağlayan olduğu esas alınır.""]";0.95;rule_heuristic;;…(Personal Finance Support) Ürün (Kredi) Vadesi Sözleşme Süresi (Product (Loan) Term/Maturity Term of Agreement) ………………. [Ay (Months) Kredi, borcunun tüm ferileriyle birlikte ve tamamen geri ödenmesi tarihine kadar yürürlükte kalır. (The Loan shall remain in effect until full and complete repayment of the debt together with all accessories.) Kredinin Tutarı ve Şartları (Amount and Terms of Loan) …………………….] TL Kural olarak kredi açma (tahsis) kararında belirtilen teminatların tesisinden sonra kullandırır. İstisnaen Banka işl…;;;
tom-katilim--kampanyalar-giyim-alisverislerinde-kampanya;tom-katilim;odul_miktari;"{""currency"": ""TRY"", ""value"": 2000.0}";0.95;rule_heuristic;;…ı değiştirme veya iptal etme hakkını saklı tutar. İlginizi Çekebilir Kredi Kartı limitini artır, harcamalarından toplam [2000 TL]'ye kadar A101 hediye bakiye kazan! Kampanya Detayı Hadi Black Kredi Kartı ile MTV Ödemelerinde Vade Farksız 3 taksit fı…;;;
tom-katilim--kampanyalar-giyim-alisverislerinde-kampanya;tom-katilim;kampanya_kosullari;"[""Kampanyaya, yalnızca Hadi Black Kredi Kartı ile giyim sektöründe yapılan, 1.000 TL ile 20.000 TL arasındaki harcamalar dahildir."", ""Bir ekstre döneminde kampanya koşullarına uygun ilk 2 giyim harcaması taksitlendirilir."", ""Çok Kazananlar Kulübü üyelerinin kampanya koşullarına uygun harcamaları vade farksız 6 taksite, kulüp üyesi olunmadığı durumda, vade farksız 3 taksite bölünür."", ""Kulüp üyeliği için Hadi Black Kredi Kartı'na sahip olman ve Mega Günlük Hesabında minimum 10.000 TL bulunması yeterlidir."", ""Bu iki koşulu sağlayıp TOM Bank Hadi uygulamasındaki Çok Kazananlar Kulübü kampanyasına katıldıktan sonra, ertesi gün kulübün ek faydalarından yararlanmaya başlarsın!"", ""Kulüp kapsamında aranan minimum 10.000 TL Mega Günlük Hesap bakiyesi, her ayın 15."", ""Bu tarihlerde koşullar sağlanırsa, ilgili ay boyunca Kulüp üyesi olarak değerlendirilir."", ""Buna ek olarak, kulüp koşullarında yer alan ürünlerden birinin kapatılması durumunda, ürünün kapatıldığı günün ertesi günü kulüp üyeliği sona erer.""]";0.95;rule_heuristic;;…geçerlidir. Kampanyadan yararlanmak için ilk harcamadan önce TOM Bank Hadi uygulamasından kampanya seçimi yapılmalıdır. [Kampanyaya, yalnızca Hadi Black Kredi Kartı ile giyim sektöründe yapılan, 1.000 TL ile 20.000 TL arasındaki harcamalar dahildir.] Bir ekstre döneminde kampanya koşullarına uygun ilk 2 giyim harcaması taksitlendirilir. Belirlenen işlem adedi limitine…;;;
turkiye-emlak-katilim--kampanya-akaryakit-harcamalariniza-300-tl-parafpara;turkiye-emlak-katilim;masraf_durumu;"{""amount"": 0.0, ""has_fee"": false}";0.95;rule_heuristic;;"… başarılı sayılabilmesi için banka sisteminde adınıza tanımlı telefon numarasından katılım sağlanmalıdır. Katılım SMS'i [ücretsiz] olup; kampanyaya katılabilmek için SMS'in Turkcell, Vodafone veya Türk Telekom operatörleri üzerinden ve yurt içinden g…";;;
turkiye-emlak-katilim--kampanya-akaryakit-harcamalariniza-300-tl-parafpara;turkiye-emlak-katilim;odul_miktari;"{""currency"": ""TRY"", ""value"": 300.0}";0.95;rule_heuristic;;…plam 300 TL ParafPara verilecektir. Kampanya müşteri bazlı olup, bir müşteri kampanyaya bir kez katılabilir ve en fazla [300 TL] ParafPara kazanabilir. Aynı gün aynı iş yerinden yapılacak harcamaların ilki kampanyaya dahildir. Bir kart ile kampanya…;;;
turkiye-emlak-katilim--kampanya-akaryakit-harcamalariniza-300-tl-parafpara;turkiye-emlak-katilim;alisveris_puani;"{""kind"": ""points"", ""value"": 300.0}";0.95;rule_heuristic;;…mek amacıyla işbu Çerez Politikası'nı hazırlanmıştır. Ana sayfa Bireysel Kampanyalar Kampanya Akaryakıt Harcamalarınıza [300] TL ParafPara! Akaryakıt Harcamalarınıza 300 TL ParafPara! Akaryakıt Harcamalarınıza 300 TL ParafPara! Kampanyaya Nasıl …;;;
turkiye-emlak-katilim--kampanya-akaryakit-harcamalariniza-300-tl-parafpara;turkiye-emlak-katilim;kampanya_kosullari;"[""Kampanyaya katılmak için \""AKARYAKIT\"" yazıp 6026'ya SMS gönderilmesi gerekmektedir."", ""Katılım SMS'i ücretsiz olup; kampanyaya katılabilmek için SMS'in Turkcell, Vodafone veya Türk Telekom operatörleri üzerinden ve yurt içinden gönderilmesi gerekmektedir."", ""Kampanya Koşulları Kampanya 1 -31 Temmuz 2026 tarihleri arasında geçerlidir."", ""Kampanya kapsamında kazanılan ParafPara'lar, kampanyayı takip eden ayın 14‘ünde, kampanya koşullarını sağlayan müşterilerimizin işlem yaptığı ve kullanıma açık kartına yansıtılacaktır."", ""Türkiye Emlak Katılım Bankası A.Ş. kampanyayı dilediği zaman durdurma ve/veya kampanya koşullarını değiştirme hakkına sahiptir. × Your browser does not support the audio element.""]";0.95;rule_heuristic;;"…ra! Akaryakıt Harcamalarınıza 300 TL ParafPara! Akaryakıt Harcamalarınıza 300 TL ParafPara! Kampanyaya Nasıl Katılırım? [Kampanyaya katılmak için ""AKARYAKIT"" yazıp 6026'ya SMS gönderilmesi gerekmektedir.] Kampanya katılımının başarılı sayılabilmesi için banka sisteminde adınıza tanımlı telefon numarasından katılım sağlanma…";;;
turkiye-emlak-katilim--kampanya-elektrikli-arac-sarj-istasyonu-harcamalariniza-200-tl-parafpara;turkiye-emlak-katilim;masraf_durumu;"{""amount"": 0.0, ""has_fee"": false}";0.95;rule_heuristic;;"… başarılı sayılabilmesi için banka sisteminde adınıza tanımlı telefon numarasından katılım sağlanmalıdır. Katılım SMS'i [ücretsiz] olup; kampanyaya katılabilmek için SMS'in Turkcell, Vodafone veya Türk Telekom operatörleri üzerinden ve yurt içinden g…";;;
turkiye-emlak-katilim--kampanya-elektrikli-arac-sarj-istasyonu-harcamalariniza-200-tl-parafpara;turkiye-emlak-katilim;odul_miktari;"{""currency"": ""TRY"", ""value"": 200.0}";0.95;rule_heuristic;;…plam 200 TL ParafPara verilecektir. Kampanya müşteri bazlı olup, bir müşteri kampanyaya bir kez katılabilir ve en fazla [200 TL] ParafPara kazanabilir. Aynı gün aynı iş yerinde yapılan 250 TL ve üzeri harcamalardan ilki kampanyaya dahildir. Bir kar…;;;
turkiye-emlak-katilim--kampanya-elektrikli-arac-sarj-istasyonu-harcamalariniza-200-tl-parafpara;turkiye-emlak-katilim;alisveris_puani;"{""kind"": ""points"", ""value"": 200.0}";0.95;rule_heuristic;;…ez Politikası'nı hazırlanmıştır. Ana sayfa Bireysel Kampanyalar Kampanya Elektrikli Araç Şarj İstasyonu Harcamalarınıza [200] TL ParafPara! Elektrikli Araç Şarj İstasyonu Harcamalarınıza 200 TL ParafPara! Elektrikli Araç Şarj İstasyonu Harcamala…;;;
turkiye-emlak-katilim--kampanya-elektrikli-arac-sarj-istasyonu-harcamalariniza-200-tl-parafpara;turkiye-emlak-katilim;kampanya_kosullari;"[""Kampanyaya katılmak için \"" YOL \"" yazıp 6026'ya SMS gönderilmesi gerekmektedir."", ""Katılım SMS'i ücretsiz olup; kampanyaya katılabilmek için SMS'in Turkcell, Vodafone veya Türk Telekom operatörleri üzerinden ve yurt içinden gönderilmesi gerekmektedir."", ""Kampanya Koşulları Kampanya 1-31 Ağustos 2026 tarihleri arasında geçerlidir."", ""Kampanya kapsamında kazanılan ParafPara'lar, kampanyayı takip eden ayın 14‘ünde, kampanya koşullarını sağlayan müşterilerimizin işlem yaptığı ve kullanıma açık kartına yansıtılacaktır."", ""Türkiye Emlak Katılım Bankası A.Ş. kampanyayı dilediği zaman durdurma ve/veya kampanya koşullarını değiştirme hakkına sahiptir. × Your browser does not support the audio element.""]";0.95;rule_heuristic;;"…200 TL ParafPara! Elektrikli Araç Şarj İstasyonu Harcamalarınıza 200 TL'ye Varan ParafPara! Kampanyaya Nasıl Katılırım? [Kampanyaya katılmak için "" YOL "" yazıp 6026'ya SMS gönderilmesi gerekmektedir.] Kampanya katılımının başarılı sayılabilmesi için banka sisteminde adınıza tanımlı telefon numarasından katılım sağlanma…";;;
turkiye-emlak-katilim--kartlar-kredi-karti;turkiye-emlak-katilim;kampanya_kosullari;"[""Asgari ödeme tutarı, ekstre borcunun tamamıdır."", ""Azami Gecikme Cezası Oranları (Aylık) Azami Oran (%) Açıklama Güncelleme Tarihi Aylık Akdi Kar Payı Oranı %0 Dönem borcu 30.000 TL altında olan bireysel kredi kartları %3,55 KKDF, BSMV hariçtir."", ""01.01.2026 Dönem borcu 30.000 - 180.000 TL arasında olan bireysel kredi kartları %4,05 KKDF, BSMV hariçtir."", ""01.01.2026 Dönem borcu 180.000 TL üzerinde olan bireysel kredi kartları %4,55 KKDF, BSMV hariçtir."", ""01.01.2026 Azami Gecikme Cezası Oranları (Yıllık) Azami Oran (%) Açıklama Güncelleme Tarihi Yıllık Akdi Kar Payı Oranı %0 Dönem borcu 30.000 TL altında olan bireysel kredi kartları %42,60 KKDF, BSMV hariçtir."", ""01.01.2026 Dönem borcu 30.000 - 180.000 TL arasında olan bireysel kredi kartları %48,60 KKDF, BSMV hariçtir."", ""01.01.2026 Dönem borcu 180.000 TL üzerinde olan bireysel kredi kartları %54,60 KKDF, BSMV hariçtir."", ""Kredi Kartı Ekstre Arkası Açıklamaları Tanımlar Asgari Ödeme Tutarı/Oranı: Banka tarafından asgari ödeme oranı %100 olarak belirlenmiştir.""]";0.95;rule_heuristic;;"…tılım Paraf Kredi Kartı, internet alışverişi ve temassız ödeme özelliği ile kolaylıkla alışveriş yapmanıza imkan verir. [Asgari ödeme tutarı, ekstre borcunun tamamıdır.] Nakit avans limiti bulunmamaktadır. Kart borcunuzu; şubelerimizden, internet ve mobil şubemizden, 0850 222 26 26 numara…";;;
turkiye-emlak-katilim--katilma-hesaplari-zumrut-katilma-hesabi;turkiye-emlak-katilim;finansman_tutari;"{""currency"": ""TRY"", ""value"": 3000000.0}";0.95;rule_heuristic;;…kleri ve Avantajları: Zümrüt Katılma Hesabı, sadece TL cinsinden açılmaktadır. Hesap açılışı için gereken minimum tutar [3.000.000 TL]'dir. 3,000,000 TL ve üzerinde bakiye ile açılan hesaplara 94/6 kar paylaşım oranı üzerinden kar dağıtımı gerçekleştiril…;;;
turkiye-emlak-katilim--katilma-hesaplari-zumrut-katilma-hesabi;turkiye-emlak-katilim;kampanya_kosullari;"[""Hesabın Özellikleri ve Avantajları: Zümrüt Katılma Hesabı, sadece TL cinsinden açılmaktadır."", ""Hesap açılışı için gereken minimum tutar 3.000.000 TL'dir."", ""Hesap bakiyesi minimum 1,000,000 TL'ye kadar düşebilmektedir."", ""Yalnızca gerçek kişi müşterilerimiz Zümrüt Katılma Hesabı açabilmektedir.""]";0.95;rule_heuristic;;…ç sağlayan havuzlarda değerlendirmek isteyen gerçek kişi müşterilerimiz için özel olarak sunulan bir katılma hesabıdır. [Hesabın Özellikleri ve Avantajları: Zümrüt Katılma Hesabı, sadece TL cinsinden açılmaktadır.] Hesap açılışı için gereken minimum tutar 3.000.000 TL'dir. 3,000,000 TL ve üzerinde bakiye ile açılan hesaplara 94/6 ka…;;;
turkiye-emlak-katilim--nakdi-finansman-cevreci-ihracat-finansmani;turkiye-emlak-katilim;finansman_tutari;"{""currency"": ""TRY"", ""value"": 5000000.0}";0.95;rule_heuristic;;…TL, EURO ve USD cinsinden finansman kullandırılabilecektir Söz konusu ürün kapsamında firma başına finansman üst limiti [5.000.000 TL]'dir. İlgili ürün kapsamında kullandırılacak finansmanların vadesi azami 3 ay ödemesiz dönem, azami 24 ay vade (ödemesiz…;;;
turkiye-emlak-katilim--nakdi-finansman-cevreci-ihracat-finansmani;turkiye-emlak-katilim;indirim_orani;25.0;0.95;rule_heuristic;;…. Çevreci İhracat Finansmanı ürünümüzü kullanan müşterilerimiz, tüm bankacılık hizmetlerimizden liste fiyatı üzerinden %[25] indirim ile yararlanabilecektir. Çevreci İhracat Finansmanı hakkında detaylı bilgi için sizleri en yakın şubemize bekli…;;;
turkiye-emlak-katilim--qr-kredi-karti-uyelik-sozlesmesi-pdf;turkiye-emlak-katilim;masraf_durumu;"{""amount"": 0.0, ""has_fee"": false}";0.95;rule_heuristic;;…r. 14.3. Kart Hamili, işbu Sözleşme'nin bir nüshasını Sözleşme'nin imza/onay tarihinden itibaren 1 (bir) yıl içerisinde [ücretsiz] olarak alma hakkına sahiptir. 15. Kart Hamili'nin Yükümlülükleri 15.1. Kart Hamili, Kart'ı, Kart Numarasını ve Şifresin…;;;
turkiye-emlak-katilim--qr-kredi-karti-uyelik-sozlesmesi-pdf;turkiye-emlak-katilim;alisveris_puani;"{""kind"": ""points"", ""value"": 24.0}";0.95;rule_heuristic;;…caya kadar, Kredi Kartı herhangi bir nedenden dolayı iptal edilmiş ve/veya geçerlilik süresi dolmuş olsa dahi mesuldür. [24.] Puan Uygulaması 24.1. Banka Kart ve Ek Kart Hamilleri'ne yönelik puan programları uygulayabilir. Puan programlarının ka…;;;
turkiye-emlak-katilim--qr-kredi-karti-uyelik-sozlesmesi-pdf;turkiye-emlak-katilim;kampanya_kosullari;"[""1 SOZ.0190.02 Gizlilik Derecesi: Açık TÜRKİYE EMLAK KATILIM BANKASI A.Ş. KREDİ KARTI ÜYELİK SÖZLEŞMESİ Bir tarafta TÜRKİYE EMLAK KATILIM BANKASI A.Ş. (\""Banka\"" olarak anılacaktır) ile diğer tarafta, KART HAMİLİ / EK KART HAMİLİ / MÜŞTERİ arasında, aşağıdaki şartlarla işbu Kredi Kartı Üyelik Sözleşmesi (\""Sözleşme\"" olarak anılacaktır) imzalanmıştır."", ""Asgari Ödeme Oranı: Yasal sınırlar çerçevesinde Banka tarafından tek taraflı belirlenerek, Kart Hamili'ne bildirilen ve Son Ödeme Tarihi'ne kadar ödenmesi gereken dönem borcunun ödenmesi gereken en az tutarıdır."", ""Gecikme Cezası Oranı: Kartların asgari ödeme tutarı, hesap özetinde yer alan dönem borcunun tamamı (%100'ü) olarak belirlenmiştir."", ""Kart Hamili: İşbu Sözleşmeyi borçlu sıfatıyla imzalayan, Banka tarafından adına Kredi Kartı Hesabı açılan ve bu hesaba bağlı olarak kendisine veya kendisinin belirlediği Ek Kart Hamillerine Kredi Kartı/Kartları verilen, bu Kredi Kartlarıyla yapılan harcamalardan ve işlemlerden işbu sözleşmede ve ilgili mevzuatta belirtilen şartlarla sorumlu olan gerçek veya tüzel kişidir."", ""Gecikme Cezası Oranı; Asgari Ödeme Tutarının kısmen veya tamamen Son Ödeme Tarihi'nde ödenmemesi üzerine, Banka'nın asgari tutarın ödenmeyen kısmına işleteceği ceza oranıdır."", ""Merkez Bankası tarafından bildirilen azami oranların üstünde olmamak koşuluyla arttırmaya ya da azaltmaya yetkilidir."", ""Kartın asgari ödeme tutarı, hesap özetinde yer alan dönem borcunun tamamı (%100'ü) olarak belirlenmiştir."", ""Kalan hesap bakiyesine, asgarî tutar ve üzerinde ödeme yapılması durumunda akdi kâr payı, asgarî tutarın altında ödeme yapılması durumunda ise asgari tutarın ödenmeyen kısmı için gecikme cezası, kalan hesap bakiyesinin asgari tutarı aşan kısmı için 5 akdi kâr payı uygulanır.""]";0.95;rule_heuristic;;"[1 SOZ.0190.02 Gizlilik Derecesi: Açık TÜRKİYE EMLAK KATILIM BANKASI A.Ş. KREDİ KARTI ÜYELİK SÖZLEŞMESİ Bir tarafta TÜRKİYE EMLAK KATILIM BANKASI A.Ş. (""Banka"" olarak anılacaktır) ile diğer tarafta, KART HAMİLİ / EK KART HAMİLİ / MÜŞTERİ arasında, aşağıdaki şartlarla işbu Kredi Kartı Üyelik Sözleşmesi (""Sözleşme"" olarak anılacaktır) imzalanmıştır.] 1. Tanımlar ve Kısaltmalar İşbu Kredi Kartları Üyelik Sözleşmesi'nde (""Sözleşme"") geçen, Akdi Kar Payı Oranı: Kredi kar…";;;
turkiye-emlak-katilim--qr-kredi-karti-uyelik-sozlesmesi-pdf;turkiye-emlak-katilim;hedef_kitle;"[""belirli_segment"", ""mevcut_musteri""]";0.95;rule_heuristic;;… borcun tamamını ödeyip, Kart'ın ve Ek Kart'ın kullanılmasına son verdiği takdirde artıştan etkilenmez. 26.5. Mevzuatın [halihazırda] öngördüğü veya daha sonra çıkaracağı her türlü vergi, resim, harçlar ile fonlar dahil her türlü mali yükümlülükler ve m…;;;
turkiye-finans--kampanyalar-biten-kampanyalar;turkiye-finans;kar_payi_orani;4.09;0.95;rule_heuristic;;…eri Güldüren Finansman Türkiye Finans'ta Bayrama özel İhtiyaç Finansmanı'nda KKB skorundan bağımsız tüm vadelerde sabit [%4.09] kâr payı oranı, 3 ay erteleme fırsatı ve yeni müşterilere özel dosya masrafsızlık avantajı sizi bekliyor. Detaylı Bilgi…;;;
turkiye-finans--kampanyalar-biten-kampanyalar;turkiye-finans;finansman_tutari;"{""currency"": ""TRY"", ""value"": 1000.0}";0.95;rule_heuristic;;…ayan özel bir avantaj paketidir. Detaylı Bilgi 3 Ay Ertelemeli Katılım Bankacılığına Uygun İhtiyaç Finansmanı Fırsatı + [1.000 TL]'ye Varan Bonus! Bu kampanya ile %3,59'dan başlayan kar payı oranları ile 3 ay öteleme fırsatından yararlanarak finansma…;;;
turkiye-finans--kampanyalar-biten-kampanyalar;turkiye-finans;masraf_durumu;"{""amount"": 0.0, ""has_fee"": false}";0.95;rule_heuristic;;…a KKB skorundan bağımsız tüm vadelerde sabit %4.09 kâr payı oranı, 3 ay erteleme fırsatı ve yeni müşterilere özel dosya [masrafsız]lık avantajı sizi bekliyor. Detaylı Bilgi Avukatlar Günü'ne Özel Avantajlar Türkiye Finans'ta! Avukat müşterilerimizin T…;;;
turkiye-finans--kampanyalar-biten-kampanyalar;turkiye-finans;odul_miktari;"{""currency"": ""TRY"", ""value"": 100.0}";0.95;rule_heuristic;;…inansman kullanılabilir ve finansman kullanan müşteriler market ve giyim alışverişlerinde her 1.000 TL'lik alışverişine [100 TL] bonus kazanabilir. Detaylı Bilgi Başvuru Merkezi Hesaplama Araçları Müşteri Memnuniyet Merkezi Yatırımcı İlişkileri Fin…;;;
turkiye-finans--kampanyalar-biten-kampanyalar;turkiye-finans;kampanya_kosullari;"[""Türkiye Finans'ın 100'ünde Gelecek Olan 5 Üyesi Cumhuriyetimizin Unutulmaz 100'leri Bankacılığın Tarihçesi ve Türkiye'de Bankacılık Türleri Dijital Dünyada Güvenlik İçin Temel İpuçları Avrupa Yeşil Mutabakatı: Sürdürülebilir Ekonomiler İçin Yol Haritası 2023'ü Geride Bırakırken DASK - Zorunlu Deprem Sigortası Nedir?""]";0.95;rule_heuristic;;…ra Biriktirme Yolları Enflasyon Nedir? Nasıl Hesaplanır? 3D Secure Nedir, Ne İşe Yarar? Kredi Notu (Kredi Puanı) Nedir? [Türkiye Finans'ın 100'ünde Gelecek Olan 5 Üyesi Cumhuriyetimizin Unutulmaz 100'leri Bankacılığın Tarihçesi ve Türkiye'de Bankacılık Türleri Dijital Dünyada Güvenlik İçin Temel İpuçları Avrupa Yeşil Mutabakatı: Sürdürülebilir Ekonomiler İçin Yol Haritası 2023'ü Geride Bırakırken DASK - Zorunlu Deprem Sigortası Nedir?] Sağlık Sigortası Nedir? Neden Sağlık Sigortası Yaptırmalıyız? Katılma Hesabı Nedir, Nasıl Açılır? Sürdürülebilir Bir Ge…;;;
turkiye-finans--kampanyalar-biten-kampanyalar;turkiye-finans;hedef_kitle;"[""belirli_segment"", ""maas_musterisi"", ""mevcut_musteri"", ""yeni_musteri""]";0.95;rule_heuristic;;…bı Nedir, Nasıl Açılır? Sürdürülebilir Bir Geleceğin Anahtarı: Net Sıfır Hedefi Tüm Renkleri Buluşturan Güzellikleriyle [Hoş Geldin] Ramazan! İşsizlik Maaşı (İşsizlik Ödeneği) Nedir? İşsizlik Maaşı Hesaplama 2024 Trafik Cezası (TPC) Nedir? Trafik Cezas…;;;
turkiye-finans--katilma-hesaplari-e-katilma-hesabi;turkiye-finans;campaign_type;Yatırım Ürünü;0.90;classifier;;Navigasyonu görüntüle İçeriği görüntüle GÜNCELLE Çerez Politikası ve 6698 sayılı Kişisel Verilerin Korunması Kanunu kapsamında Bankamız ile paylaşmış olduğunuz kişisel verileriniz ile ilgili detaylı bilgiye Kişisel Veril …;;;
turkiye-finans--katilma-hesaplari-e-katilma-hesabi;turkiye-finans;kampanya_kosullari;"[""Türkiye Finans'ın 100'ünde Gelecek Olan 5 Üyesi Cumhuriyetimizin Unutulmaz 100'leri Bankacılığın Tarihçesi ve Türkiye'de Bankacılık Türleri Dijital Dünyada Güvenlik İçin Temel İpuçları Avrupa Yeşil Mutabakatı: Sürdürülebilir Ekonomiler İçin Yol Haritası 2023'ü Geride Bırakırken DASK - Zorunlu Deprem Sigortası Nedir?"", ""e-Katılma Hesabı en az 32 gün vadeli olarak açılan ve kâr ortaklığı çerçevesinde vade sonunda getirinin paylaşıldığı bir hesap türüdür."", ""e-Katılma Hesabı en az 250 TL/USD/EUR, 50 gr Altın ile açılır.""]";0.95;rule_heuristic;;…ra Biriktirme Yolları Enflasyon Nedir? Nasıl Hesaplanır? 3D Secure Nedir, Ne İşe Yarar? Kredi Notu (Kredi Puanı) Nedir? [Türkiye Finans'ın 100'ünde Gelecek Olan 5 Üyesi Cumhuriyetimizin Unutulmaz 100'leri Bankacılığın Tarihçesi ve Türkiye'de Bankacılık Türleri Dijital Dünyada Güvenlik İçin Temel İpuçları Avrupa Yeşil Mutabakatı: Sürdürülebilir Ekonomiler İçin Yol Haritası 2023'ü Geride Bırakırken DASK - Zorunlu Deprem Sigortası Nedir?] Sağlık Sigortası Nedir? Neden Sağlık Sigortası Yaptırmalıyız? Katılma Hesabı Nedir, Nasıl Açılır? Sürdürülebilir Bir Ge…;;;
turkiye-finans--katilma-hesaplari-e-katilma-hesabi;turkiye-finans;hedef_kitle;"[""belirli_segment"", ""maas_musterisi"", ""yeni_musteri""]";0.95;rule_heuristic;;…bı Nedir, Nasıl Açılır? Sürdürülebilir Bir Geleceğin Anahtarı: Net Sıfır Hedefi Tüm Renkleri Buluşturan Güzellikleriyle [Hoş Geldin] Ramazan! İşsizlik Maaşı (İşsizlik Ödeneği) Nedir? İşsizlik Maaşı Hesaplama 2024 Trafik Cezası (TPC) Nedir? Trafik Cezas…;;;
turkiye-finans--katilma-hesaplari-katilma-hesaplari;turkiye-finans;campaign_type;Yatırım Ürünü;0.90;classifier;;Navigasyonu görüntüle İçeriği görüntüle GÜNCELLE Çerez Politikası ve 6698 sayılı Kişisel Verilerin Korunması Kanunu kapsamında Bankamız ile paylaşmış olduğunuz kişisel verileriniz ile ilgili detaylı bilgiye Kişisel Veril …;;;
turkiye-finans--katilma-hesaplari-katilma-hesaplari;turkiye-finans;kampanya_kosullari;"[""Türkiye Finans'ın 100'ünde Gelecek Olan 5 Üyesi Cumhuriyetimizin Unutulmaz 100'leri Bankacılığın Tarihçesi ve Türkiye'de Bankacılık Türleri Dijital Dünyada Güvenlik İçin Temel İpuçları Avrupa Yeşil Mutabakatı: Sürdürülebilir Ekonomiler İçin Yol Haritası 2023'ü Geride Bırakırken DASK - Zorunlu Deprem Sigortası Nedir?"", ""Katılma Hesapları e-Katılma Hesabı e-Katılma Hesabı en az 32 gün vadeli olarak açılan ve kâr ortaklığı çerçevesinde vade sonunda getirinin paylaşıldığı bir hesap türüdür.""]";0.95;rule_heuristic;;…ra Biriktirme Yolları Enflasyon Nedir? Nasıl Hesaplanır? 3D Secure Nedir, Ne İşe Yarar? Kredi Notu (Kredi Puanı) Nedir? [Türkiye Finans'ın 100'ünde Gelecek Olan 5 Üyesi Cumhuriyetimizin Unutulmaz 100'leri Bankacılığın Tarihçesi ve Türkiye'de Bankacılık Türleri Dijital Dünyada Güvenlik İçin Temel İpuçları Avrupa Yeşil Mutabakatı: Sürdürülebilir Ekonomiler İçin Yol Haritası 2023'ü Geride Bırakırken DASK - Zorunlu Deprem Sigortası Nedir?] Sağlık Sigortası Nedir? Neden Sağlık Sigortası Yaptırmalıyız? Katılma Hesabı Nedir, Nasıl Açılır? Sürdürülebilir Bir Ge…;;;
turkiye-finans--katilma-hesaplari-katilma-hesaplari;turkiye-finans;hedef_kitle;"[""belirli_segment"", ""maas_musterisi"", ""yeni_musteri""]";0.95;rule_heuristic;;…bı Nedir, Nasıl Açılır? Sürdürülebilir Bir Geleceğin Anahtarı: Net Sıfır Hedefi Tüm Renkleri Buluşturan Güzellikleriyle [Hoş Geldin] Ramazan! İşsizlik Maaşı (İşsizlik Ödeneği) Nedir? İşsizlik Maaşı Hesaplama 2024 Trafik Cezası (TPC) Nedir? Trafik Cezas…;;;
turkiye-finans--kobi-dijital-taksitli-ticari-finansman-destegi;turkiye-finans;vade_ay;12;0.95;rule_heuristic;;…melerini aksatmayın. Dijital Taksitli Ticari Finansman başvurunuzu şimdi yapın, 1 milyon TL'ye varan finansman tutarına [12 ay] vade ile hemen ulaşın. İş akışınızı kesintisiz sürdürün. Üstelik artık Türkiye Finans Mobil üzerinden kolayca başvurabi…;;;
turkiye-finans--kobi-dijital-taksitli-ticari-finansman-destegi;turkiye-finans;kampanya_kosullari;"[""Türkiye Finans'ın 100'ünde Gelecek Olan 5 Üyesi Cumhuriyetimizin Unutulmaz 100'leri Bankacılığın Tarihçesi ve Türkiye'de Bankacılık Türleri Dijital Dünyada Güvenlik İçin Temel İpuçları Avrupa Yeşil Mutabakatı: Sürdürülebilir Ekonomiler İçin Yol Haritası 2023'ü Geride Bırakırken DASK - Zorunlu Deprem Sigortası Nedir?"", ""Firmanızın ihtiyaçları için gerekli olan finansmana avantajlı koşullarla erişmenizi ve ödemelerinizi talep ettiğiniz plana göre taksitlendirmenizi sağlar."", ""Yurt içi ödemeleriniz için Türkiye Finans Mobil üzerinden ve sadece TL cinsinden başvurabilir ve onaylanan finansman tutarı ile tedarikçi ödemelerinizi yapabilirsiniz."", ""Gerekli seçimleri takiben \""Devam\"" butona tıklayın ve \""Örnek Ödeme Planı\"" sayfasındaki bilgileri inceleyin. \""Devam\"" butonuna tıklayın. \""Fatura Yükleme\"" ekranı açılır."", ""Gerekli alanları doldurun ve \""Devam\"" butonuna tıklayın. \""Satıcı Bilgileri\"" ekranı açılır."", ""Gerekli alanları doldurun ve \""Devam\"" butonuna tıklayın. \""Tutar Bilgileri\"" ekranı açılır."", ""Gerekli alanları doldurun ve \""Devam\"" butonuna tıklayın. \""Sipariş Bilgileri\"" ekranı açılır."", ""Gerekli alanları doldurun ve ilgili belgeyi yükleyin.""]";0.95;rule_heuristic;;…ra Biriktirme Yolları Enflasyon Nedir? Nasıl Hesaplanır? 3D Secure Nedir, Ne İşe Yarar? Kredi Notu (Kredi Puanı) Nedir? [Türkiye Finans'ın 100'ünde Gelecek Olan 5 Üyesi Cumhuriyetimizin Unutulmaz 100'leri Bankacılığın Tarihçesi ve Türkiye'de Bankacılık Türleri Dijital Dünyada Güvenlik İçin Temel İpuçları Avrupa Yeşil Mutabakatı: Sürdürülebilir Ekonomiler İçin Yol Haritası 2023'ü Geride Bırakırken DASK - Zorunlu Deprem Sigortası Nedir?] Sağlık Sigortası Nedir? Neden Sağlık Sigortası Yaptırmalıyız? Katılma Hesabı Nedir, Nasıl Açılır? Sürdürülebilir Bir Ge…;;;
turkiye-finans--kobi-dijital-taksitli-ticari-finansman-destegi;turkiye-finans;hedef_kitle;"[""belirli_segment"", ""maas_musterisi"", ""yeni_musteri""]";0.95;rule_heuristic;;…bı Nedir, Nasıl Açılır? Sürdürülebilir Bir Geleceğin Anahtarı: Net Sıfır Hedefi Tüm Renkleri Buluşturan Güzellikleriyle [Hoş Geldin] Ramazan! İşsizlik Maaşı (İşsizlik Ödeneği) Nedir? İşsizlik Maaşı Hesaplama 2024 Trafik Cezası (TPC) Nedir? Trafik Cezas…;;;
vakif-katilim--bireysel-bankacilik-vakif-katilim-ile-altin-gunler;vakif-katilim;masraf_durumu;"{""amount"": 0.0, ""has_fee"": false}";0.95;rule_heuristic;;…. Altınlarınızı Neden Vakıf Katılım Altın Günler'e Getirmelisiniz? Altın Günler, fiziki altınlarınızı güvenli, hızlı ve [masrafsız] bir şekilde bankacılık sistemine dâhil etmenizi sağlar. Böylece altınlarınızı taşıma ve saklama riskinden uzak şekilde …;;;
vakif-katilim--bireysel-bankacilik-vakif-katilim-ile-altin-gunler;vakif-katilim;kampanya_kosullari;"[""Altınlarınızı, Altın Cari Hesabınıza aktarabilir veya minimum 50 gramla Altın Katılma Hesabı açarak değerlendirebilirsiniz.""]";0.95;rule_heuristic;;…eki cari ve katılma hesaplarına uygulanan TMSF sigortası için tıklayınız. Altınlarımın yatacağı hesabı seçebilir miyim? [Altınlarınızı, Altın Cari Hesabınıza aktarabilir veya minimum 50 gramla Altın Katılma Hesabı açarak değerlendirebilirsiniz.] Altınlar Hesaba Hangi Saflıkta Yatırılır? 995/1000 gram saf altın olarak hesaba yatırılmaktadır. Vakıf Katılımlı olun, …;;;
vakif-katilim--detay-vakif-katilim-aile-yili-paketi;vakif-katilim;masraf_durumu;"{""amount"": 0.0, ""has_fee"": false}";0.95;rule_heuristic;;…eterli. Hemen müşteri olmak için tıklayın. Kampanyaya katılım sağlayan müşterilerimizin yararlanacağı avantajlar: Dosya [Masrafsız] İhtiyaç Finansmanı, İlk 6 Ay Anapara Ödemesiz Dosya Masrafsız Araç Finansmanı Dosya Masrafsız Konut Finansmanı Küçük ve…;;;
vakif-katilim--detay-vakif-katilim-aile-yili-paketi;vakif-katilim;indirim_orani;50.0;0.95;rule_heuristic;;… Ödemesiz Dosya Masrafsız Araç Finansmanı Dosya Masrafsız Konut Finansmanı Küçük ve Orta Boy Kiralık Kasa Ücretlerinde %[50] İndirim (Stoklarla Sınırlı) Zeytin Katılma Hesabında 98/2 Kâr Paylaşım Oranı Özel Kur Avantajı 50 Gram ve Katları Fizik…;;;
vakif-katilim--detay-vakif-katilim-aile-yili-paketi;vakif-katilim;kampanya_suresi;2025-12-31;0.95;rule_heuristic;;…ajlarından yararlanabilirsiniz. Vakıf Katılım Aile Yılı Paketi son başvuru tarihi nedir? Vakıf Katılım Aile Yılı Paketi [31/12/2025] tarihine kadar geçerlidir. Kampanyaya kaç kez katılabilirim? Kiralık Kasa Aile bazında, masrafsız fiziki altın teslimi …;;;
vakif-katilim--detay-vakif-katilim-aile-yili-paketi;vakif-katilim;kampanya_kosullari;"[""Kampanya şartlarını sağlayan mevcut ve yeni tüm müşterilerimiz, Vakıf Katılım Aile Yılı Paketi kampanyasından yararlanabilir."", ""Vakıf Katılım AŞ kampanya koşullarını değiştirme ve kampanyayı durdurma hakkını saklı tutar.""]";0.95;rule_heuristic;;…ırlı olup diğer tüm fırsatlardan yıl sonuna kadar yararlanabilirsiniz. Kampanyadan mevcut müşteriler yararlanabilir mi? [Kampanya şartlarını sağlayan mevcut ve yeni tüm müşterilerimiz, Vakıf Katılım Aile Yılı Paketi kampanyasından yararlanabilir.] Vakıf Katılım AŞ kampanya koşullarını değiştirme ve kampanyayı durdurma hakkını saklı tutar. Tümünü Göster İlginizi Çek…;;;
vakif-katilim--detay-vakif-katilim-aile-yili-paketi;vakif-katilim;hedef_kitle;"[""mevcut_musteri""]";0.95;rule_heuristic;;…atırılan fiziki altın miktarı ile sınırlı olup diğer tüm fırsatlardan yıl sonuna kadar yararlanabilirsiniz. Kampanyadan [mevcut müşteri]ler yararlanabilir mi? Kampanya şartlarını sağlayan mevcut ve yeni tüm müşterilerimiz, Vakıf Katılım Aile Yılı Paketi ka…;;;
vakif-katilim--finansmanlar-motosiklet-finansmani;vakif-katilim;kampanya_kosullari;"[""Motosiklet Finansmanına Başvurmak İçin Gerekli Belgeler Nelerdir?"", ""İlgili tutarlar sadece vadenin belirlenmesi için kullanılmaktadır.""]";0.95;rule_heuristic;;…atın almak istediğiniz motosiklet için finansman başvurunuzu şubelerimizden ve web sayfamızdan gerçekleştirebilirsiniz. [Motosiklet Finansmanına Başvurmak İçin Gerekli Belgeler Nelerdir?] Kimlik Belgesi Gelir Belgesi Satın alınacak motosikletin proforma faturası Tümünü Göster Özellikler Uzun Vade Seçenekle…;;;
vakif-katilim--kendim-icin-detay-ihtiyac-finansmani;vakif-katilim;finansman_tutari;"{""currency"": ""TRY"", ""value"": 125000.0}";0.95;rule_heuristic;;…ma hakkı vardır. İhtiyaç Finansmanı Vade Süreleri Nelerdir? Yasal düzenlemeler sonrasında kullanılan ihtiyaç finansmanı [125.000 TL] ve altında ise 36 ay, 125.000 TL ve 250.000 TL arasında ise 24 ay, 250.000 TL üzerinde ise 12 aydır. İhtiyaç Finansmanı…;;;
vakif-katilim--kendim-icin-detay-ihtiyac-finansmani;vakif-katilim;kampanya_kosullari;"[""TCMB'nin belirlediği şartlara uygun olacak şekilde geciken borç tutarına gecikme cezası uygulanır.""]";0.95;rule_heuristic;;…00 TL ve 250.000 TL arasında ise 24 ay, 250.000 TL üzerinde ise 12 aydır. İhtiyaç Finansmanı Ödemesi Gecikirse Ne Olur? [TCMB'nin belirlediği şartlara uygun olacak şekilde geciken borç tutarına gecikme cezası uygulanır.] İhtiyaç Finansmanı Ne İçin Kullanılır? Aniden bozulan buzdolabınızı yenilemek, çocuğunuza okulunda ihtiyaç duyacağı diz…;;;
vakif-katilim--kobi-destekli-finansmanlar-kosgeb-destekli-finansman;vakif-katilim;kampanya_kosullari;"[""Programın Amacı ve Tanımı KOBİ Finansman Destek Programı ile KOBİ'lere uygun koşullarda finansal destek temin edilerek finansman sorunlarının çözümü, üretim, kalite ve standartlarını artırmaları, istihdam oluşturmaları, uluslararası düzeyde rekabet etmelerinin sağlanması amaçlanmaktadır."", ""KOBİ Finansman Destek Programında, müşterilerimizin uygun koşullarda finansman temin edebilmeleri için kâr payı tutarı desteklenir."", ""Acil Destek Finansmanı; doğal afet, yangın, terör vb. durumlarda, yerel düzeyde uygulanan bir kredi programı olup kullanacak işletmeler için programda tanımlanmış işletme türlerine girme şartı aranmaz.""]";0.95;rule_heuristic;;…KOBİ'lerin finansman maliyetlerinde geri ödemesiz teşvik desteği sağlıyoruz. KOSGEB Destekli Finansmanın İçeriği Nedir? [Programın Amacı ve Tanımı KOBİ Finansman Destek Programı ile KOBİ'lere uygun koşullarda finansal destek temin edilerek finansman sorunlarının çözümü, üretim, kalite ve standartlarını artırmaları, istihdam oluşturmaları, uluslararası düzeyde rekabet etmelerinin sağlanması amaçlanmaktadır.] KOBİ Finansman Destek Programında, müşterilerimizin uygun koşullarda finansman temin edebilmeleri için kâr payı tutarı …;;;
vakif-katilim--kobi-destekli-finansmanlar-kosgeb-destekli-finansman;vakif-katilim;hedef_kitle;"[""belirli_segment""]";0.95;rule_heuristic;;…ER ÜRÜN VE HİZMETLERİMİZ İşim İçin SİZE ÖZEL ÇÖZÜMLER ÜRÜN VE HİZMETLERİMİZ Hakkımızda Ana Sayfa İşim İçin Finansmanlar [KOBİ] Destekli Finansmanlar KOSGEB Destekli Finansman KOSGEB Destekli Finansman Vakıf Katılım ve KOSGEB iş birliğiyle KOBİ'le…;;;
vakif-katilim--nakdi-finansmanlar-is-yeri-finansmani;vakif-katilim;vade_ay;60;0.95;rule_heuristic;;…nır. Satın almak istediğiniz büro, dükkan, mağaza, lojman, depo gibi gayrimenkuller için finansal destek alabilirsiniz. [60 aya] kadar vade imkânı Uzun vadeli finansman kullanımında sabit maliyet fırsatıyla müşterilerimizin orta ve uzun vadede naki…;;;
vakif-katilim--nakdi-finansmanlar-is-yeri-finansmani;vakif-katilim;kampanya_kosullari;"[""Gerekli görülen durumlarda ek teminat istenebilir.""]";0.95;rule_heuristic;;… kullanımında sabit maliyet fırsatıyla müşterilerimizin orta ve uzun vadede nakit akışını düzenleme kolaylığı sağlanır. [Gerekli görülen durumlarda ek teminat istenebilir.] Gerekli Belgeler Başvuru formu Nüfus cüzdanı, sürücü belgesi veya pasaport fotokopisi Kişinin çalışma durumuna göre gel…;;;
ziraat-katilim--finansman-urunleri-surdurulebilirlik-temali-bireysel-urunler;ziraat-katilim;kampanya_kosullari;"[""Detaylı Bilgi Yeşil Taşıt Finansmanı Çevresel sürdürülebilirliğe katkı sağlaması, düşük karbonlu tüketimin teşvikini teminen, elektrikli veya hibrit(benzinli-elektrikli) araç alımlarında, günün koşullarına göre diğer taşıt finansmanlarımıza kıyasla daha avantajlı koşullar ile sunulur.""]";0.95;rule_heuristic;;…iliği yüksek konutlara, günün koşullarına göre diğer konut finansmanlarına kıyasla daha avantajlı koşullar ile sunulur. [Detaylı Bilgi Yeşil Taşıt Finansmanı Çevresel sürdürülebilirliğe katkı sağlaması, düşük karbonlu tüketimin teşvikini teminen, elektrikli veya hibrit(benzinli-elektrikli) araç alımlarında, günün koşullarına göre diğer taşıt finansmanlarımıza kıyasla daha avantajlı koşullar ile sunulur.] Detaylı Bilgi Enerji Verimliliği Yönetim Finansmanı Apartman/Site Yönetimlerince, binaların enerji verimliliğinin arttı…;;;
ziraat-katilim--kart-kampanyalari-mobilya-alisverisinize-1500-tl-bankkart-lira;ziraat-katilim;finansman_tutari;"{""currency"": ""TRY"", ""value"": 1500.0}";0.95;rule_heuristic;;…cari ve ücretsiz kartlar dahil değildir. Bir müşterinin kampanya döneminde kazanabileceği en fazla Bankkart Lira tutarı [1.500 TL] ile sınırlıdır. Kazanılan Bankkart Liralar Bankkart anlaşmalı üye iş yerlerinde Bankkart POS'larında kullanılabilir. Ya…;;;
ziraat-katilim--kart-kampanyalari-mobilya-alisverisinize-1500-tl-bankkart-lira;ziraat-katilim;masraf_durumu;"{""amount"": 0.0, ""has_fee"": false}";0.95;rule_heuristic;;… Kampanyaya yalnızca Ziraat Katılım Bireysel Bankkart kredi kartı ile yapılacak işlemler dahildir. Kampanyaya ticari ve [ücretsiz] kartlar dahil değildir. Bir müşterinin kampanya döneminde kazanabileceği en fazla Bankkart Lira tutarı 1.500 TL ile sın…;;;
ziraat-katilim--kart-kampanyalari-mobilya-alisverisinize-1500-tl-bankkart-lira;ziraat-katilim;odul_miktari;"{""currency"": ""TRY"", ""value"": 1500.0}";0.95;rule_heuristic;;"…k seferde yapacağınız; 15.000 TL - 39.999 TL arasındaki alışverişiniz ile 1000 TL, 40.000 TL ve üzeri alışverişiniz ile [1.500 TL] Bankkart Lira kazanabilirsiniz. Bankkart Lira kazanabilmek için alışveriş yapmadan önce Ziraat Katılım Mobil, Web Sites…";;;
ziraat-katilim--kart-kampanyalari-mobilya-alisverisinize-1500-tl-bankkart-lira;ziraat-katilim;kampanya_kosullari;"[""Kampanya Koşulları: Ziraat Katılım Bankkart kredi kartınız ile 9 Haziran 2026 - 9 Temmuz 2026 tarihleri arasında Mobilya sektöründe yer alan üye işyerlerinde Bankkart POS'undan tek seferde yapacağınız; 15.000 TL - 39.999 TL arasındaki alışverişiniz ile 1000 TL, 40.000 TL ve üzeri alışverişiniz ile 1.500 TL Bankkart Lira kazanabilirsiniz."", ""Bankkart Lira kazanabilmek için alışveriş yapmadan önce Ziraat Katılım Mobil, Web Sitesi ve İnternet Şube üzerinden kampanyaya katılmanız gerekmektedir."", ""Kampanya şartlarını yerine getiren müşterilerimizin kartlarına ödül Bankkart Lira tutarı anında yansıtılacaktır."", ""Kampanya müşteri bazındadır ve bir müşteri en fazla 1.500 TL Bankkart Lira kazanılabilecektir (İlk 15.000 TL ve üzeri alışverişinde yalnızca bir kez 1000 TL Bankkart Lira veya 40.000 TL ve üzeri ilk alışverişinde yalnızca bir kez 1.500 TL Bankkart Lira kazanabilecektir)."", ""Katılım sadece asıl kart sahibi müşteriler tarafından yapılabilir."", ""Kampanyaya yalnızca Ziraat Katılım Bireysel Bankkart kredi kartı ile yapılacak işlemler dahildir."", ""Yalnızca e-ticaret hizmeti veren üye işyerlerinden yapılacak işlemler kampanyaya dahil değildir."", ""Bankamız kampanya koşullarının tamamında değişiklik yapma ve kampanyayı durdurma hakkına sahiptir.""]";0.95;rule_heuristic;;"… 17 Giyim ve Aksesuar Arşiv Mobilya Alışverişinize 1.500 TL Bankkart Lira! Kampanya 09-07-2026 Tarihinde Sona Ermiştir. [Kampanya Koşulları: Ziraat Katılım Bankkart kredi kartınız ile 9 Haziran 2026 - 9 Temmuz 2026 tarihleri arasında Mobilya sektöründe yer alan üye işyerlerinde Bankkart POS'undan tek seferde yapacağınız; 15.000 TL - 39.999 TL arasındaki alışverişiniz ile 1000 TL, 40.000 TL ve üzeri alışverişiniz ile 1.500 TL Bankkart Lira kazanabilirsiniz.] Bankkart Lira kazanabilmek için alışveriş yapmadan önce Ziraat Katılım Mobil, Web Sitesi ve İnternet Şube üzerinden kam…";;;
ziraat-katilim--kart-kampanyalari-size-ozel-banka-karti-kampanyasi;ziraat-katilim;odul_miktari;"{""currency"": ""TRY"", ""value"": 250.0}";0.95;rule_heuristic;;…ir. Size Özel Banka Kartı Kampanyası 21.08.2025 – 21.09.2025 tarihleri arasında tek seferde 1.000 TL ve üzeri harcamaya [250 TL] iade edilecektir. Kampanya müşteri özelinde olup yalnzıca SMS ile bildirim yapılan müşteriler kampanyaya dahil olabilec…;;;
ziraat-katilim--kart-kampanyalari-size-ozel-banka-karti-kampanyasi;ziraat-katilim;kampanya_kosullari;"[""Kampanyaya hak kazanan müşterilerimize iadelerin yapılabilmesi için iade tarihinde hesaplarının ve kartlarının açık olması gerekmektedir."", ""Ziraat Katılım Bankası A.Ş. kampanya koşullarını değiştirme veya durdurma hakkına sahiptir.""]";0.95;rule_heuristic;;…panyaya dahildir. Yurt içi ve yurt dışı tüm işlemler kampanyaya dahildir. Bir müşteri maksimum 250 TL iade kazanabilir. [Kampanyaya hak kazanan müşterilerimize iadelerin yapılabilmesi için iade tarihinde hesaplarının ve kartlarının açık olması gerekmektedir.] Bir müşteri kampanyadan bir kez yararlanabilir. Bu kampanya, başka kampanyalar ile birleştirilemez. Kazanılan iade tuta…;;;
ziraat-katilim--kart-kampanyalari-size-ozel-banka-karti-kampanyasi;ziraat-katilim;hedef_kitle;"[""maas_musterisi""]";0.95;rule_heuristic;;…leri haricinde yapılan tüm harcamalar kampanyaya dahildir. Kampanyaya tüm banka POS'larından yapılan işlemler dahildir. [Maaş müşterileri] kampanyaya dahil değildir. E-ticaret işlemleri kampanyaya dahildir. Yurt içi ve yurt dışı tüm işlemler kampanyaya dahil…;;;
ziraat-katilim--kart-kampanyalari-troy-kartla-drda-1000-tlye-varan-indirim;ziraat-katilim;odul_miktari;"{""currency"": ""TRY"", ""value"": 200.0}";0.95;rule_heuristic;;"… mobil uygulamasında sipariş aşaması tamamlanmadan önce sepette ""İndirim Kodu/Uygula"" butonuna tıklanarak seçilmelidir. [200 TL] indirime hak kazanmak için; kargo bedeli hariç sepet tutarı tek seferde 1.000 TL ve üzeri olmalıdır. Kampanya Koşulları…";;;
ziraat-katilim--kart-kampanyalari-troy-kartla-drda-1000-tlye-varan-indirim;ziraat-katilim;kampanya_kosullari;"[""200 TL indirime hak kazanmak için; kargo bedeli hariç sepet tutarı tek seferde 1.000 TL ve üzeri olmalıdır."", ""Kampanya Koşulları: Kampanya 15 Haziran 2026 saat 00.01 – 15 Temmuz 2026 saat 23.59 arasında geçerlidir."", ""Kampanya bireysel ve ticari tüm TROY logolu banka ve kredi kartları için geçerlidir."", ""Kampanyadan faydalanmak için, TROY200 kupon kodu kullanımı gereklidir."", ""200 TL indirime hak kazanabilmek için, kargo bedeli hariç sepet tutarının tek seferde 1.000 TL ve üzeri olması gerekmektedir."", ""İndirimin uygulanabilmesi için ödemenin TROY logolu kart ile yapılması zorunludur."", ""Kampanyaya katılan herkes kampanya koşullarını kabul etmiş sayılır."", ""Katılım koşullarını www.dr.com.tr web sitesi ve/veya mobil uygulamasından takip etmek kullanıcının sorumluluğundadır.""]";0.95;rule_heuristic;;"… mobil uygulamasında sipariş aşaması tamamlanmadan önce sepette ""İndirim Kodu/Uygula"" butonuna tıklanarak seçilmelidir. [200 TL indirime hak kazanmak için; kargo bedeli hariç sepet tutarı tek seferde 1.000 TL ve üzeri olmalıdır.] Kampanya Koşulları: Kampanya 15 Haziran 2026 saat 00.01 – 15 Temmuz 2026 saat 23.59 arasında geçerlidir. Kampanya dönem…";;;
albaraka--detay-dijital-musterilere-ozel-pratik-finansman-kart;albaraka;tahsis_ucreti;;;;;Albaraka Mobil Mobil Bankacılık Aç Dijital Müşterilere Özel Pratik Finansman Kart Anasayfa Kampanyalar Kampanya Başlangıç ve Bitiş 01.01.2026 - 31.12.2026 Müşteri Ol Müşteri Ol Vade farksız 40.000 TL ve uygun oranlı hoş …;;;
albaraka--detay-dijital-musterilere-ozel-pratik-finansman-kart;albaraka;masraf_durumu;;;;;Albaraka Mobil Mobil Bankacılık Aç Dijital Müşterilere Özel Pratik Finansman Kart Anasayfa Kampanyalar Kampanya Başlangıç ve Bitiş 01.01.2026 - 31.12.2026 Müşteri Ol Müşteri Ol Vade farksız 40.000 TL ve uygun oranlı hoş …;;;
albaraka--detay-dijital-musterilere-ozel-pratik-finansman-kart;albaraka;odul_miktari;;;;;Albaraka Mobil Mobil Bankacılık Aç Dijital Müşterilere Özel Pratik Finansman Kart Anasayfa Kampanyalar Kampanya Başlangıç ve Bitiş 01.01.2026 - 31.12.2026 Müşteri Ol Müşteri Ol Vade farksız 40.000 TL ve uygun oranlı hoş …;;;
albaraka--detay-dijital-musterilere-ozel-pratik-finansman-kart;albaraka;indirim_orani;;;;;Albaraka Mobil Mobil Bankacılık Aç Dijital Müşterilere Özel Pratik Finansman Kart Anasayfa Kampanyalar Kampanya Başlangıç ve Bitiş 01.01.2026 - 31.12.2026 Müşteri Ol Müşteri Ol Vade farksız 40.000 TL ve uygun oranlı hoş …;;;
albaraka--detay-dijital-musterilere-ozel-pratik-finansman-kart;albaraka;alisveris_puani;;;;;Albaraka Mobil Mobil Bankacılık Aç Dijital Müşterilere Özel Pratik Finansman Kart Anasayfa Kampanyalar Kampanya Başlangıç ve Bitiş 01.01.2026 - 31.12.2026 Müşteri Ol Müşteri Ol Vade farksız 40.000 TL ve uygun oranlı hoş …;;;
albaraka--dis-ticaret-finansmanlari-harici-garantiler;albaraka;kar_payi_orani;;;;;Albaraka Mobil Mobil Bankacılık Aç Harici Garantiler Anasayfa KOBİ Dış Ticaret Dış Ticaret Finansmanları Harici Garantiler İthalat Finansmanı İhracat Finansmanı Harici Garantiler Dış Kaynak Temini Yurt dışı ticaretinizde …;;;
albaraka--dis-ticaret-finansmanlari-harici-garantiler;albaraka;finansman_tutari;;;;;Albaraka Mobil Mobil Bankacılık Aç Harici Garantiler Anasayfa KOBİ Dış Ticaret Dış Ticaret Finansmanları Harici Garantiler İthalat Finansmanı İhracat Finansmanı Harici Garantiler Dış Kaynak Temini Yurt dışı ticaretinizde …;;;
albaraka--dis-ticaret-finansmanlari-harici-garantiler;albaraka;vade_ay;;;;;Albaraka Mobil Mobil Bankacılık Aç Harici Garantiler Anasayfa KOBİ Dış Ticaret Dış Ticaret Finansmanları Harici Garantiler İthalat Finansmanı İhracat Finansmanı Harici Garantiler Dış Kaynak Temini Yurt dışı ticaretinizde …;;;
albaraka--dis-ticaret-finansmanlari-harici-garantiler;albaraka;taksit_sayisi;;;;;Albaraka Mobil Mobil Bankacılık Aç Harici Garantiler Anasayfa KOBİ Dış Ticaret Dış Ticaret Finansmanları Harici Garantiler İthalat Finansmanı İhracat Finansmanı Harici Garantiler Dış Kaynak Temini Yurt dışı ticaretinizde …;;;
albaraka--dis-ticaret-finansmanlari-harici-garantiler;albaraka;tahsis_ucreti;;;;;Albaraka Mobil Mobil Bankacılık Aç Harici Garantiler Anasayfa KOBİ Dış Ticaret Dış Ticaret Finansmanları Harici Garantiler İthalat Finansmanı İhracat Finansmanı Harici Garantiler Dış Kaynak Temini Yurt dışı ticaretinizde …;;;
albaraka--dis-ticaret-finansmanlari-harici-garantiler;albaraka;masraf_durumu;;;;;Albaraka Mobil Mobil Bankacılık Aç Harici Garantiler Anasayfa KOBİ Dış Ticaret Dış Ticaret Finansmanları Harici Garantiler İthalat Finansmanı İhracat Finansmanı Harici Garantiler Dış Kaynak Temini Yurt dışı ticaretinizde …;;;
albaraka--dis-ticaret-finansmanlari-harici-garantiler;albaraka;odul_miktari;;;;;Albaraka Mobil Mobil Bankacılık Aç Harici Garantiler Anasayfa KOBİ Dış Ticaret Dış Ticaret Finansmanları Harici Garantiler İthalat Finansmanı İhracat Finansmanı Harici Garantiler Dış Kaynak Temini Yurt dışı ticaretinizde …;;;
albaraka--dis-ticaret-finansmanlari-harici-garantiler;albaraka;indirim_orani;;;;;Albaraka Mobil Mobil Bankacılık Aç Harici Garantiler Anasayfa KOBİ Dış Ticaret Dış Ticaret Finansmanları Harici Garantiler İthalat Finansmanı İhracat Finansmanı Harici Garantiler Dış Kaynak Temini Yurt dışı ticaretinizde …;;;
albaraka--dis-ticaret-finansmanlari-harici-garantiler;albaraka;alisveris_puani;;;;;Albaraka Mobil Mobil Bankacılık Aç Harici Garantiler Anasayfa KOBİ Dış Ticaret Dış Ticaret Finansmanları Harici Garantiler İthalat Finansmanı İhracat Finansmanı Harici Garantiler Dış Kaynak Temini Yurt dışı ticaretinizde …;;;
albaraka--dis-ticaret-finansmanlari-harici-garantiler;albaraka;kampanya_suresi;;;;;Albaraka Mobil Mobil Bankacılık Aç Harici Garantiler Anasayfa KOBİ Dış Ticaret Dış Ticaret Finansmanları Harici Garantiler İthalat Finansmanı İhracat Finansmanı Harici Garantiler Dış Kaynak Temini Yurt dışı ticaretinizde …;;;
albaraka--dis-ticaret-finansmanlari-harici-garantiler;albaraka;kampanya_kosullari;;;;;Albaraka Mobil Mobil Bankacılık Aç Harici Garantiler Anasayfa KOBİ Dış Ticaret Dış Ticaret Finansmanları Harici Garantiler İthalat Finansmanı İhracat Finansmanı Harici Garantiler Dış Kaynak Temini Yurt dışı ticaretinizde …;;;
albaraka--eviniz-icin-prefabrik;albaraka;kar_payi_orani;;;;;Albaraka Mobil Mobil Bankacılık Aç Prefabrik Anasayfa Bireysel Finansmanlar İhtiyaç Finansmanı Eviniz İçin Prefabrik Konut Kirası Taşınma Ücreti ve Emlak Eşya Dekorasyon Bina Tamamlama Prefabrik Doğalgaz Dönüşüm Doğal En …;;;
albaraka--eviniz-icin-prefabrik;albaraka;taksit_sayisi;;;;;Albaraka Mobil Mobil Bankacılık Aç Prefabrik Anasayfa Bireysel Finansmanlar İhtiyaç Finansmanı Eviniz İçin Prefabrik Konut Kirası Taşınma Ücreti ve Emlak Eşya Dekorasyon Bina Tamamlama Prefabrik Doğalgaz Dönüşüm Doğal En …;;;
albaraka--eviniz-icin-prefabrik;albaraka;tahsis_ucreti;;;;;Albaraka Mobil Mobil Bankacılık Aç Prefabrik Anasayfa Bireysel Finansmanlar İhtiyaç Finansmanı Eviniz İçin Prefabrik Konut Kirası Taşınma Ücreti ve Emlak Eşya Dekorasyon Bina Tamamlama Prefabrik Doğalgaz Dönüşüm Doğal En …;;;
albaraka--eviniz-icin-prefabrik;albaraka;masraf_durumu;;;;;Albaraka Mobil Mobil Bankacılık Aç Prefabrik Anasayfa Bireysel Finansmanlar İhtiyaç Finansmanı Eviniz İçin Prefabrik Konut Kirası Taşınma Ücreti ve Emlak Eşya Dekorasyon Bina Tamamlama Prefabrik Doğalgaz Dönüşüm Doğal En …;;;
albaraka--eviniz-icin-prefabrik;albaraka;odul_miktari;;;;;Albaraka Mobil Mobil Bankacılık Aç Prefabrik Anasayfa Bireysel Finansmanlar İhtiyaç Finansmanı Eviniz İçin Prefabrik Konut Kirası Taşınma Ücreti ve Emlak Eşya Dekorasyon Bina Tamamlama Prefabrik Doğalgaz Dönüşüm Doğal En …;;;
albaraka--eviniz-icin-prefabrik;albaraka;indirim_orani;;;;;Albaraka Mobil Mobil Bankacılık Aç Prefabrik Anasayfa Bireysel Finansmanlar İhtiyaç Finansmanı Eviniz İçin Prefabrik Konut Kirası Taşınma Ücreti ve Emlak Eşya Dekorasyon Bina Tamamlama Prefabrik Doğalgaz Dönüşüm Doğal En …;;;
albaraka--eviniz-icin-prefabrik;albaraka;alisveris_puani;;;;;Albaraka Mobil Mobil Bankacılık Aç Prefabrik Anasayfa Bireysel Finansmanlar İhtiyaç Finansmanı Eviniz İçin Prefabrik Konut Kirası Taşınma Ücreti ve Emlak Eşya Dekorasyon Bina Tamamlama Prefabrik Doğalgaz Dönüşüm Doğal En …;;;
albaraka--eviniz-icin-prefabrik;albaraka;kampanya_suresi;;;;;Albaraka Mobil Mobil Bankacılık Aç Prefabrik Anasayfa Bireysel Finansmanlar İhtiyaç Finansmanı Eviniz İçin Prefabrik Konut Kirası Taşınma Ücreti ve Emlak Eşya Dekorasyon Bina Tamamlama Prefabrik Doğalgaz Dönüşüm Doğal En …;;;
albaraka--eviniz-icin-prefabrik;albaraka;kampanya_kosullari;;;;;Albaraka Mobil Mobil Bankacılık Aç Prefabrik Anasayfa Bireysel Finansmanlar İhtiyaç Finansmanı Eviniz İçin Prefabrik Konut Kirası Taşınma Ücreti ve Emlak Eşya Dekorasyon Bina Tamamlama Prefabrik Doğalgaz Dönüşüm Doğal En …;;;
albaraka--eviniz-icin-prefabrik;albaraka;hedef_kitle;;;;;Albaraka Mobil Mobil Bankacılık Aç Prefabrik Anasayfa Bireysel Finansmanlar İhtiyaç Finansmanı Eviniz İçin Prefabrik Konut Kirası Taşınma Ücreti ve Emlak Eşya Dekorasyon Bina Tamamlama Prefabrik Doğalgaz Dönüşüm Doğal En …;;;
albaraka--formlar-altin-hesaplarindan-donusumun-desteklenmesi-tl-katilma-hesabi-bilgilendi;albaraka;kar_payi_orani;;;;;ALTIN HESAPLARINDAN TÜRK LİRASI MEVDUAT VE KATILMA HESAPLARINA DÖNÜŞÜMÜN DESTEKLENMESİ HAKKINDA TEBLİĞ KAPSAMINDA KATILMA HESABI AÇILIŞINA İLİŞKİN BİLGİLENDİRME VE BEYAN FORMU Albaraka Türk Katılım Bankası A.Ş. İstanbul …;;;
albaraka--formlar-altin-hesaplarindan-donusumun-desteklenmesi-tl-katilma-hesabi-bilgilendi;albaraka;finansman_tutari;;;;;ALTIN HESAPLARINDAN TÜRK LİRASI MEVDUAT VE KATILMA HESAPLARINA DÖNÜŞÜMÜN DESTEKLENMESİ HAKKINDA TEBLİĞ KAPSAMINDA KATILMA HESABI AÇILIŞINA İLİŞKİN BİLGİLENDİRME VE BEYAN FORMU Albaraka Türk Katılım Bankası A.Ş. İstanbul …;;;
albaraka--formlar-altin-hesaplarindan-donusumun-desteklenmesi-tl-katilma-hesabi-bilgilendi;albaraka;taksit_sayisi;;;;;ALTIN HESAPLARINDAN TÜRK LİRASI MEVDUAT VE KATILMA HESAPLARINA DÖNÜŞÜMÜN DESTEKLENMESİ HAKKINDA TEBLİĞ KAPSAMINDA KATILMA HESABI AÇILIŞINA İLİŞKİN BİLGİLENDİRME VE BEYAN FORMU Albaraka Türk Katılım Bankası A.Ş. İstanbul …;;;
albaraka--formlar-altin-hesaplarindan-donusumun-desteklenmesi-tl-katilma-hesabi-bilgilendi;albaraka;tahsis_ucreti;;;;;ALTIN HESAPLARINDAN TÜRK LİRASI MEVDUAT VE KATILMA HESAPLARINA DÖNÜŞÜMÜN DESTEKLENMESİ HAKKINDA TEBLİĞ KAPSAMINDA KATILMA HESABI AÇILIŞINA İLİŞKİN BİLGİLENDİRME VE BEYAN FORMU Albaraka Türk Katılım Bankası A.Ş. İstanbul …;;;
albaraka--formlar-altin-hesaplarindan-donusumun-desteklenmesi-tl-katilma-hesabi-bilgilendi;albaraka;masraf_durumu;;;;;ALTIN HESAPLARINDAN TÜRK LİRASI MEVDUAT VE KATILMA HESAPLARINA DÖNÜŞÜMÜN DESTEKLENMESİ HAKKINDA TEBLİĞ KAPSAMINDA KATILMA HESABI AÇILIŞINA İLİŞKİN BİLGİLENDİRME VE BEYAN FORMU Albaraka Türk Katılım Bankası A.Ş. İstanbul …;;;
albaraka--formlar-altin-hesaplarindan-donusumun-desteklenmesi-tl-katilma-hesabi-bilgilendi;albaraka;odul_miktari;;;;;ALTIN HESAPLARINDAN TÜRK LİRASI MEVDUAT VE KATILMA HESAPLARINA DÖNÜŞÜMÜN DESTEKLENMESİ HAKKINDA TEBLİĞ KAPSAMINDA KATILMA HESABI AÇILIŞINA İLİŞKİN BİLGİLENDİRME VE BEYAN FORMU Albaraka Türk Katılım Bankası A.Ş. İstanbul …;;;
albaraka--formlar-altin-hesaplarindan-donusumun-desteklenmesi-tl-katilma-hesabi-bilgilendi;albaraka;indirim_orani;;;;;ALTIN HESAPLARINDAN TÜRK LİRASI MEVDUAT VE KATILMA HESAPLARINA DÖNÜŞÜMÜN DESTEKLENMESİ HAKKINDA TEBLİĞ KAPSAMINDA KATILMA HESABI AÇILIŞINA İLİŞKİN BİLGİLENDİRME VE BEYAN FORMU Albaraka Türk Katılım Bankası A.Ş. İstanbul …;;;
albaraka--formlar-altin-hesaplarindan-donusumun-desteklenmesi-tl-katilma-hesabi-bilgilendi;albaraka;alisveris_puani;;;;;ALTIN HESAPLARINDAN TÜRK LİRASI MEVDUAT VE KATILMA HESAPLARINA DÖNÜŞÜMÜN DESTEKLENMESİ HAKKINDA TEBLİĞ KAPSAMINDA KATILMA HESABI AÇILIŞINA İLİŞKİN BİLGİLENDİRME VE BEYAN FORMU Albaraka Türk Katılım Bankası A.Ş. İstanbul …;;;
albaraka--formlar-altin-hesaplarindan-donusumun-desteklenmesi-tl-katilma-hesabi-bilgilendi;albaraka;kampanya_suresi;;;;;ALTIN HESAPLARINDAN TÜRK LİRASI MEVDUAT VE KATILMA HESAPLARINA DÖNÜŞÜMÜN DESTEKLENMESİ HAKKINDA TEBLİĞ KAPSAMINDA KATILMA HESABI AÇILIŞINA İLİŞKİN BİLGİLENDİRME VE BEYAN FORMU Albaraka Türk Katılım Bankası A.Ş. İstanbul …;;;
albaraka--formlar-altin-hesaplarindan-donusumun-desteklenmesi-tl-katilma-hesabi-bilgilendi;albaraka;hedef_kitle;;;;;ALTIN HESAPLARINDAN TÜRK LİRASI MEVDUAT VE KATILMA HESAPLARINA DÖNÜŞÜMÜN DESTEKLENMESİ HAKKINDA TEBLİĞ KAPSAMINDA KATILMA HESABI AÇILIŞINA İLİŞKİN BİLGİLENDİRME VE BEYAN FORMU Albaraka Türk Katılım Bankası A.Ş. İstanbul …;;;
albaraka--formlar-genel-kredi-sozlesmesi-ucret-bilgilendirme-formu-pdf;albaraka;kar_payi_orani;;;;;Albaraka Türk Katılım Bankası A.Ş. İstanbul Ticaret Sicil Memurluğu No: 206671 MERSİS No: 0047000870200019 Saray Mah. Dr. Adnan Büyükdeniz Cad. No:6 34768 Ümraniye/İSTANBUL www.albaraka.com.tr / albarakaturk@hs03.kep.tr …;;;
albaraka--formlar-genel-kredi-sozlesmesi-ucret-bilgilendirme-formu-pdf;albaraka;finansman_tutari;;;;;Albaraka Türk Katılım Bankası A.Ş. İstanbul Ticaret Sicil Memurluğu No: 206671 MERSİS No: 0047000870200019 Saray Mah. Dr. Adnan Büyükdeniz Cad. No:6 34768 Ümraniye/İSTANBUL www.albaraka.com.tr / albarakaturk@hs03.kep.tr …;;;
albaraka--formlar-genel-kredi-sozlesmesi-ucret-bilgilendirme-formu-pdf;albaraka;taksit_sayisi;;;;;Albaraka Türk Katılım Bankası A.Ş. İstanbul Ticaret Sicil Memurluğu No: 206671 MERSİS No: 0047000870200019 Saray Mah. Dr. Adnan Büyükdeniz Cad. No:6 34768 Ümraniye/İSTANBUL www.albaraka.com.tr / albarakaturk@hs03.kep.tr …;;;
albaraka--formlar-genel-kredi-sozlesmesi-ucret-bilgilendirme-formu-pdf;albaraka;odul_miktari;;;;;Albaraka Türk Katılım Bankası A.Ş. İstanbul Ticaret Sicil Memurluğu No: 206671 MERSİS No: 0047000870200019 Saray Mah. Dr. Adnan Büyükdeniz Cad. No:6 34768 Ümraniye/İSTANBUL www.albaraka.com.tr / albarakaturk@hs03.kep.tr …;;;
albaraka--formlar-genel-kredi-sozlesmesi-ucret-bilgilendirme-formu-pdf;albaraka;indirim_orani;;;;;Albaraka Türk Katılım Bankası A.Ş. İstanbul Ticaret Sicil Memurluğu No: 206671 MERSİS No: 0047000870200019 Saray Mah. Dr. Adnan Büyükdeniz Cad. No:6 34768 Ümraniye/İSTANBUL www.albaraka.com.tr / albarakaturk@hs03.kep.tr …;;;
albaraka--formlar-genel-kredi-sozlesmesi-ucret-bilgilendirme-formu-pdf;albaraka;alisveris_puani;;;;;Albaraka Türk Katılım Bankası A.Ş. İstanbul Ticaret Sicil Memurluğu No: 206671 MERSİS No: 0047000870200019 Saray Mah. Dr. Adnan Büyükdeniz Cad. No:6 34768 Ümraniye/İSTANBUL www.albaraka.com.tr / albarakaturk@hs03.kep.tr …;;;
albaraka--formlar-genel-kredi-sozlesmesi-ucret-bilgilendirme-formu-pdf;albaraka;kampanya_suresi;;;;;Albaraka Türk Katılım Bankası A.Ş. İstanbul Ticaret Sicil Memurluğu No: 206671 MERSİS No: 0047000870200019 Saray Mah. Dr. Adnan Büyükdeniz Cad. No:6 34768 Ümraniye/İSTANBUL www.albaraka.com.tr / albarakaturk@hs03.kep.tr …;;;
albaraka--formlar-genel-kredi-sozlesmesi-ucret-bilgilendirme-formu-pdf;albaraka;hedef_kitle;;;;;Albaraka Türk Katılım Bankası A.Ş. İstanbul Ticaret Sicil Memurluğu No: 206671 MERSİS No: 0047000870200019 Saray Mah. Dr. Adnan Büyükdeniz Cad. No:6 34768 Ümraniye/İSTANBUL www.albaraka.com.tr / albarakaturk@hs03.kep.tr …;;;
albaraka--gecmis-tarihli-aracfinansmanitalep-onayveucretbilgilendirmeformu-pdf;albaraka;finansman_tutari;;;;;ARAÇ FİNANSMANI TALEP, ONAY ve ÜCRET BİLGİLENDİRME FORMU Sayfa 1 / 3 EFRM-137-031/07 Ürünün Adı/Tanımı ARAÇ KREDİSİ Süresi (Vadesi) ………………….. Ay Finansman Tutarı (Anapara) Akdi Kâr Payı Oranı (Aylık) % Akdi Kâr Payı, Fin …;;;
albaraka--gecmis-tarihli-aracfinansmanitalep-onayveucretbilgilendirmeformu-pdf;albaraka;vade_ay;;;;;ARAÇ FİNANSMANI TALEP, ONAY ve ÜCRET BİLGİLENDİRME FORMU Sayfa 1 / 3 EFRM-137-031/07 Ürünün Adı/Tanımı ARAÇ KREDİSİ Süresi (Vadesi) ………………….. Ay Finansman Tutarı (Anapara) Akdi Kâr Payı Oranı (Aylık) % Akdi Kâr Payı, Fin …;;;
albaraka--gecmis-tarihli-aracfinansmanitalep-onayveucretbilgilendirmeformu-pdf;albaraka;taksit_sayisi;;;;;ARAÇ FİNANSMANI TALEP, ONAY ve ÜCRET BİLGİLENDİRME FORMU Sayfa 1 / 3 EFRM-137-031/07 Ürünün Adı/Tanımı ARAÇ KREDİSİ Süresi (Vadesi) ………………….. Ay Finansman Tutarı (Anapara) Akdi Kâr Payı Oranı (Aylık) % Akdi Kâr Payı, Fin …;;;
albaraka--gecmis-tarihli-aracfinansmanitalep-onayveucretbilgilendirmeformu-pdf;albaraka;tahsis_ucreti;;;;;ARAÇ FİNANSMANI TALEP, ONAY ve ÜCRET BİLGİLENDİRME FORMU Sayfa 1 / 3 EFRM-137-031/07 Ürünün Adı/Tanımı ARAÇ KREDİSİ Süresi (Vadesi) ………………….. Ay Finansman Tutarı (Anapara) Akdi Kâr Payı Oranı (Aylık) % Akdi Kâr Payı, Fin …;;;
albaraka--gecmis-tarihli-aracfinansmanitalep-onayveucretbilgilendirmeformu-pdf;albaraka;odul_miktari;;;;;ARAÇ FİNANSMANI TALEP, ONAY ve ÜCRET BİLGİLENDİRME FORMU Sayfa 1 / 3 EFRM-137-031/07 Ürünün Adı/Tanımı ARAÇ KREDİSİ Süresi (Vadesi) ………………….. Ay Finansman Tutarı (Anapara) Akdi Kâr Payı Oranı (Aylık) % Akdi Kâr Payı, Fin …;;;
albaraka--gecmis-tarihli-aracfinansmanitalep-onayveucretbilgilendirmeformu-pdf;albaraka;indirim_orani;;;;;ARAÇ FİNANSMANI TALEP, ONAY ve ÜCRET BİLGİLENDİRME FORMU Sayfa 1 / 3 EFRM-137-031/07 Ürünün Adı/Tanımı ARAÇ KREDİSİ Süresi (Vadesi) ………………….. Ay Finansman Tutarı (Anapara) Akdi Kâr Payı Oranı (Aylık) % Akdi Kâr Payı, Fin …;;;
albaraka--gecmis-tarihli-aracfinansmanitalep-onayveucretbilgilendirmeformu-pdf;albaraka;alisveris_puani;;;;;ARAÇ FİNANSMANI TALEP, ONAY ve ÜCRET BİLGİLENDİRME FORMU Sayfa 1 / 3 EFRM-137-031/07 Ürünün Adı/Tanımı ARAÇ KREDİSİ Süresi (Vadesi) ………………….. Ay Finansman Tutarı (Anapara) Akdi Kâr Payı Oranı (Aylık) % Akdi Kâr Payı, Fin …;;;
albaraka--gecmis-tarihli-aracfinansmanitalep-onayveucretbilgilendirmeformu-pdf;albaraka;kampanya_suresi;;;;;ARAÇ FİNANSMANI TALEP, ONAY ve ÜCRET BİLGİLENDİRME FORMU Sayfa 1 / 3 EFRM-137-031/07 Ürünün Adı/Tanımı ARAÇ KREDİSİ Süresi (Vadesi) ………………….. Ay Finansman Tutarı (Anapara) Akdi Kâr Payı Oranı (Aylık) % Akdi Kâr Payı, Fin …;;;
albaraka--gecmis-tarihli-aracfinansmanitalep-onayveucretbilgilendirmeformu-pdf;albaraka;hedef_kitle;;;;;ARAÇ FİNANSMANI TALEP, ONAY ve ÜCRET BİLGİLENDİRME FORMU Sayfa 1 / 3 EFRM-137-031/07 Ürünün Adı/Tanımı ARAÇ KREDİSİ Süresi (Vadesi) ………………….. Ay Finansman Tutarı (Anapara) Akdi Kâr Payı Oranı (Aylık) % Akdi Kâr Payı, Fin …;;;
albaraka--sozlesmeler-bayide-finansman-ihtiyac-aracilik-ve-garantorluk-sozlesmesi-komisyon;albaraka;finansman_tutari;;;;;ALBARAKA TÜRK KATILIM BANKASI A.Ş. İnkılap Mah. Dr. Adnan Büyükdeniz Cad. No:6 34768 Ümraniye/İstanbul İstanbul Ticaret Sicil Memurluğu/206671 MERSİS No: 0047000870200019 www.albaraka.com.tr / albarakaturk@hs03.kep.tr / …;;;
albaraka--sozlesmeler-bayide-finansman-ihtiyac-aracilik-ve-garantorluk-sozlesmesi-komisyon;albaraka;vade_ay;;;;;ALBARAKA TÜRK KATILIM BANKASI A.Ş. İnkılap Mah. Dr. Adnan Büyükdeniz Cad. No:6 34768 Ümraniye/İstanbul İstanbul Ticaret Sicil Memurluğu/206671 MERSİS No: 0047000870200019 www.albaraka.com.tr / albarakaturk@hs03.kep.tr / …;;;
albaraka--sozlesmeler-bayide-finansman-ihtiyac-aracilik-ve-garantorluk-sozlesmesi-komisyon;albaraka;taksit_sayisi;;;;;ALBARAKA TÜRK KATILIM BANKASI A.Ş. İnkılap Mah. Dr. Adnan Büyükdeniz Cad. No:6 34768 Ümraniye/İstanbul İstanbul Ticaret Sicil Memurluğu/206671 MERSİS No: 0047000870200019 www.albaraka.com.tr / albarakaturk@hs03.kep.tr / …;;;
albaraka--sozlesmeler-bayide-finansman-ihtiyac-aracilik-ve-garantorluk-sozlesmesi-komisyon;albaraka;tahsis_ucreti;;;;;ALBARAKA TÜRK KATILIM BANKASI A.Ş. İnkılap Mah. Dr. Adnan Büyükdeniz Cad. No:6 34768 Ümraniye/İstanbul İstanbul Ticaret Sicil Memurluğu/206671 MERSİS No: 0047000870200019 www.albaraka.com.tr / albarakaturk@hs03.kep.tr / …;;;
albaraka--sozlesmeler-bayide-finansman-ihtiyac-aracilik-ve-garantorluk-sozlesmesi-komisyon;albaraka;odul_miktari;;;;;ALBARAKA TÜRK KATILIM BANKASI A.Ş. İnkılap Mah. Dr. Adnan Büyükdeniz Cad. No:6 34768 Ümraniye/İstanbul İstanbul Ticaret Sicil Memurluğu/206671 MERSİS No: 0047000870200019 www.albaraka.com.tr / albarakaturk@hs03.kep.tr / …;;;
albaraka--sozlesmeler-bayide-finansman-ihtiyac-aracilik-ve-garantorluk-sozlesmesi-komisyon;albaraka;indirim_orani;;;;;ALBARAKA TÜRK KATILIM BANKASI A.Ş. İnkılap Mah. Dr. Adnan Büyükdeniz Cad. No:6 34768 Ümraniye/İstanbul İstanbul Ticaret Sicil Memurluğu/206671 MERSİS No: 0047000870200019 www.albaraka.com.tr / albarakaturk@hs03.kep.tr / …;;;
albaraka--sozlesmeler-bayide-finansman-ihtiyac-aracilik-ve-garantorluk-sozlesmesi-komisyon;albaraka;alisveris_puani;;;;;ALBARAKA TÜRK KATILIM BANKASI A.Ş. İnkılap Mah. Dr. Adnan Büyükdeniz Cad. No:6 34768 Ümraniye/İstanbul İstanbul Ticaret Sicil Memurluğu/206671 MERSİS No: 0047000870200019 www.albaraka.com.tr / albarakaturk@hs03.kep.tr / …;;;
albaraka--sozlesmeler-bayide-finansman-ihtiyac-aracilik-ve-garantorluk-sozlesmesi-komisyon;albaraka;kampanya_suresi;;;;;ALBARAKA TÜRK KATILIM BANKASI A.Ş. İnkılap Mah. Dr. Adnan Büyükdeniz Cad. No:6 34768 Ümraniye/İstanbul İstanbul Ticaret Sicil Memurluğu/206671 MERSİS No: 0047000870200019 www.albaraka.com.tr / albarakaturk@hs03.kep.tr / …;;;
albaraka--sozlesmeler-bayide-finansman-ihtiyac-aracilik-ve-garantorluk-sozlesmesi-komisyon;albaraka;hedef_kitle;;;;;ALBARAKA TÜRK KATILIM BANKASI A.Ş. İnkılap Mah. Dr. Adnan Büyükdeniz Cad. No:6 34768 Ümraniye/İstanbul İstanbul Ticaret Sicil Memurluğu/206671 MERSİS No: 0047000870200019 www.albaraka.com.tr / albarakaturk@hs03.kep.tr / …;;;
albaraka--tarim-bankaciligi-diger-finansmanlar;albaraka;kar_payi_orani;;;;;Albaraka Mobil Mobil Bankacılık Aç Diğer Finansmanlar Anasayfa KOBİ Tarım Bankacılığı Diğer Finansmanlar Tarım Bankacılığı Hakkında Tarım Finansmanları Elektronik Ürün Senedi (ELÜS) Diğer Finansmanlar Hayvancılık Finansm …;;;
albaraka--tarim-bankaciligi-diger-finansmanlar;albaraka;finansman_tutari;;;;;Albaraka Mobil Mobil Bankacılık Aç Diğer Finansmanlar Anasayfa KOBİ Tarım Bankacılığı Diğer Finansmanlar Tarım Bankacılığı Hakkında Tarım Finansmanları Elektronik Ürün Senedi (ELÜS) Diğer Finansmanlar Hayvancılık Finansm …;;;
albaraka--tarim-bankaciligi-diger-finansmanlar;albaraka;taksit_sayisi;;;;;Albaraka Mobil Mobil Bankacılık Aç Diğer Finansmanlar Anasayfa KOBİ Tarım Bankacılığı Diğer Finansmanlar Tarım Bankacılığı Hakkında Tarım Finansmanları Elektronik Ürün Senedi (ELÜS) Diğer Finansmanlar Hayvancılık Finansm …;;;
albaraka--tarim-bankaciligi-diger-finansmanlar;albaraka;tahsis_ucreti;;;;;Albaraka Mobil Mobil Bankacılık Aç Diğer Finansmanlar Anasayfa KOBİ Tarım Bankacılığı Diğer Finansmanlar Tarım Bankacılığı Hakkında Tarım Finansmanları Elektronik Ürün Senedi (ELÜS) Diğer Finansmanlar Hayvancılık Finansm …;;;
albaraka--tarim-bankaciligi-diger-finansmanlar;albaraka;masraf_durumu;;;;;Albaraka Mobil Mobil Bankacılık Aç Diğer Finansmanlar Anasayfa KOBİ Tarım Bankacılığı Diğer Finansmanlar Tarım Bankacılığı Hakkında Tarım Finansmanları Elektronik Ürün Senedi (ELÜS) Diğer Finansmanlar Hayvancılık Finansm …;;;
albaraka--tarim-bankaciligi-diger-finansmanlar;albaraka;odul_miktari;;;;;Albaraka Mobil Mobil Bankacılık Aç Diğer Finansmanlar Anasayfa KOBİ Tarım Bankacılığı Diğer Finansmanlar Tarım Bankacılığı Hakkında Tarım Finansmanları Elektronik Ürün Senedi (ELÜS) Diğer Finansmanlar Hayvancılık Finansm …;;;
albaraka--tarim-bankaciligi-diger-finansmanlar;albaraka;indirim_orani;;;;;Albaraka Mobil Mobil Bankacılık Aç Diğer Finansmanlar Anasayfa KOBİ Tarım Bankacılığı Diğer Finansmanlar Tarım Bankacılığı Hakkında Tarım Finansmanları Elektronik Ürün Senedi (ELÜS) Diğer Finansmanlar Hayvancılık Finansm …;;;
albaraka--tarim-bankaciligi-diger-finansmanlar;albaraka;alisveris_puani;;;;;Albaraka Mobil Mobil Bankacılık Aç Diğer Finansmanlar Anasayfa KOBİ Tarım Bankacılığı Diğer Finansmanlar Tarım Bankacılığı Hakkında Tarım Finansmanları Elektronik Ürün Senedi (ELÜS) Diğer Finansmanlar Hayvancılık Finansm …;;;
albaraka--tarim-bankaciligi-diger-finansmanlar;albaraka;kampanya_suresi;;;;;Albaraka Mobil Mobil Bankacılık Aç Diğer Finansmanlar Anasayfa KOBİ Tarım Bankacılığı Diğer Finansmanlar Tarım Bankacılığı Hakkında Tarım Finansmanları Elektronik Ürün Senedi (ELÜS) Diğer Finansmanlar Hayvancılık Finansm …;;;
albaraka--tatiliniz-icin-devre-mulk;albaraka;kar_payi_orani;;;;;Albaraka Mobil Mobil Bankacılık Aç Devre Mülk Anasayfa Bireysel Finansmanlar İhtiyaç Finansmanı Tatiliniz İçin Devre Mülk Seyahat Devre Mülk Devre Tatil Hemen Başvur Devre mülkler tapu kaydı gerektiren ve her yıl belirli …;;;
albaraka--tatiliniz-icin-devre-mulk;albaraka;taksit_sayisi;;;;;Albaraka Mobil Mobil Bankacılık Aç Devre Mülk Anasayfa Bireysel Finansmanlar İhtiyaç Finansmanı Tatiliniz İçin Devre Mülk Seyahat Devre Mülk Devre Tatil Hemen Başvur Devre mülkler tapu kaydı gerektiren ve her yıl belirli …;;;
albaraka--tatiliniz-icin-devre-mulk;albaraka;tahsis_ucreti;;;;;Albaraka Mobil Mobil Bankacılık Aç Devre Mülk Anasayfa Bireysel Finansmanlar İhtiyaç Finansmanı Tatiliniz İçin Devre Mülk Seyahat Devre Mülk Devre Tatil Hemen Başvur Devre mülkler tapu kaydı gerektiren ve her yıl belirli …;;;
albaraka--tatiliniz-icin-devre-mulk;albaraka;masraf_durumu;;;;;Albaraka Mobil Mobil Bankacılık Aç Devre Mülk Anasayfa Bireysel Finansmanlar İhtiyaç Finansmanı Tatiliniz İçin Devre Mülk Seyahat Devre Mülk Devre Tatil Hemen Başvur Devre mülkler tapu kaydı gerektiren ve her yıl belirli …;;;
albaraka--tatiliniz-icin-devre-mulk;albaraka;odul_miktari;;;;;Albaraka Mobil Mobil Bankacılık Aç Devre Mülk Anasayfa Bireysel Finansmanlar İhtiyaç Finansmanı Tatiliniz İçin Devre Mülk Seyahat Devre Mülk Devre Tatil Hemen Başvur Devre mülkler tapu kaydı gerektiren ve her yıl belirli …;;;
albaraka--tatiliniz-icin-devre-mulk;albaraka;indirim_orani;;;;;Albaraka Mobil Mobil Bankacılık Aç Devre Mülk Anasayfa Bireysel Finansmanlar İhtiyaç Finansmanı Tatiliniz İçin Devre Mülk Seyahat Devre Mülk Devre Tatil Hemen Başvur Devre mülkler tapu kaydı gerektiren ve her yıl belirli …;;;
albaraka--tatiliniz-icin-devre-mulk;albaraka;alisveris_puani;;;;;Albaraka Mobil Mobil Bankacılık Aç Devre Mülk Anasayfa Bireysel Finansmanlar İhtiyaç Finansmanı Tatiliniz İçin Devre Mülk Seyahat Devre Mülk Devre Tatil Hemen Başvur Devre mülkler tapu kaydı gerektiren ve her yıl belirli …;;;
albaraka--tatiliniz-icin-devre-mulk;albaraka;kampanya_suresi;;;;;Albaraka Mobil Mobil Bankacılık Aç Devre Mülk Anasayfa Bireysel Finansmanlar İhtiyaç Finansmanı Tatiliniz İçin Devre Mülk Seyahat Devre Mülk Devre Tatil Hemen Başvur Devre mülkler tapu kaydı gerektiren ve her yıl belirli …;;;
albaraka--tatiliniz-icin-devre-mulk;albaraka;hedef_kitle;;;;;Albaraka Mobil Mobil Bankacılık Aç Devre Mülk Anasayfa Bireysel Finansmanlar İhtiyaç Finansmanı Tatiliniz İçin Devre Mülk Seyahat Devre Mülk Devre Tatil Hemen Başvur Devre mülkler tapu kaydı gerektiren ve her yıl belirli …;;;
albaraka--tr-urun-ve-hizmet-ucretleri;albaraka;finansman_tutari;;;;;Albaraka Mobil Mobil Bankacılık Aç Ürün ve Hizmet Ücretleri Bireysel Bireysel Finansmanlar Katılım Fonu (TL/YP) Para ve Kıymetli Maden Transferleri (TL/YP) Kredi Kartları (TL/YP) Diğer (TL/YP) Ticari Ticari Finansmanlar …;;;
albaraka--tr-urun-ve-hizmet-ucretleri;albaraka;taksit_sayisi;;;;;Albaraka Mobil Mobil Bankacılık Aç Ürün ve Hizmet Ücretleri Bireysel Bireysel Finansmanlar Katılım Fonu (TL/YP) Para ve Kıymetli Maden Transferleri (TL/YP) Kredi Kartları (TL/YP) Diğer (TL/YP) Ticari Ticari Finansmanlar …;;;
albaraka--tr-urun-ve-hizmet-ucretleri;albaraka;tahsis_ucreti;;;;;Albaraka Mobil Mobil Bankacılık Aç Ürün ve Hizmet Ücretleri Bireysel Bireysel Finansmanlar Katılım Fonu (TL/YP) Para ve Kıymetli Maden Transferleri (TL/YP) Kredi Kartları (TL/YP) Diğer (TL/YP) Ticari Ticari Finansmanlar …;;;
albaraka--tr-urun-ve-hizmet-ucretleri;albaraka;odul_miktari;;;;;Albaraka Mobil Mobil Bankacılık Aç Ürün ve Hizmet Ücretleri Bireysel Bireysel Finansmanlar Katılım Fonu (TL/YP) Para ve Kıymetli Maden Transferleri (TL/YP) Kredi Kartları (TL/YP) Diğer (TL/YP) Ticari Ticari Finansmanlar …;;;
albaraka--tr-urun-ve-hizmet-ucretleri;albaraka;indirim_orani;;;;;Albaraka Mobil Mobil Bankacılık Aç Ürün ve Hizmet Ücretleri Bireysel Bireysel Finansmanlar Katılım Fonu (TL/YP) Para ve Kıymetli Maden Transferleri (TL/YP) Kredi Kartları (TL/YP) Diğer (TL/YP) Ticari Ticari Finansmanlar …;;;
albaraka--tr-urun-ve-hizmet-ucretleri;albaraka;alisveris_puani;;;;;Albaraka Mobil Mobil Bankacılık Aç Ürün ve Hizmet Ücretleri Bireysel Bireysel Finansmanlar Katılım Fonu (TL/YP) Para ve Kıymetli Maden Transferleri (TL/YP) Kredi Kartları (TL/YP) Diğer (TL/YP) Ticari Ticari Finansmanlar …;;;
albaraka--tr-urun-ve-hizmet-ucretleri;albaraka;hedef_kitle;;;;;Albaraka Mobil Mobil Bankacılık Aç Ürün ve Hizmet Ücretleri Bireysel Bireysel Finansmanlar Katılım Fonu (TL/YP) Para ve Kıymetli Maden Transferleri (TL/YP) Kredi Kartları (TL/YP) Diğer (TL/YP) Ticari Ticari Finansmanlar …;;;
dunya-katilim--hizmetler-doviz-transferi-swift;dunya-katilim;kar_payi_orani;;;;;Anasayfa Kendim Için Içerik Ödemeler ve Hizmetler Hizmetler Döviz Transferi (SWIFT) Döviz Transferi (SWIFT) Nedir ? Swift, dünya genelinde finansal kurumlar arasında güvenli ve hızlı para transferi yapılmasını sağlayan b …;;;
dunya-katilim--hizmetler-doviz-transferi-swift;dunya-katilim;finansman_tutari;;;;;Anasayfa Kendim Için Içerik Ödemeler ve Hizmetler Hizmetler Döviz Transferi (SWIFT) Döviz Transferi (SWIFT) Nedir ? Swift, dünya genelinde finansal kurumlar arasında güvenli ve hızlı para transferi yapılmasını sağlayan b …;;;
dunya-katilim--hizmetler-doviz-transferi-swift;dunya-katilim;taksit_sayisi;;;;;Anasayfa Kendim Için Içerik Ödemeler ve Hizmetler Hizmetler Döviz Transferi (SWIFT) Döviz Transferi (SWIFT) Nedir ? Swift, dünya genelinde finansal kurumlar arasında güvenli ve hızlı para transferi yapılmasını sağlayan b …;;;
dunya-katilim--hizmetler-doviz-transferi-swift;dunya-katilim;tahsis_ucreti;;;;;Anasayfa Kendim Için Içerik Ödemeler ve Hizmetler Hizmetler Döviz Transferi (SWIFT) Döviz Transferi (SWIFT) Nedir ? Swift, dünya genelinde finansal kurumlar arasında güvenli ve hızlı para transferi yapılmasını sağlayan b …;;;
dunya-katilim--hizmetler-doviz-transferi-swift;dunya-katilim;odul_miktari;;;;;Anasayfa Kendim Için Içerik Ödemeler ve Hizmetler Hizmetler Döviz Transferi (SWIFT) Döviz Transferi (SWIFT) Nedir ? Swift, dünya genelinde finansal kurumlar arasında güvenli ve hızlı para transferi yapılmasını sağlayan b …;;;
dunya-katilim--hizmetler-doviz-transferi-swift;dunya-katilim;indirim_orani;;;;;Anasayfa Kendim Için Içerik Ödemeler ve Hizmetler Hizmetler Döviz Transferi (SWIFT) Döviz Transferi (SWIFT) Nedir ? Swift, dünya genelinde finansal kurumlar arasında güvenli ve hızlı para transferi yapılmasını sağlayan b …;;;
dunya-katilim--hizmetler-doviz-transferi-swift;dunya-katilim;alisveris_puani;;;;;Anasayfa Kendim Için Içerik Ödemeler ve Hizmetler Hizmetler Döviz Transferi (SWIFT) Döviz Transferi (SWIFT) Nedir ? Swift, dünya genelinde finansal kurumlar arasında güvenli ve hızlı para transferi yapılmasını sağlayan b …;;;
dunya-katilim--hizmetler-doviz-transferi-swift;dunya-katilim;kampanya_suresi;;;;;Anasayfa Kendim Için Içerik Ödemeler ve Hizmetler Hizmetler Döviz Transferi (SWIFT) Döviz Transferi (SWIFT) Nedir ? Swift, dünya genelinde finansal kurumlar arasında güvenli ve hızlı para transferi yapılmasını sağlayan b …;;;
dunya-katilim--hizmetler-doviz-transferi-swift;dunya-katilim;kampanya_kosullari;;;;;Anasayfa Kendim Için Içerik Ödemeler ve Hizmetler Hizmetler Döviz Transferi (SWIFT) Döviz Transferi (SWIFT) Nedir ? Swift, dünya genelinde finansal kurumlar arasında güvenli ve hızlı para transferi yapılmasını sağlayan b …;;;
dunya-katilim--hizmetler-doviz-transferi-swift;dunya-katilim;hedef_kitle;;;;;Anasayfa Kendim Için Içerik Ödemeler ve Hizmetler Hizmetler Döviz Transferi (SWIFT) Döviz Transferi (SWIFT) Nedir ? Swift, dünya genelinde finansal kurumlar arasında güvenli ve hızlı para transferi yapılmasını sağlayan b …;;;
dunya-katilim--kredi-kartlari-paraf-platinum-kredi-karti;dunya-katilim;kar_payi_orani;;;;;"Anasayfa Kendim Için Içerik Kartlar Kredi Kartları Paraf Platinum Kredi Kartı Paraf Platinum Kredi Kartı Nedir ? Dünya Katılım Paraf Platinum Kredi Kartı; yurt içindeki Paraf üye iş yerlerinde yapacağınız tüm alışverişle …";;;
dunya-katilim--kredi-kartlari-paraf-platinum-kredi-karti;dunya-katilim;finansman_tutari;;;;;"Anasayfa Kendim Için Içerik Kartlar Kredi Kartları Paraf Platinum Kredi Kartı Paraf Platinum Kredi Kartı Nedir ? Dünya Katılım Paraf Platinum Kredi Kartı; yurt içindeki Paraf üye iş yerlerinde yapacağınız tüm alışverişle …";;;
dunya-katilim--kredi-kartlari-paraf-platinum-kredi-karti;dunya-katilim;taksit_sayisi;;;;;"Anasayfa Kendim Için Içerik Kartlar Kredi Kartları Paraf Platinum Kredi Kartı Paraf Platinum Kredi Kartı Nedir ? Dünya Katılım Paraf Platinum Kredi Kartı; yurt içindeki Paraf üye iş yerlerinde yapacağınız tüm alışverişle …";;;
dunya-katilim--kredi-kartlari-paraf-platinum-kredi-karti;dunya-katilim;tahsis_ucreti;;;;;"Anasayfa Kendim Için Içerik Kartlar Kredi Kartları Paraf Platinum Kredi Kartı Paraf Platinum Kredi Kartı Nedir ? Dünya Katılım Paraf Platinum Kredi Kartı; yurt içindeki Paraf üye iş yerlerinde yapacağınız tüm alışverişle …";;;
dunya-katilim--kredi-kartlari-paraf-platinum-kredi-karti;dunya-katilim;odul_miktari;;;;;"Anasayfa Kendim Için Içerik Kartlar Kredi Kartları Paraf Platinum Kredi Kartı Paraf Platinum Kredi Kartı Nedir ? Dünya Katılım Paraf Platinum Kredi Kartı; yurt içindeki Paraf üye iş yerlerinde yapacağınız tüm alışverişle …";;;
dunya-katilim--kredi-kartlari-paraf-platinum-kredi-karti;dunya-katilim;indirim_orani;;;;;"Anasayfa Kendim Için Içerik Kartlar Kredi Kartları Paraf Platinum Kredi Kartı Paraf Platinum Kredi Kartı Nedir ? Dünya Katılım Paraf Platinum Kredi Kartı; yurt içindeki Paraf üye iş yerlerinde yapacağınız tüm alışverişle …";;;
dunya-katilim--kredi-kartlari-paraf-platinum-kredi-karti;dunya-katilim;alisveris_puani;;;;;"Anasayfa Kendim Için Içerik Kartlar Kredi Kartları Paraf Platinum Kredi Kartı Paraf Platinum Kredi Kartı Nedir ? Dünya Katılım Paraf Platinum Kredi Kartı; yurt içindeki Paraf üye iş yerlerinde yapacağınız tüm alışverişle …";;;
dunya-katilim--kredi-kartlari-paraf-platinum-kredi-karti;dunya-katilim;kampanya_suresi;;;;;"Anasayfa Kendim Için Içerik Kartlar Kredi Kartları Paraf Platinum Kredi Kartı Paraf Platinum Kredi Kartı Nedir ? Dünya Katılım Paraf Platinum Kredi Kartı; yurt içindeki Paraf üye iş yerlerinde yapacağınız tüm alışverişle …";;;
dunya-katilim--kredi-kartlari-paraf-platinum-kredi-karti;dunya-katilim;hedef_kitle;;;;;"Anasayfa Kendim Için Içerik Kartlar Kredi Kartları Paraf Platinum Kredi Kartı Paraf Platinum Kredi Kartı Nedir ? Dünya Katılım Paraf Platinum Kredi Kartı; yurt içindeki Paraf üye iş yerlerinde yapacağınız tüm alışverişle …";;;
dunya-katilim--sermaye-piyasasi-urunleri-yatirim-fonlari;dunya-katilim;kar_payi_orani;;;;;Anasayfa Isim Için Içerik Yatırım Sermaye Piyasası Ürünleri Yatırım Fonları Yatırım Fonları Yatırım Fonu Nedir? Yatırımcılardan toplanan birikimlerin çeşitli para ve sermaye piyasası araçlarında değerlendirmek üzere prof …;;;
dunya-katilim--sermaye-piyasasi-urunleri-yatirim-fonlari;dunya-katilim;finansman_tutari;;;;;Anasayfa Isim Için Içerik Yatırım Sermaye Piyasası Ürünleri Yatırım Fonları Yatırım Fonları Yatırım Fonu Nedir? Yatırımcılardan toplanan birikimlerin çeşitli para ve sermaye piyasası araçlarında değerlendirmek üzere prof …;;;
dunya-katilim--sermaye-piyasasi-urunleri-yatirim-fonlari;dunya-katilim;taksit_sayisi;;;;;Anasayfa Isim Için Içerik Yatırım Sermaye Piyasası Ürünleri Yatırım Fonları Yatırım Fonları Yatırım Fonu Nedir? Yatırımcılardan toplanan birikimlerin çeşitli para ve sermaye piyasası araçlarında değerlendirmek üzere prof …;;;
dunya-katilim--sermaye-piyasasi-urunleri-yatirim-fonlari;dunya-katilim;tahsis_ucreti;;;;;Anasayfa Isim Için Içerik Yatırım Sermaye Piyasası Ürünleri Yatırım Fonları Yatırım Fonları Yatırım Fonu Nedir? Yatırımcılardan toplanan birikimlerin çeşitli para ve sermaye piyasası araçlarında değerlendirmek üzere prof …;;;
dunya-katilim--sermaye-piyasasi-urunleri-yatirim-fonlari;dunya-katilim;odul_miktari;;;;;Anasayfa Isim Için Içerik Yatırım Sermaye Piyasası Ürünleri Yatırım Fonları Yatırım Fonları Yatırım Fonu Nedir? Yatırımcılardan toplanan birikimlerin çeşitli para ve sermaye piyasası araçlarında değerlendirmek üzere prof …;;;
dunya-katilim--sermaye-piyasasi-urunleri-yatirim-fonlari;dunya-katilim;indirim_orani;;;;;Anasayfa Isim Için Içerik Yatırım Sermaye Piyasası Ürünleri Yatırım Fonları Yatırım Fonları Yatırım Fonu Nedir? Yatırımcılardan toplanan birikimlerin çeşitli para ve sermaye piyasası araçlarında değerlendirmek üzere prof …;;;
dunya-katilim--sermaye-piyasasi-urunleri-yatirim-fonlari;dunya-katilim;alisveris_puani;;;;;Anasayfa Isim Için Içerik Yatırım Sermaye Piyasası Ürünleri Yatırım Fonları Yatırım Fonları Yatırım Fonu Nedir? Yatırımcılardan toplanan birikimlerin çeşitli para ve sermaye piyasası araçlarında değerlendirmek üzere prof …;;;
dunya-katilim--sermaye-piyasasi-urunleri-yatirim-fonlari;dunya-katilim;kampanya_suresi;;;;;Anasayfa Isim Için Içerik Yatırım Sermaye Piyasası Ürünleri Yatırım Fonları Yatırım Fonları Yatırım Fonu Nedir? Yatırımcılardan toplanan birikimlerin çeşitli para ve sermaye piyasası araçlarında değerlendirmek üzere prof …;;;
dunya-katilim--sermaye-piyasasi-urunleri-yatirim-fonlari;dunya-katilim;hedef_kitle;;;;;Anasayfa Isim Için Içerik Yatırım Sermaye Piyasası Ürünleri Yatırım Fonları Yatırım Fonları Yatırım Fonu Nedir? Yatırımcılardan toplanan birikimlerin çeşitli para ve sermaye piyasası araçlarında değerlendirmek üzere prof …;;;
dunya-katilim--sermaye-piyasasi-urunleri-yatirim-fonlari-2;dunya-katilim;kar_payi_orani;;;;;Anasayfa Kendim Için Içerik Yatırım Ürünleri Sermaye Piyasası Ürünleri Yatırım Fonları Yatırım Fonları Yatırım Fonu Nedir? Yatırımcılardan toplanan birikimlerin çeşitli para ve sermaye piyasası araçlarında değerlendirmek …;;;
dunya-katilim--sermaye-piyasasi-urunleri-yatirim-fonlari-2;dunya-katilim;finansman_tutari;;;;;Anasayfa Kendim Için Içerik Yatırım Ürünleri Sermaye Piyasası Ürünleri Yatırım Fonları Yatırım Fonları Yatırım Fonu Nedir? Yatırımcılardan toplanan birikimlerin çeşitli para ve sermaye piyasası araçlarında değerlendirmek …;;;
dunya-katilim--sermaye-piyasasi-urunleri-yatirim-fonlari-2;dunya-katilim;taksit_sayisi;;;;;Anasayfa Kendim Için Içerik Yatırım Ürünleri Sermaye Piyasası Ürünleri Yatırım Fonları Yatırım Fonları Yatırım Fonu Nedir? Yatırımcılardan toplanan birikimlerin çeşitli para ve sermaye piyasası araçlarında değerlendirmek …;;;
dunya-katilim--sermaye-piyasasi-urunleri-yatirim-fonlari-2;dunya-katilim;tahsis_ucreti;;;;;Anasayfa Kendim Için Içerik Yatırım Ürünleri Sermaye Piyasası Ürünleri Yatırım Fonları Yatırım Fonları Yatırım Fonu Nedir? Yatırımcılardan toplanan birikimlerin çeşitli para ve sermaye piyasası araçlarında değerlendirmek …;;;
dunya-katilim--sermaye-piyasasi-urunleri-yatirim-fonlari-2;dunya-katilim;odul_miktari;;;;;Anasayfa Kendim Için Içerik Yatırım Ürünleri Sermaye Piyasası Ürünleri Yatırım Fonları Yatırım Fonları Yatırım Fonu Nedir? Yatırımcılardan toplanan birikimlerin çeşitli para ve sermaye piyasası araçlarında değerlendirmek …;;;
dunya-katilim--sermaye-piyasasi-urunleri-yatirim-fonlari-2;dunya-katilim;indirim_orani;;;;;Anasayfa Kendim Için Içerik Yatırım Ürünleri Sermaye Piyasası Ürünleri Yatırım Fonları Yatırım Fonları Yatırım Fonu Nedir? Yatırımcılardan toplanan birikimlerin çeşitli para ve sermaye piyasası araçlarında değerlendirmek …;;;
dunya-katilim--sermaye-piyasasi-urunleri-yatirim-fonlari-2;dunya-katilim;alisveris_puani;;;;;Anasayfa Kendim Için Içerik Yatırım Ürünleri Sermaye Piyasası Ürünleri Yatırım Fonları Yatırım Fonları Yatırım Fonu Nedir? Yatırımcılardan toplanan birikimlerin çeşitli para ve sermaye piyasası araçlarında değerlendirmek …;;;
dunya-katilim--sermaye-piyasasi-urunleri-yatirim-fonlari-2;dunya-katilim;kampanya_suresi;;;;;Anasayfa Kendim Için Içerik Yatırım Ürünleri Sermaye Piyasası Ürünleri Yatırım Fonları Yatırım Fonları Yatırım Fonu Nedir? Yatırımcılardan toplanan birikimlerin çeşitli para ve sermaye piyasası araçlarında değerlendirmek …;;;
dunya-katilim--sermaye-piyasasi-urunleri-yatirim-fonlari-2;dunya-katilim;hedef_kitle;;;;;Anasayfa Kendim Için Içerik Yatırım Ürünleri Sermaye Piyasası Ürünleri Yatırım Fonları Yatırım Fonları Yatırım Fonu Nedir? Yatırımcılardan toplanan birikimlerin çeşitli para ve sermaye piyasası araçlarında değerlendirmek …;;;
hayat-finans--yatirim-ve-birikim-yatirim-fonlari-yatirim-ve-birikim;hayat-finans;kar_payi_orani;;;;;Yatırım Fonları Hisse senedi, değerli madenler, döviz, yabancı hisse senedi ve daha birçok seçenek ile yatırımlarınızı profesyoneller tarafından yönetilen TEFAS fonları ile değerlendirebilirsiniz. Sunduğumuz çeşitli fon …;;;
hayat-finans--yatirim-ve-birikim-yatirim-fonlari-yatirim-ve-birikim;hayat-finans;vade_ay;;;;;Yatırım Fonları Hisse senedi, değerli madenler, döviz, yabancı hisse senedi ve daha birçok seçenek ile yatırımlarınızı profesyoneller tarafından yönetilen TEFAS fonları ile değerlendirebilirsiniz. Sunduğumuz çeşitli fon …;;;
hayat-finans--yatirim-ve-birikim-yatirim-fonlari-yatirim-ve-birikim;hayat-finans;taksit_sayisi;;;;;Yatırım Fonları Hisse senedi, değerli madenler, döviz, yabancı hisse senedi ve daha birçok seçenek ile yatırımlarınızı profesyoneller tarafından yönetilen TEFAS fonları ile değerlendirebilirsiniz. Sunduğumuz çeşitli fon …;;;
hayat-finans--yatirim-ve-birikim-yatirim-fonlari-yatirim-ve-birikim;hayat-finans;tahsis_ucreti;;;;;Yatırım Fonları Hisse senedi, değerli madenler, döviz, yabancı hisse senedi ve daha birçok seçenek ile yatırımlarınızı profesyoneller tarafından yönetilen TEFAS fonları ile değerlendirebilirsiniz. Sunduğumuz çeşitli fon …;;;
hayat-finans--yatirim-ve-birikim-yatirim-fonlari-yatirim-ve-birikim;hayat-finans;masraf_durumu;;;;;Yatırım Fonları Hisse senedi, değerli madenler, döviz, yabancı hisse senedi ve daha birçok seçenek ile yatırımlarınızı profesyoneller tarafından yönetilen TEFAS fonları ile değerlendirebilirsiniz. Sunduğumuz çeşitli fon …;;;
hayat-finans--yatirim-ve-birikim-yatirim-fonlari-yatirim-ve-birikim;hayat-finans;odul_miktari;;;;;Yatırım Fonları Hisse senedi, değerli madenler, döviz, yabancı hisse senedi ve daha birçok seçenek ile yatırımlarınızı profesyoneller tarafından yönetilen TEFAS fonları ile değerlendirebilirsiniz. Sunduğumuz çeşitli fon …;;;
hayat-finans--yatirim-ve-birikim-yatirim-fonlari-yatirim-ve-birikim;hayat-finans;indirim_orani;;;;;Yatırım Fonları Hisse senedi, değerli madenler, döviz, yabancı hisse senedi ve daha birçok seçenek ile yatırımlarınızı profesyoneller tarafından yönetilen TEFAS fonları ile değerlendirebilirsiniz. Sunduğumuz çeşitli fon …;;;
hayat-finans--yatirim-ve-birikim-yatirim-fonlari-yatirim-ve-birikim;hayat-finans;alisveris_puani;;;;;Yatırım Fonları Hisse senedi, değerli madenler, döviz, yabancı hisse senedi ve daha birçok seçenek ile yatırımlarınızı profesyoneller tarafından yönetilen TEFAS fonları ile değerlendirebilirsiniz. Sunduğumuz çeşitli fon …;;;
hayat-finans--yatirim-ve-birikim-yatirim-fonlari-yatirim-ve-birikim;hayat-finans;hedef_kitle;;;;;Yatırım Fonları Hisse senedi, değerli madenler, döviz, yabancı hisse senedi ve daha birçok seçenek ile yatırımlarınızı profesyoneller tarafından yönetilen TEFAS fonları ile değerlendirebilirsiniz. Sunduğumuz çeşitli fon …;;;
hayat-finans--yatirim-ve-birikim-yatirimci-seviye-sistemi;hayat-finans;kar_payi_orani;;;;;Yatırımcı Seviyesi ile Daha Fazla Avantaj Sizi Bekliyor Yatırım Yaptıkça Kazancınız Katlanır Hayat Finans'ta yatırım işlemleri sadece kazanç sağlamakla kalmaz, aynı zamanda size özel avantajların kapısını da aralar. Dövi …;;;
hayat-finans--yatirim-ve-birikim-yatirimci-seviye-sistemi;hayat-finans;finansman_tutari;;;;;Yatırımcı Seviyesi ile Daha Fazla Avantaj Sizi Bekliyor Yatırım Yaptıkça Kazancınız Katlanır Hayat Finans'ta yatırım işlemleri sadece kazanç sağlamakla kalmaz, aynı zamanda size özel avantajların kapısını da aralar. Dövi …;;;
hayat-finans--yatirim-ve-birikim-yatirimci-seviye-sistemi;hayat-finans;taksit_sayisi;;;;;Yatırımcı Seviyesi ile Daha Fazla Avantaj Sizi Bekliyor Yatırım Yaptıkça Kazancınız Katlanır Hayat Finans'ta yatırım işlemleri sadece kazanç sağlamakla kalmaz, aynı zamanda size özel avantajların kapısını da aralar. Dövi …;;;
hayat-finans--yatirim-ve-birikim-yatirimci-seviye-sistemi;hayat-finans;tahsis_ucreti;;;;;Yatırımcı Seviyesi ile Daha Fazla Avantaj Sizi Bekliyor Yatırım Yaptıkça Kazancınız Katlanır Hayat Finans'ta yatırım işlemleri sadece kazanç sağlamakla kalmaz, aynı zamanda size özel avantajların kapısını da aralar. Dövi …;;;
hayat-finans--yatirim-ve-birikim-yatirimci-seviye-sistemi;hayat-finans;masraf_durumu;;;;;Yatırımcı Seviyesi ile Daha Fazla Avantaj Sizi Bekliyor Yatırım Yaptıkça Kazancınız Katlanır Hayat Finans'ta yatırım işlemleri sadece kazanç sağlamakla kalmaz, aynı zamanda size özel avantajların kapısını da aralar. Dövi …;;;
hayat-finans--yatirim-ve-birikim-yatirimci-seviye-sistemi;hayat-finans;odul_miktari;;;;;Yatırımcı Seviyesi ile Daha Fazla Avantaj Sizi Bekliyor Yatırım Yaptıkça Kazancınız Katlanır Hayat Finans'ta yatırım işlemleri sadece kazanç sağlamakla kalmaz, aynı zamanda size özel avantajların kapısını da aralar. Dövi …;;;
hayat-finans--yatirim-ve-birikim-yatirimci-seviye-sistemi;hayat-finans;indirim_orani;;;;;Yatırımcı Seviyesi ile Daha Fazla Avantaj Sizi Bekliyor Yatırım Yaptıkça Kazancınız Katlanır Hayat Finans'ta yatırım işlemleri sadece kazanç sağlamakla kalmaz, aynı zamanda size özel avantajların kapısını da aralar. Dövi …;;;
hayat-finans--yatirim-ve-birikim-yatirimci-seviye-sistemi;hayat-finans;alisveris_puani;;;;;Yatırımcı Seviyesi ile Daha Fazla Avantaj Sizi Bekliyor Yatırım Yaptıkça Kazancınız Katlanır Hayat Finans'ta yatırım işlemleri sadece kazanç sağlamakla kalmaz, aynı zamanda size özel avantajların kapısını da aralar. Dövi …;;;
hayat-finans--yatirim-ve-birikim-yatirimci-seviye-sistemi;hayat-finans;kampanya_suresi;;;;;Yatırımcı Seviyesi ile Daha Fazla Avantaj Sizi Bekliyor Yatırım Yaptıkça Kazancınız Katlanır Hayat Finans'ta yatırım işlemleri sadece kazanç sağlamakla kalmaz, aynı zamanda size özel avantajların kapısını da aralar. Dövi …;;;
hayat-finans--yatirim-ve-birikim-yatirimci-seviye-sistemi;hayat-finans;hedef_kitle;;;;;Yatırımcı Seviyesi ile Daha Fazla Avantaj Sizi Bekliyor Yatırım Yaptıkça Kazancınız Katlanır Hayat Finans'ta yatırım işlemleri sadece kazanç sağlamakla kalmaz, aynı zamanda size özel avantajların kapısını da aralar. Dövi …;;;
kuveyt-turk--bizden-haberler-kuveyt-turkten-1-milyar-tl-limitli-yeni-makine-finansmani-kampan;kuveyt-turk;kar_payi_orani;;;;;Ana Sayfa Hakkımızda Kuveyt Türk'ü Tanıyın Basın Bültenleri Kuveyt Türk'ten 1 milyar TL limitli yeni makine finansmanı kampanyası Ticari müşterilerine cazip kâr oranlarıyla finansman desteğinde bulunan Kuveyt Türk, 6 ayı …;;;
kuveyt-turk--bizden-haberler-kuveyt-turkten-1-milyar-tl-limitli-yeni-makine-finansmani-kampan;kuveyt-turk;finansman_tutari;;;;;Ana Sayfa Hakkımızda Kuveyt Türk'ü Tanıyın Basın Bültenleri Kuveyt Türk'ten 1 milyar TL limitli yeni makine finansmanı kampanyası Ticari müşterilerine cazip kâr oranlarıyla finansman desteğinde bulunan Kuveyt Türk, 6 ayı …;;;
kuveyt-turk--bizden-haberler-kuveyt-turkten-1-milyar-tl-limitli-yeni-makine-finansmani-kampan;kuveyt-turk;taksit_sayisi;;;;;Ana Sayfa Hakkımızda Kuveyt Türk'ü Tanıyın Basın Bültenleri Kuveyt Türk'ten 1 milyar TL limitli yeni makine finansmanı kampanyası Ticari müşterilerine cazip kâr oranlarıyla finansman desteğinde bulunan Kuveyt Türk, 6 ayı …;;;
kuveyt-turk--bizden-haberler-kuveyt-turkten-1-milyar-tl-limitli-yeni-makine-finansmani-kampan;kuveyt-turk;tahsis_ucreti;;;;;Ana Sayfa Hakkımızda Kuveyt Türk'ü Tanıyın Basın Bültenleri Kuveyt Türk'ten 1 milyar TL limitli yeni makine finansmanı kampanyası Ticari müşterilerine cazip kâr oranlarıyla finansman desteğinde bulunan Kuveyt Türk, 6 ayı …;;;
kuveyt-turk--bizden-haberler-kuveyt-turkten-1-milyar-tl-limitli-yeni-makine-finansmani-kampan;kuveyt-turk;masraf_durumu;;;;;Ana Sayfa Hakkımızda Kuveyt Türk'ü Tanıyın Basın Bültenleri Kuveyt Türk'ten 1 milyar TL limitli yeni makine finansmanı kampanyası Ticari müşterilerine cazip kâr oranlarıyla finansman desteğinde bulunan Kuveyt Türk, 6 ayı …;;;
kuveyt-turk--bizden-haberler-kuveyt-turkten-1-milyar-tl-limitli-yeni-makine-finansmani-kampan;kuveyt-turk;odul_miktari;;;;;Ana Sayfa Hakkımızda Kuveyt Türk'ü Tanıyın Basın Bültenleri Kuveyt Türk'ten 1 milyar TL limitli yeni makine finansmanı kampanyası Ticari müşterilerine cazip kâr oranlarıyla finansman desteğinde bulunan Kuveyt Türk, 6 ayı …;;;
kuveyt-turk--bizden-haberler-kuveyt-turkten-1-milyar-tl-limitli-yeni-makine-finansmani-kampan;kuveyt-turk;indirim_orani;;;;;Ana Sayfa Hakkımızda Kuveyt Türk'ü Tanıyın Basın Bültenleri Kuveyt Türk'ten 1 milyar TL limitli yeni makine finansmanı kampanyası Ticari müşterilerine cazip kâr oranlarıyla finansman desteğinde bulunan Kuveyt Türk, 6 ayı …;;;
kuveyt-turk--bizden-haberler-kuveyt-turkten-1-milyar-tl-limitli-yeni-makine-finansmani-kampan;kuveyt-turk;alisveris_puani;;;;;Ana Sayfa Hakkımızda Kuveyt Türk'ü Tanıyın Basın Bültenleri Kuveyt Türk'ten 1 milyar TL limitli yeni makine finansmanı kampanyası Ticari müşterilerine cazip kâr oranlarıyla finansman desteğinde bulunan Kuveyt Türk, 6 ayı …;;;
kuveyt-turk--bizden-haberler-kuveyt-turkten-1-milyar-tl-limitli-yeni-makine-finansmani-kampan;kuveyt-turk;kampanya_kosullari;;;;;Ana Sayfa Hakkımızda Kuveyt Türk'ü Tanıyın Basın Bültenleri Kuveyt Türk'ten 1 milyar TL limitli yeni makine finansmanı kampanyası Ticari müşterilerine cazip kâr oranlarıyla finansman desteğinde bulunan Kuveyt Türk, 6 ayı …;;;
kuveyt-turk--ihtiyac-finansmanlari-tekne-tuketici-finansmani;kuveyt-turk;taksit_sayisi;;;;;Ana Sayfa Kendim İçin Finansmanlar İhtiyaç Finansmanları Tekne Tüketici Finansmanı Hac-Umre Finansmanı Eğitim Finansmanı Seyahat Finansmanı Tekne Tüketici Finansmanı Kira Finansmanı İhtiyaç Kart Bisiklet Finansmanı Elekt …;;;
kuveyt-turk--ihtiyac-finansmanlari-tekne-tuketici-finansmani;kuveyt-turk;tahsis_ucreti;;;;;Ana Sayfa Kendim İçin Finansmanlar İhtiyaç Finansmanları Tekne Tüketici Finansmanı Hac-Umre Finansmanı Eğitim Finansmanı Seyahat Finansmanı Tekne Tüketici Finansmanı Kira Finansmanı İhtiyaç Kart Bisiklet Finansmanı Elekt …;;;
kuveyt-turk--ihtiyac-finansmanlari-tekne-tuketici-finansmani;kuveyt-turk;odul_miktari;;;;;Ana Sayfa Kendim İçin Finansmanlar İhtiyaç Finansmanları Tekne Tüketici Finansmanı Hac-Umre Finansmanı Eğitim Finansmanı Seyahat Finansmanı Tekne Tüketici Finansmanı Kira Finansmanı İhtiyaç Kart Bisiklet Finansmanı Elekt …;;;
kuveyt-turk--ihtiyac-finansmanlari-tekne-tuketici-finansmani;kuveyt-turk;indirim_orani;;;;;Ana Sayfa Kendim İçin Finansmanlar İhtiyaç Finansmanları Tekne Tüketici Finansmanı Hac-Umre Finansmanı Eğitim Finansmanı Seyahat Finansmanı Tekne Tüketici Finansmanı Kira Finansmanı İhtiyaç Kart Bisiklet Finansmanı Elekt …;;;
kuveyt-turk--ihtiyac-finansmanlari-tekne-tuketici-finansmani;kuveyt-turk;alisveris_puani;;;;;Ana Sayfa Kendim İçin Finansmanlar İhtiyaç Finansmanları Tekne Tüketici Finansmanı Hac-Umre Finansmanı Eğitim Finansmanı Seyahat Finansmanı Tekne Tüketici Finansmanı Kira Finansmanı İhtiyaç Kart Bisiklet Finansmanı Elekt …;;;
kuveyt-turk--ihtiyac-finansmanlari-tekne-tuketici-finansmani;kuveyt-turk;kampanya_suresi;;;;;Ana Sayfa Kendim İçin Finansmanlar İhtiyaç Finansmanları Tekne Tüketici Finansmanı Hac-Umre Finansmanı Eğitim Finansmanı Seyahat Finansmanı Tekne Tüketici Finansmanı Kira Finansmanı İhtiyaç Kart Bisiklet Finansmanı Elekt …;;;
kuveyt-turk--ihtiyac-finansmanlari-tekne-tuketici-finansmani;kuveyt-turk;kampanya_kosullari;;;;;Ana Sayfa Kendim İçin Finansmanlar İhtiyaç Finansmanları Tekne Tüketici Finansmanı Hac-Umre Finansmanı Eğitim Finansmanı Seyahat Finansmanı Tekne Tüketici Finansmanı Kira Finansmanı İhtiyaç Kart Bisiklet Finansmanı Elekt …;;;
kuveyt-turk--ihtiyac-finansmanlari-tekne-tuketici-finansmani;kuveyt-turk;hedef_kitle;;;;;Ana Sayfa Kendim İçin Finansmanlar İhtiyaç Finansmanları Tekne Tüketici Finansmanı Hac-Umre Finansmanı Eğitim Finansmanı Seyahat Finansmanı Tekne Tüketici Finansmanı Kira Finansmanı İhtiyaç Kart Bisiklet Finansmanı Elekt …;;;
kuveyt-turk--kampanya-arsivi-akaryakitta-200-tlye-varan-altin-puan-firsati;kuveyt-turk;kar_payi_orani;;;;;Ana Sayfa Kampanyalar Kampanya Arşivi Akaryakıtta 200 TL'ye Varan Altın Puan Fırsatı! Akaryakıt harcamalarınıza toplam 200 TL Altın Puan kazanma fırsatı! 1-31 Temmuz arasında 2.000 TL ve üzeri harcamalarınıza 100 TL, top …;;;
kuveyt-turk--kampanya-arsivi-akaryakitta-200-tlye-varan-altin-puan-firsati;kuveyt-turk;finansman_tutari;;;;;Ana Sayfa Kampanyalar Kampanya Arşivi Akaryakıtta 200 TL'ye Varan Altın Puan Fırsatı! Akaryakıt harcamalarınıza toplam 200 TL Altın Puan kazanma fırsatı! 1-31 Temmuz arasında 2.000 TL ve üzeri harcamalarınıza 100 TL, top …;;;
kuveyt-turk--kampanya-arsivi-akaryakitta-200-tlye-varan-altin-puan-firsati;kuveyt-turk;vade_ay;;;;;Ana Sayfa Kampanyalar Kampanya Arşivi Akaryakıtta 200 TL'ye Varan Altın Puan Fırsatı! Akaryakıt harcamalarınıza toplam 200 TL Altın Puan kazanma fırsatı! 1-31 Temmuz arasında 2.000 TL ve üzeri harcamalarınıza 100 TL, top …;;;
kuveyt-turk--kampanya-arsivi-akaryakitta-200-tlye-varan-altin-puan-firsati;kuveyt-turk;taksit_sayisi;;;;;Ana Sayfa Kampanyalar Kampanya Arşivi Akaryakıtta 200 TL'ye Varan Altın Puan Fırsatı! Akaryakıt harcamalarınıza toplam 200 TL Altın Puan kazanma fırsatı! 1-31 Temmuz arasında 2.000 TL ve üzeri harcamalarınıza 100 TL, top …;;;
kuveyt-turk--kampanya-arsivi-akaryakitta-200-tlye-varan-altin-puan-firsati;kuveyt-turk;tahsis_ucreti;;;;;Ana Sayfa Kampanyalar Kampanya Arşivi Akaryakıtta 200 TL'ye Varan Altın Puan Fırsatı! Akaryakıt harcamalarınıza toplam 200 TL Altın Puan kazanma fırsatı! 1-31 Temmuz arasında 2.000 TL ve üzeri harcamalarınıza 100 TL, top …;;;
kuveyt-turk--kampanya-arsivi-akaryakitta-200-tlye-varan-altin-puan-firsati;kuveyt-turk;masraf_durumu;;;;;Ana Sayfa Kampanyalar Kampanya Arşivi Akaryakıtta 200 TL'ye Varan Altın Puan Fırsatı! Akaryakıt harcamalarınıza toplam 200 TL Altın Puan kazanma fırsatı! 1-31 Temmuz arasında 2.000 TL ve üzeri harcamalarınıza 100 TL, top …;;;
kuveyt-turk--kampanya-arsivi-akaryakitta-200-tlye-varan-altin-puan-firsati;kuveyt-turk;indirim_orani;;;;;Ana Sayfa Kampanyalar Kampanya Arşivi Akaryakıtta 200 TL'ye Varan Altın Puan Fırsatı! Akaryakıt harcamalarınıza toplam 200 TL Altın Puan kazanma fırsatı! 1-31 Temmuz arasında 2.000 TL ve üzeri harcamalarınıza 100 TL, top …;;;
kuveyt-turk--kampanya-arsivi-akaryakitta-200-tlye-varan-altin-puan-firsati;kuveyt-turk;hedef_kitle;;;;;Ana Sayfa Kampanyalar Kampanya Arşivi Akaryakıtta 200 TL'ye Varan Altın Puan Fırsatı! Akaryakıt harcamalarınıza toplam 200 TL Altın Puan kazanma fırsatı! 1-31 Temmuz arasında 2.000 TL ve üzeri harcamalarınıza 100 TL, top …;;;
kuveyt-turk--kampanya-arsivi-bisiklet-finansmaninda-enerji-tasarrufu-haftasina-ozel-419-kar-o;kuveyt-turk;taksit_sayisi;;;;;Ana Sayfa Kampanyalar Kampanya Arşivi Bisiklet Finansmanı'nda Enerji Tasarrufu Haftasına Özel %4.19 Kar Oranı Fırsatı! Daha yaşanılabilir bir dünya için Enerji Haftasına özel kar payı oranı Bisiklet Finansmanı'nda! Kampa …;;;
kuveyt-turk--kampanya-arsivi-bisiklet-finansmaninda-enerji-tasarrufu-haftasina-ozel-419-kar-o;kuveyt-turk;tahsis_ucreti;;;;;Ana Sayfa Kampanyalar Kampanya Arşivi Bisiklet Finansmanı'nda Enerji Tasarrufu Haftasına Özel %4.19 Kar Oranı Fırsatı! Daha yaşanılabilir bir dünya için Enerji Haftasına özel kar payı oranı Bisiklet Finansmanı'nda! Kampa …;;;
kuveyt-turk--kampanya-arsivi-bisiklet-finansmaninda-enerji-tasarrufu-haftasina-ozel-419-kar-o;kuveyt-turk;masraf_durumu;;;;;Ana Sayfa Kampanyalar Kampanya Arşivi Bisiklet Finansmanı'nda Enerji Tasarrufu Haftasına Özel %4.19 Kar Oranı Fırsatı! Daha yaşanılabilir bir dünya için Enerji Haftasına özel kar payı oranı Bisiklet Finansmanı'nda! Kampa …;;;
kuveyt-turk--kampanya-arsivi-bisiklet-finansmaninda-enerji-tasarrufu-haftasina-ozel-419-kar-o;kuveyt-turk;odul_miktari;;;;;Ana Sayfa Kampanyalar Kampanya Arşivi Bisiklet Finansmanı'nda Enerji Tasarrufu Haftasına Özel %4.19 Kar Oranı Fırsatı! Daha yaşanılabilir bir dünya için Enerji Haftasına özel kar payı oranı Bisiklet Finansmanı'nda! Kampa …;;;
kuveyt-turk--kampanya-arsivi-bisiklet-finansmaninda-enerji-tasarrufu-haftasina-ozel-419-kar-o;kuveyt-turk;indirim_orani;;;;;Ana Sayfa Kampanyalar Kampanya Arşivi Bisiklet Finansmanı'nda Enerji Tasarrufu Haftasına Özel %4.19 Kar Oranı Fırsatı! Daha yaşanılabilir bir dünya için Enerji Haftasına özel kar payı oranı Bisiklet Finansmanı'nda! Kampa …;;;
kuveyt-turk--kampanya-arsivi-bisiklet-finansmaninda-enerji-tasarrufu-haftasina-ozel-419-kar-o;kuveyt-turk;alisveris_puani;;;;;Ana Sayfa Kampanyalar Kampanya Arşivi Bisiklet Finansmanı'nda Enerji Tasarrufu Haftasına Özel %4.19 Kar Oranı Fırsatı! Daha yaşanılabilir bir dünya için Enerji Haftasına özel kar payı oranı Bisiklet Finansmanı'nda! Kampa …;;;
kuveyt-turk--kampanya-arsivi-bisiklet-finansmaninda-enerji-tasarrufu-haftasina-ozel-419-kar-o;kuveyt-turk;hedef_kitle;;;;;Ana Sayfa Kampanyalar Kampanya Arşivi Bisiklet Finansmanı'nda Enerji Tasarrufu Haftasına Özel %4.19 Kar Oranı Fırsatı! Daha yaşanılabilir bir dünya için Enerji Haftasına özel kar payı oranı Bisiklet Finansmanı'nda! Kampa …;;;
kuveyt-turk--kampanya-arsivi-hepsiburada-alisveris-finansmaninda-enerji-tasarrufu-haftasina-o;kuveyt-turk;taksit_sayisi;;;;;Ana Sayfa Kampanyalar Kampanya Arşivi Hepsiburada Alışveriş Finansmanı'nda Enerji Tasarrufu Haftasına Özel %3.99 Kar Oranı Fırsatı! Daha yaşanılabilir bir dünya için Enerji Haftasına özel oran Hepsiburada Alışveriş Finan …;;;
kuveyt-turk--kampanya-arsivi-hepsiburada-alisveris-finansmaninda-enerji-tasarrufu-haftasina-o;kuveyt-turk;tahsis_ucreti;;;;;Ana Sayfa Kampanyalar Kampanya Arşivi Hepsiburada Alışveriş Finansmanı'nda Enerji Tasarrufu Haftasına Özel %3.99 Kar Oranı Fırsatı! Daha yaşanılabilir bir dünya için Enerji Haftasına özel oran Hepsiburada Alışveriş Finan …;;;
kuveyt-turk--kampanya-arsivi-hepsiburada-alisveris-finansmaninda-enerji-tasarrufu-haftasina-o;kuveyt-turk;masraf_durumu;;;;;Ana Sayfa Kampanyalar Kampanya Arşivi Hepsiburada Alışveriş Finansmanı'nda Enerji Tasarrufu Haftasına Özel %3.99 Kar Oranı Fırsatı! Daha yaşanılabilir bir dünya için Enerji Haftasına özel oran Hepsiburada Alışveriş Finan …;;;
kuveyt-turk--kampanya-arsivi-hepsiburada-alisveris-finansmaninda-enerji-tasarrufu-haftasina-o;kuveyt-turk;odul_miktari;;;;;Ana Sayfa Kampanyalar Kampanya Arşivi Hepsiburada Alışveriş Finansmanı'nda Enerji Tasarrufu Haftasına Özel %3.99 Kar Oranı Fırsatı! Daha yaşanılabilir bir dünya için Enerji Haftasına özel oran Hepsiburada Alışveriş Finan …;;;
kuveyt-turk--kampanya-arsivi-hepsiburada-alisveris-finansmaninda-enerji-tasarrufu-haftasina-o;kuveyt-turk;indirim_orani;;;;;Ana Sayfa Kampanyalar Kampanya Arşivi Hepsiburada Alışveriş Finansmanı'nda Enerji Tasarrufu Haftasına Özel %3.99 Kar Oranı Fırsatı! Daha yaşanılabilir bir dünya için Enerji Haftasına özel oran Hepsiburada Alışveriş Finan …;;;
kuveyt-turk--kampanya-arsivi-hepsiburada-alisveris-finansmaninda-enerji-tasarrufu-haftasina-o;kuveyt-turk;alisveris_puani;;;;;Ana Sayfa Kampanyalar Kampanya Arşivi Hepsiburada Alışveriş Finansmanı'nda Enerji Tasarrufu Haftasına Özel %3.99 Kar Oranı Fırsatı! Daha yaşanılabilir bir dünya için Enerji Haftasına özel oran Hepsiburada Alışveriş Finan …;;;
kuveyt-turk--kampanya-arsivi-hepsiburada-alisveris-finansmaninda-enerji-tasarrufu-haftasina-o;kuveyt-turk;hedef_kitle;;;;;Ana Sayfa Kampanyalar Kampanya Arşivi Hepsiburada Alışveriş Finansmanı'nda Enerji Tasarrufu Haftasına Özel %3.99 Kar Oranı Fırsatı! Daha yaşanılabilir bir dünya için Enerji Haftasına özel oran Hepsiburada Alışveriş Finan …;;;
kuveyt-turk--kampanya-arsivi-kuveyt-turkten-turizm-sektorune-kfk-destekli-finansman;kuveyt-turk;kar_payi_orani;;;;;Ana Sayfa Kampanyalar Kampanya Arşivi Kuveyt Türk'ten Turizm Sektörüne KFK Destekli Finansman! KFK teminatı desteğiyle sunulan finansman paketiyle işletme sermayenizi rahatlatın, nakit akışınızı dengeleyin ve ihtiyaçları …;;;
kuveyt-turk--kampanya-arsivi-kuveyt-turkten-turizm-sektorune-kfk-destekli-finansman;kuveyt-turk;finansman_tutari;;;;;Ana Sayfa Kampanyalar Kampanya Arşivi Kuveyt Türk'ten Turizm Sektörüne KFK Destekli Finansman! KFK teminatı desteğiyle sunulan finansman paketiyle işletme sermayenizi rahatlatın, nakit akışınızı dengeleyin ve ihtiyaçları …;;;
kuveyt-turk--kampanya-arsivi-kuveyt-turkten-turizm-sektorune-kfk-destekli-finansman;kuveyt-turk;taksit_sayisi;;;;;Ana Sayfa Kampanyalar Kampanya Arşivi Kuveyt Türk'ten Turizm Sektörüne KFK Destekli Finansman! KFK teminatı desteğiyle sunulan finansman paketiyle işletme sermayenizi rahatlatın, nakit akışınızı dengeleyin ve ihtiyaçları …;;;
kuveyt-turk--kampanya-arsivi-kuveyt-turkten-turizm-sektorune-kfk-destekli-finansman;kuveyt-turk;tahsis_ucreti;;;;;Ana Sayfa Kampanyalar Kampanya Arşivi Kuveyt Türk'ten Turizm Sektörüne KFK Destekli Finansman! KFK teminatı desteğiyle sunulan finansman paketiyle işletme sermayenizi rahatlatın, nakit akışınızı dengeleyin ve ihtiyaçları …;;;
kuveyt-turk--kampanya-arsivi-kuveyt-turkten-turizm-sektorune-kfk-destekli-finansman;kuveyt-turk;masraf_durumu;;;;;Ana Sayfa Kampanyalar Kampanya Arşivi Kuveyt Türk'ten Turizm Sektörüne KFK Destekli Finansman! KFK teminatı desteğiyle sunulan finansman paketiyle işletme sermayenizi rahatlatın, nakit akışınızı dengeleyin ve ihtiyaçları …;;;
kuveyt-turk--kampanya-arsivi-kuveyt-turkten-turizm-sektorune-kfk-destekli-finansman;kuveyt-turk;odul_miktari;;;;;Ana Sayfa Kampanyalar Kampanya Arşivi Kuveyt Türk'ten Turizm Sektörüne KFK Destekli Finansman! KFK teminatı desteğiyle sunulan finansman paketiyle işletme sermayenizi rahatlatın, nakit akışınızı dengeleyin ve ihtiyaçları …;;;
kuveyt-turk--kampanya-arsivi-kuveyt-turkten-turizm-sektorune-kfk-destekli-finansman;kuveyt-turk;indirim_orani;;;;;Ana Sayfa Kampanyalar Kampanya Arşivi Kuveyt Türk'ten Turizm Sektörüne KFK Destekli Finansman! KFK teminatı desteğiyle sunulan finansman paketiyle işletme sermayenizi rahatlatın, nakit akışınızı dengeleyin ve ihtiyaçları …;;;
kuveyt-turk--kampanya-arsivi-kuveyt-turkten-turizm-sektorune-kfk-destekli-finansman;kuveyt-turk;alisveris_puani;;;;;Ana Sayfa Kampanyalar Kampanya Arşivi Kuveyt Türk'ten Turizm Sektörüne KFK Destekli Finansman! KFK teminatı desteğiyle sunulan finansman paketiyle işletme sermayenizi rahatlatın, nakit akışınızı dengeleyin ve ihtiyaçları …;;;
kuveyt-turk--kampanya-arsivi-kuveyt-turkten-turizm-sektorune-kfk-destekli-finansman;kuveyt-turk;hedef_kitle;;;;;Ana Sayfa Kampanyalar Kampanya Arşivi Kuveyt Türk'ten Turizm Sektörüne KFK Destekli Finansman! KFK teminatı desteğiyle sunulan finansman paketiyle işletme sermayenizi rahatlatın, nakit akışınızı dengeleyin ve ihtiyaçları …;;;
kuveyt-turk--kart-kampanyalari-dogtas-grubunda-5-aya-varan-taksit-imkani;kuveyt-turk;kar_payi_orani;;;;;Ana Sayfa Kampanyalar Kendim İçin Kart Kampanyaları Doğtaş Grubu'nda 5 Aya Varan Taksit İmkanı! Doğtaş Grubu'nda 5 Aya Varan Taksit İmkanı! Kampanya Tarihleri 13.10.2025 - 31.12.2026 Kampanyayı Paylaş Facebook'da paylaş …;;;
kuveyt-turk--kart-kampanyalari-dogtas-grubunda-5-aya-varan-taksit-imkani;kuveyt-turk;finansman_tutari;;;;;Ana Sayfa Kampanyalar Kendim İçin Kart Kampanyaları Doğtaş Grubu'nda 5 Aya Varan Taksit İmkanı! Doğtaş Grubu'nda 5 Aya Varan Taksit İmkanı! Kampanya Tarihleri 13.10.2025 - 31.12.2026 Kampanyayı Paylaş Facebook'da paylaş …;;;
kuveyt-turk--kart-kampanyalari-dogtas-grubunda-5-aya-varan-taksit-imkani;kuveyt-turk;taksit_sayisi;;;;;Ana Sayfa Kampanyalar Kendim İçin Kart Kampanyaları Doğtaş Grubu'nda 5 Aya Varan Taksit İmkanı! Doğtaş Grubu'nda 5 Aya Varan Taksit İmkanı! Kampanya Tarihleri 13.10.2025 - 31.12.2026 Kampanyayı Paylaş Facebook'da paylaş …;;;
kuveyt-turk--kart-kampanyalari-dogtas-grubunda-5-aya-varan-taksit-imkani;kuveyt-turk;tahsis_ucreti;;;;;Ana Sayfa Kampanyalar Kendim İçin Kart Kampanyaları Doğtaş Grubu'nda 5 Aya Varan Taksit İmkanı! Doğtaş Grubu'nda 5 Aya Varan Taksit İmkanı! Kampanya Tarihleri 13.10.2025 - 31.12.2026 Kampanyayı Paylaş Facebook'da paylaş …;;;
kuveyt-turk--kart-kampanyalari-dogtas-grubunda-5-aya-varan-taksit-imkani;kuveyt-turk;masraf_durumu;;;;;Ana Sayfa Kampanyalar Kendim İçin Kart Kampanyaları Doğtaş Grubu'nda 5 Aya Varan Taksit İmkanı! Doğtaş Grubu'nda 5 Aya Varan Taksit İmkanı! Kampanya Tarihleri 13.10.2025 - 31.12.2026 Kampanyayı Paylaş Facebook'da paylaş …;;;
kuveyt-turk--kart-kampanyalari-dogtas-grubunda-5-aya-varan-taksit-imkani;kuveyt-turk;odul_miktari;;;;;Ana Sayfa Kampanyalar Kendim İçin Kart Kampanyaları Doğtaş Grubu'nda 5 Aya Varan Taksit İmkanı! Doğtaş Grubu'nda 5 Aya Varan Taksit İmkanı! Kampanya Tarihleri 13.10.2025 - 31.12.2026 Kampanyayı Paylaş Facebook'da paylaş …;;;
kuveyt-turk--kart-kampanyalari-dogtas-grubunda-5-aya-varan-taksit-imkani;kuveyt-turk;indirim_orani;;;;;Ana Sayfa Kampanyalar Kendim İçin Kart Kampanyaları Doğtaş Grubu'nda 5 Aya Varan Taksit İmkanı! Doğtaş Grubu'nda 5 Aya Varan Taksit İmkanı! Kampanya Tarihleri 13.10.2025 - 31.12.2026 Kampanyayı Paylaş Facebook'da paylaş …;;;
kuveyt-turk--kart-kampanyalari-dogtas-grubunda-5-aya-varan-taksit-imkani;kuveyt-turk;alisveris_puani;;;;;Ana Sayfa Kampanyalar Kendim İçin Kart Kampanyaları Doğtaş Grubu'nda 5 Aya Varan Taksit İmkanı! Doğtaş Grubu'nda 5 Aya Varan Taksit İmkanı! Kampanya Tarihleri 13.10.2025 - 31.12.2026 Kampanyayı Paylaş Facebook'da paylaş …;;;
kuveyt-turk--kart-kampanyalari-dogtas-grubunda-5-aya-varan-taksit-imkani;kuveyt-turk;hedef_kitle;;;;;Ana Sayfa Kampanyalar Kendim İçin Kart Kampanyaları Doğtaş Grubu'nda 5 Aya Varan Taksit İmkanı! Doğtaş Grubu'nda 5 Aya Varan Taksit İmkanı! Kampanya Tarihleri 13.10.2025 - 31.12.2026 Kampanyayı Paylaş Facebook'da paylaş …;;;
kuveyt-turk--kart-kampanyalari-saglam-business-karttan-dev-kampanya-3-ay-erteleme-ve-349-oran;kuveyt-turk;tahsis_ucreti;;;;;Ana Sayfa Kampanyalar İşim İçin Kart Kampanyaları Sağlam Business Kart'tan Dev Kampanya 3 Ay Erteleme ve %3,49 Oranla 9 Taksit İmkanı! Sağlam Business Kartınızla harcamanızı 3 ay erteleme ve %3,49 oranla toplamda 9 taksi …;;;
kuveyt-turk--kart-kampanyalari-saglam-business-karttan-dev-kampanya-3-ay-erteleme-ve-349-oran;kuveyt-turk;masraf_durumu;;;;;Ana Sayfa Kampanyalar İşim İçin Kart Kampanyaları Sağlam Business Kart'tan Dev Kampanya 3 Ay Erteleme ve %3,49 Oranla 9 Taksit İmkanı! Sağlam Business Kartınızla harcamanızı 3 ay erteleme ve %3,49 oranla toplamda 9 taksi …;;;
kuveyt-turk--kart-kampanyalari-saglam-business-karttan-dev-kampanya-3-ay-erteleme-ve-349-oran;kuveyt-turk;indirim_orani;;;;;Ana Sayfa Kampanyalar İşim İçin Kart Kampanyaları Sağlam Business Kart'tan Dev Kampanya 3 Ay Erteleme ve %3,49 Oranla 9 Taksit İmkanı! Sağlam Business Kartınızla harcamanızı 3 ay erteleme ve %3,49 oranla toplamda 9 taksi …;;;
kuveyt-turk--kart-kampanyalari-saglam-business-karttan-dev-kampanya-3-ay-erteleme-ve-349-oran;kuveyt-turk;alisveris_puani;;;;;Ana Sayfa Kampanyalar İşim İçin Kart Kampanyaları Sağlam Business Kart'tan Dev Kampanya 3 Ay Erteleme ve %3,49 Oranla 9 Taksit İmkanı! Sağlam Business Kartınızla harcamanızı 3 ay erteleme ve %3,49 oranla toplamda 9 taksi …;;;
kuveyt-turk--kart-kampanyalari-saglam-business-karttan-dev-kampanya-3-ay-erteleme-ve-349-oran;kuveyt-turk;hedef_kitle;;;;;Ana Sayfa Kampanyalar İşim İçin Kart Kampanyaları Sağlam Business Kart'tan Dev Kampanya 3 Ay Erteleme ve %3,49 Oranla 9 Taksit İmkanı! Sağlam Business Kartınızla harcamanızı 3 ay erteleme ve %3,49 oranla toplamda 9 taksi …;;;
kuveyt-turk--katilma-hesaplari-ara-donem-kar-payi-odemeli-hesaplar;kuveyt-turk;finansman_tutari;;;;;Ana Sayfa Kendim İçin Hesaplar Katılma Hesapları Ara Dönem Kâr Payı Ödemeli Hesaplar Katılma Hesabı Dijital Katılma Hesabı Hoş Geldin Katılma Hesabı Sepet Hesap İncir Katılma Hesabı Ara Dönem Kâr Payı Ödemeli Hesaplar Yu …;;;
kuveyt-turk--katilma-hesaplari-ara-donem-kar-payi-odemeli-hesaplar;kuveyt-turk;taksit_sayisi;;;;;Ana Sayfa Kendim İçin Hesaplar Katılma Hesapları Ara Dönem Kâr Payı Ödemeli Hesaplar Katılma Hesabı Dijital Katılma Hesabı Hoş Geldin Katılma Hesabı Sepet Hesap İncir Katılma Hesabı Ara Dönem Kâr Payı Ödemeli Hesaplar Yu …;;;
kuveyt-turk--katilma-hesaplari-ara-donem-kar-payi-odemeli-hesaplar;kuveyt-turk;tahsis_ucreti;;;;;Ana Sayfa Kendim İçin Hesaplar Katılma Hesapları Ara Dönem Kâr Payı Ödemeli Hesaplar Katılma Hesabı Dijital Katılma Hesabı Hoş Geldin Katılma Hesabı Sepet Hesap İncir Katılma Hesabı Ara Dönem Kâr Payı Ödemeli Hesaplar Yu …;;;
kuveyt-turk--katilma-hesaplari-ara-donem-kar-payi-odemeli-hesaplar;kuveyt-turk;masraf_durumu;;;;;Ana Sayfa Kendim İçin Hesaplar Katılma Hesapları Ara Dönem Kâr Payı Ödemeli Hesaplar Katılma Hesabı Dijital Katılma Hesabı Hoş Geldin Katılma Hesabı Sepet Hesap İncir Katılma Hesabı Ara Dönem Kâr Payı Ödemeli Hesaplar Yu …;;;
kuveyt-turk--katilma-hesaplari-ara-donem-kar-payi-odemeli-hesaplar;kuveyt-turk;odul_miktari;;;;;Ana Sayfa Kendim İçin Hesaplar Katılma Hesapları Ara Dönem Kâr Payı Ödemeli Hesaplar Katılma Hesabı Dijital Katılma Hesabı Hoş Geldin Katılma Hesabı Sepet Hesap İncir Katılma Hesabı Ara Dönem Kâr Payı Ödemeli Hesaplar Yu …;;;
kuveyt-turk--katilma-hesaplari-ara-donem-kar-payi-odemeli-hesaplar;kuveyt-turk;indirim_orani;;;;;Ana Sayfa Kendim İçin Hesaplar Katılma Hesapları Ara Dönem Kâr Payı Ödemeli Hesaplar Katılma Hesabı Dijital Katılma Hesabı Hoş Geldin Katılma Hesabı Sepet Hesap İncir Katılma Hesabı Ara Dönem Kâr Payı Ödemeli Hesaplar Yu …;;;
kuveyt-turk--katilma-hesaplari-ara-donem-kar-payi-odemeli-hesaplar;kuveyt-turk;alisveris_puani;;;;;Ana Sayfa Kendim İçin Hesaplar Katılma Hesapları Ara Dönem Kâr Payı Ödemeli Hesaplar Katılma Hesabı Dijital Katılma Hesabı Hoş Geldin Katılma Hesabı Sepet Hesap İncir Katılma Hesabı Ara Dönem Kâr Payı Ödemeli Hesaplar Yu …;;;
kuveyt-turk--katilma-hesaplari-birikimli-katilma-hesabi;kuveyt-turk;taksit_sayisi;;;;;Ana Sayfa Kendim İçin Hesaplar Katılma Hesapları Birikimli Katılma Hesabı Katılma Hesabı Dijital Katılma Hesabı Hoş Geldin Katılma Hesabı Sepet Hesap İncir Katılma Hesabı Ara Dönem Kâr Payı Ödemeli Hesaplar Yuvam TL Katı …;;;
kuveyt-turk--katilma-hesaplari-birikimli-katilma-hesabi;kuveyt-turk;tahsis_ucreti;;;;;Ana Sayfa Kendim İçin Hesaplar Katılma Hesapları Birikimli Katılma Hesabı Katılma Hesabı Dijital Katılma Hesabı Hoş Geldin Katılma Hesabı Sepet Hesap İncir Katılma Hesabı Ara Dönem Kâr Payı Ödemeli Hesaplar Yuvam TL Katı …;;;
kuveyt-turk--katilma-hesaplari-birikimli-katilma-hesabi;kuveyt-turk;odul_miktari;;;;;Ana Sayfa Kendim İçin Hesaplar Katılma Hesapları Birikimli Katılma Hesabı Katılma Hesabı Dijital Katılma Hesabı Hoş Geldin Katılma Hesabı Sepet Hesap İncir Katılma Hesabı Ara Dönem Kâr Payı Ödemeli Hesaplar Yuvam TL Katı …;;;
kuveyt-turk--katilma-hesaplari-birikimli-katilma-hesabi;kuveyt-turk;indirim_orani;;;;;Ana Sayfa Kendim İçin Hesaplar Katılma Hesapları Birikimli Katılma Hesabı Katılma Hesabı Dijital Katılma Hesabı Hoş Geldin Katılma Hesabı Sepet Hesap İncir Katılma Hesabı Ara Dönem Kâr Payı Ödemeli Hesaplar Yuvam TL Katı …;;;
kuveyt-turk--katilma-hesaplari-birikimli-katilma-hesabi;kuveyt-turk;alisveris_puani;;;;;Ana Sayfa Kendim İçin Hesaplar Katılma Hesapları Birikimli Katılma Hesabı Katılma Hesabı Dijital Katılma Hesabı Hoş Geldin Katılma Hesabı Sepet Hesap İncir Katılma Hesabı Ara Dönem Kâr Payı Ödemeli Hesaplar Yuvam TL Katı …;;;
kuveyt-turk--konut;kuveyt-turk;finansman_tutari;;;;;Konut Finansmanı Kampanyası. Kuveyt Türk ile hayalinizdeki eve kavuşun. Konut finansmanında kâr payı oranı %1,89'dan başlayan oranlarla, 120 aya kadar vade imkânı. Tahsis ücreti 750 TL. Kampanya 31.12.2026 tarihine kadar …;;;
kuveyt-turk--konut;kuveyt-turk;taksit_sayisi;;;;;Konut Finansmanı Kampanyası. Kuveyt Türk ile hayalinizdeki eve kavuşun. Konut finansmanında kâr payı oranı %1,89'dan başlayan oranlarla, 120 aya kadar vade imkânı. Tahsis ücreti 750 TL. Kampanya 31.12.2026 tarihine kadar …;;;
kuveyt-turk--konut;kuveyt-turk;odul_miktari;;;;;Konut Finansmanı Kampanyası. Kuveyt Türk ile hayalinizdeki eve kavuşun. Konut finansmanında kâr payı oranı %1,89'dan başlayan oranlarla, 120 aya kadar vade imkânı. Tahsis ücreti 750 TL. Kampanya 31.12.2026 tarihine kadar …;;;
kuveyt-turk--konut;kuveyt-turk;indirim_orani;;;;;Konut Finansmanı Kampanyası. Kuveyt Türk ile hayalinizdeki eve kavuşun. Konut finansmanında kâr payı oranı %1,89'dan başlayan oranlarla, 120 aya kadar vade imkânı. Tahsis ücreti 750 TL. Kampanya 31.12.2026 tarihine kadar …;;;
kuveyt-turk--konut;kuveyt-turk;alisveris_puani;;;;;Konut Finansmanı Kampanyası. Kuveyt Türk ile hayalinizdeki eve kavuşun. Konut finansmanında kâr payı oranı %1,89'dan başlayan oranlarla, 120 aya kadar vade imkânı. Tahsis ücreti 750 TL. Kampanya 31.12.2026 tarihine kadar …;;;
kuveyt-turk--konut;kuveyt-turk;kampanya_kosullari;;;;;Konut Finansmanı Kampanyası. Kuveyt Türk ile hayalinizdeki eve kavuşun. Konut finansmanında kâr payı oranı %1,89'dan başlayan oranlarla, 120 aya kadar vade imkânı. Tahsis ücreti 750 TL. Kampanya 31.12.2026 tarihine kadar …;;;
kuveyt-turk--konut;kuveyt-turk;hedef_kitle;;;;;Konut Finansmanı Kampanyası. Kuveyt Türk ile hayalinizdeki eve kavuşun. Konut finansmanında kâr payı oranı %1,89'dan başlayan oranlarla, 120 aya kadar vade imkânı. Tahsis ücreti 750 TL. Kampanya 31.12.2026 tarihine kadar …;;;
kuveyt-turk--medium-bireysel-finansman-talebi-onay-ve-bilgilendirme-fo-4013-pdf;kuveyt-turk;kar_payi_orani;;;;;KUVEYT TÜRK KATILIM BANKASI A.Ş. | Büyükdere Street No: 129/1 Esentepe / Şişli / Istanbul. Mersis No: 0600002681400074 | kuveytturk@hs03.kep.tr | www.kuveytturk.com.tr | Tel: 444 0 123 Activity: Any Activity Allowed Unde …;;;
kuveyt-turk--medium-bireysel-finansman-talebi-onay-ve-bilgilendirme-fo-4013-pdf;kuveyt-turk;finansman_tutari;;;;;KUVEYT TÜRK KATILIM BANKASI A.Ş. | Büyükdere Street No: 129/1 Esentepe / Şişli / Istanbul. Mersis No: 0600002681400074 | kuveytturk@hs03.kep.tr | www.kuveytturk.com.tr | Tel: 444 0 123 Activity: Any Activity Allowed Unde …;;;
kuveyt-turk--medium-bireysel-finansman-talebi-onay-ve-bilgilendirme-fo-4013-pdf;kuveyt-turk;taksit_sayisi;;;;;KUVEYT TÜRK KATILIM BANKASI A.Ş. | Büyükdere Street No: 129/1 Esentepe / Şişli / Istanbul. Mersis No: 0600002681400074 | kuveytturk@hs03.kep.tr | www.kuveytturk.com.tr | Tel: 444 0 123 Activity: Any Activity Allowed Unde …;;;
kuveyt-turk--medium-bireysel-finansman-talebi-onay-ve-bilgilendirme-fo-4013-pdf;kuveyt-turk;odul_miktari;;;;;KUVEYT TÜRK KATILIM BANKASI A.Ş. | Büyükdere Street No: 129/1 Esentepe / Şişli / Istanbul. Mersis No: 0600002681400074 | kuveytturk@hs03.kep.tr | www.kuveytturk.com.tr | Tel: 444 0 123 Activity: Any Activity Allowed Unde …;;;
kuveyt-turk--medium-bireysel-finansman-talebi-onay-ve-bilgilendirme-fo-4013-pdf;kuveyt-turk;indirim_orani;;;;;KUVEYT TÜRK KATILIM BANKASI A.Ş. | Büyükdere Street No: 129/1 Esentepe / Şişli / Istanbul. Mersis No: 0600002681400074 | kuveytturk@hs03.kep.tr | www.kuveytturk.com.tr | Tel: 444 0 123 Activity: Any Activity Allowed Unde …;;;
kuveyt-turk--medium-bireysel-finansman-talebi-onay-ve-bilgilendirme-fo-4013-pdf;kuveyt-turk;alisveris_puani;;;;;KUVEYT TÜRK KATILIM BANKASI A.Ş. | Büyükdere Street No: 129/1 Esentepe / Şişli / Istanbul. Mersis No: 0600002681400074 | kuveytturk@hs03.kep.tr | www.kuveytturk.com.tr | Tel: 444 0 123 Activity: Any Activity Allowed Unde …;;;
kuveyt-turk--medium-bireysel-finansman-talebi-onay-ve-bilgilendirme-fo-4013-pdf;kuveyt-turk;hedef_kitle;;;;;KUVEYT TÜRK KATILIM BANKASI A.Ş. | Büyükdere Street No: 129/1 Esentepe / Şişli / Istanbul. Mersis No: 0600002681400074 | kuveytturk@hs03.kep.tr | www.kuveytturk.com.tr | Tel: 444 0 123 Activity: Any Activity Allowed Unde …;;;
tom-katilim--kampanyalar-giyim-alisverislerinde-kampanya;tom-katilim;kar_payi_orani;;;;;TOM Bank Hadi Hadi Kazan Kampanyalar Giyim Alışverişlerinde Vade Farksız 3 Taksit! Çok Kazananlar Kulübü'ne özel vade farksız 6 Taksit! Hemen İndir Hemen İndir Giyim Alışverişlerinde Vade Farksız 3 Taksit! Çok Kazananlar …;;;
tom-katilim--kampanyalar-giyim-alisverislerinde-kampanya;tom-katilim;finansman_tutari;;;;;TOM Bank Hadi Hadi Kazan Kampanyalar Giyim Alışverişlerinde Vade Farksız 3 Taksit! Çok Kazananlar Kulübü'ne özel vade farksız 6 Taksit! Hemen İndir Hemen İndir Giyim Alışverişlerinde Vade Farksız 3 Taksit! Çok Kazananlar …;;;
tom-katilim--kampanyalar-giyim-alisverislerinde-kampanya;tom-katilim;tahsis_ucreti;;;;;TOM Bank Hadi Hadi Kazan Kampanyalar Giyim Alışverişlerinde Vade Farksız 3 Taksit! Çok Kazananlar Kulübü'ne özel vade farksız 6 Taksit! Hemen İndir Hemen İndir Giyim Alışverişlerinde Vade Farksız 3 Taksit! Çok Kazananlar …;;;
tom-katilim--kampanyalar-giyim-alisverislerinde-kampanya;tom-katilim;masraf_durumu;;;;;TOM Bank Hadi Hadi Kazan Kampanyalar Giyim Alışverişlerinde Vade Farksız 3 Taksit! Çok Kazananlar Kulübü'ne özel vade farksız 6 Taksit! Hemen İndir Hemen İndir Giyim Alışverişlerinde Vade Farksız 3 Taksit! Çok Kazananlar …;;;
tom-katilim--kampanyalar-giyim-alisverislerinde-kampanya;tom-katilim;indirim_orani;;;;;TOM Bank Hadi Hadi Kazan Kampanyalar Giyim Alışverişlerinde Vade Farksız 3 Taksit! Çok Kazananlar Kulübü'ne özel vade farksız 6 Taksit! Hemen İndir Hemen İndir Giyim Alışverişlerinde Vade Farksız 3 Taksit! Çok Kazananlar …;;;
tom-katilim--kampanyalar-giyim-alisverislerinde-kampanya;tom-katilim;alisveris_puani;;;;;TOM Bank Hadi Hadi Kazan Kampanyalar Giyim Alışverişlerinde Vade Farksız 3 Taksit! Çok Kazananlar Kulübü'ne özel vade farksız 6 Taksit! Hemen İndir Hemen İndir Giyim Alışverişlerinde Vade Farksız 3 Taksit! Çok Kazananlar …;;;
tom-katilim--kampanyalar-giyim-alisverislerinde-kampanya;tom-katilim;hedef_kitle;;;;;TOM Bank Hadi Hadi Kazan Kampanyalar Giyim Alışverişlerinde Vade Farksız 3 Taksit! Çok Kazananlar Kulübü'ne özel vade farksız 6 Taksit! Hemen İndir Hemen İndir Giyim Alışverişlerinde Vade Farksız 3 Taksit! Çok Kazananlar …;;;
turkiye-emlak-katilim--kampanya-akaryakit-harcamalariniza-300-tl-parafpara;turkiye-emlak-katilim;kar_payi_orani;;;;;Türkiye Emlak Katılım Bankası A.Ş. internet sitesini ziyaretiniz esnasında kullanılabilecek çerezler ve benzeri teknolojiler hakkında bilgi vermek amacıyla işbu Çerez Politikası'nı hazırlanmıştır. Ana sayfa Bireysel Kamp …;;;
turkiye-emlak-katilim--kampanya-akaryakit-harcamalariniza-300-tl-parafpara;turkiye-emlak-katilim;finansman_tutari;;;;;Türkiye Emlak Katılım Bankası A.Ş. internet sitesini ziyaretiniz esnasında kullanılabilecek çerezler ve benzeri teknolojiler hakkında bilgi vermek amacıyla işbu Çerez Politikası'nı hazırlanmıştır. Ana sayfa Bireysel Kamp …;;;
turkiye-emlak-katilim--kampanya-akaryakit-harcamalariniza-300-tl-parafpara;turkiye-emlak-katilim;vade_ay;;;;;Türkiye Emlak Katılım Bankası A.Ş. internet sitesini ziyaretiniz esnasında kullanılabilecek çerezler ve benzeri teknolojiler hakkında bilgi vermek amacıyla işbu Çerez Politikası'nı hazırlanmıştır. Ana sayfa Bireysel Kamp …;;;
turkiye-emlak-katilim--kampanya-akaryakit-harcamalariniza-300-tl-parafpara;turkiye-emlak-katilim;taksit_sayisi;;;;;Türkiye Emlak Katılım Bankası A.Ş. internet sitesini ziyaretiniz esnasında kullanılabilecek çerezler ve benzeri teknolojiler hakkında bilgi vermek amacıyla işbu Çerez Politikası'nı hazırlanmıştır. Ana sayfa Bireysel Kamp …;;;
turkiye-emlak-katilim--kampanya-akaryakit-harcamalariniza-300-tl-parafpara;turkiye-emlak-katilim;tahsis_ucreti;;;;;Türkiye Emlak Katılım Bankası A.Ş. internet sitesini ziyaretiniz esnasında kullanılabilecek çerezler ve benzeri teknolojiler hakkında bilgi vermek amacıyla işbu Çerez Politikası'nı hazırlanmıştır. Ana sayfa Bireysel Kamp …;;;
turkiye-emlak-katilim--kampanya-akaryakit-harcamalariniza-300-tl-parafpara;turkiye-emlak-katilim;indirim_orani;;;;;Türkiye Emlak Katılım Bankası A.Ş. internet sitesini ziyaretiniz esnasında kullanılabilecek çerezler ve benzeri teknolojiler hakkında bilgi vermek amacıyla işbu Çerez Politikası'nı hazırlanmıştır. Ana sayfa Bireysel Kamp …;;;
turkiye-emlak-katilim--kampanya-akaryakit-harcamalariniza-300-tl-parafpara;turkiye-emlak-katilim;hedef_kitle;;;;;Türkiye Emlak Katılım Bankası A.Ş. internet sitesini ziyaretiniz esnasında kullanılabilecek çerezler ve benzeri teknolojiler hakkında bilgi vermek amacıyla işbu Çerez Politikası'nı hazırlanmıştır. Ana sayfa Bireysel Kamp …;;;
turkiye-emlak-katilim--kampanya-elektrikli-arac-sarj-istasyonu-harcamalariniza-200-tl-parafpara;turkiye-emlak-katilim;kar_payi_orani;;;;;Türkiye Emlak Katılım Bankası A.Ş. internet sitesini ziyaretiniz esnasında kullanılabilecek çerezler ve benzeri teknolojiler hakkında bilgi vermek amacıyla işbu Çerez Politikası'nı hazırlanmıştır. Ana sayfa Bireysel Kamp …;;;
turkiye-emlak-katilim--kampanya-elektrikli-arac-sarj-istasyonu-harcamalariniza-200-tl-parafpara;turkiye-emlak-katilim;finansman_tutari;;;;;Türkiye Emlak Katılım Bankası A.Ş. internet sitesini ziyaretiniz esnasında kullanılabilecek çerezler ve benzeri teknolojiler hakkında bilgi vermek amacıyla işbu Çerez Politikası'nı hazırlanmıştır. Ana sayfa Bireysel Kamp …;;;
turkiye-emlak-katilim--kampanya-elektrikli-arac-sarj-istasyonu-harcamalariniza-200-tl-parafpara;turkiye-emlak-katilim;vade_ay;;;;;Türkiye Emlak Katılım Bankası A.Ş. internet sitesini ziyaretiniz esnasında kullanılabilecek çerezler ve benzeri teknolojiler hakkında bilgi vermek amacıyla işbu Çerez Politikası'nı hazırlanmıştır. Ana sayfa Bireysel Kamp …;;;
turkiye-emlak-katilim--kampanya-elektrikli-arac-sarj-istasyonu-harcamalariniza-200-tl-parafpara;turkiye-emlak-katilim;taksit_sayisi;;;;;Türkiye Emlak Katılım Bankası A.Ş. internet sitesini ziyaretiniz esnasında kullanılabilecek çerezler ve benzeri teknolojiler hakkında bilgi vermek amacıyla işbu Çerez Politikası'nı hazırlanmıştır. Ana sayfa Bireysel Kamp …;;;
turkiye-emlak-katilim--kampanya-elektrikli-arac-sarj-istasyonu-harcamalariniza-200-tl-parafpara;turkiye-emlak-katilim;tahsis_ucreti;;;;;Türkiye Emlak Katılım Bankası A.Ş. internet sitesini ziyaretiniz esnasında kullanılabilecek çerezler ve benzeri teknolojiler hakkında bilgi vermek amacıyla işbu Çerez Politikası'nı hazırlanmıştır. Ana sayfa Bireysel Kamp …;;;
turkiye-emlak-katilim--kampanya-elektrikli-arac-sarj-istasyonu-harcamalariniza-200-tl-parafpara;turkiye-emlak-katilim;indirim_orani;;;;;Türkiye Emlak Katılım Bankası A.Ş. internet sitesini ziyaretiniz esnasında kullanılabilecek çerezler ve benzeri teknolojiler hakkında bilgi vermek amacıyla işbu Çerez Politikası'nı hazırlanmıştır. Ana sayfa Bireysel Kamp …;;;
turkiye-emlak-katilim--kampanya-elektrikli-arac-sarj-istasyonu-harcamalariniza-200-tl-parafpara;turkiye-emlak-katilim;hedef_kitle;;;;;Türkiye Emlak Katılım Bankası A.Ş. internet sitesini ziyaretiniz esnasında kullanılabilecek çerezler ve benzeri teknolojiler hakkında bilgi vermek amacıyla işbu Çerez Politikası'nı hazırlanmıştır. Ana sayfa Bireysel Kamp …;;;
turkiye-emlak-katilim--kartlar-kredi-karti;turkiye-emlak-katilim;finansman_tutari;;;;;Türkiye Emlak Katılım Bankası A.Ş. internet sitesini ziyaretiniz esnasında kullanılabilecek çerezler ve benzeri teknolojiler hakkında bilgi vermek amacıyla işbu Çerez Politikası'nı hazırlanmıştır. Emlak Katılım Paraf Kre …;;;
turkiye-emlak-katilim--kartlar-kredi-karti;turkiye-emlak-katilim;vade_ay;;;;;Türkiye Emlak Katılım Bankası A.Ş. internet sitesini ziyaretiniz esnasında kullanılabilecek çerezler ve benzeri teknolojiler hakkında bilgi vermek amacıyla işbu Çerez Politikası'nı hazırlanmıştır. Emlak Katılım Paraf Kre …;;;
turkiye-emlak-katilim--kartlar-kredi-karti;turkiye-emlak-katilim;taksit_sayisi;;;;;Türkiye Emlak Katılım Bankası A.Ş. internet sitesini ziyaretiniz esnasında kullanılabilecek çerezler ve benzeri teknolojiler hakkında bilgi vermek amacıyla işbu Çerez Politikası'nı hazırlanmıştır. Emlak Katılım Paraf Kre …;;;
turkiye-emlak-katilim--kartlar-kredi-karti;turkiye-emlak-katilim;tahsis_ucreti;;;;;Türkiye Emlak Katılım Bankası A.Ş. internet sitesini ziyaretiniz esnasında kullanılabilecek çerezler ve benzeri teknolojiler hakkında bilgi vermek amacıyla işbu Çerez Politikası'nı hazırlanmıştır. Emlak Katılım Paraf Kre …;;;
turkiye-emlak-katilim--kartlar-kredi-karti;turkiye-emlak-katilim;masraf_durumu;;;;;Türkiye Emlak Katılım Bankası A.Ş. internet sitesini ziyaretiniz esnasında kullanılabilecek çerezler ve benzeri teknolojiler hakkında bilgi vermek amacıyla işbu Çerez Politikası'nı hazırlanmıştır. Emlak Katılım Paraf Kre …;;;
turkiye-emlak-katilim--kartlar-kredi-karti;turkiye-emlak-katilim;odul_miktari;;;;;Türkiye Emlak Katılım Bankası A.Ş. internet sitesini ziyaretiniz esnasında kullanılabilecek çerezler ve benzeri teknolojiler hakkında bilgi vermek amacıyla işbu Çerez Politikası'nı hazırlanmıştır. Emlak Katılım Paraf Kre …;;;
turkiye-emlak-katilim--kartlar-kredi-karti;turkiye-emlak-katilim;indirim_orani;;;;;Türkiye Emlak Katılım Bankası A.Ş. internet sitesini ziyaretiniz esnasında kullanılabilecek çerezler ve benzeri teknolojiler hakkında bilgi vermek amacıyla işbu Çerez Politikası'nı hazırlanmıştır. Emlak Katılım Paraf Kre …;;;
turkiye-emlak-katilim--kartlar-kredi-karti;turkiye-emlak-katilim;alisveris_puani;;;;;Türkiye Emlak Katılım Bankası A.Ş. internet sitesini ziyaretiniz esnasında kullanılabilecek çerezler ve benzeri teknolojiler hakkında bilgi vermek amacıyla işbu Çerez Politikası'nı hazırlanmıştır. Emlak Katılım Paraf Kre …;;;
turkiye-emlak-katilim--kartlar-kredi-karti;turkiye-emlak-katilim;hedef_kitle;;;;;Türkiye Emlak Katılım Bankası A.Ş. internet sitesini ziyaretiniz esnasında kullanılabilecek çerezler ve benzeri teknolojiler hakkında bilgi vermek amacıyla işbu Çerez Politikası'nı hazırlanmıştır. Emlak Katılım Paraf Kre …;;;
turkiye-emlak-katilim--katilma-hesaplari-zumrut-katilma-hesabi;turkiye-emlak-katilim;kar_payi_orani;;;;;Türkiye Emlak Katılım Bankası A.Ş. internet sitesini ziyaretiniz esnasında kullanılabilecek çerezler ve benzeri teknolojiler hakkında bilgi vermek amacıyla işbu Çerez Politikası'nı hazırlanmıştır. Zümrüt Katılma Hesabı A …;;;
turkiye-emlak-katilim--katilma-hesaplari-zumrut-katilma-hesabi;turkiye-emlak-katilim;taksit_sayisi;;;;;Türkiye Emlak Katılım Bankası A.Ş. internet sitesini ziyaretiniz esnasında kullanılabilecek çerezler ve benzeri teknolojiler hakkında bilgi vermek amacıyla işbu Çerez Politikası'nı hazırlanmıştır. Zümrüt Katılma Hesabı A …;;;
turkiye-emlak-katilim--katilma-hesaplari-zumrut-katilma-hesabi;turkiye-emlak-katilim;tahsis_ucreti;;;;;Türkiye Emlak Katılım Bankası A.Ş. internet sitesini ziyaretiniz esnasında kullanılabilecek çerezler ve benzeri teknolojiler hakkında bilgi vermek amacıyla işbu Çerez Politikası'nı hazırlanmıştır. Zümrüt Katılma Hesabı A …;;;
turkiye-emlak-katilim--katilma-hesaplari-zumrut-katilma-hesabi;turkiye-emlak-katilim;masraf_durumu;;;;;Türkiye Emlak Katılım Bankası A.Ş. internet sitesini ziyaretiniz esnasında kullanılabilecek çerezler ve benzeri teknolojiler hakkında bilgi vermek amacıyla işbu Çerez Politikası'nı hazırlanmıştır. Zümrüt Katılma Hesabı A …;;;
turkiye-emlak-katilim--katilma-hesaplari-zumrut-katilma-hesabi;turkiye-emlak-katilim;odul_miktari;;;;;Türkiye Emlak Katılım Bankası A.Ş. internet sitesini ziyaretiniz esnasında kullanılabilecek çerezler ve benzeri teknolojiler hakkında bilgi vermek amacıyla işbu Çerez Politikası'nı hazırlanmıştır. Zümrüt Katılma Hesabı A …;;;
turkiye-emlak-katilim--katilma-hesaplari-zumrut-katilma-hesabi;turkiye-emlak-katilim;indirim_orani;;;;;Türkiye Emlak Katılım Bankası A.Ş. internet sitesini ziyaretiniz esnasında kullanılabilecek çerezler ve benzeri teknolojiler hakkında bilgi vermek amacıyla işbu Çerez Politikası'nı hazırlanmıştır. Zümrüt Katılma Hesabı A …;;;
turkiye-emlak-katilim--katilma-hesaplari-zumrut-katilma-hesabi;turkiye-emlak-katilim;alisveris_puani;;;;;Türkiye Emlak Katılım Bankası A.Ş. internet sitesini ziyaretiniz esnasında kullanılabilecek çerezler ve benzeri teknolojiler hakkında bilgi vermek amacıyla işbu Çerez Politikası'nı hazırlanmıştır. Zümrüt Katılma Hesabı A …;;;
turkiye-emlak-katilim--katilma-hesaplari-zumrut-katilma-hesabi;turkiye-emlak-katilim;kampanya_suresi;;;;;Türkiye Emlak Katılım Bankası A.Ş. internet sitesini ziyaretiniz esnasında kullanılabilecek çerezler ve benzeri teknolojiler hakkında bilgi vermek amacıyla işbu Çerez Politikası'nı hazırlanmıştır. Zümrüt Katılma Hesabı A …;;;
turkiye-emlak-katilim--katilma-hesaplari-zumrut-katilma-hesabi;turkiye-emlak-katilim;hedef_kitle;;;;;Türkiye Emlak Katılım Bankası A.Ş. internet sitesini ziyaretiniz esnasında kullanılabilecek çerezler ve benzeri teknolojiler hakkında bilgi vermek amacıyla işbu Çerez Politikası'nı hazırlanmıştır. Zümrüt Katılma Hesabı A …;;;
turkiye-emlak-katilim--nakdi-finansman-cevreci-ihracat-finansmani;turkiye-emlak-katilim;kar_payi_orani;;;;;Türkiye Emlak Katılım Bankası A.Ş. internet sitesini ziyaretiniz esnasında kullanılabilecek çerezler ve benzeri teknolojiler hakkında bilgi vermek amacıyla işbu Çerez Politikası'nı hazırlanmıştır. Çevreci İhracat Finansm …;;;
turkiye-emlak-katilim--nakdi-finansman-cevreci-ihracat-finansmani;turkiye-emlak-katilim;taksit_sayisi;;;;;Türkiye Emlak Katılım Bankası A.Ş. internet sitesini ziyaretiniz esnasında kullanılabilecek çerezler ve benzeri teknolojiler hakkında bilgi vermek amacıyla işbu Çerez Politikası'nı hazırlanmıştır. Çevreci İhracat Finansm …;;;
turkiye-emlak-katilim--nakdi-finansman-cevreci-ihracat-finansmani;turkiye-emlak-katilim;tahsis_ucreti;;;;;Türkiye Emlak Katılım Bankası A.Ş. internet sitesini ziyaretiniz esnasında kullanılabilecek çerezler ve benzeri teknolojiler hakkında bilgi vermek amacıyla işbu Çerez Politikası'nı hazırlanmıştır. Çevreci İhracat Finansm …;;;
turkiye-emlak-katilim--nakdi-finansman-cevreci-ihracat-finansmani;turkiye-emlak-katilim;masraf_durumu;;;;;Türkiye Emlak Katılım Bankası A.Ş. internet sitesini ziyaretiniz esnasında kullanılabilecek çerezler ve benzeri teknolojiler hakkında bilgi vermek amacıyla işbu Çerez Politikası'nı hazırlanmıştır. Çevreci İhracat Finansm …;;;
turkiye-emlak-katilim--nakdi-finansman-cevreci-ihracat-finansmani;turkiye-emlak-katilim;odul_miktari;;;;;Türkiye Emlak Katılım Bankası A.Ş. internet sitesini ziyaretiniz esnasında kullanılabilecek çerezler ve benzeri teknolojiler hakkında bilgi vermek amacıyla işbu Çerez Politikası'nı hazırlanmıştır. Çevreci İhracat Finansm …;;;
turkiye-emlak-katilim--nakdi-finansman-cevreci-ihracat-finansmani;turkiye-emlak-katilim;alisveris_puani;;;;;Türkiye Emlak Katılım Bankası A.Ş. internet sitesini ziyaretiniz esnasında kullanılabilecek çerezler ve benzeri teknolojiler hakkında bilgi vermek amacıyla işbu Çerez Politikası'nı hazırlanmıştır. Çevreci İhracat Finansm …;;;
turkiye-emlak-katilim--nakdi-finansman-cevreci-ihracat-finansmani;turkiye-emlak-katilim;kampanya_suresi;;;;;Türkiye Emlak Katılım Bankası A.Ş. internet sitesini ziyaretiniz esnasında kullanılabilecek çerezler ve benzeri teknolojiler hakkında bilgi vermek amacıyla işbu Çerez Politikası'nı hazırlanmıştır. Çevreci İhracat Finansm …;;;
turkiye-emlak-katilim--nakdi-finansman-cevreci-ihracat-finansmani;turkiye-emlak-katilim;kampanya_kosullari;;;;;Türkiye Emlak Katılım Bankası A.Ş. internet sitesini ziyaretiniz esnasında kullanılabilecek çerezler ve benzeri teknolojiler hakkında bilgi vermek amacıyla işbu Çerez Politikası'nı hazırlanmıştır. Çevreci İhracat Finansm …;;;
turkiye-emlak-katilim--nakdi-finansman-cevreci-ihracat-finansmani;turkiye-emlak-katilim;hedef_kitle;;;;;Türkiye Emlak Katılım Bankası A.Ş. internet sitesini ziyaretiniz esnasında kullanılabilecek çerezler ve benzeri teknolojiler hakkında bilgi vermek amacıyla işbu Çerez Politikası'nı hazırlanmıştır. Çevreci İhracat Finansm …;;;
turkiye-emlak-katilim--qr-kredi-karti-uyelik-sozlesmesi-pdf;turkiye-emlak-katilim;finansman_tutari;;;;;"1 SOZ.0190.02 Gizlilik Derecesi: Açık TÜRKİYE EMLAK KATILIM BANKASI A.Ş. KREDİ KARTI ÜYELİK SÖZLEŞMESİ Bir tarafta TÜRKİYE EMLAK KATILIM BANKASI A.Ş. (""Banka"" olarak anılacaktır) ile diğer tarafta, KART HAMİLİ / EK KART …";;;
turkiye-emlak-katilim--qr-kredi-karti-uyelik-sozlesmesi-pdf;turkiye-emlak-katilim;taksit_sayisi;;;;;"1 SOZ.0190.02 Gizlilik Derecesi: Açık TÜRKİYE EMLAK KATILIM BANKASI A.Ş. KREDİ KARTI ÜYELİK SÖZLEŞMESİ Bir tarafta TÜRKİYE EMLAK KATILIM BANKASI A.Ş. (""Banka"" olarak anılacaktır) ile diğer tarafta, KART HAMİLİ / EK KART …";;;
turkiye-emlak-katilim--qr-kredi-karti-uyelik-sozlesmesi-pdf;turkiye-emlak-katilim;tahsis_ucreti;;;;;"1 SOZ.0190.02 Gizlilik Derecesi: Açık TÜRKİYE EMLAK KATILIM BANKASI A.Ş. KREDİ KARTI ÜYELİK SÖZLEŞMESİ Bir tarafta TÜRKİYE EMLAK KATILIM BANKASI A.Ş. (""Banka"" olarak anılacaktır) ile diğer tarafta, KART HAMİLİ / EK KART …";;;
turkiye-emlak-katilim--qr-kredi-karti-uyelik-sozlesmesi-pdf;turkiye-emlak-katilim;odul_miktari;;;;;"1 SOZ.0190.02 Gizlilik Derecesi: Açık TÜRKİYE EMLAK KATILIM BANKASI A.Ş. KREDİ KARTI ÜYELİK SÖZLEŞMESİ Bir tarafta TÜRKİYE EMLAK KATILIM BANKASI A.Ş. (""Banka"" olarak anılacaktır) ile diğer tarafta, KART HAMİLİ / EK KART …";;;
turkiye-emlak-katilim--qr-kredi-karti-uyelik-sozlesmesi-pdf;turkiye-emlak-katilim;indirim_orani;;;;;"1 SOZ.0190.02 Gizlilik Derecesi: Açık TÜRKİYE EMLAK KATILIM BANKASI A.Ş. KREDİ KARTI ÜYELİK SÖZLEŞMESİ Bir tarafta TÜRKİYE EMLAK KATILIM BANKASI A.Ş. (""Banka"" olarak anılacaktır) ile diğer tarafta, KART HAMİLİ / EK KART …";;;
turkiye-emlak-katilim--qr-kredi-karti-uyelik-sozlesmesi-pdf;turkiye-emlak-katilim;kampanya_suresi;;;;;"1 SOZ.0190.02 Gizlilik Derecesi: Açık TÜRKİYE EMLAK KATILIM BANKASI A.Ş. KREDİ KARTI ÜYELİK SÖZLEŞMESİ Bir tarafta TÜRKİYE EMLAK KATILIM BANKASI A.Ş. (""Banka"" olarak anılacaktır) ile diğer tarafta, KART HAMİLİ / EK KART …";;;
turkiye-finans--kampanyalar-biten-kampanyalar;turkiye-finans;taksit_sayisi;;;;;Navigasyonu görüntüle İçeriği görüntüle GÜNCELLE Çerez Politikası ve 6698 sayılı Kişisel Verilerin Korunması Kanunu kapsamında Bankamız ile paylaşmış olduğunuz kişisel verileriniz ile ilgili detaylı bilgiye Kişisel Veril …;;;
turkiye-finans--kampanyalar-biten-kampanyalar;turkiye-finans;tahsis_ucreti;;;;;Navigasyonu görüntüle İçeriği görüntüle GÜNCELLE Çerez Politikası ve 6698 sayılı Kişisel Verilerin Korunması Kanunu kapsamında Bankamız ile paylaşmış olduğunuz kişisel verileriniz ile ilgili detaylı bilgiye Kişisel Veril …;;;
turkiye-finans--kampanyalar-biten-kampanyalar;turkiye-finans;indirim_orani;;;;;Navigasyonu görüntüle İçeriği görüntüle GÜNCELLE Çerez Politikası ve 6698 sayılı Kişisel Verilerin Korunması Kanunu kapsamında Bankamız ile paylaşmış olduğunuz kişisel verileriniz ile ilgili detaylı bilgiye Kişisel Veril …;;;
turkiye-finans--kampanyalar-biten-kampanyalar;turkiye-finans;alisveris_puani;;;;;Navigasyonu görüntüle İçeriği görüntüle GÜNCELLE Çerez Politikası ve 6698 sayılı Kişisel Verilerin Korunması Kanunu kapsamında Bankamız ile paylaşmış olduğunuz kişisel verileriniz ile ilgili detaylı bilgiye Kişisel Veril …;;;
turkiye-finans--kampanyalar-biten-kampanyalar;turkiye-finans;kampanya_suresi;;;;;Navigasyonu görüntüle İçeriği görüntüle GÜNCELLE Çerez Politikası ve 6698 sayılı Kişisel Verilerin Korunması Kanunu kapsamında Bankamız ile paylaşmış olduğunuz kişisel verileriniz ile ilgili detaylı bilgiye Kişisel Veril …;;;
turkiye-finans--katilma-hesaplari-e-katilma-hesabi;turkiye-finans;kar_payi_orani;;;;;Navigasyonu görüntüle İçeriği görüntüle GÜNCELLE Çerez Politikası ve 6698 sayılı Kişisel Verilerin Korunması Kanunu kapsamında Bankamız ile paylaşmış olduğunuz kişisel verileriniz ile ilgili detaylı bilgiye Kişisel Veril …;;;
turkiye-finans--katilma-hesaplari-e-katilma-hesabi;turkiye-finans;finansman_tutari;;;;;Navigasyonu görüntüle İçeriği görüntüle GÜNCELLE Çerez Politikası ve 6698 sayılı Kişisel Verilerin Korunması Kanunu kapsamında Bankamız ile paylaşmış olduğunuz kişisel verileriniz ile ilgili detaylı bilgiye Kişisel Veril …;;;
turkiye-finans--katilma-hesaplari-e-katilma-hesabi;turkiye-finans;taksit_sayisi;;;;;Navigasyonu görüntüle İçeriği görüntüle GÜNCELLE Çerez Politikası ve 6698 sayılı Kişisel Verilerin Korunması Kanunu kapsamında Bankamız ile paylaşmış olduğunuz kişisel verileriniz ile ilgili detaylı bilgiye Kişisel Veril …;;;
turkiye-finans--katilma-hesaplari-e-katilma-hesabi;turkiye-finans;tahsis_ucreti;;;;;Navigasyonu görüntüle İçeriği görüntüle GÜNCELLE Çerez Politikası ve 6698 sayılı Kişisel Verilerin Korunması Kanunu kapsamında Bankamız ile paylaşmış olduğunuz kişisel verileriniz ile ilgili detaylı bilgiye Kişisel Veril …;;;
turkiye-finans--katilma-hesaplari-e-katilma-hesabi;turkiye-finans;masraf_durumu;;;;;Navigasyonu görüntüle İçeriği görüntüle GÜNCELLE Çerez Politikası ve 6698 sayılı Kişisel Verilerin Korunması Kanunu kapsamında Bankamız ile paylaşmış olduğunuz kişisel verileriniz ile ilgili detaylı bilgiye Kişisel Veril …;;;
turkiye-finans--katilma-hesaplari-e-katilma-hesabi;turkiye-finans;odul_miktari;;;;;Navigasyonu görüntüle İçeriği görüntüle GÜNCELLE Çerez Politikası ve 6698 sayılı Kişisel Verilerin Korunması Kanunu kapsamında Bankamız ile paylaşmış olduğunuz kişisel verileriniz ile ilgili detaylı bilgiye Kişisel Veril …;;;
turkiye-finans--katilma-hesaplari-e-katilma-hesabi;turkiye-finans;indirim_orani;;;;;Navigasyonu görüntüle İçeriği görüntüle GÜNCELLE Çerez Politikası ve 6698 sayılı Kişisel Verilerin Korunması Kanunu kapsamında Bankamız ile paylaşmış olduğunuz kişisel verileriniz ile ilgili detaylı bilgiye Kişisel Veril …;;;
turkiye-finans--katilma-hesaplari-e-katilma-hesabi;turkiye-finans;alisveris_puani;;;;;Navigasyonu görüntüle İçeriği görüntüle GÜNCELLE Çerez Politikası ve 6698 sayılı Kişisel Verilerin Korunması Kanunu kapsamında Bankamız ile paylaşmış olduğunuz kişisel verileriniz ile ilgili detaylı bilgiye Kişisel Veril …;;;
turkiye-finans--katilma-hesaplari-e-katilma-hesabi;turkiye-finans;kampanya_suresi;;;;;Navigasyonu görüntüle İçeriği görüntüle GÜNCELLE Çerez Politikası ve 6698 sayılı Kişisel Verilerin Korunması Kanunu kapsamında Bankamız ile paylaşmış olduğunuz kişisel verileriniz ile ilgili detaylı bilgiye Kişisel Veril …;;;
turkiye-finans--katilma-hesaplari-katilma-hesaplari;turkiye-finans;kar_payi_orani;;;;;Navigasyonu görüntüle İçeriği görüntüle GÜNCELLE Çerez Politikası ve 6698 sayılı Kişisel Verilerin Korunması Kanunu kapsamında Bankamız ile paylaşmış olduğunuz kişisel verileriniz ile ilgili detaylı bilgiye Kişisel Veril …;;;
turkiye-finans--katilma-hesaplari-katilma-hesaplari;turkiye-finans;finansman_tutari;;;;;Navigasyonu görüntüle İçeriği görüntüle GÜNCELLE Çerez Politikası ve 6698 sayılı Kişisel Verilerin Korunması Kanunu kapsamında Bankamız ile paylaşmış olduğunuz kişisel verileriniz ile ilgili detaylı bilgiye Kişisel Veril …;;;
turkiye-finans--katilma-hesaplari-katilma-hesaplari;turkiye-finans;taksit_sayisi;;;;;Navigasyonu görüntüle İçeriği görüntüle GÜNCELLE Çerez Politikası ve 6698 sayılı Kişisel Verilerin Korunması Kanunu kapsamında Bankamız ile paylaşmış olduğunuz kişisel verileriniz ile ilgili detaylı bilgiye Kişisel Veril …;;;
turkiye-finans--katilma-hesaplari-katilma-hesaplari;turkiye-finans;tahsis_ucreti;;;;;Navigasyonu görüntüle İçeriği görüntüle GÜNCELLE Çerez Politikası ve 6698 sayılı Kişisel Verilerin Korunması Kanunu kapsamında Bankamız ile paylaşmış olduğunuz kişisel verileriniz ile ilgili detaylı bilgiye Kişisel Veril …;;;
turkiye-finans--katilma-hesaplari-katilma-hesaplari;turkiye-finans;masraf_durumu;;;;;Navigasyonu görüntüle İçeriği görüntüle GÜNCELLE Çerez Politikası ve 6698 sayılı Kişisel Verilerin Korunması Kanunu kapsamında Bankamız ile paylaşmış olduğunuz kişisel verileriniz ile ilgili detaylı bilgiye Kişisel Veril …;;;
turkiye-finans--katilma-hesaplari-katilma-hesaplari;turkiye-finans;odul_miktari;;;;;Navigasyonu görüntüle İçeriği görüntüle GÜNCELLE Çerez Politikası ve 6698 sayılı Kişisel Verilerin Korunması Kanunu kapsamında Bankamız ile paylaşmış olduğunuz kişisel verileriniz ile ilgili detaylı bilgiye Kişisel Veril …;;;
turkiye-finans--katilma-hesaplari-katilma-hesaplari;turkiye-finans;indirim_orani;;;;;Navigasyonu görüntüle İçeriği görüntüle GÜNCELLE Çerez Politikası ve 6698 sayılı Kişisel Verilerin Korunması Kanunu kapsamında Bankamız ile paylaşmış olduğunuz kişisel verileriniz ile ilgili detaylı bilgiye Kişisel Veril …;;;
turkiye-finans--katilma-hesaplari-katilma-hesaplari;turkiye-finans;alisveris_puani;;;;;Navigasyonu görüntüle İçeriği görüntüle GÜNCELLE Çerez Politikası ve 6698 sayılı Kişisel Verilerin Korunması Kanunu kapsamında Bankamız ile paylaşmış olduğunuz kişisel verileriniz ile ilgili detaylı bilgiye Kişisel Veril …;;;
turkiye-finans--katilma-hesaplari-katilma-hesaplari;turkiye-finans;kampanya_suresi;;;;;Navigasyonu görüntüle İçeriği görüntüle GÜNCELLE Çerez Politikası ve 6698 sayılı Kişisel Verilerin Korunması Kanunu kapsamında Bankamız ile paylaşmış olduğunuz kişisel verileriniz ile ilgili detaylı bilgiye Kişisel Veril …;;;
turkiye-finans--kobi-dijital-taksitli-ticari-finansman-destegi;turkiye-finans;kar_payi_orani;;;;;Navigasyonu görüntüle İçeriği görüntüle GÜNCELLE Çerez Politikası ve 6698 sayılı Kişisel Verilerin Korunması Kanunu kapsamında Bankamız ile paylaşmış olduğunuz kişisel verileriniz ile ilgili detaylı bilgiye Kişisel Veril …;;;
turkiye-finans--kobi-dijital-taksitli-ticari-finansman-destegi;turkiye-finans;finansman_tutari;;;;;Navigasyonu görüntüle İçeriği görüntüle GÜNCELLE Çerez Politikası ve 6698 sayılı Kişisel Verilerin Korunması Kanunu kapsamında Bankamız ile paylaşmış olduğunuz kişisel verileriniz ile ilgili detaylı bilgiye Kişisel Veril …;;;
turkiye-finans--kobi-dijital-taksitli-ticari-finansman-destegi;turkiye-finans;taksit_sayisi;;;;;Navigasyonu görüntüle İçeriği görüntüle GÜNCELLE Çerez Politikası ve 6698 sayılı Kişisel Verilerin Korunması Kanunu kapsamında Bankamız ile paylaşmış olduğunuz kişisel verileriniz ile ilgili detaylı bilgiye Kişisel Veril …;;;
turkiye-finans--kobi-dijital-taksitli-ticari-finansman-destegi;turkiye-finans;tahsis_ucreti;;;;;Navigasyonu görüntüle İçeriği görüntüle GÜNCELLE Çerez Politikası ve 6698 sayılı Kişisel Verilerin Korunması Kanunu kapsamında Bankamız ile paylaşmış olduğunuz kişisel verileriniz ile ilgili detaylı bilgiye Kişisel Veril …;;;
turkiye-finans--kobi-dijital-taksitli-ticari-finansman-destegi;turkiye-finans;masraf_durumu;;;;;Navigasyonu görüntüle İçeriği görüntüle GÜNCELLE Çerez Politikası ve 6698 sayılı Kişisel Verilerin Korunması Kanunu kapsamında Bankamız ile paylaşmış olduğunuz kişisel verileriniz ile ilgili detaylı bilgiye Kişisel Veril …;;;
turkiye-finans--kobi-dijital-taksitli-ticari-finansman-destegi;turkiye-finans;odul_miktari;;;;;Navigasyonu görüntüle İçeriği görüntüle GÜNCELLE Çerez Politikası ve 6698 sayılı Kişisel Verilerin Korunması Kanunu kapsamında Bankamız ile paylaşmış olduğunuz kişisel verileriniz ile ilgili detaylı bilgiye Kişisel Veril …;;;
turkiye-finans--kobi-dijital-taksitli-ticari-finansman-destegi;turkiye-finans;indirim_orani;;;;;Navigasyonu görüntüle İçeriği görüntüle GÜNCELLE Çerez Politikası ve 6698 sayılı Kişisel Verilerin Korunması Kanunu kapsamında Bankamız ile paylaşmış olduğunuz kişisel verileriniz ile ilgili detaylı bilgiye Kişisel Veril …;;;
turkiye-finans--kobi-dijital-taksitli-ticari-finansman-destegi;turkiye-finans;alisveris_puani;;;;;Navigasyonu görüntüle İçeriği görüntüle GÜNCELLE Çerez Politikası ve 6698 sayılı Kişisel Verilerin Korunması Kanunu kapsamında Bankamız ile paylaşmış olduğunuz kişisel verileriniz ile ilgili detaylı bilgiye Kişisel Veril …;;;
turkiye-finans--kobi-dijital-taksitli-ticari-finansman-destegi;turkiye-finans;kampanya_suresi;;;;;Navigasyonu görüntüle İçeriği görüntüle GÜNCELLE Çerez Politikası ve 6698 sayılı Kişisel Verilerin Korunması Kanunu kapsamında Bankamız ile paylaşmış olduğunuz kişisel verileriniz ile ilgili detaylı bilgiye Kişisel Veril …;;;
vakif-katilim--bireysel-bankacilik-vakif-katilim-ile-altin-gunler;vakif-katilim;kar_payi_orani;;;;;Müşteri Ol Kendim İçin SİZE ÖZEL ÇÖZÜMLER ÜRÜN VE HİZMETLERİMİZ İşim İçin SİZE ÖZEL ÇÖZÜMLER ÜRÜN VE HİZMETLERİMİZ Hakkımızda Ana Sayfa Kendim İçin Bireysel Bankacılık Vakıf Katılım ile Altın Günler Vakıf Katılım ile Alt …;;;
vakif-katilim--bireysel-bankacilik-vakif-katilim-ile-altin-gunler;vakif-katilim;finansman_tutari;;;;;Müşteri Ol Kendim İçin SİZE ÖZEL ÇÖZÜMLER ÜRÜN VE HİZMETLERİMİZ İşim İçin SİZE ÖZEL ÇÖZÜMLER ÜRÜN VE HİZMETLERİMİZ Hakkımızda Ana Sayfa Kendim İçin Bireysel Bankacılık Vakıf Katılım ile Altın Günler Vakıf Katılım ile Alt …;;;
vakif-katilim--bireysel-bankacilik-vakif-katilim-ile-altin-gunler;vakif-katilim;vade_ay;;;;;Müşteri Ol Kendim İçin SİZE ÖZEL ÇÖZÜMLER ÜRÜN VE HİZMETLERİMİZ İşim İçin SİZE ÖZEL ÇÖZÜMLER ÜRÜN VE HİZMETLERİMİZ Hakkımızda Ana Sayfa Kendim İçin Bireysel Bankacılık Vakıf Katılım ile Altın Günler Vakıf Katılım ile Alt …;;;
vakif-katilim--bireysel-bankacilik-vakif-katilim-ile-altin-gunler;vakif-katilim;taksit_sayisi;;;;;Müşteri Ol Kendim İçin SİZE ÖZEL ÇÖZÜMLER ÜRÜN VE HİZMETLERİMİZ İşim İçin SİZE ÖZEL ÇÖZÜMLER ÜRÜN VE HİZMETLERİMİZ Hakkımızda Ana Sayfa Kendim İçin Bireysel Bankacılık Vakıf Katılım ile Altın Günler Vakıf Katılım ile Alt …;;;
vakif-katilim--bireysel-bankacilik-vakif-katilim-ile-altin-gunler;vakif-katilim;tahsis_ucreti;;;;;Müşteri Ol Kendim İçin SİZE ÖZEL ÇÖZÜMLER ÜRÜN VE HİZMETLERİMİZ İşim İçin SİZE ÖZEL ÇÖZÜMLER ÜRÜN VE HİZMETLERİMİZ Hakkımızda Ana Sayfa Kendim İçin Bireysel Bankacılık Vakıf Katılım ile Altın Günler Vakıf Katılım ile Alt …;;;
vakif-katilim--bireysel-bankacilik-vakif-katilim-ile-altin-gunler;vakif-katilim;odul_miktari;;;;;Müşteri Ol Kendim İçin SİZE ÖZEL ÇÖZÜMLER ÜRÜN VE HİZMETLERİMİZ İşim İçin SİZE ÖZEL ÇÖZÜMLER ÜRÜN VE HİZMETLERİMİZ Hakkımızda Ana Sayfa Kendim İçin Bireysel Bankacılık Vakıf Katılım ile Altın Günler Vakıf Katılım ile Alt …;;;
vakif-katilim--bireysel-bankacilik-vakif-katilim-ile-altin-gunler;vakif-katilim;indirim_orani;;;;;Müşteri Ol Kendim İçin SİZE ÖZEL ÇÖZÜMLER ÜRÜN VE HİZMETLERİMİZ İşim İçin SİZE ÖZEL ÇÖZÜMLER ÜRÜN VE HİZMETLERİMİZ Hakkımızda Ana Sayfa Kendim İçin Bireysel Bankacılık Vakıf Katılım ile Altın Günler Vakıf Katılım ile Alt …;;;
vakif-katilim--bireysel-bankacilik-vakif-katilim-ile-altin-gunler;vakif-katilim;alisveris_puani;;;;;Müşteri Ol Kendim İçin SİZE ÖZEL ÇÖZÜMLER ÜRÜN VE HİZMETLERİMİZ İşim İçin SİZE ÖZEL ÇÖZÜMLER ÜRÜN VE HİZMETLERİMİZ Hakkımızda Ana Sayfa Kendim İçin Bireysel Bankacılık Vakıf Katılım ile Altın Günler Vakıf Katılım ile Alt …;;;
vakif-katilim--bireysel-bankacilik-vakif-katilim-ile-altin-gunler;vakif-katilim;kampanya_suresi;;;;;Müşteri Ol Kendim İçin SİZE ÖZEL ÇÖZÜMLER ÜRÜN VE HİZMETLERİMİZ İşim İçin SİZE ÖZEL ÇÖZÜMLER ÜRÜN VE HİZMETLERİMİZ Hakkımızda Ana Sayfa Kendim İçin Bireysel Bankacılık Vakıf Katılım ile Altın Günler Vakıf Katılım ile Alt …;;;
vakif-katilim--bireysel-bankacilik-vakif-katilim-ile-altin-gunler;vakif-katilim;hedef_kitle;;;;;Müşteri Ol Kendim İçin SİZE ÖZEL ÇÖZÜMLER ÜRÜN VE HİZMETLERİMİZ İşim İçin SİZE ÖZEL ÇÖZÜMLER ÜRÜN VE HİZMETLERİMİZ Hakkımızda Ana Sayfa Kendim İçin Bireysel Bankacılık Vakıf Katılım ile Altın Günler Vakıf Katılım ile Alt …;;;
vakif-katilim--detay-vakif-katilim-aile-yili-paketi;vakif-katilim;kar_payi_orani;;;;;Müşteri Ol Kendim İçin SİZE ÖZEL ÇÖZÜMLER ÜRÜN VE HİZMETLERİMİZ İşim İçin SİZE ÖZEL ÇÖZÜMLER ÜRÜN VE HİZMETLERİMİZ Hakkımızda Ana Sayfa Kendim İçin Kampanyalar Vakıf Katılım Aile Yılı Paketi Kampanya Geçerlilik Tarihi Ka …;;;
vakif-katilim--detay-vakif-katilim-aile-yili-paketi;vakif-katilim;finansman_tutari;;;;;Müşteri Ol Kendim İçin SİZE ÖZEL ÇÖZÜMLER ÜRÜN VE HİZMETLERİMİZ İşim İçin SİZE ÖZEL ÇÖZÜMLER ÜRÜN VE HİZMETLERİMİZ Hakkımızda Ana Sayfa Kendim İçin Kampanyalar Vakıf Katılım Aile Yılı Paketi Kampanya Geçerlilik Tarihi Ka …;;;
vakif-katilim--detay-vakif-katilim-aile-yili-paketi;vakif-katilim;taksit_sayisi;;;;;Müşteri Ol Kendim İçin SİZE ÖZEL ÇÖZÜMLER ÜRÜN VE HİZMETLERİMİZ İşim İçin SİZE ÖZEL ÇÖZÜMLER ÜRÜN VE HİZMETLERİMİZ Hakkımızda Ana Sayfa Kendim İçin Kampanyalar Vakıf Katılım Aile Yılı Paketi Kampanya Geçerlilik Tarihi Ka …;;;
vakif-katilim--detay-vakif-katilim-aile-yili-paketi;vakif-katilim;tahsis_ucreti;;;;;Müşteri Ol Kendim İçin SİZE ÖZEL ÇÖZÜMLER ÜRÜN VE HİZMETLERİMİZ İşim İçin SİZE ÖZEL ÇÖZÜMLER ÜRÜN VE HİZMETLERİMİZ Hakkımızda Ana Sayfa Kendim İçin Kampanyalar Vakıf Katılım Aile Yılı Paketi Kampanya Geçerlilik Tarihi Ka …;;;
vakif-katilim--detay-vakif-katilim-aile-yili-paketi;vakif-katilim;odul_miktari;;;;;Müşteri Ol Kendim İçin SİZE ÖZEL ÇÖZÜMLER ÜRÜN VE HİZMETLERİMİZ İşim İçin SİZE ÖZEL ÇÖZÜMLER ÜRÜN VE HİZMETLERİMİZ Hakkımızda Ana Sayfa Kendim İçin Kampanyalar Vakıf Katılım Aile Yılı Paketi Kampanya Geçerlilik Tarihi Ka …;;;
vakif-katilim--detay-vakif-katilim-aile-yili-paketi;vakif-katilim;alisveris_puani;;;;;Müşteri Ol Kendim İçin SİZE ÖZEL ÇÖZÜMLER ÜRÜN VE HİZMETLERİMİZ İşim İçin SİZE ÖZEL ÇÖZÜMLER ÜRÜN VE HİZMETLERİMİZ Hakkımızda Ana Sayfa Kendim İçin Kampanyalar Vakıf Katılım Aile Yılı Paketi Kampanya Geçerlilik Tarihi Ka …;;;
vakif-katilim--finansmanlar-motosiklet-finansmani;vakif-katilim;kar_payi_orani;;;;;Müşteri Ol Kendim İçin SİZE ÖZEL ÇÖZÜMLER ÜRÜN VE HİZMETLERİMİZ İşim İçin SİZE ÖZEL ÇÖZÜMLER ÜRÜN VE HİZMETLERİMİZ Hakkımızda Ana Sayfa Kendim İçin Finansmanlar Motosiklet Finansmanı Motosiklet Finansmanı Vakıf Katılım t …;;;
vakif-katilim--finansmanlar-motosiklet-finansmani;vakif-katilim;finansman_tutari;;;;;Müşteri Ol Kendim İçin SİZE ÖZEL ÇÖZÜMLER ÜRÜN VE HİZMETLERİMİZ İşim İçin SİZE ÖZEL ÇÖZÜMLER ÜRÜN VE HİZMETLERİMİZ Hakkımızda Ana Sayfa Kendim İçin Finansmanlar Motosiklet Finansmanı Motosiklet Finansmanı Vakıf Katılım t …;;;
vakif-katilim--finansmanlar-motosiklet-finansmani;vakif-katilim;taksit_sayisi;;;;;Müşteri Ol Kendim İçin SİZE ÖZEL ÇÖZÜMLER ÜRÜN VE HİZMETLERİMİZ İşim İçin SİZE ÖZEL ÇÖZÜMLER ÜRÜN VE HİZMETLERİMİZ Hakkımızda Ana Sayfa Kendim İçin Finansmanlar Motosiklet Finansmanı Motosiklet Finansmanı Vakıf Katılım t …;;;
vakif-katilim--finansmanlar-motosiklet-finansmani;vakif-katilim;tahsis_ucreti;;;;;Müşteri Ol Kendim İçin SİZE ÖZEL ÇÖZÜMLER ÜRÜN VE HİZMETLERİMİZ İşim İçin SİZE ÖZEL ÇÖZÜMLER ÜRÜN VE HİZMETLERİMİZ Hakkımızda Ana Sayfa Kendim İçin Finansmanlar Motosiklet Finansmanı Motosiklet Finansmanı Vakıf Katılım t …;;;
vakif-katilim--finansmanlar-motosiklet-finansmani;vakif-katilim;masraf_durumu;;;;;Müşteri Ol Kendim İçin SİZE ÖZEL ÇÖZÜMLER ÜRÜN VE HİZMETLERİMİZ İşim İçin SİZE ÖZEL ÇÖZÜMLER ÜRÜN VE HİZMETLERİMİZ Hakkımızda Ana Sayfa Kendim İçin Finansmanlar Motosiklet Finansmanı Motosiklet Finansmanı Vakıf Katılım t …;;;
vakif-katilim--finansmanlar-motosiklet-finansmani;vakif-katilim;odul_miktari;;;;;Müşteri Ol Kendim İçin SİZE ÖZEL ÇÖZÜMLER ÜRÜN VE HİZMETLERİMİZ İşim İçin SİZE ÖZEL ÇÖZÜMLER ÜRÜN VE HİZMETLERİMİZ Hakkımızda Ana Sayfa Kendim İçin Finansmanlar Motosiklet Finansmanı Motosiklet Finansmanı Vakıf Katılım t …;;;
vakif-katilim--finansmanlar-motosiklet-finansmani;vakif-katilim;indirim_orani;;;;;Müşteri Ol Kendim İçin SİZE ÖZEL ÇÖZÜMLER ÜRÜN VE HİZMETLERİMİZ İşim İçin SİZE ÖZEL ÇÖZÜMLER ÜRÜN VE HİZMETLERİMİZ Hakkımızda Ana Sayfa Kendim İçin Finansmanlar Motosiklet Finansmanı Motosiklet Finansmanı Vakıf Katılım t …;;;
vakif-katilim--finansmanlar-motosiklet-finansmani;vakif-katilim;alisveris_puani;;;;;Müşteri Ol Kendim İçin SİZE ÖZEL ÇÖZÜMLER ÜRÜN VE HİZMETLERİMİZ İşim İçin SİZE ÖZEL ÇÖZÜMLER ÜRÜN VE HİZMETLERİMİZ Hakkımızda Ana Sayfa Kendim İçin Finansmanlar Motosiklet Finansmanı Motosiklet Finansmanı Vakıf Katılım t …;;;
vakif-katilim--finansmanlar-motosiklet-finansmani;vakif-katilim;kampanya_suresi;;;;;Müşteri Ol Kendim İçin SİZE ÖZEL ÇÖZÜMLER ÜRÜN VE HİZMETLERİMİZ İşim İçin SİZE ÖZEL ÇÖZÜMLER ÜRÜN VE HİZMETLERİMİZ Hakkımızda Ana Sayfa Kendim İçin Finansmanlar Motosiklet Finansmanı Motosiklet Finansmanı Vakıf Katılım t …;;;
vakif-katilim--finansmanlar-motosiklet-finansmani;vakif-katilim;hedef_kitle;;;;;Müşteri Ol Kendim İçin SİZE ÖZEL ÇÖZÜMLER ÜRÜN VE HİZMETLERİMİZ İşim İçin SİZE ÖZEL ÇÖZÜMLER ÜRÜN VE HİZMETLERİMİZ Hakkımızda Ana Sayfa Kendim İçin Finansmanlar Motosiklet Finansmanı Motosiklet Finansmanı Vakıf Katılım t …;;;
vakif-katilim--kendim-icin-detay-ihtiyac-finansmani;vakif-katilim;kar_payi_orani;;;;;Müşteri Ol Kendim İçin SİZE ÖZEL ÇÖZÜMLER ÜRÜN VE HİZMETLERİMİZ İşim İçin SİZE ÖZEL ÇÖZÜMLER ÜRÜN VE HİZMETLERİMİZ Hakkımızda Ana Sayfa Diğer Yardım Merkezi İhtiyaç Finansmanı ile ilgili Sıkça Sorulan Sorular Bireysel İh …;;;
vakif-katilim--kendim-icin-detay-ihtiyac-finansmani;vakif-katilim;taksit_sayisi;;;;;Müşteri Ol Kendim İçin SİZE ÖZEL ÇÖZÜMLER ÜRÜN VE HİZMETLERİMİZ İşim İçin SİZE ÖZEL ÇÖZÜMLER ÜRÜN VE HİZMETLERİMİZ Hakkımızda Ana Sayfa Diğer Yardım Merkezi İhtiyaç Finansmanı ile ilgili Sıkça Sorulan Sorular Bireysel İh …;;;
vakif-katilim--kendim-icin-detay-ihtiyac-finansmani;vakif-katilim;tahsis_ucreti;;;;;Müşteri Ol Kendim İçin SİZE ÖZEL ÇÖZÜMLER ÜRÜN VE HİZMETLERİMİZ İşim İçin SİZE ÖZEL ÇÖZÜMLER ÜRÜN VE HİZMETLERİMİZ Hakkımızda Ana Sayfa Diğer Yardım Merkezi İhtiyaç Finansmanı ile ilgili Sıkça Sorulan Sorular Bireysel İh …;;;
vakif-katilim--kendim-icin-detay-ihtiyac-finansmani;vakif-katilim;masraf_durumu;;;;;Müşteri Ol Kendim İçin SİZE ÖZEL ÇÖZÜMLER ÜRÜN VE HİZMETLERİMİZ İşim İçin SİZE ÖZEL ÇÖZÜMLER ÜRÜN VE HİZMETLERİMİZ Hakkımızda Ana Sayfa Diğer Yardım Merkezi İhtiyaç Finansmanı ile ilgili Sıkça Sorulan Sorular Bireysel İh …;;;
vakif-katilim--kendim-icin-detay-ihtiyac-finansmani;vakif-katilim;odul_miktari;;;;;Müşteri Ol Kendim İçin SİZE ÖZEL ÇÖZÜMLER ÜRÜN VE HİZMETLERİMİZ İşim İçin SİZE ÖZEL ÇÖZÜMLER ÜRÜN VE HİZMETLERİMİZ Hakkımızda Ana Sayfa Diğer Yardım Merkezi İhtiyaç Finansmanı ile ilgili Sıkça Sorulan Sorular Bireysel İh …;;;
vakif-katilim--kendim-icin-detay-ihtiyac-finansmani;vakif-katilim;indirim_orani;;;;;Müşteri Ol Kendim İçin SİZE ÖZEL ÇÖZÜMLER ÜRÜN VE HİZMETLERİMİZ İşim İçin SİZE ÖZEL ÇÖZÜMLER ÜRÜN VE HİZMETLERİMİZ Hakkımızda Ana Sayfa Diğer Yardım Merkezi İhtiyaç Finansmanı ile ilgili Sıkça Sorulan Sorular Bireysel İh …;;;
vakif-katilim--kendim-icin-detay-ihtiyac-finansmani;vakif-katilim;alisveris_puani;;;;;Müşteri Ol Kendim İçin SİZE ÖZEL ÇÖZÜMLER ÜRÜN VE HİZMETLERİMİZ İşim İçin SİZE ÖZEL ÇÖZÜMLER ÜRÜN VE HİZMETLERİMİZ Hakkımızda Ana Sayfa Diğer Yardım Merkezi İhtiyaç Finansmanı ile ilgili Sıkça Sorulan Sorular Bireysel İh …;;;
vakif-katilim--kendim-icin-detay-ihtiyac-finansmani;vakif-katilim;kampanya_suresi;;;;;Müşteri Ol Kendim İçin SİZE ÖZEL ÇÖZÜMLER ÜRÜN VE HİZMETLERİMİZ İşim İçin SİZE ÖZEL ÇÖZÜMLER ÜRÜN VE HİZMETLERİMİZ Hakkımızda Ana Sayfa Diğer Yardım Merkezi İhtiyaç Finansmanı ile ilgili Sıkça Sorulan Sorular Bireysel İh …;;;
vakif-katilim--kendim-icin-detay-ihtiyac-finansmani;vakif-katilim;hedef_kitle;;;;;Müşteri Ol Kendim İçin SİZE ÖZEL ÇÖZÜMLER ÜRÜN VE HİZMETLERİMİZ İşim İçin SİZE ÖZEL ÇÖZÜMLER ÜRÜN VE HİZMETLERİMİZ Hakkımızda Ana Sayfa Diğer Yardım Merkezi İhtiyaç Finansmanı ile ilgili Sıkça Sorulan Sorular Bireysel İh …;;;
vakif-katilim--kendim-icin-finansmanlar;vakif-katilim;kar_payi_orani;;;;;Müşteri Ol Kendim İçin SİZE ÖZEL ÇÖZÜMLER ÜRÜN VE HİZMETLERİMİZ İşim İçin SİZE ÖZEL ÇÖZÜMLER ÜRÜN VE HİZMETLERİMİZ Hakkımızda Ana Sayfa Kendim İçin Finansmanlar Finansmanlar Başvuru Yap Konut Finansmanı Vakıf Katılım tar …;;;
vakif-katilim--kendim-icin-finansmanlar;vakif-katilim;finansman_tutari;;;;;Müşteri Ol Kendim İçin SİZE ÖZEL ÇÖZÜMLER ÜRÜN VE HİZMETLERİMİZ İşim İçin SİZE ÖZEL ÇÖZÜMLER ÜRÜN VE HİZMETLERİMİZ Hakkımızda Ana Sayfa Kendim İçin Finansmanlar Finansmanlar Başvuru Yap Konut Finansmanı Vakıf Katılım tar …;;;
vakif-katilim--kendim-icin-finansmanlar;vakif-katilim;taksit_sayisi;;;;;Müşteri Ol Kendim İçin SİZE ÖZEL ÇÖZÜMLER ÜRÜN VE HİZMETLERİMİZ İşim İçin SİZE ÖZEL ÇÖZÜMLER ÜRÜN VE HİZMETLERİMİZ Hakkımızda Ana Sayfa Kendim İçin Finansmanlar Finansmanlar Başvuru Yap Konut Finansmanı Vakıf Katılım tar …;;;
vakif-katilim--kendim-icin-finansmanlar;vakif-katilim;tahsis_ucreti;;;;;Müşteri Ol Kendim İçin SİZE ÖZEL ÇÖZÜMLER ÜRÜN VE HİZMETLERİMİZ İşim İçin SİZE ÖZEL ÇÖZÜMLER ÜRÜN VE HİZMETLERİMİZ Hakkımızda Ana Sayfa Kendim İçin Finansmanlar Finansmanlar Başvuru Yap Konut Finansmanı Vakıf Katılım tar …;;;
vakif-katilim--kendim-icin-finansmanlar;vakif-katilim;masraf_durumu;;;;;Müşteri Ol Kendim İçin SİZE ÖZEL ÇÖZÜMLER ÜRÜN VE HİZMETLERİMİZ İşim İçin SİZE ÖZEL ÇÖZÜMLER ÜRÜN VE HİZMETLERİMİZ Hakkımızda Ana Sayfa Kendim İçin Finansmanlar Finansmanlar Başvuru Yap Konut Finansmanı Vakıf Katılım tar …;;;
vakif-katilim--kendim-icin-finansmanlar;vakif-katilim;odul_miktari;;;;;Müşteri Ol Kendim İçin SİZE ÖZEL ÇÖZÜMLER ÜRÜN VE HİZMETLERİMİZ İşim İçin SİZE ÖZEL ÇÖZÜMLER ÜRÜN VE HİZMETLERİMİZ Hakkımızda Ana Sayfa Kendim İçin Finansmanlar Finansmanlar Başvuru Yap Konut Finansmanı Vakıf Katılım tar …;;;
vakif-katilim--kendim-icin-finansmanlar;vakif-katilim;indirim_orani;;;;;Müşteri Ol Kendim İçin SİZE ÖZEL ÇÖZÜMLER ÜRÜN VE HİZMETLERİMİZ İşim İçin SİZE ÖZEL ÇÖZÜMLER ÜRÜN VE HİZMETLERİMİZ Hakkımızda Ana Sayfa Kendim İçin Finansmanlar Finansmanlar Başvuru Yap Konut Finansmanı Vakıf Katılım tar …;;;
vakif-katilim--kendim-icin-finansmanlar;vakif-katilim;alisveris_puani;;;;;Müşteri Ol Kendim İçin SİZE ÖZEL ÇÖZÜMLER ÜRÜN VE HİZMETLERİMİZ İşim İçin SİZE ÖZEL ÇÖZÜMLER ÜRÜN VE HİZMETLERİMİZ Hakkımızda Ana Sayfa Kendim İçin Finansmanlar Finansmanlar Başvuru Yap Konut Finansmanı Vakıf Katılım tar …;;;
vakif-katilim--kendim-icin-finansmanlar;vakif-katilim;kampanya_suresi;;;;;Müşteri Ol Kendim İçin SİZE ÖZEL ÇÖZÜMLER ÜRÜN VE HİZMETLERİMİZ İşim İçin SİZE ÖZEL ÇÖZÜMLER ÜRÜN VE HİZMETLERİMİZ Hakkımızda Ana Sayfa Kendim İçin Finansmanlar Finansmanlar Başvuru Yap Konut Finansmanı Vakıf Katılım tar …;;;
vakif-katilim--kendim-icin-finansmanlar;vakif-katilim;kampanya_kosullari;;;;;Müşteri Ol Kendim İçin SİZE ÖZEL ÇÖZÜMLER ÜRÜN VE HİZMETLERİMİZ İşim İçin SİZE ÖZEL ÇÖZÜMLER ÜRÜN VE HİZMETLERİMİZ Hakkımızda Ana Sayfa Kendim İçin Finansmanlar Finansmanlar Başvuru Yap Konut Finansmanı Vakıf Katılım tar …;;;
vakif-katilim--kendim-icin-finansmanlar;vakif-katilim;hedef_kitle;;;;;Müşteri Ol Kendim İçin SİZE ÖZEL ÇÖZÜMLER ÜRÜN VE HİZMETLERİMİZ İşim İçin SİZE ÖZEL ÇÖZÜMLER ÜRÜN VE HİZMETLERİMİZ Hakkımızda Ana Sayfa Kendim İçin Finansmanlar Finansmanlar Başvuru Yap Konut Finansmanı Vakıf Katılım tar …;;;
vakif-katilim--kobi-destekli-finansmanlar-kosgeb-destekli-finansman;vakif-katilim;kar_payi_orani;;;;;Müşteri Ol Kendim İçin SİZE ÖZEL ÇÖZÜMLER ÜRÜN VE HİZMETLERİMİZ İşim İçin SİZE ÖZEL ÇÖZÜMLER ÜRÜN VE HİZMETLERİMİZ Hakkımızda Ana Sayfa İşim İçin Finansmanlar KOBİ Destekli Finansmanlar KOSGEB Destekli Finansman KOSGEB D …;;;
vakif-katilim--kobi-destekli-finansmanlar-kosgeb-destekli-finansman;vakif-katilim;finansman_tutari;;;;;Müşteri Ol Kendim İçin SİZE ÖZEL ÇÖZÜMLER ÜRÜN VE HİZMETLERİMİZ İşim İçin SİZE ÖZEL ÇÖZÜMLER ÜRÜN VE HİZMETLERİMİZ Hakkımızda Ana Sayfa İşim İçin Finansmanlar KOBİ Destekli Finansmanlar KOSGEB Destekli Finansman KOSGEB D …;;;
vakif-katilim--kobi-destekli-finansmanlar-kosgeb-destekli-finansman;vakif-katilim;taksit_sayisi;;;;;Müşteri Ol Kendim İçin SİZE ÖZEL ÇÖZÜMLER ÜRÜN VE HİZMETLERİMİZ İşim İçin SİZE ÖZEL ÇÖZÜMLER ÜRÜN VE HİZMETLERİMİZ Hakkımızda Ana Sayfa İşim İçin Finansmanlar KOBİ Destekli Finansmanlar KOSGEB Destekli Finansman KOSGEB D …;;;
vakif-katilim--kobi-destekli-finansmanlar-kosgeb-destekli-finansman;vakif-katilim;tahsis_ucreti;;;;;Müşteri Ol Kendim İçin SİZE ÖZEL ÇÖZÜMLER ÜRÜN VE HİZMETLERİMİZ İşim İçin SİZE ÖZEL ÇÖZÜMLER ÜRÜN VE HİZMETLERİMİZ Hakkımızda Ana Sayfa İşim İçin Finansmanlar KOBİ Destekli Finansmanlar KOSGEB Destekli Finansman KOSGEB D …;;;
vakif-katilim--kobi-destekli-finansmanlar-kosgeb-destekli-finansman;vakif-katilim;masraf_durumu;;;;;Müşteri Ol Kendim İçin SİZE ÖZEL ÇÖZÜMLER ÜRÜN VE HİZMETLERİMİZ İşim İçin SİZE ÖZEL ÇÖZÜMLER ÜRÜN VE HİZMETLERİMİZ Hakkımızda Ana Sayfa İşim İçin Finansmanlar KOBİ Destekli Finansmanlar KOSGEB Destekli Finansman KOSGEB D …;;;
vakif-katilim--kobi-destekli-finansmanlar-kosgeb-destekli-finansman;vakif-katilim;odul_miktari;;;;;Müşteri Ol Kendim İçin SİZE ÖZEL ÇÖZÜMLER ÜRÜN VE HİZMETLERİMİZ İşim İçin SİZE ÖZEL ÇÖZÜMLER ÜRÜN VE HİZMETLERİMİZ Hakkımızda Ana Sayfa İşim İçin Finansmanlar KOBİ Destekli Finansmanlar KOSGEB Destekli Finansman KOSGEB D …;;;
vakif-katilim--kobi-destekli-finansmanlar-kosgeb-destekli-finansman;vakif-katilim;indirim_orani;;;;;Müşteri Ol Kendim İçin SİZE ÖZEL ÇÖZÜMLER ÜRÜN VE HİZMETLERİMİZ İşim İçin SİZE ÖZEL ÇÖZÜMLER ÜRÜN VE HİZMETLERİMİZ Hakkımızda Ana Sayfa İşim İçin Finansmanlar KOBİ Destekli Finansmanlar KOSGEB Destekli Finansman KOSGEB D …;;;
vakif-katilim--kobi-destekli-finansmanlar-kosgeb-destekli-finansman;vakif-katilim;alisveris_puani;;;;;Müşteri Ol Kendim İçin SİZE ÖZEL ÇÖZÜMLER ÜRÜN VE HİZMETLERİMİZ İşim İçin SİZE ÖZEL ÇÖZÜMLER ÜRÜN VE HİZMETLERİMİZ Hakkımızda Ana Sayfa İşim İçin Finansmanlar KOBİ Destekli Finansmanlar KOSGEB Destekli Finansman KOSGEB D …;;;
vakif-katilim--kobi-destekli-finansmanlar-kosgeb-destekli-finansman;vakif-katilim;kampanya_suresi;;;;;Müşteri Ol Kendim İçin SİZE ÖZEL ÇÖZÜMLER ÜRÜN VE HİZMETLERİMİZ İşim İçin SİZE ÖZEL ÇÖZÜMLER ÜRÜN VE HİZMETLERİMİZ Hakkımızda Ana Sayfa İşim İçin Finansmanlar KOBİ Destekli Finansmanlar KOSGEB Destekli Finansman KOSGEB D …;;;
vakif-katilim--nakdi-finansmanlar-is-yeri-finansmani;vakif-katilim;kar_payi_orani;;;;;Müşteri Ol Kendim İçin SİZE ÖZEL ÇÖZÜMLER ÜRÜN VE HİZMETLERİMİZ İşim İçin SİZE ÖZEL ÇÖZÜMLER ÜRÜN VE HİZMETLERİMİZ Hakkımızda Ana Sayfa İşim İçin Finansmanlar Nakdi Finansmanlar İş Yeri Finansmanı İş Yeri Finansmanı Vakı …;;;
vakif-katilim--nakdi-finansmanlar-is-yeri-finansmani;vakif-katilim;finansman_tutari;;;;;Müşteri Ol Kendim İçin SİZE ÖZEL ÇÖZÜMLER ÜRÜN VE HİZMETLERİMİZ İşim İçin SİZE ÖZEL ÇÖZÜMLER ÜRÜN VE HİZMETLERİMİZ Hakkımızda Ana Sayfa İşim İçin Finansmanlar Nakdi Finansmanlar İş Yeri Finansmanı İş Yeri Finansmanı Vakı …;;;
vakif-katilim--nakdi-finansmanlar-is-yeri-finansmani;vakif-katilim;taksit_sayisi;;;;;Müşteri Ol Kendim İçin SİZE ÖZEL ÇÖZÜMLER ÜRÜN VE HİZMETLERİMİZ İşim İçin SİZE ÖZEL ÇÖZÜMLER ÜRÜN VE HİZMETLERİMİZ Hakkımızda Ana Sayfa İşim İçin Finansmanlar Nakdi Finansmanlar İş Yeri Finansmanı İş Yeri Finansmanı Vakı …;;;
vakif-katilim--nakdi-finansmanlar-is-yeri-finansmani;vakif-katilim;tahsis_ucreti;;;;;Müşteri Ol Kendim İçin SİZE ÖZEL ÇÖZÜMLER ÜRÜN VE HİZMETLERİMİZ İşim İçin SİZE ÖZEL ÇÖZÜMLER ÜRÜN VE HİZMETLERİMİZ Hakkımızda Ana Sayfa İşim İçin Finansmanlar Nakdi Finansmanlar İş Yeri Finansmanı İş Yeri Finansmanı Vakı …;;;
vakif-katilim--nakdi-finansmanlar-is-yeri-finansmani;vakif-katilim;masraf_durumu;;;;;Müşteri Ol Kendim İçin SİZE ÖZEL ÇÖZÜMLER ÜRÜN VE HİZMETLERİMİZ İşim İçin SİZE ÖZEL ÇÖZÜMLER ÜRÜN VE HİZMETLERİMİZ Hakkımızda Ana Sayfa İşim İçin Finansmanlar Nakdi Finansmanlar İş Yeri Finansmanı İş Yeri Finansmanı Vakı …;;;
vakif-katilim--nakdi-finansmanlar-is-yeri-finansmani;vakif-katilim;odul_miktari;;;;;Müşteri Ol Kendim İçin SİZE ÖZEL ÇÖZÜMLER ÜRÜN VE HİZMETLERİMİZ İşim İçin SİZE ÖZEL ÇÖZÜMLER ÜRÜN VE HİZMETLERİMİZ Hakkımızda Ana Sayfa İşim İçin Finansmanlar Nakdi Finansmanlar İş Yeri Finansmanı İş Yeri Finansmanı Vakı …;;;
vakif-katilim--nakdi-finansmanlar-is-yeri-finansmani;vakif-katilim;indirim_orani;;;;;Müşteri Ol Kendim İçin SİZE ÖZEL ÇÖZÜMLER ÜRÜN VE HİZMETLERİMİZ İşim İçin SİZE ÖZEL ÇÖZÜMLER ÜRÜN VE HİZMETLERİMİZ Hakkımızda Ana Sayfa İşim İçin Finansmanlar Nakdi Finansmanlar İş Yeri Finansmanı İş Yeri Finansmanı Vakı …;;;
vakif-katilim--nakdi-finansmanlar-is-yeri-finansmani;vakif-katilim;alisveris_puani;;;;;Müşteri Ol Kendim İçin SİZE ÖZEL ÇÖZÜMLER ÜRÜN VE HİZMETLERİMİZ İşim İçin SİZE ÖZEL ÇÖZÜMLER ÜRÜN VE HİZMETLERİMİZ Hakkımızda Ana Sayfa İşim İçin Finansmanlar Nakdi Finansmanlar İş Yeri Finansmanı İş Yeri Finansmanı Vakı …;;;
vakif-katilim--nakdi-finansmanlar-is-yeri-finansmani;vakif-katilim;kampanya_suresi;;;;;Müşteri Ol Kendim İçin SİZE ÖZEL ÇÖZÜMLER ÜRÜN VE HİZMETLERİMİZ İşim İçin SİZE ÖZEL ÇÖZÜMLER ÜRÜN VE HİZMETLERİMİZ Hakkımızda Ana Sayfa İşim İçin Finansmanlar Nakdi Finansmanlar İş Yeri Finansmanı İş Yeri Finansmanı Vakı …;;;
vakif-katilim--nakdi-finansmanlar-is-yeri-finansmani;vakif-katilim;hedef_kitle;;;;;Müşteri Ol Kendim İçin SİZE ÖZEL ÇÖZÜMLER ÜRÜN VE HİZMETLERİMİZ İşim İçin SİZE ÖZEL ÇÖZÜMLER ÜRÜN VE HİZMETLERİMİZ Hakkımızda Ana Sayfa İşim İçin Finansmanlar Nakdi Finansmanlar İş Yeri Finansmanı İş Yeri Finansmanı Vakı …;;;
ziraat-katilim--finansman-urunleri-surdurulebilirlik-temali-bireysel-urunler;ziraat-katilim;kar_payi_orani;;;;;"Ziraat Katılım Bankası Finansman Hesaplama Aracı Sürdürülebilirlik Temalı Bireysel Ürünler Yeşil Ev Konut Finansmanı Enerji verimliliği yüksek konut sayısını arttırılmasına katkı sağlamak amacıyla; mevcut konut finansman …";;;
ziraat-katilim--finansman-urunleri-surdurulebilirlik-temali-bireysel-urunler;ziraat-katilim;taksit_sayisi;;;;;"Ziraat Katılım Bankası Finansman Hesaplama Aracı Sürdürülebilirlik Temalı Bireysel Ürünler Yeşil Ev Konut Finansmanı Enerji verimliliği yüksek konut sayısını arttırılmasına katkı sağlamak amacıyla; mevcut konut finansman …";;;
ziraat-katilim--finansman-urunleri-surdurulebilirlik-temali-bireysel-urunler;ziraat-katilim;tahsis_ucreti;;;;;"Ziraat Katılım Bankası Finansman Hesaplama Aracı Sürdürülebilirlik Temalı Bireysel Ürünler Yeşil Ev Konut Finansmanı Enerji verimliliği yüksek konut sayısını arttırılmasına katkı sağlamak amacıyla; mevcut konut finansman …";;;
ziraat-katilim--finansman-urunleri-surdurulebilirlik-temali-bireysel-urunler;ziraat-katilim;masraf_durumu;;;;;"Ziraat Katılım Bankası Finansman Hesaplama Aracı Sürdürülebilirlik Temalı Bireysel Ürünler Yeşil Ev Konut Finansmanı Enerji verimliliği yüksek konut sayısını arttırılmasına katkı sağlamak amacıyla; mevcut konut finansman …";;;
ziraat-katilim--finansman-urunleri-surdurulebilirlik-temali-bireysel-urunler;ziraat-katilim;odul_miktari;;;;;"Ziraat Katılım Bankası Finansman Hesaplama Aracı Sürdürülebilirlik Temalı Bireysel Ürünler Yeşil Ev Konut Finansmanı Enerji verimliliği yüksek konut sayısını arttırılmasına katkı sağlamak amacıyla; mevcut konut finansman …";;;
ziraat-katilim--finansman-urunleri-surdurulebilirlik-temali-bireysel-urunler;ziraat-katilim;indirim_orani;;;;;"Ziraat Katılım Bankası Finansman Hesaplama Aracı Sürdürülebilirlik Temalı Bireysel Ürünler Yeşil Ev Konut Finansmanı Enerji verimliliği yüksek konut sayısını arttırılmasına katkı sağlamak amacıyla; mevcut konut finansman …";;;
ziraat-katilim--finansman-urunleri-surdurulebilirlik-temali-bireysel-urunler;ziraat-katilim;alisveris_puani;;;;;"Ziraat Katılım Bankası Finansman Hesaplama Aracı Sürdürülebilirlik Temalı Bireysel Ürünler Yeşil Ev Konut Finansmanı Enerji verimliliği yüksek konut sayısını arttırılmasına katkı sağlamak amacıyla; mevcut konut finansman …";;;
ziraat-katilim--finansman-urunleri-surdurulebilirlik-temali-bireysel-urunler;ziraat-katilim;kampanya_suresi;;;;;"Ziraat Katılım Bankası Finansman Hesaplama Aracı Sürdürülebilirlik Temalı Bireysel Ürünler Yeşil Ev Konut Finansmanı Enerji verimliliği yüksek konut sayısını arttırılmasına katkı sağlamak amacıyla; mevcut konut finansman …";;;
ziraat-katilim--finansman-urunleri-surdurulebilirlik-temali-bireysel-urunler;ziraat-katilim;hedef_kitle;;;;;"Ziraat Katılım Bankası Finansman Hesaplama Aracı Sürdürülebilirlik Temalı Bireysel Ürünler Yeşil Ev Konut Finansmanı Enerji verimliliği yüksek konut sayısını arttırılmasına katkı sağlamak amacıyla; mevcut konut finansman …";;;
ziraat-katilim--kart-kampanyalari-mobilya-alisverisinize-1500-tl-bankkart-lira;ziraat-katilim;kar_payi_orani;;;;;Mobilya Alışverişinize 1.500 TL Bankkart Lira! Tüm Kampanyalar 2 Kuyum, Optik ve Saat 3 Market ve Gıda 4 E-Ticaret 2 Elektronik ve Telekomünikasyon 3 Yapı Sektörü ve İklimlendirme 2 Akaryakıt 12 Diğer Kampanyalar 1 Eğiti …;;;
ziraat-katilim--kart-kampanyalari-mobilya-alisverisinize-1500-tl-bankkart-lira;ziraat-katilim;vade_ay;;;;;Mobilya Alışverişinize 1.500 TL Bankkart Lira! Tüm Kampanyalar 2 Kuyum, Optik ve Saat 3 Market ve Gıda 4 E-Ticaret 2 Elektronik ve Telekomünikasyon 3 Yapı Sektörü ve İklimlendirme 2 Akaryakıt 12 Diğer Kampanyalar 1 Eğiti …;;;
ziraat-katilim--kart-kampanyalari-mobilya-alisverisinize-1500-tl-bankkart-lira;ziraat-katilim;tahsis_ucreti;;;;;Mobilya Alışverişinize 1.500 TL Bankkart Lira! Tüm Kampanyalar 2 Kuyum, Optik ve Saat 3 Market ve Gıda 4 E-Ticaret 2 Elektronik ve Telekomünikasyon 3 Yapı Sektörü ve İklimlendirme 2 Akaryakıt 12 Diğer Kampanyalar 1 Eğiti …;;;
ziraat-katilim--kart-kampanyalari-mobilya-alisverisinize-1500-tl-bankkart-lira;ziraat-katilim;indirim_orani;;;;;Mobilya Alışverişinize 1.500 TL Bankkart Lira! Tüm Kampanyalar 2 Kuyum, Optik ve Saat 3 Market ve Gıda 4 E-Ticaret 2 Elektronik ve Telekomünikasyon 3 Yapı Sektörü ve İklimlendirme 2 Akaryakıt 12 Diğer Kampanyalar 1 Eğiti …;;;
ziraat-katilim--kart-kampanyalari-mobilya-alisverisinize-1500-tl-bankkart-lira;ziraat-katilim;alisveris_puani;;;;;Mobilya Alışverişinize 1.500 TL Bankkart Lira! Tüm Kampanyalar 2 Kuyum, Optik ve Saat 3 Market ve Gıda 4 E-Ticaret 2 Elektronik ve Telekomünikasyon 3 Yapı Sektörü ve İklimlendirme 2 Akaryakıt 12 Diğer Kampanyalar 1 Eğiti …;;;
ziraat-katilim--kart-kampanyalari-mobilya-alisverisinize-1500-tl-bankkart-lira;ziraat-katilim;hedef_kitle;;;;;Mobilya Alışverişinize 1.500 TL Bankkart Lira! Tüm Kampanyalar 2 Kuyum, Optik ve Saat 3 Market ve Gıda 4 E-Ticaret 2 Elektronik ve Telekomünikasyon 3 Yapı Sektörü ve İklimlendirme 2 Akaryakıt 12 Diğer Kampanyalar 1 Eğiti …;;;
ziraat-katilim--kart-kampanyalari-size-ozel-banka-karti-kampanyasi;ziraat-katilim;kar_payi_orani;;;;;Size Özel! Banka Kartı Kampanyası Tüm Kampanyalar 2 Kuyum, Optik ve Saat 3 Market ve Gıda 4 E-Ticaret 2 Elektronik ve Telekomünikasyon 3 Yapı Sektörü ve İklimlendirme 2 Akaryakıt 12 Diğer Kampanyalar 1 Eğitim, Kitap ve K …;;;
ziraat-katilim--kart-kampanyalari-size-ozel-banka-karti-kampanyasi;ziraat-katilim;vade_ay;;;;;Size Özel! Banka Kartı Kampanyası Tüm Kampanyalar 2 Kuyum, Optik ve Saat 3 Market ve Gıda 4 E-Ticaret 2 Elektronik ve Telekomünikasyon 3 Yapı Sektörü ve İklimlendirme 2 Akaryakıt 12 Diğer Kampanyalar 1 Eğitim, Kitap ve K …;;;
ziraat-katilim--kart-kampanyalari-size-ozel-banka-karti-kampanyasi;ziraat-katilim;tahsis_ucreti;;;;;Size Özel! Banka Kartı Kampanyası Tüm Kampanyalar 2 Kuyum, Optik ve Saat 3 Market ve Gıda 4 E-Ticaret 2 Elektronik ve Telekomünikasyon 3 Yapı Sektörü ve İklimlendirme 2 Akaryakıt 12 Diğer Kampanyalar 1 Eğitim, Kitap ve K …;;;
ziraat-katilim--kart-kampanyalari-size-ozel-banka-karti-kampanyasi;ziraat-katilim;masraf_durumu;;;;;Size Özel! Banka Kartı Kampanyası Tüm Kampanyalar 2 Kuyum, Optik ve Saat 3 Market ve Gıda 4 E-Ticaret 2 Elektronik ve Telekomünikasyon 3 Yapı Sektörü ve İklimlendirme 2 Akaryakıt 12 Diğer Kampanyalar 1 Eğitim, Kitap ve K …;;;
ziraat-katilim--kart-kampanyalari-size-ozel-banka-karti-kampanyasi;ziraat-katilim;indirim_orani;;;;;Size Özel! Banka Kartı Kampanyası Tüm Kampanyalar 2 Kuyum, Optik ve Saat 3 Market ve Gıda 4 E-Ticaret 2 Elektronik ve Telekomünikasyon 3 Yapı Sektörü ve İklimlendirme 2 Akaryakıt 12 Diğer Kampanyalar 1 Eğitim, Kitap ve K …;;;
ziraat-katilim--kart-kampanyalari-size-ozel-banka-karti-kampanyasi;ziraat-katilim;alisveris_puani;;;;;Size Özel! Banka Kartı Kampanyası Tüm Kampanyalar 2 Kuyum, Optik ve Saat 3 Market ve Gıda 4 E-Ticaret 2 Elektronik ve Telekomünikasyon 3 Yapı Sektörü ve İklimlendirme 2 Akaryakıt 12 Diğer Kampanyalar 1 Eğitim, Kitap ve K …;;;
ziraat-katilim--kart-kampanyalari-troy-kartla-drda-1000-tlye-varan-indirim;ziraat-katilim;kar_payi_orani;;;;;TROY Kartla D&R'da 1.000 TL'ye Varan İndirim! Tüm Kampanyalar 2 Kuyum, Optik ve Saat 3 Market ve Gıda 4 E-Ticaret 2 Elektronik ve Telekomünikasyon 3 Yapı Sektörü ve İklimlendirme 2 Akaryakıt 12 Diğer Kampanyalar 1 Eğitim …;;;
ziraat-katilim--kart-kampanyalari-troy-kartla-drda-1000-tlye-varan-indirim;ziraat-katilim;vade_ay;;;;;TROY Kartla D&R'da 1.000 TL'ye Varan İndirim! Tüm Kampanyalar 2 Kuyum, Optik ve Saat 3 Market ve Gıda 4 E-Ticaret 2 Elektronik ve Telekomünikasyon 3 Yapı Sektörü ve İklimlendirme 2 Akaryakıt 12 Diğer Kampanyalar 1 Eğitim …;;;
ziraat-katilim--kart-kampanyalari-troy-kartla-drda-1000-tlye-varan-indirim;ziraat-katilim;tahsis_ucreti;;;;;TROY Kartla D&R'da 1.000 TL'ye Varan İndirim! Tüm Kampanyalar 2 Kuyum, Optik ve Saat 3 Market ve Gıda 4 E-Ticaret 2 Elektronik ve Telekomünikasyon 3 Yapı Sektörü ve İklimlendirme 2 Akaryakıt 12 Diğer Kampanyalar 1 Eğitim …;;;
ziraat-katilim--kart-kampanyalari-troy-kartla-drda-1000-tlye-varan-indirim;ziraat-katilim;masraf_durumu;;;;;TROY Kartla D&R'da 1.000 TL'ye Varan İndirim! Tüm Kampanyalar 2 Kuyum, Optik ve Saat 3 Market ve Gıda 4 E-Ticaret 2 Elektronik ve Telekomünikasyon 3 Yapı Sektörü ve İklimlendirme 2 Akaryakıt 12 Diğer Kampanyalar 1 Eğitim …;;;
ziraat-katilim--kart-kampanyalari-troy-kartla-drda-1000-tlye-varan-indirim;ziraat-katilim;indirim_orani;;;;;TROY Kartla D&R'da 1.000 TL'ye Varan İndirim! Tüm Kampanyalar 2 Kuyum, Optik ve Saat 3 Market ve Gıda 4 E-Ticaret 2 Elektronik ve Telekomünikasyon 3 Yapı Sektörü ve İklimlendirme 2 Akaryakıt 12 Diğer Kampanyalar 1 Eğitim …;;;
ziraat-katilim--kart-kampanyalari-troy-kartla-drda-1000-tlye-varan-indirim;ziraat-katilim;alisveris_puani;;;;;TROY Kartla D&R'da 1.000 TL'ye Varan İndirim! Tüm Kampanyalar 2 Kuyum, Optik ve Saat 3 Market ve Gıda 4 E-Ticaret 2 Elektronik ve Telekomünikasyon 3 Yapı Sektörü ve İklimlendirme 2 Akaryakıt 12 Diğer Kampanyalar 1 Eğitim …;;;
ziraat-katilim--kart-kampanyalari-troy-kartla-drda-1000-tlye-varan-indirim;ziraat-katilim;hedef_kitle;;;;;TROY Kartla D&R'da 1.000 TL'ye Varan İndirim! Tüm Kampanyalar 2 Kuyum, Optik ve Saat 3 Market ve Gıda 4 E-Ticaret 2 Elektronik ve Telekomünikasyon 3 Yapı Sektörü ve İklimlendirme 2 Akaryakıt 12 Diğer Kampanyalar 1 Eğitim …;;;
