doc_id;bank;field;model_value;model_conf;confidence_source;disagreement;snippet;gold_value;verdict;note
albaraka--detay-vade-farksiz-kampanyasi;albaraka;campaign_type;İhtiyaç Finansmanı;0.70;classifier;;Albaraka Mobil Mobil Bankacılık Aç Vade Farksız 140.000 TL'ye Varan Destek! Anasayfa Kampanyalar Kampanya Başlangıç ve Bitiş 01.01.2026 - 31.12.2026 Müşteri Ol Müşteri Ol Kâr payı yok. Beklemek yok. 140.000 TL 'ye kadar …;İhtiyaç Finansmanı;;
albaraka--detay-vade-farksiz-kampanyasi;albaraka;finansman_tutari;"{""currency"": ""TRY"", ""value"": 100000.0}";0.85;rule_heuristic;;"…rk müşterisi olun; %0 kâr paylı 40.000 TL 'ye kadar, 3 aya varan ödemesiz dönem ve 4 taksitli Pratik Finansman Kart ve, [100.000 TL] 'ye kadar vade farksız taksitli alışveriş fırsatını bir arada yakalayın. Toplamda 140.000 TL 'ye kadar vade farksız fin…";"{""currency"": ""TRY"", ""value"": 100000.0}";;
albaraka--detay-vade-farksiz-kampanyasi;albaraka;vade_ay;6;0.85;rule_heuristic;;….000 TL Vadesiz Finansman Kampanyası Detayları 40.000 TL'ye Kadar Vade Farksız Finansman Desteği Tutar: 40.000 TL Vade: [6 aya] kadar Kar Payı: Vade Farksız Kullanım Alanları (Sektörler): Mobilya ve Beyaz Eşya, Oto Servis ve Bakım, Teknoloji Marke…;;ok;Model bulunmayan bir şeyi arayıp bulamayarak doğru bir iş yapmış
albaraka--detay-vade-farksiz-kampanyasi;albaraka;taksit_sayisi;4;0.85;rule_heuristic;;"…en siz de şubeye gitmeden Albaraka Türk müşterisi olun; %0 kâr paylı 40.000 TL 'ye kadar, 3 aya varan ödemesiz dönem ve [4 taksit]li Pratik Finansman Kart ve, 100.000 TL 'ye kadar vade farksız taksitli alışveriş fırsatını bir arada yakalayın. Toplamd…";6;Fix;Metinde 6 taksit seçeneği bulunuyor model kaçırmış
albaraka--detay-vade-farksiz-kampanyasi;albaraka;kampanya_suresi;2026-01-01;0.72;rule_heuristic;;…aka Mobil Mobil Bankacılık Aç Vade Farksız 140.000 TL'ye Varan Destek! Anasayfa Kampanyalar Kampanya Başlangıç ve Bitiş [01.01.2026] - 31.12.2026 Müşteri Ol Müşteri Ol Kâr payı yok. Beklemek yok. 140.000 TL 'ye kadar vade farksız destek Albaraka'da! Şi…;2026-12-31;;
albaraka--ihtiyac-saglik-harcamalariniz-icin;albaraka;campaign_type;İhtiyaç Finansmanı;0.70;classifier;;Albaraka Mobil Mobil Bankacılık Aç Sağlık Harcamalarınız İçin Anasayfa Bireysel Finansmanlar İhtiyaç Finansmanı Sağlık Harcamalarınız İçin Diş Sağlığı Genel Sağlık Diş Sağlığı Diş sağlığı ile ilgili dolgu, diş temizleme, …;İhtiyaç Finansmanı;;
albaraka--tasit-finansmani-togg-finansmani;albaraka;campaign_type;Taşıt Finansmanı;0.80;classifier;;Albaraka Mobil Mobil Bankacılık Aç Togg Finansmanı Anasayfa Bireysel Finansmanlar Taşıt Finansmanı Togg Finansmanı Taşıt Finansmanı Togg Finansmanı Dijital Araç Finansmanı Deniz Taşıtları Finansmanı Taşıt Kiralama Finans …;Taşıt Finansmanı;;
dunya-katilim--katilma-hesaplari-gunes-katilma-hesabi;dunya-katilim;campaign_type;İhtiyaç Finansmanı;0.60;classifier;;Anasayfa Kendim Için Içerik Hesaplar Katılma Hesapları Güneş Katılma Hesabı Güneş Katılma Hesabı Nedir ? Gündelik tasarruflarınızı değerlendirebildiğiniz günlük açılabilen katılma hesabıdır. Her gün bir adım daha ileri: …;;Absent;Metin katılma hesabıyla ilgilidir. İhtiyaç finansmaanıyla ilgisi yoktur
dunya-katilim--katilma-hesaplari-gunes-katilma-hesabi;dunya-katilim;vade_ay;12;0.55;rule_heuristic;;"…çilerin İnternet Sitesini ziyaret sıklığına ve ziyaret zamanlarına ilişkin bilgi toplamak amacıyla kullanılan çerezdir. [1 yıl] 5.Kişisel Veri Sahibi Olarak Haklarınız Nelerdir? Kişisel veri sahipleri Kanunun ""ilgili kişinin haklarını düzenleyen"" …";;Model bulunmayan bir şeyi arayıp bulamayarak doğru bir iş yapmış;
dunya-katilim--kendim-icin-altin-bankaciligi;dunya-katilim;campaign_type;İhtiyaç Finansmanı;0.60;classifier;;Anasayfa Kendim Için Içerik Altın Bankacılığı Altın Bankacılığı Altın Hesapları Fiziki Altın Alımı Altın Hesapları Altın Cari Hesabı Altın Cari Hesabı, tasarruflarınızı altın olarak değerlendirilmesini sağlayan vadesiz b …;Yatırım Ürünü;Fix;Model ihtiyaç finansmanı ile yatırım ürününü karıştırmıştır
dunya-katilim--kendim-icin-altin-bankaciligi;dunya-katilim;vade_ay;12;0.55;rule_heuristic;;"…çilerin İnternet Sitesini ziyaret sıklığına ve ziyaret zamanlarına ilişkin bilgi toplamak amacıyla kullanılan çerezdir. [1 yıl] 5.Kişisel Veri Sahibi Olarak Haklarınız Nelerdir? Kişisel veri sahipleri Kanunun ""ilgili kişinin haklarını düzenleyen"" …";;ok;Model bulunmayan bir şeyi arayıp bulamayarak doğru bir iş yapmış
kuveyt-turk--altin-hesaplari-altina-altin-katilma-hesabi;kuveyt-turk;campaign_type;Yatırım Ürünü;0.80;classifier;;Ana Sayfa Kendim İçin Altın Bankacılığı Altın Hesapları Altına Altın Katılma Hesabı Altın Cari Hesabı Çeyrek Altın Hesabı Altına Altın Katılma Hesabı Ziynet Altın Katılma Hesabı Birikimli Altın Katılma Hesabı Altına Altı …;Yatırım Ürünü;;
kuveyt-turk--altin-hesaplari-altina-altin-katilma-hesabi;kuveyt-turk;kar_payi_orani;40.0;0.50;rule_heuristic;;…için şubemiz ile iletişime geçmenizi öneririz. Altına Altın Katılma Hesabı kâr payı oranı nedir? Hesabın kâr payı oranı [%40]'a %60'dır. Altına Altın Katılma Hesabı hangi vadelerde açılabilir? Hesap açılışı esnasından 1-12 ay arasından dilediğin…;%40'a %60;Fix;Metinde kâr paylaşımı %40'a %60 dır. Model sadece %40 almıştır
kuveyt-turk--altin-hesaplari-altina-altin-katilma-hesabi;kuveyt-turk;vade_ay;1;0.85;rule_heuristic;;…ırdığınız her gram altın, reel sektörde değerlendirilir. Bu süreçte elde edilen kâr, size yine altın olarak geri döner. [1 ay] vadeli Altına Altın Katılma Hesabı'nı, 100 gram altın ile açabilirsiniz. 3 ay ila 1 yıl arasında istediğiniz vade seçen…;1-12 ay;Fix;Metinde vade seçeneği 1–12 ay aralığı olarak belirtilmiştir.
kuveyt-turk--finansmanlar-ihtiyac-finansmanlari;kuveyt-turk;campaign_type;Konut Finansmanı;0.70;classifier;;Ana Sayfa Kendim İçin Finansmanlar İhtiyaç Finansmanları Konut Finansmanları Araç Finansmanları Alışveriş Finansmanları İhtiyaç Finansmanları Sürdürülebilir Finansmanlar İhtiyaç Finansmanları Hac-Umre Finansmanı Hac ve u …;İhtiyaç Finansmanı;Fix;Model konut finansmanı ile ihtiyaç finansmanını karıştırmıştır
kuveyt-turk--finansmanlar-ihtiyac-finansmanlari;kuveyt-turk;vade_ay;36;0.85;rule_heuristic;;…her daim sizinle! Eğitim Finansmanı Alternatif finansman oranları avantajını bünyesinde barındıran Eğitim Finansmanı'na [36 aya] kadar vade seçenekleri ile başvurabilirsiniz. Seyahat Finansmanı Seyahat Finansmanı aracılığıyla dünyanın dört bir yanı…;36 ay;Fix;Metinde 36 aya kadar vade belirtilmiştir
kuveyt-turk--kampanya-arsivi-business-plus-karttan-vade-farksiz-3-taksit-imkani;kuveyt-turk;campaign_type;Kart;0.70;classifier;;Ana Sayfa Kampanyalar Kampanya Arşivi Business Plus Kart'tan Vade Farksız 3 Taksit İmkânı! Business Plus Kartınız ile yapacağınız alışverişinize vade farksız 3 taksit fırsatı! Kampanya Tarihleri 1.07.2023 - 31.08.2023 Ka …;Kart;;
kuveyt-turk--kampanya-arsivi-business-plus-karttan-vade-farksiz-3-taksit-imkani;kuveyt-turk;vade_ay;3;0.85;rule_heuristic;;…lacak 10.000₺ ile 50.000 ₺ arası tek çekim taksitsiz/ötelemesiz harcama, yasal/mevzuatsal taksit sınırları çerçevesinde [3 aya] kadar vade farksız olarak sonradan taksitlendirilebilmektedir. Bir müşteri kampanya süresince en fazla 1 işlemini taksi…;3 ay;Fix;Metinde 3 aya kadar vade belirtilmiştir
kuveyt-turk--kampanya-arsivi-business-plus-karttan-vade-farksiz-3-taksit-imkani;kuveyt-turk;taksit_sayisi;3;0.85;rule_heuristic;;Ana Sayfa Kampanyalar Kampanya Arşivi Business Plus Kart'tan Vade Farksız [3 Taksit] İmkânı! Business Plus Kartınız ile yapacağınız alışverişinize vade farksız 3 taksit fırsatı! Kampanya Tarihleri 1.07.20…;2 ile 3 taksit arasında;Fix;Metinde 2-3 taksit seçeneği açıkça geçiyor, model atlamış
kuveyt-turk--kampanya-arsivi-business-plus-karttan-vade-farksiz-3-taksit-imkani;kuveyt-turk;kampanya_suresi;2023-07-01;0.72;rule_heuristic;;… Taksit İmkânı! Business Plus Kartınız ile yapacağınız alışverişinize vade farksız 3 taksit fırsatı! Kampanya Tarihleri [1.07.2023] - 31.08.2023 Kampanya Süresi Doldu! Kampanyayı Paylaş Facebook'da paylaş X'de paylaş LinkedIn'de paylaş Whatsapp'da pay…;2023-08-31;Fix;Metinde kampanya süre aralığı belirtilmiştir olup metin atlamıştır
kuveyt-turk--leasing-leasing-sureci-ve-hesaplama-araci;kuveyt-turk;campaign_type;Taşıt Finansmanı;0.60;classifier;;Ana Sayfa İşim İçin Leasing Leasing Süreci ve Hesaplama Aracı Leasing Nedir? Avantajları Nelerdir? Leasing Süreci ve Hesaplama Aracı Sürdürülebilir Ürünlerimiz Leasing Finansman Ürünlerimiz Leasing'e Konu Ürünler ve KDV …;Finansman;Fix;Metinde özel olarak taşıt finansmanından bahsedilmemektedir. Metin leasing hakkındadır.  Bu yüzden taşıt finansmanı yerine finansman alınmalıdır
tom-katilim--hesaplama-araclari;tom-katilim;campaign_type;Finansman;0.70;classifier;;Hesaplama Araçları Finansman Hesaplama TKTCDGRFNS TKTCDGRFNS TKTCDGRFNS Finansman Tutarı TL 5.000 TL 150.000 TL Vade Ay 1 Ay 36 Ay Hesapla Aylık Kâr Oranı: 3,99 % Taksit Tutarı: 1.981,98 TL Geri Ödenecek Tutar 11.891,83 …;Finansman;;
tom-katilim--hesaplama-araclari;tom-katilim;finansman_tutari;"{""currency"": ""TRY"", ""value"": 150000.0}";0.85;rule_heuristic;;Hesaplama Araçları Finansman Hesaplama TKTCDGRFNS TKTCDGRFNS TKTCDGRFNS Finansman Tutarı TL 5.000 TL [150.000 TL] Vade Ay 1 Ay 36 Ay Hesapla Aylık Kâr Oranı: 3,99 % Taksit Tutarı: 1.981,98 TL Geri Ödenecek Tutar 11.891,83 TL Ödeme Pl…;"{""currency"": ""TRY"", ""value"": 5000.0-150000.0}";Fix;Metinde finansman tutarı 5000-150000 TL aralığındadır . Model sadece 5000 almıştır
tom-katilim--hesaplama-araclari;tom-katilim;vade_ay;1;0.85;rule_heuristic;;Hesaplama Araçları Finansman Hesaplama TKTCDGRFNS TKTCDGRFNS TKTCDGRFNS Finansman Tutarı TL 5.000 TL 150.000 TL Vade Ay [1 Ay] 36 Ay Hesapla Aylık Kâr Oranı: 3,99 % Taksit Tutarı: 1.981,98 TL Geri Ödenecek Tutar 11.891,83 TL Ödeme Planını Görüntü…;1-36 ay;Fix;Metinde vade süresi 1-36 ay belirtilmiş model bunu atlamıştır
turkiye-emlak-katilim--bireysel-hesaplar;turkiye-emlak-katilim;vade_ay;1;0.85;rule_heuristic;;…reysel müşterilerine sunulan katılma hesabı ürünlerine bu sayfadan ulaşabilirsiniz. Katılma Hesabı Katılma Hesabı en az [1 ay] vadeli olarak açılan ve kâr-zarar ortaklığı çerçevesinde vade sonunda getirinin paylaşıldığı bir hesap türüdür. DETAYLI…;1;Fix;Metinde katılma hesabının en az 1 ay vadeli açıldığı belirtilmiş ama model boş bırakmış
turkiye-emlak-katilim--finansmanlar-ihtiyac-finansmani;turkiye-emlak-katilim;campaign_type;Konut Finansmanı;0.70;classifier;;Türkiye Emlak Katılım Bankası A.Ş. internet sitesini ziyaretiniz esnasında kullanılabilecek çerezler ve benzeri teknolojiler hakkında bilgi vermek amacıyla işbu Çerez Politikası'nı hazırlanmıştır. İhtiyaç Finansmanı Ana …;İhtiyaç Finansmanı;Fix;Metin konut değil ihtiyaç finansmanı ürünlerini içermektedir. Model konut finansmanıyla ihtiyaç finansmanını karıştırmıştır
turkiye-emlak-katilim--finansmanlar-ihtiyac-finansmani;turkiye-emlak-katilim;kampanya_suresi;2001-11-22;0.55;rule_heuristic;;…ci ihtiyaç finansmanı ürünüdür. Ev/Ofis Tadilat Finansmanı Bireysel müşterilerimizin, konut tadilatı kapsamında konutun [22/11/2001] tarihli ve 4721 sayılı Türk Medeni Kanununun 684 üncü maddesinde düzenlenen bütünleyici parçası niteliğini haiz olacak …;;ok;Model bulunmayan bir şeyi arayıp bulamayarak doğru bir iş yapmış
turkiye-emlak-katilim--kampanya-market-alisverislerinize-1500-tl-parafpara-hediye;turkiye-emlak-katilim;campaign_type;Alışveriş Puanı;0.60;classifier;;Türkiye Emlak Katılım Bankası A.Ş. internet sitesini ziyaretiniz esnasında kullanılabilecek çerezler ve benzeri teknolojiler hakkında bilgi vermek amacıyla işbu Çerez Politikası'nı hazırlanmıştır. Ana sayfa Bireysel Kamp …;Kart;Fix;Market alışverişi kart kampanyası olduğu için alışveriş puanı değil kart olmalıdır
turkiye-emlak-katilim--kampanya-market-alisverislerinize-1500-tl-parafpara-hediye;turkiye-emlak-katilim;kampanya_suresi;2026-07-31;0.85;rule_heuristic;;…fone veya Türk Telekom operatörleri üzerinden ve yurt içinden gönderilmesi gerekmektedir. Kampanya Koşulları Kampanya 1-[31 Temmuz 2026] tarihleri arasında geçerlidir. Kampanya kapsamında yurt içinde tek seferde yapacağınız 2.500 TL ve üzeri her gıda marke…;1-31 Temmuz 2026;Fix;Metinde süre olarak 1-31 Temmuz aralığı belirtilmiştir. Model kaçırmıştır
turkiye-emlak-katilim--kampanya-paraf-ile-hepsiburadada-pesin-fiyatina-9-aya-varan-taksit-firsati;turkiye-emlak-katilim;campaign_type;Kart;0.60;classifier;;Türkiye Emlak Katılım Bankası A.Ş. internet sitesini ziyaretiniz esnasında kullanılabilecek çerezler ve benzeri teknolojiler hakkında bilgi vermek amacıyla işbu Çerez Politikası'nı hazırlanmıştır. Ana sayfa Bireysel Kamp …;Kart;;
turkiye-emlak-katilim--kampanya-paraf-ile-hepsiburadada-pesin-fiyatina-9-aya-varan-taksit-firsati;turkiye-emlak-katilim;taksit_sayisi;6;0.85;rule_heuristic;;…muz 2026 tarihine kadar www.hepsiburada.com ve mobil uygulamasından tek seferde yapılacak alışverişlerde vade farksız 3-[6 taksit] imkanı sunulacaktır. 100 TL altındaki alışverişlerde taksitlendirme yapılmaz. 100 TL – 1.000 TL arası alışverişlerde va…;9;Fix;Metinde 9. Aya kadar taksit fırsatı olduğu belirtilmiştir. Model yanılmıştır
vakif-katilim--detay-dijitalden-musteri-ol-hisse-senedi-islemlerinde-75-komisyon-indirimi-kazan;vakif-katilim;campaign_type;Yeni Müşteri;0.60;classifier;;Müşteri Ol Kendim İçin SİZE ÖZEL ÇÖZÜMLER ÜRÜN VE HİZMETLERİMİZ İşim İçin SİZE ÖZEL ÇÖZÜMLER ÜRÜN VE HİZMETLERİMİZ Hakkımızda Ana Sayfa Kendim İçin Kampanyalar Dijitalden Müşteri Ol, Hisse Senedi İşlemlerinde %75 Komisyo …;Yeni Müşteri;;
vakif-katilim--detay-dijitalden-musteri-ol-hisse-senedi-islemlerinde-75-komisyon-indirimi-kazan;vakif-katilim;kampanya_suresi;2021-12-14;0.72;rule_heuristic;;…in Kampanyalar Dijitalden Müşteri Ol, Hisse Senedi İşlemlerinde %75 Komisyon İndirimi Kazan! Kampanya Geçerlilik Tarihi [14 Aralık 2021] - 31 Aralık 2027 Kampanya Detayları Sadece görüntülü görüşme ile dijital müşteri ol an ve dijital kanallardan yatırım h…;14 Aralık 2021 - 31 Aralık 2072;Fix;Metinde kampanya geçerlilik tarihi belirtilmiştir
vakif-katilim--detay-espressolab-hediye-kahve-kampanyasi;vakif-katilim;kampanya_suresi;2026-01-01;0.72;rule_heuristic;;…ZMETLERİMİZ Hakkımızda Ana Sayfa Kendim İçin Kampanyalar Espressolab Hediye Kahve Kampanyası Kampanya Geçerlilik Tarihi [01 Ocak 2026] - 31 Aralık 2026 Kampanya Detayları Vakıf Katılımlı Olanlara 2 Kahve Hediye! Vakıf Katılım & Espressolab iş birliği ile…;01 Ocak 2026 - 31 Aralık 2026;Fix;Metinde kampanya geçerlilik tarihi yer almaktadır
vakif-katilim--finansmanlar-kentsel-donusum-finansmani;vakif-katilim;campaign_type;Finansman;0.70;classifier;;Müşteri Ol Kendim İçin SİZE ÖZEL ÇÖZÜMLER ÜRÜN VE HİZMETLERİMİZ İşim İçin SİZE ÖZEL ÇÖZÜMLER ÜRÜN VE HİZMETLERİMİZ Hakkımızda Ana Sayfa Kendim İçin Finansmanlar Kentsel Dönüşüm Finansmanı Kentsel Dönüşüm Finansmanı Çevre …;Konut Finansmanı;Fix;
vakif-katilim--finansmanlar-kentsel-donusum-finansmani;vakif-katilim;vade_ay;120;0.85;rule_heuristic;;…kullandırılacak kâr payı destekli konut kredileri(kâr payı destekli kentsel dönüşüm finansmanında konut için azami vade [10 yıl], işyeri için 7 yıldır.) için azami vade 10 yıl, işyeri için 7 yıldır. Hak sahiplerine kullandırılacak kâr payı destekli…;0-120 ay;Fix;
vakif-katilim--finansmanlar-konut-finansmani-2;vakif-katilim;campaign_type;Konut Finansmanı;0.80;classifier;;Müşteri Ol Kendim İçin SİZE ÖZEL ÇÖZÜMLER ÜRÜN VE HİZMETLERİMİZ İşim İçin SİZE ÖZEL ÇÖZÜMLER ÜRÜN VE HİZMETLERİMİZ Hakkımızda Ana Sayfa Diğer Yardım Merkezi Kendim İçin Konut Finansmanı ile ilgili Sıkça Sorulan Sorular F …;Konut Finansmanı;;
albaraka--tasit-finansmani-togg-finansmani;albaraka;tahsis_ucreti;;;;;"[MODEL ŞEMA DIŞI DEĞER ÜRETTİ: {""rate"": 0.0} — tahsis_ucreti: para {""value"": 500, ""currency"": ""TRY""} biçiminde olmalı; {'rate': 0.0} geldi. Doğru değer metinde varsa verdict=fix ile yazın.] []Albaraka Mobil Mobil Bankacılık Aç Togg Finansmanı Anasayfa Bireysel Finansmanlar Taşıt Finansmanı Togg Finansmanı Taşıt…";;ok;Metinde tahsis ücretine dair herhangi bir oran veya tutar bulunmamaktadır model halisülasyon görmüştür
turkiye-emlak-katilim--kampanya-paraf-ile-hepsiburadada-pesin-fiyatina-9-aya-varan-taksit-firsati;turkiye-emlak-katilim;vade_ay;9;0.45;rule_heuristic;;…ar Kampanya Paraf ile Hepsiburada'da Peşin Fiyatına 9 Aya Varan Taksit Fırsatı! Paraf ile Hepsiburada'da Peşin Fiyatına [9 Aya] Varan Taksit Fırsatı! 13 Temmuz 2026 tarihine kadar www.hepsiburada.com ve mobil uygulamasından tek seferde yapılacak a…;9;Fix;Metinde 9 ay olarak belirtillmiştir
turkiye-finans--konut-finansmani-konut-finansmani;turkiye-finans;tahsis_ucreti;;;;;"[MODEL ŞEMA DIŞI DEĞER ÜRETTİ: {""rate"": 0.5} — tahsis_ucreti: para {""value"": 500, ""currency"": ""TRY""} biçiminde olmalı; {'rate': 0.5} geldi. Doğru değer metinde varsa verdict=fix ile yazın.] []Navigasyonu görüntüle İçeriği görüntüle GÜNCELLE Çerez Politikası ve 6698 sayılı Kişisel Verilerin Korunması Kanunu kaps…";"{""rate"": 0.5}";;
turkiye-finans--tasit-finansmani-tasit-finansmani-2;turkiye-finans;tahsis_ucreti;;;;;"[MODEL ŞEMA DIŞI DEĞER ÜRETTİ: {""rate"": 0.5} — tahsis_ucreti: para {""value"": 500, ""currency"": ""TRY""} biçiminde olmalı; {'rate': 0.5} geldi. Doğru değer metinde varsa verdict=fix ile yazın.] []Navigasyonu görüntüle İçeriği görüntüle GÜNCELLE Çerez Politikası ve 6698 sayılı Kişisel Verilerin Korunması Kanunu kaps…";"{""rate"": 0.5}";;
albaraka--detay-vade-farksiz-kampanyasi;albaraka;kar_payi_orani;0.0;0.95;rule_heuristic;;…payı yok. Beklemek yok. 140.000 TL 'ye kadar vade farksız destek Albaraka'da! Şimdi Albaraka Mobil'den müşteri olanlar, [%0] kâr payı ile 40.000 TL'ye kadar Pratik Finansman Kart (İhtiyaç Finansmanı) kullanabiliyor ve 100.000 TL'ye varan seçili…;0;Fix;Model kar payı ile finansman desteğini karıştırmış
albaraka--detay-vade-farksiz-kampanyasi;albaraka;masraf_durumu;"{""amount"": 0.0, ""has_fee"": false}";0.95;rule_heuristic;;"…ödemelerinize vade farksız 6 taksit fırsatını kaçırmayın!"" Albaraka Mobil'e Özel Diğer Avantajlar Avantajlı Kampanyalar [Masrafsız] Banka ve Kredi Kartı Ücretsiz EFT ve Havale 8.500'den Fazla ATM'den İşlem Fırsatı Yukarıdaki QR kodunu telefonunuzdaki …";"{""amount"": 0.0, ""has_fee"": false}";;
albaraka--detay-vade-farksiz-kampanyasi;albaraka;kampanya_kosullari;"[""Bankamız uygun görmediği başvuruları reddetme, kampanya koşullarını değiştirme, gerekli görmesi halinde ek bilgi ve belge talebinde bulunma ve kampanyayı durdurma hakkını saklı tutar."", ""140.000 TL Vadesiz Finansman Kampanyası Detayları 40.000 TL'ye Kadar Vade Farksız Finansman Desteği Tutar: 40.000 TL Vade: 6 aya kadar Kar Payı: Vade Farksız Kullanım Alanları (Sektörler): Mobilya ve Beyaz Eşya, Oto Servis ve Bakım, Teknoloji Marketler, Ulaşım Bileti Alımı, Sağlık, Okul, Kırtasiye, Giyim Başvuru: Yalnızca dijitalden müşteri olanlar.""]";0.95;rule_heuristic;;…ndirilecektir. Bu doğrultuda, başvurunun olumsuz sonuçlanması durumunda kampanyadan faydalanılması mümkün olmayacaktır. [Bankamız uygun görmediği başvuruları reddetme, kampanya koşullarını değiştirme, gerekli görmesi halinde ek bilgi ve belge talebinde bulunma ve kampanyayı durdurma hakkını saklı tutar.] Kampanya Başlangıç ve Bitiş Tarihi Kampanya 1 Ocak 2026 – 31 Aralık 2026 tarihlerinde geçerlidir. 140.000 TL Vadesiz Fi…;;;
albaraka--ihtiyac-saglik-harcamalariniz-icin;albaraka;vade_ay;36;0.95;rule_heuristic;;… İçin Diş Sağlığı Genel Sağlık Diş Sağlığı Diş sağlığı ile ilgili dolgu, diş temizleme, implant vb. ihtiyaçlarınız için [36 aya] varan vade seçenekleriyle kullanabileceğiniz bir ihtiyaç kredisi sizlerle! Detaylı Bilgi Genel Sağlık Yüksek risk içerm…;36;Fix;
albaraka--tasit-finansmani-togg-finansmani;albaraka;kar_payi_orani;2.99;0.95;rule_heuristic;;[]Albaraka Mobil Mobil Bankacılık Aç Togg Finansmanı Anasayfa Bireysel Finansmanlar Taşıt Finansmanı Togg Finansmanı Taşıt…;0,00%-2,99%;Fix;Metinde Togg finansmanı için kâr oranları model ve vadeye göre 0,00%-2,99% arasında değişmektedir
albaraka--tasit-finansmani-togg-finansmani;albaraka;vade_ay;99;0.95;rule_heuristic;;[]Albaraka Mobil Mobil Bankacılık Aç Togg Finansmanı Anasayfa Bireysel Finansmanlar Taşıt Finansmanı Togg Finansmanı Taşıt…;en fazla 48 aya kadar;Fix;Metinde fatura tutarına bağlı olarak en fazla 48 aya kadar vade sunulduğu belirtilmiştir
albaraka--tasit-finansmani-togg-finansmani;albaraka;kampanya_kosullari;"[""Togg Araç Finansmanı Özellikleri Sadece sıfır kilometre T10X ve T10F modeli Togg araçlar için geçerlidir."", ""Kampanyalı Togg Finansmanı tüm Togg modelleri için geçerlidir."", ""Başvurular yalnızca Albaraka Türk şubeleri üzerinden yapılmaktadır."", ""Hayır, Kampanyalı Togg Finansmanı yalnızca sıfır kilometre Togg araçlar için geçerlidir.""]";0.95;rule_heuristic;;"…lmaktadır. Sizleri en yakın Albaraka Türk şubesini öğrenmek için "" Albaraka Şubeleri "" sayfasını ziyaret edebilirsiniz. [Togg Araç Finansmanı Özellikleri Sadece sıfır kilometre T10X ve T10F modeli Togg araçlar için geçerlidir.] Bireysel müşteriler için uygundur. Maksimum 48 aya varan vade imkânı sunar. Proforma fatura tutarına göre %70 'e varan …";Togg Araç Finansmanı Özellikleri Sadece sıfır kilometre T10X ve T10F modeli Togg araçlar için geçerlidir. | Kampanyalı Togg Finansmanı tüm Togg modelleri için geçerlidir. | Başvurular yalnızca Albaraka Türk şubeleri üzerinden yapılmaktadır. | Hayır, Kampanyalı Togg Finansmanı yalnızca sıfır kilometre Togg araçlar için geçerlidir.;;
dunya-katilim--katilma-hesaplari-gunes-katilma-hesabi;dunya-katilim;masraf_durumu;"{""amount"": 0.0, ""has_fee"": false}";0.95;rule_heuristic;;… adresi, telefon ve faks numarası d) talep konusu bulunmalıdır. Talebiniz en kısa sürede ve en geç otuz (30) gün içinde [ücretsiz] olarak sonuçlandırılmaktadır. Başvurunuza yönelik işlemlerin ayrı bir maliyeti gerektirmesi hâlinde, Kurul tarafından b…;"{""amount"": 0.0, ""has_fee"": false}";;
dunya-katilim--katilma-hesaplari-gunes-katilma-hesabi;dunya-katilim;kampanya_kosullari;"[""Sadece TL cinsinde açılabilmektedir."", ""Katılma Hesabı açmak için hesabınızda bulunması gereken minimum bakiye 5.000 TL ‘dir.""]";0.95;rule_heuristic;;…larken bu yeni çözümümüzden yararlanmayı düşünebilirsiniz. 1-30 gün arası kırık vadede açılabilen günlük hesap türüdür. [Sadece TL cinsinde açılabilmektedir.] Katılma Hesabı açmak için hesabınızda bulunması gereken minimum bakiye 5.000 TL ‘dir. Hesabınızı 17:40 kadar açmanız du…;Sadece TL cinsinde açılabilmektedir. | Katılma Hesabı açmak için hesabınızda bulunması gereken minimum bakiye 5.000 TL ‘dir.;;
dunya-katilim--kendim-icin-altin-bankaciligi;dunya-katilim;masraf_durumu;"{""amount"": 0.0, ""has_fee"": false}";0.95;rule_heuristic;;… adresi, telefon ve faks numarası d) talep konusu bulunmalıdır. Talebiniz en kısa sürede ve en geç otuz (30) gün içinde [ücretsiz] olarak sonuçlandırılmaktadır. Başvurunuza yönelik işlemlerin ayrı bir maliyeti gerektirmesi hâlinde, Kurul tarafından b…;"{""amount"": 0.0, ""has_fee"": false}";;
kuveyt-turk--altin-hesaplari-altina-altin-katilma-hesabi;kuveyt-turk;kampanya_kosullari;"[""3 ay ila 1 yıl arasında istediğiniz vade seçeneği ile hesabınızın açılabilmesi için belirlenen minimum limit 50 gramdır."", ""Minimum bakiye koşuluna uygun olarak yapılacak çekim veya bozdurma işlemi, hesabınızın vadesini bozmaz."", ""Minimum bakiye limitlerine bağlı kalınması koşulu ile vade bozulmadan hesaptan fiziksel altın teslim işlemleri için Kuveyt Türk şubelerine başvurabilirsiniz."", ""Hesaba yönelmenin İslami koşullara göre herhangi bir sakıncası yoktur.""]";0.95;rule_heuristic;;…n kâr, size yine altın olarak geri döner. 1 ay vadeli Altına Altın Katılma Hesabı'nı, 100 gram altın ile açabilirsiniz. [3 ay ila 1 yıl arasında istediğiniz vade seçeneği ile hesabınızın açılabilmesi için belirlenen minimum limit 50 gramdır.] Bakiye aylık vade için 100, diğer vade seçeneklerinde ise 50 gramın altına düşmeyecek şekilde hesabınızdan altın çekebi…;3 ay ila 1 yıl arasında istediğiniz vade seçeneği ile hesabınızın açılabilmesi için belirlenen minimum limit 50 gramdır. | Minimum bakiye koşuluna uygun olarak yapılacak çekim veya bozdurma işlemi, hesabınızın vadesini bozmaz. | Minimum bakiye limitlerine bağlı kalınması koşulu ile vade bozulmadan hesaptan fiziksel altın teslim işlemleri için Kuveyt Türk şubelerine başvurabilirsiniz. | Hesaba yönelmenin İslami koşullara göre herhangi bir sakıncası yoktur.;;
kuveyt-turk--finansmanlar-ihtiyac-finansmanlari;kuveyt-turk;kampanya_kosullari;"[""Ana Sayfa Kendim İçin Finansmanlar İhtiyaç Finansmanları Konut Finansmanları Araç Finansmanları Alışveriş Finansmanları İhtiyaç Finansmanları Sürdürülebilir Finansmanlar İhtiyaç Finansmanları Hac-Umre Finansmanı Hac ve umre ziyaretleriniz için finansman arayışınızda cazip geri ödeme koşulları ile Kuveyt Türk her daim sizinle!""]";0.95;rule_heuristic;;[Ana Sayfa Kendim İçin Finansmanlar İhtiyaç Finansmanları Konut Finansmanları Araç Finansmanları Alışveriş Finansmanları İhtiyaç Finansmanları Sürdürülebilir Finansmanlar İhtiyaç Finansmanları Hac-Umre Finansmanı Hac ve umre ziyaretleriniz için finansman arayışınızda cazip geri ödeme koşulları ile Kuveyt Türk her daim sizinle!] Eğitim Finansmanı Alternatif finansman oranları avantajını bünyesinde barındıran Eğitim Finansmanı'na 36 aya kadar vade…;Eğitim Finansmanı'na 36 aya kadar vade seçenekleri ile başvurabilirsiniz. Tekne Tüketici Finansmanı 36 aya kadar vade ve uygun kar payı oranları sunmaktadır;Fix;Model menü metnini koşul olarak almıştır. Metindeki gerçek koşul belirtilmiştir
kuveyt-turk--kampanya-arsivi-business-plus-karttan-vade-farksiz-3-taksit-imkani;kuveyt-turk;odul_miktari;"{""currency"": ""TRY"", ""value"": 50000.0}";0.95;rule_heuristic;;…X'de paylaş LinkedIn'de paylaş Whatsapp'da paylaş Business Plus Kart ile her ekstre döneminizde yapacağınız 10.000₺ ile [50.000₺] arası tek çekim işlemlerinizi vade farksız olarak 3 aya kadar sonradan taksitlendirin! Kampanya her ekstre döneminde ak…;;Absent;Model harcama limiti olan 50000 TL yi ödül sanmıştır
kuveyt-turk--kampanya-arsivi-business-plus-karttan-vade-farksiz-3-taksit-imkani;kuveyt-turk;kampanya_kosullari;"[""Kampanyaya sadece Business Plus kartlarımız dahildir."", ""İşlemden önce kart üzerindeki taksit ve öteleme sayısının 0 olması gerekmektedir."", ""Kuveyt Türk önceden haber vermeden kampanya koşullarında değişiklik yapabilir ya da kampanyayı sonlandırabilir.""]";0.95;rule_heuristic;;"…m işlemlerinizi vade farksız olarak 3 aya kadar sonradan taksitlendirin! Kampanya her ekstre döneminde aktif olacaktır. [Kampanyaya sadece Business Plus kartlarımız dahildir.] Belirtilen kampanya dönemi içerisinde; Business Plus kartlar ile yapılacak 10.000₺ ile 50.000 ₺ arası tek çekim taksits…";Kampanyaya sadece Business Plus kartlarımız dahildir. | İşlemden önce kart üzerindeki taksit ve öteleme sayısının 0 olması gerekmektedir. | Kuveyt Türk önceden haber vermeden kampanya koşullarında değişiklik yapabilir ya da kampanyayı sonlandırabilir.;;
kuveyt-turk--leasing-leasing-sureci-ve-hesaplama-araci;kuveyt-turk;kampanya_kosullari;"[""Teklifi uygun bulduğunuz takdirde proforma fatura, başvuru formu ve diğer gerekli evrakları şubemize teslim edin.""]";0.95;rule_heuristic;;…istediğiniz malı seçin ve bankamıza başvurun. Başvurunuzu takiben nakit akışınıza uygun ödeme planı tarafınıza sunulur. [Teklifi uygun bulduğunuz takdirde proforma fatura, başvuru formu ve diğer gerekli evrakları şubemize teslim edin.] Leasing başvurunuz değerlendirilir ve sonuç en kısa sürede size iletilir. Leasing sözleşmesi imzalanarak operasyon süre…;Teklifi uygun bulduğunuz takdirde proforma fatura, başvuru formu ve diğer gerekli evrakları şubemize teslim edin.;;
kuveyt-turk--leasing-leasing-sureci-ve-hesaplama-araci;kuveyt-turk;hedef_kitle;"[""belirli_segment""]";0.95;rule_heuristic;;…Kuveyt Türk Mobil 'i indirerek müşterimiz olabilirsiniz. Anonim ve Limited Şirketler Şahıs Firmaları Kolektif Şirketler [Serbest Meslek] Sahipleri Ortak Girişimler Leasing Nasıl Yapılır? Kiralamak istediğiniz malı seçin ve bankamıza başvurun. Başvurunuzu t…;Hizmet ya da mal üretimi amacıyla faaliyette olan ve aşağıda sıralanan ticari oluşumlar(Anonim ve Limited Şirketler Şahıs Firmaları Kolektif Şirketler Serbest Meslek Sahipleri Ortak Girişimler);Fix;
tom-katilim--hesaplama-araclari;tom-katilim;kampanya_kosullari;"[""Katılım Bankası A.Ş.'nin kar oranlarında ve kampanya koşullarında değişiklik yapma ve/veya kampanyayı durdurma hakkı saklıdır.""]";0.95;rule_heuristic;;…siye kredide %0.5 tahsis ücreti yapılan harcama üzerine eklenir. Yapılan hesaplamalar bilgilendirme amaçlı olup, T.O.M. [Katılım Bankası A.Ş.'nin kar oranlarında ve kampanya koşullarında değişiklik yapma ve/veya kampanyayı durdurma hakkı saklıdır.] Ödeme Planı Taksit No Taksit Tutarı 1 1.981,98 TL 2 1.981,98 TL 3 1.981,98 TL 4 1.981,98 TL 5 1.981,98 TL 6 1.981,93 TL…;;Fix;Model kampanya koşullarını eksik almıştır
turkiye-emlak-katilim--bireysel-hesaplar;turkiye-emlak-katilim;campaign_type;Yatırım Ürünü;0.90;classifier;;Türkiye Emlak Katılım Bankası A.Ş. internet sitesini ziyaretiniz esnasında kullanılabilecek çerezler ve benzeri teknolojiler hakkında bilgi vermek amacıyla işbu Çerez Politikası'nı hazırlanmıştır. Hesaplar Ana sayfa Bire …;Yatırım Ürünü;;
turkiye-emlak-katilim--bireysel-hesaplar;turkiye-emlak-katilim;kampanya_kosullari;"[""Katılma Hesabı Katılma Hesabı en az 1 ay vadeli olarak açılan ve kâr-zarar ortaklığı çerçevesinde vade sonunda getirinin paylaşıldığı bir hesap türüdür.""]";0.95;rule_heuristic;;…esapları Emlak Katılım tarafından bireysel müşterilerine sunulan katılma hesabı ürünlerine bu sayfadan ulaşabilirsiniz. [Katılma Hesabı Katılma Hesabı en az 1 ay vadeli olarak açılan ve kâr-zarar ortaklığı çerçevesinde vade sonunda getirinin paylaşıldığı bir hesap türüdür.] DETAYLI BİLGİ Zümrüt Katılma Hesabı 3 milyon TL ve üzerinde birikimi olan ve bu birikimlerini klasik katılma hesapları …;"[""Katılma Hesabı en az 1 ay vadeli olarak açılır. Zümrüt Katılma Hesabı 3 milyon TL ve üzeri birikimi olan müşteriler içindir. Çeyiz Hesabı 3 yıl düzenli birikimle %25'e kadar, Konut Hesabı ise %20'ye varan devlet katkısı sunar.""]⁠";Fix;Model hesap koşulunu eksik almıştır metindeki temel hesap koşullarıyla güncellenmiştir
turkiye-emlak-katilim--bireysel-hesaplar;turkiye-emlak-katilim;hedef_kitle;"[""belirli_segment""]";0.95;rule_heuristic;;…trol etmek isteyen müşterilerimize yönelik bir hesap türüdür. DETAYLI BİLGİ Gerçek Kişi Ticari Cari Hesap Vergiden muaf [esnaf] tarafından oturdukları evlerde kendi imal ettikleri (Ayrı bir iş yeri açmaksızın ve sanayi tipi veya seri üretim yapabi…;;Fix;Model genel bir segment etiketi kullanmıştır. Hedef kitle metindeki tanımlarıyla güncellenmiştir
turkiye-emlak-katilim--finansmanlar-ihtiyac-finansmani;turkiye-emlak-katilim;kar_payi_orani;1.69;0.95;rule_heuristic;;[]Türkiye Emlak Katılım Bankası A.Ş. internet sitesini ziyaretiniz esnasında kullanılabilecek çerezler ve benzeri teknoloj…;1.69;Fix;Metindeki örnek ihtiyaç finansman tablosunda kâr oranı 1,69 olarak yer almıştır. Model kaçırmıştır
turkiye-emlak-katilim--finansmanlar-ihtiyac-finansmani;turkiye-emlak-katilim;vade_ay;12;0.95;rule_heuristic;;[]Türkiye Emlak Katılım Bankası A.Ş. internet sitesini ziyaretiniz esnasında kullanılabilecek çerezler ve benzeri teknoloj…;12;Fix;Metin'deki örnek hesaplama tablosunda vade süresi 12 ay olarak yer almıştır. Model kaçırmıştır
turkiye-emlak-katilim--finansmanlar-ihtiyac-finansmani;turkiye-emlak-katilim;tahsis_ucreti;"{""currency"": ""TRY"", ""value"": 30000.0}";0.95;rule_heuristic;;…şmesi teminata alınmamaktadır. Örnek İhtiyaç Finansmanı Tablosu Finansman Tutarı Vade Kar Oranı Taksit Tutarı Finansman [Tahsis Ücreti 30.000,00 ₺ 12 Ay 1,69% 2,841.66 ₺ 157.50 ₺ * İhtiyaç Finan]smanı başvurusu için şubelerimizi ziyaret edebilirsiniz. HEMEN BAŞVUR;"{""currency"": ""TRY"", ""value"": 157.5}";Fix;Model 30.000 TL olan finansman tutarını tahsis ücreti sanmıştır
turkiye-emlak-katilim--finansmanlar-ihtiyac-finansmani;turkiye-emlak-katilim;masraf_durumu;"{""amount"": 30000.0, ""has_fee"": true}";0.95;rule_heuristic;;…şmesi teminata alınmamaktadır. Örnek İhtiyaç Finansmanı Tablosu Finansman Tutarı Vade Kar Oranı Taksit Tutarı Finansman [Tahsis] Ücreti 30.000,00 ₺ 12 Ay 1,69% 2,841.66 ₺ 157.50 ₺ * İhtiyaç Finansmanı başvurusu için şubelerimizi ziyaret edebilirsin…;"{""amount"": 157.5, ""has_fee"": true}";Fix;Model masraf tutarı yerine 30.000 TL finansman tutarını yazmıştır tablodaki gerçek masraf tutarı 157.5 TL'dir
turkiye-emlak-katilim--finansmanlar-ihtiyac-finansmani;turkiye-emlak-katilim;kampanya_kosullari;"[""Yalnızca sıfır devre mülkler için finansman sağlanmaktadır."", ""Finansmanın kullandırılabilmesi için finansmana konu edilecek devre mülke ilişkin oluşturulan satış teklifi veya proforma faturanın temin edilmesi gerekmektedir."", ""Onaylanan finansman bedelinin satıcıya ödenebilmesi için satış vaadi sözleşmesinin akdedilmiş olması veya tapunun alıcı adına tescil edilmiş olması gerekmektedir.""]";0.95;rule_heuristic;;…ılacak finansman tutarlarına göre uygulanacak vade sınırlamaları BDDK'nın güncel kararları kapsamında belirlenmektedir. [Yalnızca sıfır devre mülkler için finansman sağlanmaktadır.] Finansmanın kullandırılabilmesi için finansmana konu edilecek devre mülke ilişkin oluşturulan satış teklifi veya profor…;Yalnızca sıfır devre mülkler için finansman sağlanmaktadır. | Finansmanın kullandırılabilmesi için finansmana konu edilecek devre mülke ilişkin oluşturulan satış teklifi veya proforma faturanın temin edilmesi gerekmektedir. | Onaylanan finansman bedelinin satıcıya ödenebilmesi için satış vaadi sözleşmesinin akdedilmiş olması veya tapunun alıcı adına tescil edilmiş olması gerekmektedir.;;
turkiye-emlak-katilim--finansmanlar-ihtiyac-finansmani;turkiye-emlak-katilim;hedef_kitle;"[""belirli_segment""]";0.95;rule_heuristic;;… modellerimiz hizmetinizdedir Bu kapsamda, ihtiyaç finansmanı ürünlerimiz aşağıdaki gibidir. Eğitim Tüketici Finansmanı [Öğrenci]lerin eğitim/öğretim ihtiyaçlarına yönelik, anaokulu, özel okul, kolej, üniversite, dil eğitimi gibi hizmet ücretini eği…;;Fix;Model genel etiket kullanmıştır Metin'de geçen  'gerçek kişiye bireysel müşteriler' ifadesiyle güncellendi
turkiye-emlak-katilim--kampanya-market-alisverislerinize-1500-tl-parafpara-hediye;turkiye-emlak-katilim;masraf_durumu;"{""amount"": 0.0, ""has_fee"": false}";0.95;rule_heuristic;;"… başarılı sayılabilmesi için banka sisteminde adınıza tanımlı telefon numarasından katılım sağlanmalıdır. Katılım SMS'i [ücretsiz] olup; kampanyaya katılabilmek için SMS'in Turkcell, Vodafone veya Türk Telekom operatörleri üzerinden ve yurt içinden g…";"{""amount"": 0.0, ""has_fee"": false}";;
turkiye-emlak-katilim--kampanya-market-alisverislerinize-1500-tl-parafpara-hediye;turkiye-emlak-katilim;odul_miktari;"{""currency"": ""TRY"", ""value"": 1500.0}";0.95;rule_heuristic;;…rmek amacıyla işbu Çerez Politikası'nı hazırlanmıştır. Ana sayfa Bireysel Kampanyalar Kampanya Market Alışverişlerinize [1.500 TL] ParafPara Hediye! Market Alışverişlerinize 1.500 TL ParafPara Hediye! Market Alışverişlerinize 1.500 TL ParafPara Hediy…;"{""currency"": ""TRY"", ""value"": 1500.0}";;
turkiye-emlak-katilim--kampanya-market-alisverislerinize-1500-tl-parafpara-hediye;turkiye-emlak-katilim;alisveris_puani;"{""kind"": ""points"", ""value"": 1500.0}";0.95;rule_heuristic;;…rmek amacıyla işbu Çerez Politikası'nı hazırlanmıştır. Ana sayfa Bireysel Kampanyalar Kampanya Market Alışverişlerinize [1.500] TL ParafPara Hediye! Market Alışverişlerinize 1.500 TL ParafPara Hediye! Market Alışverişlerinize 1.500 TL ParafPara He…;1.500 TL ParafPara;Fix;
turkiye-emlak-katilim--kampanya-market-alisverislerinize-1500-tl-parafpara-hediye;turkiye-emlak-katilim;kampanya_kosullari;"[""Kampanyaya katılmak için \"" GIDA \"" yazıp 6026'ya SMS gönderilmesi gerekmektedir."", ""Katılım SMS'i ücretsiz olup; kampanyaya katılabilmek için SMS'in Turkcell, Vodafone veya Türk Telekom operatörleri üzerinden ve yurt içinden gönderilmesi gerekmektedir."", ""Kampanya Koşulları Kampanya 1-31 Temmuz 2026 tarihleri arasında geçerlidir."", ""Birden fazla kampanya koşulunun aynı anda sağlanması halinde, hak kazanılan en yüksek tutarlı ödül yüklenir."", ""Müşterinin kampanya dönemi içerisinde gerçekleştirdiği farklı işlemler, ilgili tutar koşullarını sağlamaları halinde kendi kampanyaları kapsamında ayrıca ödüllendirilecektir."", ""Kampanya kapsamında kazanılan ParafPara'lar, kampanyayı takip eden ayın 14‘ünde, kampanya koşullarını sağlayan müşterilerimizin işlem yaptığı ve kullanıma açık kartına yansıtılacaktır."", ""Türkiye Emlak Katılım Bankası A.Ş. kampanyayı dilediği zaman durdurma ve/veya kampanya koşullarını değiştirme hakkına sahiptir. × Your browser does not support the audio element.""]";0.95;rule_heuristic;;"…erişlerinize 1.500 TL ParafPara Hediye! Market Alışverişlerinize 1.500 TL ParafPara Hediye! Kampanyaya Nasıl Katılırım? [Kampanyaya katılmak için "" GIDA "" yazıp 6026'ya SMS gönderilmesi gerekmektedir.] Kampanya katılımının başarılı sayılabilmesi için banka sisteminde adınıza tanımlı telefon numarasından katılım sağlanma…";"Kampanyaya katılmak için "" GIDA "" yazıp 6026'ya SMS gönderilmesi gerekmektedir. | Katılım SMS'i ücretsiz olup; kampanyaya katılabilmek için SMS'in Turkcell, Vodafone veya Türk Telekom operatörleri üzerinden ve yurt içinden gönderilmesi gerekmektedir. | Kampanya Koşulları Kampanya 1-31 Temmuz 2026 tarihleri arasında geçerlidir. | Birden fazla kampanya koşulunun aynı anda sağlanması halinde, hak kazanılan en yüksek tutarlı ödül yüklenir. | Müşterinin kampanya dönemi içerisinde gerçekleştirdiği farklı işlemler, ilgili tutar koşullarını sağlamaları halinde kendi kampanyaları kapsamında ayrıca ödüllendirilecektir. | Kampanya kapsamında kazanılan ParafPara'lar, kampanyayı takip eden ayın 14‘ünde, kampanya koşullarını sağlayan müşterilerimizin işlem yaptığı ve kullanıma açık kartına yansıtılacaktır. | Türkiye Emlak Katılım Bankası A.Ş. kampanyayı dilediği zaman durdurma ve/veya kampanya koşullarını değiştirme hakkına sahiptir. × Your browser does not support the audio element.";;
turkiye-emlak-katilim--kampanya-paraf-ile-hepsiburadada-pesin-fiyatina-9-aya-varan-taksit-firsati;turkiye-emlak-katilim;kampanya_suresi;2026-07-13;0.95;rule_heuristic;;…urada'da Peşin Fiyatına 9 Aya Varan Taksit Fırsatı! Paraf ile Hepsiburada'da Peşin Fiyatına 9 Aya Varan Taksit Fırsatı! [13 Temmuz 2026] tarihine kadar www.hepsiburada.com ve mobil uygulamasından tek seferde yapılacak alışverişlerde vade farksız 3-6 taksit…;13 Temmuz 2026 tarihine kadar;Fix;Metinde açıkça 13 Temmuz 2026 tarihine kadar denmiştir model yanılmıştır
turkiye-emlak-katilim--kampanya-paraf-ile-hepsiburadada-pesin-fiyatina-9-aya-varan-taksit-firsati;turkiye-emlak-katilim;kampanya_kosullari;"[""Peşin fiyatına 6 taksit kampanyası sadece seçili ürünler özelinde geçerlidir."", ""Kampanyadan faydalanmak için ödeme esnasında ilgili taksitin seçilmesi gerekmektedir."", ""Hepsiburada belirli kategorilerde yer alan ürünleri peşin fiyatına taksit uygulamasından hariç tutabilir."", ""Hepsiburada satıcılı Xiaomi (Tablet hariç) markalı ürünler vade farksız taksit kampanyalarına dahil değildir."", ""Türkiye Emlak Katılım Bankası A.Ş. kampanya koşullarının tamamında değişiklik yapma ve/veya kampanyayı durdurma hakkını saklı tutar. × Your browser does not support the audio element.""]";0.95;rule_heuristic;;… TL ve üzeri alışverişlerde Hepsiburada Premium müşterilerine özel seçili ürünlerde peşin fiyatına 9 taksit geçerlidir. [Peşin fiyatına 6 taksit kampanyası sadece seçili ürünler özelinde geçerlidir.] Kampanyadan faydalanmak için ödeme esnasında ilgili taksitin seçilmesi gerekmektedir. Kampanyaya ilişkin geriye dönük y…;100 TL ve üzeri alışverişlerde vade farksız taksit imkanı sunulur. Peşin fiyatına altı taksit kampanyası sadece seçili ürünler üzerinde geçerlidir. Hepsiburada premium müşterilerine özel 10.000 TL ve üzeri alışverişlerinde 9 taksit uygulanır ve BDDK kısıtlamaları gereği gıda, akaryakıt, kuyum, kozmetik ve benzeri harcamalarda taksit uygulanamaz.;Fix;Model koşul cümlesini eksik almıştır
turkiye-finans--konut-finansmani-konut-finansmani;turkiye-finans;campaign_type;Konut Finansmanı;0.90;classifier;;Navigasyonu görüntüle İçeriği görüntüle GÜNCELLE Çerez Politikası ve 6698 sayılı Kişisel Verilerin Korunması Kanunu kapsamında Bankamız ile paylaşmış olduğunuz kişisel verileriniz ile ilgili detaylı bilgiye Kişisel Veril …;Konut Finansmanı;;
turkiye-finans--konut-finansmani-konut-finansmani;turkiye-finans;kar_payi_orani;"{""max"": 4.42, ""min"": 2.95}";0.90;rule_heuristic;;[]Navigasyonu görüntüle İçeriği görüntüle GÜNCELLE Çerez Politikası ve 6698 sayılı Kişisel Verilerin Korunması Kanunu kaps…;"{""max"": 4.42, ""min"": 2.95}";;
turkiye-finans--konut-finansmani-konut-finansmani;turkiye-finans;vade_ay;120;0.95;rule_heuristic;;[]Navigasyonu görüntüle İçeriği görüntüle GÜNCELLE Çerez Politikası ve 6698 sayılı Kişisel Verilerin Korunması Kanunu kaps…;120;Fix;Metin'de maksimum vade süresi 120 ay olarak belirtilmiştir. Model bunu kaçırmıştır
turkiye-finans--konut-finansmani-konut-finansmani;turkiye-finans;masraf_durumu;"{""amount"": 500.0, ""has_fee"": true}";0.95;rule_heuristic;;…oranındadır. Yıllık maliyete kar oranı, tahsis ücreti, ekspertiz ücreti, ipotek tesis ücreti dahil edilmiştir. Alınacak [ücret]ler: 500 TL tahsis ücreti, 3.000 TL ipotek tesis ücreti, 16.500 TL Ekspertiz(Değerleme) ücretidir. Ekspertiz ücreti mini…;"{""amount"": 500.0, ""has_fee"": true}";;
turkiye-finans--konut-finansmani-konut-finansmani;turkiye-finans;kampanya_kosullari;"[""Türkiye Finans'ın 100'ünde Gelecek Olan 5 Üyesi Cumhuriyetimizin Unutulmaz 100'leri Bankacılığın Tarihçesi ve Türkiye'de Bankacılık Türleri Dijital Dünyada Güvenlik İçin Temel İpuçları Avrupa Yeşil Mutabakatı: Sürdürülebilir Ekonomiler İçin Yol Haritası 2023'ü Geride Bırakırken DASK - Zorunlu Deprem Sigortası Nedir?"", ""Türkiye Finans Konut Finansmanı (bankacılık kanununa göre konut kredisi), uygun koşullarda ev sahibi olmanız için sunulan finansman desteğidir."", ""Konut Finansmanı (Konut Kredisi)* çözümlerimizden bütçenize göre dilediğinizi seçebilir, uygun ödeme koşulları ile zorlanmadan ev sahibi olabilirsiniz."", ""Banka gerekli gördüğü durumlarda kefil ve ek belge isteme hakkına sahiptir."", ""Maliyet tablosu hesaplamasında yer alan kar oranları; Yedek Hesap, DASK, Finansman Ferdi Kaza Sigortası, Konut Sigortası, Otomatik Fatura Ödeme Talimatı ürünlerinin tamamının finansman başvurusu ile birlikte alınması şartıyla uygulanmaktadır."", ""Finansmanın maksimum vadesi 120 ay olup, tahsis ücreti vergiler hariç finansman tutarının binde 5'i oranındadır."", ""Ekspertiz ücreti minimum maliyetler üzerinden hesaplanmış olup Ekspertiz ücreti Resmi Kurumlara ödenen harç miktarına, taşınmazın alanına, mevcut durumuna ve bulunduğu lokasyona göre değişebilmektedir.Gayrimenkulün bulunduğu lokasyona bağlı olarak ekspertiz firmasına ödenen meblağ arttığında, müşteriden tahsil edilecek ekspertiz ücreti de artacaktır."", ""Mortgage finansmanı için gerekli belgeler nelerdir?""]";0.95;rule_heuristic;;…ra Biriktirme Yolları Enflasyon Nedir? Nasıl Hesaplanır? 3D Secure Nedir, Ne İşe Yarar? Kredi Notu (Kredi Puanı) Nedir? [Türkiye Finans'ın 100'ünde Gelecek Olan 5 Üyesi Cumhuriyetimizin Unutulmaz 100'leri Bankacılığın Tarihçesi ve Türkiye'de Bankacılık Türleri Dijital Dünyada Güvenlik İçin Temel İpuçları Avrupa Yeşil Mutabakatı: Sürdürülebilir Ekonomiler İçin Yol Haritası 2023'ü Geride Bırakırken DASK - Zorunlu Deprem Sigortası Nedir?] Sağlık Sigortası Nedir? Neden Sağlık Sigortası Yaptırmalıyız? Katılma Hesabı Nedir, Nasıl Açılır? Sürdürülebilir Bir Ge…;"⁠[""Maksimum vade 120 aydır. Kullanılabilecek finansman tutarı konutun ekspertiz değerine, enerji sınıfına ve tüketicinin ilk/mevcut konut durumuna göre belirlenir. Yedek Hesap, DASK, Konut Sigortası, Ferdi Kaza Sigortası ve Otomatik Fatura Talimatı ürünlerinin finansmanla birlikte alınması gerekmektedir.""]⁠";Fix;Model alakasız bir kısmı yazmıştır. Metindeki gerçek konut finansman koşulları bunlardır.
turkiye-finans--konut-finansmani-konut-finansmani;turkiye-finans;hedef_kitle;"[""belirli_segment"", ""maas_musterisi"", ""yeni_musteri""]";0.95;rule_heuristic;;…bı Nedir, Nasıl Açılır? Sürdürülebilir Bir Geleceğin Anahtarı: Net Sıfır Hedefi Tüm Renkleri Buluşturan Güzellikleriyle [Hoş Geldin] Ramazan! İşsizlik Maaşı (İşsizlik Ödeneği) Nedir? İşsizlik Maaşı Hesaplama 2024 Trafik Cezası (TPC) Nedir? Trafik Cezas…;;Fix;Model genel haliyle yazmıştır.
turkiye-finans--tasit-finansmani-tasit-finansmani-2;turkiye-finans;campaign_type;Taşıt Finansmanı;0.90;classifier;;Navigasyonu görüntüle İçeriği görüntüle GÜNCELLE Çerez Politikası ve 6698 sayılı Kişisel Verilerin Korunması Kanunu kapsamında Bankamız ile paylaşmış olduğunuz kişisel verileriniz ile ilgili detaylı bilgiye Kişisel Veril …;Taşıt Finansmanı;;
turkiye-finans--tasit-finansmani-tasit-finansmani-2;turkiye-finans;kar_payi_orani;"{""max"": 4.27, ""min"": 3.42}";0.90;rule_heuristic;;[]Navigasyonu görüntüle İçeriği görüntüle GÜNCELLE Çerez Politikası ve 6698 sayılı Kişisel Verilerin Korunması Kanunu kaps…;"{""max"": 4.27, ""min"": 3.42}";;
turkiye-finans--tasit-finansmani-tasit-finansmani-2;turkiye-finans;vade_ay;48;0.95;rule_heuristic;;[]Navigasyonu görüntüle İçeriği görüntüle GÜNCELLE Çerez Politikası ve 6698 sayılı Kişisel Verilerin Korunması Kanunu kaps…;12ile 48 arasında değişiyor;Fix;Metinde araçların değerlerine göre 12 ile 48 ay arasında vade süreleri değişmektedir.
turkiye-finans--tasit-finansmani-tasit-finansmani-2;turkiye-finans;kampanya_kosullari;"[""Türkiye Finans'ın 100'ünde Gelecek Olan 5 Üyesi Cumhuriyetimizin Unutulmaz 100'leri Bankacılığın Tarihçesi ve Türkiye'de Bankacılık Türleri Dijital Dünyada Güvenlik İçin Temel İpuçları Avrupa Yeşil Mutabakatı: Sürdürülebilir Ekonomiler İçin Yol Haritası 2023'ü Geride Bırakırken DASK - Zorunlu Deprem Sigortası Nedir?"", ""Türkiye Finans Taşıt Araç / Taşıt Finansmanı (Taşıt Kredisi)* başvurunuzu gerekli belgelerle birlikte size en yakın Türkiye Finans şubesinden yapabilirsiniz."", ""Araç / Taşıt Finansmanı (Taşıt Kredisi)* kullanmak için aşağıdaki teminatlardan birini kullanabilirsiniz: Alınacak aracın rehini Gayrimenkul ipoteği Nakit bloke teminatı Türkiye Finans Araç / Taşıt Finansmanı (Taşıt Kredisi)* için Gerekli Belgeler Nelerdir?"", ""el aracı alternatif ödeme seçeneklerinden faydalanarak avantajlı ve uygun koşullarla satın alabilirsiniz."", ""Maliyet tablosu hesaplamasında yer alan kar oranları; Kasko, Finansman Güvence Sigortası ürünlerinin tamamının finansman başvurusu ile birlikte alınması şartıyla uygulanmaktadır."", ""Tahsis ücreti finansman fiyatlamasının bir parçasıdır Tahsis ücreti vergiler hariç finansman tutarının binde 5'i oranındadır."", ""Araç / Taşıt Finansmanı (Taşıt Kredisi)* Hakkında Sıkça Sorulan Sorular Araç / Taşıt Finansmanı (Taşıt Kredisi)* başvurusu için gerekli belgeler nelerdir?"", ""Taşıt kredisi başvurunuz için aşağıdaki belgeleri ibraz etmeniz gerekmektedir.""]";0.95;rule_heuristic;;…ra Biriktirme Yolları Enflasyon Nedir? Nasıl Hesaplanır? 3D Secure Nedir, Ne İşe Yarar? Kredi Notu (Kredi Puanı) Nedir? [Türkiye Finans'ın 100'ünde Gelecek Olan 5 Üyesi Cumhuriyetimizin Unutulmaz 100'leri Bankacılığın Tarihçesi ve Türkiye'de Bankacılık Türleri Dijital Dünyada Güvenlik İçin Temel İpuçları Avrupa Yeşil Mutabakatı: Sürdürülebilir Ekonomiler İçin Yol Haritası 2023'ü Geride Bırakırken DASK - Zorunlu Deprem Sigortası Nedir?] Sağlık Sigortası Nedir? Neden Sağlık Sigortası Yaptırmalıyız? Katılma Hesabı Nedir, Nasıl Açılır? Sürdürülebilir Bir Ge…;"[""0 km araçlarda proforma fatura, 2. el araçlarda kasko değeri baz alınır. Araç değerine göre azami 48 ay vade imkanı sunulur. En fazla 7 yaşına kadar olan taşıtlar finanse edilir. Kasko ve Finansman Güvence Sigortası ürünlerinin birlikte alınması şartıyla uygun kâr oranları uygulanır.""]⁠";Fix;Model alakasız bir kısmı almıştır.
turkiye-finans--tasit-finansmani-tasit-finansmani-2;turkiye-finans;hedef_kitle;"[""belirli_segment"", ""maas_musterisi"", ""mevcut_musteri"", ""yeni_musteri""]";0.95;rule_heuristic;;…bı Nedir, Nasıl Açılır? Sürdürülebilir Bir Geleceğin Anahtarı: Net Sıfır Hedefi Tüm Renkleri Buluşturan Güzellikleriyle [Hoş Geldin] Ramazan! İşsizlik Maaşı (İşsizlik Ödeneği) Nedir? İşsizlik Maaşı Hesaplama 2024 Trafik Cezası (TPC) Nedir? Trafik Cezas…;;Fix;Model genel bir anlatımla ifade etmiştir.
vakif-katilim--detay-dijitalden-musteri-ol-hisse-senedi-islemlerinde-75-komisyon-indirimi-kazan;vakif-katilim;indirim_orani;75.0;0.95;rule_heuristic;;…ER ÜRÜN VE HİZMETLERİMİZ Hakkımızda Ana Sayfa Kendim İçin Kampanyalar Dijitalden Müşteri Ol, Hisse Senedi İşlemlerinde %[75] Komisyon İndirimi Kazan! Kampanya Geçerlilik Tarihi 14 Aralık 2021 - 31 Aralık 2027 Kampanya Detayları Sadece görüntülü…;75.0;;
vakif-katilim--detay-dijitalden-musteri-ol-hisse-senedi-islemlerinde-75-komisyon-indirimi-kazan;vakif-katilim;kampanya_kosullari;"[""Kampanya Geçerlilik Tarihi 14 Aralık 2021 - 31 Aralık 2027 Kampanya Detayları Sadece görüntülü görüşme ile dijital müşteri ol an ve dijital kanallardan yatırım hesabı açan bireysel müşteriler kampanyadan yararlanabilir."", ""Kampanya Şartları Kampanyaya yalnızca görüntülü görüşme ile müşteri olan ve dijital kanallardan yatırım hesabı açan müşteriler katılabilir."", ""Kampanya, bireysel müşteriler için geçerlidir."", ""Vakıf Katılım Bankası AŞ önceden haber vermeksizin kampanyayı durdurma, sona erdirme, kampanya kapsamını ve koşullarını değiştirme hakkını saklı tutar.""]";0.95;rule_heuristic;;…kımızda Ana Sayfa Kendim İçin Kampanyalar Dijitalden Müşteri Ol, Hisse Senedi İşlemlerinde %75 Komisyon İndirimi Kazan! [Kampanya Geçerlilik Tarihi 14 Aralık 2021 - 31 Aralık 2027 Kampanya Detayları Sadece görüntülü görüşme ile dijital müşteri ol an ve dijital kanallardan yatırım hesabı açan bireysel müşteriler kampanyadan yararlanabilir.] Hisse senedi alım-satım işlemlerinde standart komisyon oranı yerine, on binde 5 komisyon oranı uygulanır. Bu oran, %75 …;;Fix;Model alakasız bir bölgeyi almıştır
vakif-katilim--detay-dijitalden-musteri-ol-hisse-senedi-islemlerinde-75-komisyon-indirimi-kazan;vakif-katilim;hedef_kitle;"[""yeni_musteri""]";0.95;rule_heuristic;;…ranı yerine, on binde 5 komisyon oranı uygulanır. Bu oran, %75 komisyon indirimi anlamına gelir. Kampanya süresizdir ve [yeni müşteri]lere yöneliktir. Kampanya Şartları Kampanyaya yalnızca görüntülü görüşme ile müşteri olan ve dijital kanallardan yatırım…;"[""yeni_musteri""]";;
vakif-katilim--detay-espressolab-hediye-kahve-kampanyasi;vakif-katilim;masraf_durumu;"{""amount"": 0.0, ""has_fee"": false}";0.95;rule_heuristic;;"…ım Mobil 'i indirerek "" Vakıf Katılımlı Ol "" adımından ya da en yakın şubeye giderek müşteri olabilirsiniz. Espressolab [Ücretsiz] Kahve Kodu Espressolab ücretsiz kahve kodu ""KAHVE"" şeklindedir. ""KAHVE"" koduyla uzaktan müşterimiz olan Vakıf Katılımlı…";"{""amount"": 0.0, ""has_fee"": false}";;
vakif-katilim--detay-espressolab-hediye-kahve-kampanyasi;vakif-katilim;indirim_orani;15.0;0.95;rule_heuristic;;…rt'la Şarj Et, Yola Devam Et! Detaylı Bilgi Mastercard ile ENUYGUN.com'da 150 TL İndirim Detaylı Bilgi English Home'da %[15] İndirim! Detaylı Bilgi Tüm Kampanyalar Çerezleri Özelleştirin Reddet Kabul Ediyorum;;ok;Metin'de indirim oranı bulunmamaktadır
vakif-katilim--detay-espressolab-hediye-kahve-kampanyasi;vakif-katilim;kampanya_kosullari;"[""Kampanya Şartları Espressolab Hediye Kahve Kodu Nasıl Kazanılır? \""KAHVE\"" davet koduyla Vakıf Katılım Mobil Şube üzerinden müşteri olanlara Espressolab mobil uygulamasında kullanabilecekleri 2 adet hediye kahve kodu iletilecektir."", ""Kampanya katılımı ilk 1.000 kişi için geçerlidir."", ""Vakıf Katılım Bankası AŞ ve Espressolab, önceden haber vermeksizin kampanyayı durdurma, sona erdirme, kampanya kapsamını ve koşullarını değiştirme hakkını saklı tutar.""]";0.95;rule_heuristic;;"…iş birliği ile sunulan Espressolab hediye kahve kampanyası 01 Ocak 2026 - 31 Aralık 2026 tarihleri arasında geçerlidir. [Kampanya Şartları Espressolab Hediye Kahve Kodu Nasıl Kazanılır? ""KAHVE"" davet koduyla Vakıf Katılım Mobil Şube üzerinden müşteri olanlara Espressolab mobil uygulamasında kullanabilecekleri 2 adet hediye kahve kodu iletilecektir.] Vakıf Katılımlı Olanlara 2 Kahve Hediye Kampanyasından Kimler Yararlanabilir? Mobilden ""KAHVE"" davet koduyla müşteri ol…";"Kampanya Şartları Espressolab Hediye Kahve Kodu Nasıl Kazanılır? ""KAHVE"" davet koduyla Vakıf Katılım Mobil Şube üzerinden müşteri olanlara Espressolab mobil uygulamasında kullanabilecekleri 2 adet hediye kahve kodu iletilecektir. | Kampanya katılımı ilk 1.000 kişi için geçerlidir.";;
vakif-katilim--finansmanlar-kentsel-donusum-finansmani;vakif-katilim;finansman_tutari;"{""currency"": ""TRY"", ""value"": 3000000.0}";0.95;rule_heuristic;;…esteği sağlanacak toplam finansman tutarı her bir bağımsız bölüm için 1.250.000 TL'yi aşmamak koşulu ile toplamda azami [3.000.000 TL] olabilecektir. 6306 Sayılı Kanun kapsamında hak sahiplerince bankalardan kullanılacak finansmanlara Çevre, Şehircilik v…;1.250.000 TL - 3.000.000 TL⁠;Fix;Metinde bağımsız bölüm başına azami 1.250.000 TL, toplamda en fazla 3.000.000 TL finansman tutarı verileceği belirtilmiştir.
vakif-katilim--finansmanlar-kentsel-donusum-finansmani;vakif-katilim;kampanya_kosullari;"[""Bu kapsamda Çevre, Şehircilik ve İklim Bakanlığı'nın kâr payı desteğinden faydalanabilmek için; Bakanlıkça yetkilendirilmiş değerleme firmaları aracılığıyla \""riskli yapı tespit raporu\"" veya bağlı olunan Belediye aracılığı ile \""riskli alan raporu\"" temin edilmesi gerekmektedir."", ""Riskli yapılarda en az 1 yıl oturan veya sınırlı ayni hak sahipleri."", ""Birden fazla bağımsız bölüme sahip olan hak sahipleri adına kâr payı desteği sağlanacak toplam finansman tutarı her bir bağımsız bölüm için 1.250.000 TL'yi aşmamak koşulu ile toplamda azami 3.000.000 TL olabilecektir.""]";0.95;rule_heuristic;;"…nda bulunan binaların yenilenmesi için Bankamızca kâr payı destekli kentsel dönüşüm finansmanı kullandırılabilmektedir. [Bu kapsamda Çevre, Şehircilik ve İklim Bakanlığı'nın kâr payı desteğinden faydalanabilmek için; Bakanlıkça yetkilendirilmiş değerleme firmaları aracılığıyla ""riskli yapı tespit raporu"" veya bağlı olunan Belediye aracılığı ile ""riskli alan raporu"" temin edilmesi gerekmektedir.] İçeriği Nedir? Kentsel Dönüşüm Finansmanından Kimler Faydalanabilir? Konutlarını yeniden inşa etmek isteyen hak sahiple…";"Bu kapsamda Çevre, Şehircilik ve İklim Bakanlığı'nın kâr payı desteğinden faydalanabilmek için; Bakanlıkça yetkilendirilmiş değerleme firmaları aracılığıyla ""riskli yapı tespit raporu"" veya bağlı olunan Belediye aracılığı ile ""riskli alan raporu"" temin edilmesi gerekmektedir. | Riskli yapılarda en az 1 yıl oturan veya sınırlı ayni hak sahipleri. | Birden fazla bağımsız bölüme sahip olan hak sahipleri adına kâr payı desteği sağlanacak toplam finansman tutarı her bir bağımsız bölüm için 1.250.000 TL'yi aşmamak koşulu ile toplamda azami 3.000.000 TL olabilecektir.";;
vakif-katilim--finansmanlar-konut-finansmani-2;vakif-katilim;kampanya_kosullari;"[""Konut finansmanı başvurusu için gerekli form doldurulduktan sonra bankamız sizinle iletişime geçecektir."", ""Evin değerinin ne kadarına finansman çıkacağı, bankanın belirlediği limitler ve finansman koşullarına göre belirlenir.""]";0.95;rule_heuristic;;… Finansmanı Nasıl Alınır? Herhangi bir Vakıf Katılım şubesi ne giderek ya da online başvuru formu doldurularak yapılır. [Konut finansmanı başvurusu için gerekli form doldurulduktan sonra bankamız sizinle iletişime geçecektir.] Ev Almak İçin Ne Kadar Konut Finansmanı Çekebilirim? Evin değerinin ne kadarına finansman çıkacağı, bankanın belirlediğ…;Konut finansmanı başvurusu için gerekli form doldurulduktan sonra bankamız sizinle iletişime geçecektir. | Evin değerinin ne kadarına finansman çıkacağı, bankanın belirlediği limitler ve finansman koşullarına göre belirlenir.;;
albaraka--detay-vade-farksiz-kampanyasi;albaraka;tahsis_ucreti;;;;;Albaraka Mobil Mobil Bankacılık Aç Vade Farksız 140.000 TL'ye Varan Destek! Anasayfa Kampanyalar Kampanya Başlangıç ve Bitiş 01.01.2026 - 31.12.2026 Müşteri Ol Müşteri Ol Kâr payı yok. Beklemek yok. 140.000 TL 'ye kadar …;;ok;Metinde tahsis ücretine dair herhangi bir şey bulunmamaktadır.
albaraka--detay-vade-farksiz-kampanyasi;albaraka;odul_miktari;;;;;Albaraka Mobil Mobil Bankacılık Aç Vade Farksız 140.000 TL'ye Varan Destek! Anasayfa Kampanyalar Kampanya Başlangıç ve Bitiş 01.01.2026 - 31.12.2026 Müşteri Ol Müşteri Ol Kâr payı yok. Beklemek yok. 140.000 TL 'ye kadar …;;ok;Metinde ödül miktarına dair herhangi bir şey bulunmamaktadır.
albaraka--detay-vade-farksiz-kampanyasi;albaraka;indirim_orani;;;;;Albaraka Mobil Mobil Bankacılık Aç Vade Farksız 140.000 TL'ye Varan Destek! Anasayfa Kampanyalar Kampanya Başlangıç ve Bitiş 01.01.2026 - 31.12.2026 Müşteri Ol Müşteri Ol Kâr payı yok. Beklemek yok. 140.000 TL 'ye kadar …;;ok;Metinde indirim oranına dair herhangi bir şey bulunmamaktadır.
albaraka--detay-vade-farksiz-kampanyasi;albaraka;alisveris_puani;;;;;Albaraka Mobil Mobil Bankacılık Aç Vade Farksız 140.000 TL'ye Varan Destek! Anasayfa Kampanyalar Kampanya Başlangıç ve Bitiş 01.01.2026 - 31.12.2026 Müşteri Ol Müşteri Ol Kâr payı yok. Beklemek yok. 140.000 TL 'ye kadar …;;ok;Metinde alışveriş puanına dair herhangi bir şey bulunmamaktadır.
albaraka--detay-vade-farksiz-kampanyasi;albaraka;hedef_kitle;;;;;Albaraka Mobil Mobil Bankacılık Aç Vade Farksız 140.000 TL'ye Varan Destek! Anasayfa Kampanyalar Kampanya Başlangıç ve Bitiş 01.01.2026 - 31.12.2026 Müşteri Ol Müşteri Ol Kâr payı yok. Beklemek yok. 140.000 TL 'ye kadar …;yeni_musteri;Fix;
albaraka--ihtiyac-saglik-harcamalariniz-icin;albaraka;kar_payi_orani;;;;;Albaraka Mobil Mobil Bankacılık Aç Sağlık Harcamalarınız İçin Anasayfa Bireysel Finansmanlar İhtiyaç Finansmanı Sağlık Harcamalarınız İçin Diş Sağlığı Genel Sağlık Diş Sağlığı Diş sağlığı ile ilgili dolgu, diş temizleme, …;;ok;
albaraka--ihtiyac-saglik-harcamalariniz-icin;albaraka;finansman_tutari;;;;;Albaraka Mobil Mobil Bankacılık Aç Sağlık Harcamalarınız İçin Anasayfa Bireysel Finansmanlar İhtiyaç Finansmanı Sağlık Harcamalarınız İçin Diş Sağlığı Genel Sağlık Diş Sağlığı Diş sağlığı ile ilgili dolgu, diş temizleme, …;;ok;Metinde herhangi bir finansman tutarı verilmemiştir. Model doğru tahmin etmiştir
albaraka--ihtiyac-saglik-harcamalariniz-icin;albaraka;taksit_sayisi;;;;;Albaraka Mobil Mobil Bankacılık Aç Sağlık Harcamalarınız İçin Anasayfa Bireysel Finansmanlar İhtiyaç Finansmanı Sağlık Harcamalarınız İçin Diş Sağlığı Genel Sağlık Diş Sağlığı Diş sağlığı ile ilgili dolgu, diş temizleme, …;;ok;Metinde herhangi bir taksit sayısı verilmemiştir. Model doğru tahmin etmiştir
albaraka--ihtiyac-saglik-harcamalariniz-icin;albaraka;tahsis_ucreti;;;;;Albaraka Mobil Mobil Bankacılık Aç Sağlık Harcamalarınız İçin Anasayfa Bireysel Finansmanlar İhtiyaç Finansmanı Sağlık Harcamalarınız İçin Diş Sağlığı Genel Sağlık Diş Sağlığı Diş sağlığı ile ilgili dolgu, diş temizleme, …;;ok;Metinde herhangi bir tahsis ücreti verilmemiştir. Model doğru tahmin etmiştir
albaraka--ihtiyac-saglik-harcamalariniz-icin;albaraka;masraf_durumu;;;;;Albaraka Mobil Mobil Bankacılık Aç Sağlık Harcamalarınız İçin Anasayfa Bireysel Finansmanlar İhtiyaç Finansmanı Sağlık Harcamalarınız İçin Diş Sağlığı Genel Sağlık Diş Sağlığı Diş sağlığı ile ilgili dolgu, diş temizleme, …;;ok;Metinde herhangi bir masraf durumu verilmemiştir. Model doğru tahmin etmiştir
albaraka--ihtiyac-saglik-harcamalariniz-icin;albaraka;odul_miktari;;;;;Albaraka Mobil Mobil Bankacılık Aç Sağlık Harcamalarınız İçin Anasayfa Bireysel Finansmanlar İhtiyaç Finansmanı Sağlık Harcamalarınız İçin Diş Sağlığı Genel Sağlık Diş Sağlığı Diş sağlığı ile ilgili dolgu, diş temizleme, …;;ok;Metinde herhangi bir ödül miktarı verilmemiştir. Model doğru tahmin etmiştir
albaraka--ihtiyac-saglik-harcamalariniz-icin;albaraka;indirim_orani;;;;;Albaraka Mobil Mobil Bankacılık Aç Sağlık Harcamalarınız İçin Anasayfa Bireysel Finansmanlar İhtiyaç Finansmanı Sağlık Harcamalarınız İçin Diş Sağlığı Genel Sağlık Diş Sağlığı Diş sağlığı ile ilgili dolgu, diş temizleme, …;;ok;Metinde herhangi bir indirim oranı verilmemiştir. Model doğru tahmin etmiştir
albaraka--ihtiyac-saglik-harcamalariniz-icin;albaraka;alisveris_puani;;;;;Albaraka Mobil Mobil Bankacılık Aç Sağlık Harcamalarınız İçin Anasayfa Bireysel Finansmanlar İhtiyaç Finansmanı Sağlık Harcamalarınız İçin Diş Sağlığı Genel Sağlık Diş Sağlığı Diş sağlığı ile ilgili dolgu, diş temizleme, …;;ok;Metinde herhangi bir alışveriş puanı verilmemiştir. Model doğru tahmin etmiştir
albaraka--ihtiyac-saglik-harcamalariniz-icin;albaraka;kampanya_suresi;;;;;Albaraka Mobil Mobil Bankacılık Aç Sağlık Harcamalarınız İçin Anasayfa Bireysel Finansmanlar İhtiyaç Finansmanı Sağlık Harcamalarınız İçin Diş Sağlığı Genel Sağlık Diş Sağlığı Diş sağlığı ile ilgili dolgu, diş temizleme, …;;ok;Metinde herhangi bir kampanya süresi verilmemiştir. Model doğru tahmin etmiştir
albaraka--ihtiyac-saglik-harcamalariniz-icin;albaraka;kampanya_kosullari;;;;;Albaraka Mobil Mobil Bankacılık Aç Sağlık Harcamalarınız İçin Anasayfa Bireysel Finansmanlar İhtiyaç Finansmanı Sağlık Harcamalarınız İçin Diş Sağlığı Genel Sağlık Diş Sağlığı Diş sağlığı ile ilgili dolgu, diş temizleme, …;"[""Diş temizleme, dolgu, implant, yüksek risk içermeyen cerrahi operasyonlar, fizik tedavi ve muayene gibi genel sağlık harcamaları için geçerlidir. Azami vade süresi 36 aydır.""]⁠";Fix;
albaraka--ihtiyac-saglik-harcamalariniz-icin;albaraka;hedef_kitle;;;;;Albaraka Mobil Mobil Bankacılık Aç Sağlık Harcamalarınız İçin Anasayfa Bireysel Finansmanlar İhtiyaç Finansmanı Sağlık Harcamalarınız İçin Diş Sağlığı Genel Sağlık Diş Sağlığı Diş sağlığı ile ilgili dolgu, diş temizleme, …;;ok;Metinde herhangi bir hedef kitle verilmemiştir. Model doğru tahmin etmiştir
albaraka--tasit-finansmani-togg-finansmani;albaraka;finansman_tutari;;;;;Albaraka Mobil Mobil Bankacılık Aç Togg Finansmanı Anasayfa Bireysel Finansmanlar Taşıt Finansmanı Togg Finansmanı Taşıt Finansmanı Togg Finansmanı Dijital Araç Finansmanı Deniz Taşıtları Finansmanı Taşıt Kiralama Finans …;600.000 TL - 1.700.000 TL;Fix;Metinde finansman tutarı 600.000 TL ve 1.700.000 TL arasında açıkça belirtilmiş olup metin bunu kaçırmıştır
albaraka--tasit-finansmani-togg-finansmani;albaraka;taksit_sayisi;;;;;Albaraka Mobil Mobil Bankacılık Aç Togg Finansmanı Anasayfa Bireysel Finansmanlar Taşıt Finansmanı Togg Finansmanı Taşıt Finansmanı Togg Finansmanı Dijital Araç Finansmanı Deniz Taşıtları Finansmanı Taşıt Kiralama Finans …;;ok;
albaraka--tasit-finansmani-togg-finansmani;albaraka;masraf_durumu;;;;;Albaraka Mobil Mobil Bankacılık Aç Togg Finansmanı Anasayfa Bireysel Finansmanlar Taşıt Finansmanı Togg Finansmanı Taşıt Finansmanı Togg Finansmanı Dijital Araç Finansmanı Deniz Taşıtları Finansmanı Taşıt Kiralama Finans …;;ok;Metin'de masraf durumuna dair tutar bilgisi yer almamaktadır
albaraka--tasit-finansmani-togg-finansmani;albaraka;odul_miktari;;;;;Albaraka Mobil Mobil Bankacılık Aç Togg Finansmanı Anasayfa Bireysel Finansmanlar Taşıt Finansmanı Togg Finansmanı Taşıt Finansmanı Togg Finansmanı Dijital Araç Finansmanı Deniz Taşıtları Finansmanı Taşıt Kiralama Finans …;;ok;Metin'de herhangi bir ödül bulunmamaktadır
albaraka--tasit-finansmani-togg-finansmani;albaraka;indirim_orani;;;;;Albaraka Mobil Mobil Bankacılık Aç Togg Finansmanı Anasayfa Bireysel Finansmanlar Taşıt Finansmanı Togg Finansmanı Taşıt Finansmanı Togg Finansmanı Dijital Araç Finansmanı Deniz Taşıtları Finansmanı Taşıt Kiralama Finans …;;ok;Metin'de indirim oranı bulunmamaktadır
albaraka--tasit-finansmani-togg-finansmani;albaraka;alisveris_puani;;;;;Albaraka Mobil Mobil Bankacılık Aç Togg Finansmanı Anasayfa Bireysel Finansmanlar Taşıt Finansmanı Togg Finansmanı Taşıt Finansmanı Togg Finansmanı Dijital Araç Finansmanı Deniz Taşıtları Finansmanı Taşıt Kiralama Finans …;;ok;Metinde alışveriş puanı bulunmamaktadır
albaraka--tasit-finansmani-togg-finansmani;albaraka;kampanya_suresi;;;;;Albaraka Mobil Mobil Bankacılık Aç Togg Finansmanı Anasayfa Bireysel Finansmanlar Taşıt Finansmanı Togg Finansmanı Taşıt Finansmanı Togg Finansmanı Dijital Araç Finansmanı Deniz Taşıtları Finansmanı Taşıt Kiralama Finans …;;ok;Metin'de herhangi bir kampanya başlangıç bitiş tarihi bulunmamaktadır
albaraka--tasit-finansmani-togg-finansmani;albaraka;hedef_kitle;;;;;Albaraka Mobil Mobil Bankacılık Aç Togg Finansmanı Anasayfa Bireysel Finansmanlar Taşıt Finansmanı Togg Finansmanı Taşıt Finansmanı Togg Finansmanı Dijital Araç Finansmanı Deniz Taşıtları Finansmanı Taşıt Kiralama Finans …;;ok;
dunya-katilim--katilma-hesaplari-gunes-katilma-hesabi;dunya-katilim;kar_payi_orani;;;;;Anasayfa Kendim Için Içerik Hesaplar Katılma Hesapları Güneş Katılma Hesabı Güneş Katılma Hesabı Nedir ? Gündelik tasarruflarınızı değerlendirebildiğiniz günlük açılabilen katılma hesabıdır. Her gün bir adım daha ileri: …;;ok;
dunya-katilim--katilma-hesaplari-gunes-katilma-hesabi;dunya-katilim;finansman_tutari;;;;;Anasayfa Kendim Için Içerik Hesaplar Katılma Hesapları Güneş Katılma Hesabı Güneş Katılma Hesabı Nedir ? Gündelik tasarruflarınızı değerlendirebildiğiniz günlük açılabilen katılma hesabıdır. Her gün bir adım daha ileri: …;;ok;Metin'de finansman tutarı bulunmamaktadır
dunya-katilim--katilma-hesaplari-gunes-katilma-hesabi;dunya-katilim;taksit_sayisi;;;;;Anasayfa Kendim Için Içerik Hesaplar Katılma Hesapları Güneş Katılma Hesabı Güneş Katılma Hesabı Nedir ? Gündelik tasarruflarınızı değerlendirebildiğiniz günlük açılabilen katılma hesabıdır. Her gün bir adım daha ileri: …;;ok;
dunya-katilim--katilma-hesaplari-gunes-katilma-hesabi;dunya-katilim;tahsis_ucreti;;;;;Anasayfa Kendim Için Içerik Hesaplar Katılma Hesapları Güneş Katılma Hesabı Güneş Katılma Hesabı Nedir ? Gündelik tasarruflarınızı değerlendirebildiğiniz günlük açılabilen katılma hesabıdır. Her gün bir adım daha ileri: …;;ok;Metin'de tahsis ücreti bulunmamaktadır
dunya-katilim--katilma-hesaplari-gunes-katilma-hesabi;dunya-katilim;odul_miktari;;;;;Anasayfa Kendim Için Içerik Hesaplar Katılma Hesapları Güneş Katılma Hesabı Güneş Katılma Hesabı Nedir ? Gündelik tasarruflarınızı değerlendirebildiğiniz günlük açılabilen katılma hesabıdır. Her gün bir adım daha ileri: …;;ok;Metin'de ödül miktarı bulunmamaktadır
dunya-katilim--katilma-hesaplari-gunes-katilma-hesabi;dunya-katilim;indirim_orani;;;;;Anasayfa Kendim Için Içerik Hesaplar Katılma Hesapları Güneş Katılma Hesabı Güneş Katılma Hesabı Nedir ? Gündelik tasarruflarınızı değerlendirebildiğiniz günlük açılabilen katılma hesabıdır. Her gün bir adım daha ileri: …;;ok;Metin'de indirim oranı bulunmamaktadır
dunya-katilim--katilma-hesaplari-gunes-katilma-hesabi;dunya-katilim;alisveris_puani;;;;;Anasayfa Kendim Için Içerik Hesaplar Katılma Hesapları Güneş Katılma Hesabı Güneş Katılma Hesabı Nedir ? Gündelik tasarruflarınızı değerlendirebildiğiniz günlük açılabilen katılma hesabıdır. Her gün bir adım daha ileri: …;;ok;Metin'de alışveriş puanı bulunmamaktadır
dunya-katilim--katilma-hesaplari-gunes-katilma-hesabi;dunya-katilim;kampanya_suresi;;;;;Anasayfa Kendim Için Içerik Hesaplar Katılma Hesapları Güneş Katılma Hesabı Güneş Katılma Hesabı Nedir ? Gündelik tasarruflarınızı değerlendirebildiğiniz günlük açılabilen katılma hesabıdır. Her gün bir adım daha ileri: …;;ok;Metin'de belirli bir kampanya başlangıç bitiş süresi bulunmamaktadır
dunya-katilim--katilma-hesaplari-gunes-katilma-hesabi;dunya-katilim;hedef_kitle;;;;;Anasayfa Kendim Için Içerik Hesaplar Katılma Hesapları Güneş Katılma Hesabı Güneş Katılma Hesabı Nedir ? Gündelik tasarruflarınızı değerlendirebildiğiniz günlük açılabilen katılma hesabıdır. Her gün bir adım daha ileri: …;;ok;
dunya-katilim--kendim-icin-altin-bankaciligi;dunya-katilim;kar_payi_orani;;;;;Anasayfa Kendim Için Içerik Altın Bankacılığı Altın Bankacılığı Altın Hesapları Fiziki Altın Alımı Altın Hesapları Altın Cari Hesabı Altın Cari Hesabı, tasarruflarınızı altın olarak değerlendirilmesini sağlayan vadesiz b …;;ok;Metin'de kar payı bulunmamaktadır
dunya-katilim--kendim-icin-altin-bankaciligi;dunya-katilim;finansman_tutari;;;;;Anasayfa Kendim Için Içerik Altın Bankacılığı Altın Bankacılığı Altın Hesapları Fiziki Altın Alımı Altın Hesapları Altın Cari Hesabı Altın Cari Hesabı, tasarruflarınızı altın olarak değerlendirilmesini sağlayan vadesiz b …;;ok;Metin'de finansman tutarı bulunmamaktadır
dunya-katilim--kendim-icin-altin-bankaciligi;dunya-katilim;taksit_sayisi;;;;;Anasayfa Kendim Için Içerik Altın Bankacılığı Altın Bankacılığı Altın Hesapları Fiziki Altın Alımı Altın Hesapları Altın Cari Hesabı Altın Cari Hesabı, tasarruflarınızı altın olarak değerlendirilmesini sağlayan vadesiz b …;;ok;Metin'de taksit sayısı bulunmamaktadır
dunya-katilim--kendim-icin-altin-bankaciligi;dunya-katilim;tahsis_ucreti;;;;;Anasayfa Kendim Için Içerik Altın Bankacılığı Altın Bankacılığı Altın Hesapları Fiziki Altın Alımı Altın Hesapları Altın Cari Hesabı Altın Cari Hesabı, tasarruflarınızı altın olarak değerlendirilmesini sağlayan vadesiz b …;;ok;Metin'de tahsis ücreti bulunmamaktadır
dunya-katilim--kendim-icin-altin-bankaciligi;dunya-katilim;odul_miktari;;;;;Anasayfa Kendim Için Içerik Altın Bankacılığı Altın Bankacılığı Altın Hesapları Fiziki Altın Alımı Altın Hesapları Altın Cari Hesabı Altın Cari Hesabı, tasarruflarınızı altın olarak değerlendirilmesini sağlayan vadesiz b …;;ok;Metin'de ödül miktarı bulunmamaktadır
dunya-katilim--kendim-icin-altin-bankaciligi;dunya-katilim;indirim_orani;;;;;Anasayfa Kendim Için Içerik Altın Bankacılığı Altın Bankacılığı Altın Hesapları Fiziki Altın Alımı Altın Hesapları Altın Cari Hesabı Altın Cari Hesabı, tasarruflarınızı altın olarak değerlendirilmesini sağlayan vadesiz b …;;ok;Metin'de indirim oranı bulunmamaktadır
dunya-katilim--kendim-icin-altin-bankaciligi;dunya-katilim;alisveris_puani;;;;;Anasayfa Kendim Için Içerik Altın Bankacılığı Altın Bankacılığı Altın Hesapları Fiziki Altın Alımı Altın Hesapları Altın Cari Hesabı Altın Cari Hesabı, tasarruflarınızı altın olarak değerlendirilmesini sağlayan vadesiz b …;;ok;Metin'de alışveriş puanı bulunmamaktadır
dunya-katilim--kendim-icin-altin-bankaciligi;dunya-katilim;kampanya_suresi;;;;;Anasayfa Kendim Için Içerik Altın Bankacılığı Altın Bankacılığı Altın Hesapları Fiziki Altın Alımı Altın Hesapları Altın Cari Hesabı Altın Cari Hesabı, tasarruflarınızı altın olarak değerlendirilmesini sağlayan vadesiz b …;;ok;Metin'de kampanya süresi bulunmamaktadır
dunya-katilim--kendim-icin-altin-bankaciligi;dunya-katilim;kampanya_kosullari;;;;;Anasayfa Kendim Için Içerik Altın Bankacılığı Altın Bankacılığı Altın Hesapları Fiziki Altın Alımı Altın Hesapları Altın Cari Hesabı Altın Cari Hesabı, tasarruflarınızı altın olarak değerlendirilmesini sağlayan vadesiz b …;"⁠[""Her türlü işlenmiş ziynet, hurda ve muhtelif altınlar değer kaybına uğramadan ATOM sistemiyle vadesiz altın hesabına aktarılabilir. Dijitalden sipariş verilerek fiziki altın kapıya teslim alınabilir.""]⁠";Fix;
dunya-katilim--kendim-icin-altin-bankaciligi;dunya-katilim;hedef_kitle;;;;;Anasayfa Kendim Için Içerik Altın Bankacılığı Altın Bankacılığı Altın Hesapları Fiziki Altın Alımı Altın Hesapları Altın Cari Hesabı Altın Cari Hesabı, tasarruflarınızı altın olarak değerlendirilmesini sağlayan vadesiz b …;;ok;
kuveyt-turk--altin-hesaplari-altina-altin-katilma-hesabi;kuveyt-turk;finansman_tutari;;;;;Ana Sayfa Kendim İçin Altın Bankacılığı Altın Hesapları Altına Altın Katılma Hesabı Altın Cari Hesabı Çeyrek Altın Hesabı Altına Altın Katılma Hesabı Ziynet Altın Katılma Hesabı Birikimli Altın Katılma Hesabı Altına Altı …;;ok;Metin'de finansman tutarı yer almamaktadır
kuveyt-turk--altin-hesaplari-altina-altin-katilma-hesabi;kuveyt-turk;taksit_sayisi;;;;;Ana Sayfa Kendim İçin Altın Bankacılığı Altın Hesapları Altına Altın Katılma Hesabı Altın Cari Hesabı Çeyrek Altın Hesabı Altına Altın Katılma Hesabı Ziynet Altın Katılma Hesabı Birikimli Altın Katılma Hesabı Altına Altı …;;ok;
kuveyt-turk--altin-hesaplari-altina-altin-katilma-hesabi;kuveyt-turk;tahsis_ucreti;;;;;Ana Sayfa Kendim İçin Altın Bankacılığı Altın Hesapları Altına Altın Katılma Hesabı Altın Cari Hesabı Çeyrek Altın Hesabı Altına Altın Katılma Hesabı Ziynet Altın Katılma Hesabı Birikimli Altın Katılma Hesabı Altına Altı …;;ok;Metin'de tahsis ücreti bulunmamaktadır
kuveyt-turk--altin-hesaplari-altina-altin-katilma-hesabi;kuveyt-turk;masraf_durumu;;;;;Ana Sayfa Kendim İçin Altın Bankacılığı Altın Hesapları Altına Altın Katılma Hesabı Altın Cari Hesabı Çeyrek Altın Hesabı Altına Altın Katılma Hesabı Ziynet Altın Katılma Hesabı Birikimli Altın Katılma Hesabı Altına Altı …;;ok;Metin'de masraf durumu bulunmamaktadır
kuveyt-turk--altin-hesaplari-altina-altin-katilma-hesabi;kuveyt-turk;odul_miktari;;;;;Ana Sayfa Kendim İçin Altın Bankacılığı Altın Hesapları Altına Altın Katılma Hesabı Altın Cari Hesabı Çeyrek Altın Hesabı Altına Altın Katılma Hesabı Ziynet Altın Katılma Hesabı Birikimli Altın Katılma Hesabı Altına Altı …;;ok;Metin'de ödül miktarı bulunmamaktadır
kuveyt-turk--altin-hesaplari-altina-altin-katilma-hesabi;kuveyt-turk;indirim_orani;;;;;Ana Sayfa Kendim İçin Altın Bankacılığı Altın Hesapları Altına Altın Katılma Hesabı Altın Cari Hesabı Çeyrek Altın Hesabı Altına Altın Katılma Hesabı Ziynet Altın Katılma Hesabı Birikimli Altın Katılma Hesabı Altına Altı …;;ok;Metin'de indirim oranı bulunmamaktadır
kuveyt-turk--altin-hesaplari-altina-altin-katilma-hesabi;kuveyt-turk;alisveris_puani;;;;;Ana Sayfa Kendim İçin Altın Bankacılığı Altın Hesapları Altına Altın Katılma Hesabı Altın Cari Hesabı Çeyrek Altın Hesabı Altına Altın Katılma Hesabı Ziynet Altın Katılma Hesabı Birikimli Altın Katılma Hesabı Altına Altı …;;ok;Metin'de alışveriş puanı bulunmamaktadır
kuveyt-turk--altin-hesaplari-altina-altin-katilma-hesabi;kuveyt-turk;kampanya_suresi;;;;;Ana Sayfa Kendim İçin Altın Bankacılığı Altın Hesapları Altına Altın Katılma Hesabı Altın Cari Hesabı Çeyrek Altın Hesabı Altına Altın Katılma Hesabı Ziynet Altın Katılma Hesabı Birikimli Altın Katılma Hesabı Altına Altı …;;ok;Metin'de belirli bir başlangıç bitiş tarihi bulunmamaktadır
kuveyt-turk--altin-hesaplari-altina-altin-katilma-hesabi;kuveyt-turk;hedef_kitle;;;;;Ana Sayfa Kendim İçin Altın Bankacılığı Altın Hesapları Altına Altın Katılma Hesabı Altın Cari Hesabı Çeyrek Altın Hesabı Altına Altın Katılma Hesabı Ziynet Altın Katılma Hesabı Birikimli Altın Katılma Hesabı Altına Altı …;;ok;
kuveyt-turk--finansmanlar-ihtiyac-finansmanlari;kuveyt-turk;kar_payi_orani;;;;;Ana Sayfa Kendim İçin Finansmanlar İhtiyaç Finansmanları Konut Finansmanları Araç Finansmanları Alışveriş Finansmanları İhtiyaç Finansmanları Sürdürülebilir Finansmanlar İhtiyaç Finansmanları Hac-Umre Finansmanı Hac ve u …;;ok;Metin'de kâr payı oranı bulunmamaktadır
kuveyt-turk--finansmanlar-ihtiyac-finansmanlari;kuveyt-turk;finansman_tutari;;;;;Ana Sayfa Kendim İçin Finansmanlar İhtiyaç Finansmanları Konut Finansmanları Araç Finansmanları Alışveriş Finansmanları İhtiyaç Finansmanları Sürdürülebilir Finansmanlar İhtiyaç Finansmanları Hac-Umre Finansmanı Hac ve u …;;ok;Metin'de finansman tutarı bulunmamaktadır
kuveyt-turk--finansmanlar-ihtiyac-finansmanlari;kuveyt-turk;taksit_sayisi;;;;;Ana Sayfa Kendim İçin Finansmanlar İhtiyaç Finansmanları Konut Finansmanları Araç Finansmanları Alışveriş Finansmanları İhtiyaç Finansmanları Sürdürülebilir Finansmanlar İhtiyaç Finansmanları Hac-Umre Finansmanı Hac ve u …;;ok;
kuveyt-turk--finansmanlar-ihtiyac-finansmanlari;kuveyt-turk;tahsis_ucreti;;;;;Ana Sayfa Kendim İçin Finansmanlar İhtiyaç Finansmanları Konut Finansmanları Araç Finansmanları Alışveriş Finansmanları İhtiyaç Finansmanları Sürdürülebilir Finansmanlar İhtiyaç Finansmanları Hac-Umre Finansmanı Hac ve u …;;ok;Metin'e tahsis ücretine dair bir oran bulunmamaktadır
kuveyt-turk--finansmanlar-ihtiyac-finansmanlari;kuveyt-turk;masraf_durumu;;;;;Ana Sayfa Kendim İçin Finansmanlar İhtiyaç Finansmanları Konut Finansmanları Araç Finansmanları Alışveriş Finansmanları İhtiyaç Finansmanları Sürdürülebilir Finansmanlar İhtiyaç Finansmanları Hac-Umre Finansmanı Hac ve u …;;ok;Metin' de masraf tutarı bilgisi bulunmamaktadır
kuveyt-turk--finansmanlar-ihtiyac-finansmanlari;kuveyt-turk;odul_miktari;;;;;Ana Sayfa Kendim İçin Finansmanlar İhtiyaç Finansmanları Konut Finansmanları Araç Finansmanları Alışveriş Finansmanları İhtiyaç Finansmanları Sürdürülebilir Finansmanlar İhtiyaç Finansmanları Hac-Umre Finansmanı Hac ve u …;;ok;Metin'de ölüm miktarı bulunmamaktadır
kuveyt-turk--finansmanlar-ihtiyac-finansmanlari;kuveyt-turk;indirim_orani;;;;;Ana Sayfa Kendim İçin Finansmanlar İhtiyaç Finansmanları Konut Finansmanları Araç Finansmanları Alışveriş Finansmanları İhtiyaç Finansmanları Sürdürülebilir Finansmanlar İhtiyaç Finansmanları Hac-Umre Finansmanı Hac ve u …;;ok;Metin'de indirim oranı bulunmamaktadır
kuveyt-turk--finansmanlar-ihtiyac-finansmanlari;kuveyt-turk;alisveris_puani;;;;;Ana Sayfa Kendim İçin Finansmanlar İhtiyaç Finansmanları Konut Finansmanları Araç Finansmanları Alışveriş Finansmanları İhtiyaç Finansmanları Sürdürülebilir Finansmanlar İhtiyaç Finansmanları Hac-Umre Finansmanı Hac ve u …;;ok;Metin'de alışveriş puanı bulunmamaktadır
kuveyt-turk--finansmanlar-ihtiyac-finansmanlari;kuveyt-turk;kampanya_suresi;;;;;Ana Sayfa Kendim İçin Finansmanlar İhtiyaç Finansmanları Konut Finansmanları Araç Finansmanları Alışveriş Finansmanları İhtiyaç Finansmanları Sürdürülebilir Finansmanlar İhtiyaç Finansmanları Hac-Umre Finansmanı Hac ve u …;;ok;Metin'de belirli bir başlangıç bitiş tarihi bulunmamaktadır
kuveyt-turk--finansmanlar-ihtiyac-finansmanlari;kuveyt-turk;hedef_kitle;;;;;Ana Sayfa Kendim İçin Finansmanlar İhtiyaç Finansmanları Konut Finansmanları Araç Finansmanları Alışveriş Finansmanları İhtiyaç Finansmanları Sürdürülebilir Finansmanlar İhtiyaç Finansmanları Hac-Umre Finansmanı Hac ve u …;;ok;
kuveyt-turk--kampanya-arsivi-business-plus-karttan-vade-farksiz-3-taksit-imkani;kuveyt-turk;kar_payi_orani;;;;;Ana Sayfa Kampanyalar Kampanya Arşivi Business Plus Kart'tan Vade Farksız 3 Taksit İmkânı! Business Plus Kartınız ile yapacağınız alışverişinize vade farksız 3 taksit fırsatı! Kampanya Tarihleri 1.07.2023 - 31.08.2023 Ka …;;ok;Metin'de kar programı bulunmamaktadır
kuveyt-turk--kampanya-arsivi-business-plus-karttan-vade-farksiz-3-taksit-imkani;kuveyt-turk;finansman_tutari;;;;;Ana Sayfa Kampanyalar Kampanya Arşivi Business Plus Kart'tan Vade Farksız 3 Taksit İmkânı! Business Plus Kartınız ile yapacağınız alışverişinize vade farksız 3 taksit fırsatı! Kampanya Tarihleri 1.07.2023 - 31.08.2023 Ka …;10.000₺ ile 50.000₺ arası;Fix;
kuveyt-turk--kampanya-arsivi-business-plus-karttan-vade-farksiz-3-taksit-imkani;kuveyt-turk;tahsis_ucreti;;;;;Ana Sayfa Kampanyalar Kampanya Arşivi Business Plus Kart'tan Vade Farksız 3 Taksit İmkânı! Business Plus Kartınız ile yapacağınız alışverişinize vade farksız 3 taksit fırsatı! Kampanya Tarihleri 1.07.2023 - 31.08.2023 Ka …;;ok;Metin'de tahsis ücreti bulunmamaktadır
kuveyt-turk--kampanya-arsivi-business-plus-karttan-vade-farksiz-3-taksit-imkani;kuveyt-turk;masraf_durumu;;;;;Ana Sayfa Kampanyalar Kampanya Arşivi Business Plus Kart'tan Vade Farksız 3 Taksit İmkânı! Business Plus Kartınız ile yapacağınız alışverişinize vade farksız 3 taksit fırsatı! Kampanya Tarihleri 1.07.2023 - 31.08.2023 Ka …;"{""amount"": 0.0, ""has_fee"": false}";Fix;Metin'de de belirtildiği gibi sonradan taksitlendirme hizmetinden ücret veya herhangi bir vade farkı alınmamıştır
kuveyt-turk--kampanya-arsivi-business-plus-karttan-vade-farksiz-3-taksit-imkani;kuveyt-turk;indirim_orani;;;;;Ana Sayfa Kampanyalar Kampanya Arşivi Business Plus Kart'tan Vade Farksız 3 Taksit İmkânı! Business Plus Kartınız ile yapacağınız alışverişinize vade farksız 3 taksit fırsatı! Kampanya Tarihleri 1.07.2023 - 31.08.2023 Ka …;;ok;Metin'de indirim oranı bulunmamaktadır
kuveyt-turk--kampanya-arsivi-business-plus-karttan-vade-farksiz-3-taksit-imkani;kuveyt-turk;alisveris_puani;;;;;Ana Sayfa Kampanyalar Kampanya Arşivi Business Plus Kart'tan Vade Farksız 3 Taksit İmkânı! Business Plus Kartınız ile yapacağınız alışverişinize vade farksız 3 taksit fırsatı! Kampanya Tarihleri 1.07.2023 - 31.08.2023 Ka …;;ok;Metin'de alışveriş puanı bulunmamaktadır
kuveyt-turk--kampanya-arsivi-business-plus-karttan-vade-farksiz-3-taksit-imkani;kuveyt-turk;hedef_kitle;;;;;Ana Sayfa Kampanyalar Kampanya Arşivi Business Plus Kart'tan Vade Farksız 3 Taksit İmkânı! Business Plus Kartınız ile yapacağınız alışverişinize vade farksız 3 taksit fırsatı! Kampanya Tarihleri 1.07.2023 - 31.08.2023 Ka …;"[""Kuveyt Türk Business Plus kart sahibi müşteriler""]⁠";Fix;
kuveyt-turk--leasing-leasing-sureci-ve-hesaplama-araci;kuveyt-turk;kar_payi_orani;;;;;Ana Sayfa İşim İçin Leasing Leasing Süreci ve Hesaplama Aracı Leasing Nedir? Avantajları Nelerdir? Leasing Süreci ve Hesaplama Aracı Sürdürülebilir Ürünlerimiz Leasing Finansman Ürünlerimiz Leasing'e Konu Ürünler ve KDV …;;ok;Metin'de kar payı oranı bulunmamaktadır
kuveyt-turk--leasing-leasing-sureci-ve-hesaplama-araci;kuveyt-turk;finansman_tutari;;;;;Ana Sayfa İşim İçin Leasing Leasing Süreci ve Hesaplama Aracı Leasing Nedir? Avantajları Nelerdir? Leasing Süreci ve Hesaplama Aracı Sürdürülebilir Ürünlerimiz Leasing Finansman Ürünlerimiz Leasing'e Konu Ürünler ve KDV …;;ok;Metin'de finansman tutarı bulunmamaktadır
kuveyt-turk--leasing-leasing-sureci-ve-hesaplama-araci;kuveyt-turk;vade_ay;;;;;Ana Sayfa İşim İçin Leasing Leasing Süreci ve Hesaplama Aracı Leasing Nedir? Avantajları Nelerdir? Leasing Süreci ve Hesaplama Aracı Sürdürülebilir Ürünlerimiz Leasing Finansman Ürünlerimiz Leasing'e Konu Ürünler ve KDV …;;ok;Metin'de sayısal bir vade süresi belirtilmemiştir
kuveyt-turk--leasing-leasing-sureci-ve-hesaplama-araci;kuveyt-turk;taksit_sayisi;;;;;Ana Sayfa İşim İçin Leasing Leasing Süreci ve Hesaplama Aracı Leasing Nedir? Avantajları Nelerdir? Leasing Süreci ve Hesaplama Aracı Sürdürülebilir Ürünlerimiz Leasing Finansman Ürünlerimiz Leasing'e Konu Ürünler ve KDV …;;ok;Metin'de taksit sayısı bulunmamaktadır
kuveyt-turk--leasing-leasing-sureci-ve-hesaplama-araci;kuveyt-turk;tahsis_ucreti;;;;;Ana Sayfa İşim İçin Leasing Leasing Süreci ve Hesaplama Aracı Leasing Nedir? Avantajları Nelerdir? Leasing Süreci ve Hesaplama Aracı Sürdürülebilir Ürünlerimiz Leasing Finansman Ürünlerimiz Leasing'e Konu Ürünler ve KDV …;;ok;Metin'de tahsis ücreti bulunmamaktadır
kuveyt-turk--leasing-leasing-sureci-ve-hesaplama-araci;kuveyt-turk;masraf_durumu;;;;;Ana Sayfa İşim İçin Leasing Leasing Süreci ve Hesaplama Aracı Leasing Nedir? Avantajları Nelerdir? Leasing Süreci ve Hesaplama Aracı Sürdürülebilir Ürünlerimiz Leasing Finansman Ürünlerimiz Leasing'e Konu Ürünler ve KDV …;;ok;Metin'de herhangi bir masraf tutarı belirtilmemiştir
kuveyt-turk--leasing-leasing-sureci-ve-hesaplama-araci;kuveyt-turk;odul_miktari;;;;;Ana Sayfa İşim İçin Leasing Leasing Süreci ve Hesaplama Aracı Leasing Nedir? Avantajları Nelerdir? Leasing Süreci ve Hesaplama Aracı Sürdürülebilir Ürünlerimiz Leasing Finansman Ürünlerimiz Leasing'e Konu Ürünler ve KDV …;;ok;Metin'de ödül miktarı bulunmamaktadır
kuveyt-turk--leasing-leasing-sureci-ve-hesaplama-araci;kuveyt-turk;indirim_orani;;;;;Ana Sayfa İşim İçin Leasing Leasing Süreci ve Hesaplama Aracı Leasing Nedir? Avantajları Nelerdir? Leasing Süreci ve Hesaplama Aracı Sürdürülebilir Ürünlerimiz Leasing Finansman Ürünlerimiz Leasing'e Konu Ürünler ve KDV …;;ok;Metin'de indirim oranı bulunmamaktadır
kuveyt-turk--leasing-leasing-sureci-ve-hesaplama-araci;kuveyt-turk;alisveris_puani;;;;;Ana Sayfa İşim İçin Leasing Leasing Süreci ve Hesaplama Aracı Leasing Nedir? Avantajları Nelerdir? Leasing Süreci ve Hesaplama Aracı Sürdürülebilir Ürünlerimiz Leasing Finansman Ürünlerimiz Leasing'e Konu Ürünler ve KDV …;;ok;Metin'de alışveriş puanı bulunmamaktadır
kuveyt-turk--leasing-leasing-sureci-ve-hesaplama-araci;kuveyt-turk;kampanya_suresi;;;;;Ana Sayfa İşim İçin Leasing Leasing Süreci ve Hesaplama Aracı Leasing Nedir? Avantajları Nelerdir? Leasing Süreci ve Hesaplama Aracı Sürdürülebilir Ürünlerimiz Leasing Finansman Ürünlerimiz Leasing'e Konu Ürünler ve KDV …;;ok;Metin'de belirli bir başlangıç bitiş süresi bulunmamaktadır
tom-katilim--hesaplama-araclari;tom-katilim;kar_payi_orani;;;;;Hesaplama Araçları Finansman Hesaplama TKTCDGRFNS TKTCDGRFNS TKTCDGRFNS Finansman Tutarı TL 5.000 TL 150.000 TL Vade Ay 1 Ay 36 Ay Hesapla Aylık Kâr Oranı: 3,99 % Taksit Tutarı: 1.981,98 TL Geri Ödenecek Tutar 11.891,83 …;"{""rate"": 3.99}";Fix;
tom-katilim--hesaplama-araclari;tom-katilim;taksit_sayisi;;;;;Hesaplama Araçları Finansman Hesaplama TKTCDGRFNS TKTCDGRFNS TKTCDGRFNS Finansman Tutarı TL 5.000 TL 150.000 TL Vade Ay 1 Ay 36 Ay Hesapla Aylık Kâr Oranı: 3,99 % Taksit Tutarı: 1.981,98 TL Geri Ödenecek Tutar 11.891,83 …;1- 36 Ay;Fix;
tom-katilim--hesaplama-araclari;tom-katilim;tahsis_ucreti;;;;;Hesaplama Araçları Finansman Hesaplama TKTCDGRFNS TKTCDGRFNS TKTCDGRFNS Finansman Tutarı TL 5.000 TL 150.000 TL Vade Ay 1 Ay 36 Ay Hesapla Aylık Kâr Oranı: 3,99 % Taksit Tutarı: 1.981,98 TL Geri Ödenecek Tutar 11.891,83 …;"{""rate"": 0.5}⁠";;
tom-katilim--hesaplama-araclari;tom-katilim;masraf_durumu;;;;;Hesaplama Araçları Finansman Hesaplama TKTCDGRFNS TKTCDGRFNS TKTCDGRFNS Finansman Tutarı TL 5.000 TL 150.000 TL Vade Ay 1 Ay 36 Ay Hesapla Aylık Kâr Oranı: 3,99 % Taksit Tutarı: 1.981,98 TL Geri Ödenecek Tutar 11.891,83 …;;ok;Metin'de masraf durumu bilgisi bulunmamaktadır
tom-katilim--hesaplama-araclari;tom-katilim;odul_miktari;;;;;Hesaplama Araçları Finansman Hesaplama TKTCDGRFNS TKTCDGRFNS TKTCDGRFNS Finansman Tutarı TL 5.000 TL 150.000 TL Vade Ay 1 Ay 36 Ay Hesapla Aylık Kâr Oranı: 3,99 % Taksit Tutarı: 1.981,98 TL Geri Ödenecek Tutar 11.891,83 …;;ok;Metin'de ödül miktarı bulunmamaktadır
tom-katilim--hesaplama-araclari;tom-katilim;indirim_orani;;;;;Hesaplama Araçları Finansman Hesaplama TKTCDGRFNS TKTCDGRFNS TKTCDGRFNS Finansman Tutarı TL 5.000 TL 150.000 TL Vade Ay 1 Ay 36 Ay Hesapla Aylık Kâr Oranı: 3,99 % Taksit Tutarı: 1.981,98 TL Geri Ödenecek Tutar 11.891,83 …;;ok;Metin'de indirim oranı bulunmamaktadır
tom-katilim--hesaplama-araclari;tom-katilim;alisveris_puani;;;;;Hesaplama Araçları Finansman Hesaplama TKTCDGRFNS TKTCDGRFNS TKTCDGRFNS Finansman Tutarı TL 5.000 TL 150.000 TL Vade Ay 1 Ay 36 Ay Hesapla Aylık Kâr Oranı: 3,99 % Taksit Tutarı: 1.981,98 TL Geri Ödenecek Tutar 11.891,83 …;;ok;Metin'de alışveriş puanı bulunmamaktadır
tom-katilim--hesaplama-araclari;tom-katilim;kampanya_suresi;;;;;Hesaplama Araçları Finansman Hesaplama TKTCDGRFNS TKTCDGRFNS TKTCDGRFNS Finansman Tutarı TL 5.000 TL 150.000 TL Vade Ay 1 Ay 36 Ay Hesapla Aylık Kâr Oranı: 3,99 % Taksit Tutarı: 1.981,98 TL Geri Ödenecek Tutar 11.891,83 …;;ok;Metin'de herhangi bir başlangıç ya da bitiş süresi bulunmamaktadır
tom-katilim--hesaplama-araclari;tom-katilim;hedef_kitle;;;;;Hesaplama Araçları Finansman Hesaplama TKTCDGRFNS TKTCDGRFNS TKTCDGRFNS Finansman Tutarı TL 5.000 TL 150.000 TL Vade Ay 1 Ay 36 Ay Hesapla Aylık Kâr Oranı: 3,99 % Taksit Tutarı: 1.981,98 TL Geri Ödenecek Tutar 11.891,83 …;;ok;
turkiye-emlak-katilim--bireysel-hesaplar;turkiye-emlak-katilim;kar_payi_orani;;;;;Türkiye Emlak Katılım Bankası A.Ş. internet sitesini ziyaretiniz esnasında kullanılabilecek çerezler ve benzeri teknolojiler hakkında bilgi vermek amacıyla işbu Çerez Politikası'nı hazırlanmıştır. Hesaplar Ana sayfa Bire …;;ok;Metinde geçen %25 oranı kâr payı değil devlet desteği oranıdır. Kâr payı oranı bulunmuyor
turkiye-emlak-katilim--bireysel-hesaplar;turkiye-emlak-katilim;finansman_tutari;;;;;Türkiye Emlak Katılım Bankası A.Ş. internet sitesini ziyaretiniz esnasında kullanılabilecek çerezler ve benzeri teknolojiler hakkında bilgi vermek amacıyla işbu Çerez Politikası'nı hazırlanmıştır. Hesaplar Ana sayfa Bire …;;ok;Metin'de finansman tutarı bulunmamaktadır metin bireysel hesaplar ile ilgilidir
turkiye-emlak-katilim--bireysel-hesaplar;turkiye-emlak-katilim;taksit_sayisi;;;;;Türkiye Emlak Katılım Bankası A.Ş. internet sitesini ziyaretiniz esnasında kullanılabilecek çerezler ve benzeri teknolojiler hakkında bilgi vermek amacıyla işbu Çerez Politikası'nı hazırlanmıştır. Hesaplar Ana sayfa Bire …;;ok;Metin'de taksit sayısı bulunmamaktadır
turkiye-emlak-katilim--bireysel-hesaplar;turkiye-emlak-katilim;tahsis_ucreti;;;;;Türkiye Emlak Katılım Bankası A.Ş. internet sitesini ziyaretiniz esnasında kullanılabilecek çerezler ve benzeri teknolojiler hakkında bilgi vermek amacıyla işbu Çerez Politikası'nı hazırlanmıştır. Hesaplar Ana sayfa Bire …;;ok;Metin'de tahsis ücreti bulunmamaktadır
turkiye-emlak-katilim--bireysel-hesaplar;turkiye-emlak-katilim;masraf_durumu;;;;;Türkiye Emlak Katılım Bankası A.Ş. internet sitesini ziyaretiniz esnasında kullanılabilecek çerezler ve benzeri teknolojiler hakkında bilgi vermek amacıyla işbu Çerez Politikası'nı hazırlanmıştır. Hesaplar Ana sayfa Bire …;;ok;Metin'de masraf tutarı bulunmamaktadır
turkiye-emlak-katilim--bireysel-hesaplar;turkiye-emlak-katilim;odul_miktari;;;;;Türkiye Emlak Katılım Bankası A.Ş. internet sitesini ziyaretiniz esnasında kullanılabilecek çerezler ve benzeri teknolojiler hakkında bilgi vermek amacıyla işbu Çerez Politikası'nı hazırlanmıştır. Hesaplar Ana sayfa Bire …;;ok;Metin'de ödül miktarı bulunmamaktadır
turkiye-emlak-katilim--bireysel-hesaplar;turkiye-emlak-katilim;indirim_orani;;;;;Türkiye Emlak Katılım Bankası A.Ş. internet sitesini ziyaretiniz esnasında kullanılabilecek çerezler ve benzeri teknolojiler hakkında bilgi vermek amacıyla işbu Çerez Politikası'nı hazırlanmıştır. Hesaplar Ana sayfa Bire …;;ok;Metin'de indirim oranı bulunmamaktadır
turkiye-emlak-katilim--bireysel-hesaplar;turkiye-emlak-katilim;alisveris_puani;;;;;Türkiye Emlak Katılım Bankası A.Ş. internet sitesini ziyaretiniz esnasında kullanılabilecek çerezler ve benzeri teknolojiler hakkında bilgi vermek amacıyla işbu Çerez Politikası'nı hazırlanmıştır. Hesaplar Ana sayfa Bire …;;ok;Metin'de alışveriş puanı bulunmamaktadır
turkiye-emlak-katilim--bireysel-hesaplar;turkiye-emlak-katilim;kampanya_suresi;;;;;Türkiye Emlak Katılım Bankası A.Ş. internet sitesini ziyaretiniz esnasında kullanılabilecek çerezler ve benzeri teknolojiler hakkında bilgi vermek amacıyla işbu Çerez Politikası'nı hazırlanmıştır. Hesaplar Ana sayfa Bire …;;ok;Metin'de belirli bir kampanya süresi bulunmamaktadır
turkiye-emlak-katilim--finansmanlar-ihtiyac-finansmani;turkiye-emlak-katilim;finansman_tutari;;;;;Türkiye Emlak Katılım Bankası A.Ş. internet sitesini ziyaretiniz esnasında kullanılabilecek çerezler ve benzeri teknolojiler hakkında bilgi vermek amacıyla işbu Çerez Politikası'nı hazırlanmıştır. İhtiyaç Finansmanı Ana …;"{""currency"": ""TRY"", ""value"":30000.0}";Fix;Metinde finansman tutarı 30000 TL dir. Model 20000 almıştır
turkiye-emlak-katilim--finansmanlar-ihtiyac-finansmani;turkiye-emlak-katilim;taksit_sayisi;;;;;Türkiye Emlak Katılım Bankası A.Ş. internet sitesini ziyaretiniz esnasında kullanılabilecek çerezler ve benzeri teknolojiler hakkında bilgi vermek amacıyla işbu Çerez Politikası'nı hazırlanmıştır. İhtiyaç Finansmanı Ana …;12;Fix;
turkiye-emlak-katilim--finansmanlar-ihtiyac-finansmani;turkiye-emlak-katilim;odul_miktari;;;;;Türkiye Emlak Katılım Bankası A.Ş. internet sitesini ziyaretiniz esnasında kullanılabilecek çerezler ve benzeri teknolojiler hakkında bilgi vermek amacıyla işbu Çerez Politikası'nı hazırlanmıştır. İhtiyaç Finansmanı Ana …;;ok;Metin'de ödül miktarı bulunmamaktadır
turkiye-emlak-katilim--finansmanlar-ihtiyac-finansmani;turkiye-emlak-katilim;indirim_orani;;;;;Türkiye Emlak Katılım Bankası A.Ş. internet sitesini ziyaretiniz esnasında kullanılabilecek çerezler ve benzeri teknolojiler hakkında bilgi vermek amacıyla işbu Çerez Politikası'nı hazırlanmıştır. İhtiyaç Finansmanı Ana …;;ok;Metin'de indirim oranı bulunmamaktadır
turkiye-emlak-katilim--finansmanlar-ihtiyac-finansmani;turkiye-emlak-katilim;alisveris_puani;;;;;Türkiye Emlak Katılım Bankası A.Ş. internet sitesini ziyaretiniz esnasında kullanılabilecek çerezler ve benzeri teknolojiler hakkında bilgi vermek amacıyla işbu Çerez Politikası'nı hazırlanmıştır. İhtiyaç Finansmanı Ana …;;ok;Metin'de alışveriş puanı bulunmamaktadır
turkiye-emlak-katilim--kampanya-market-alisverislerinize-1500-tl-parafpara-hediye;turkiye-emlak-katilim;kar_payi_orani;;;;;Türkiye Emlak Katılım Bankası A.Ş. internet sitesini ziyaretiniz esnasında kullanılabilecek çerezler ve benzeri teknolojiler hakkında bilgi vermek amacıyla işbu Çerez Politikası'nı hazırlanmıştır. Ana sayfa Bireysel Kamp …;;ok;Metin'de kar payı oranı bulunmamaktadır
turkiye-emlak-katilim--kampanya-market-alisverislerinize-1500-tl-parafpara-hediye;turkiye-emlak-katilim;finansman_tutari;;;;;Türkiye Emlak Katılım Bankası A.Ş. internet sitesini ziyaretiniz esnasında kullanılabilecek çerezler ve benzeri teknolojiler hakkında bilgi vermek amacıyla işbu Çerez Politikası'nı hazırlanmıştır. Ana sayfa Bireysel Kamp …;;ok;Metin'de finans tutarı bulunmamaktadır
turkiye-emlak-katilim--kampanya-market-alisverislerinize-1500-tl-parafpara-hediye;turkiye-emlak-katilim;vade_ay;;;;;Türkiye Emlak Katılım Bankası A.Ş. internet sitesini ziyaretiniz esnasında kullanılabilecek çerezler ve benzeri teknolojiler hakkında bilgi vermek amacıyla işbu Çerez Politikası'nı hazırlanmıştır. Ana sayfa Bireysel Kamp …;;ok;Metin'de vade süresi bulunmamaktadır
turkiye-emlak-katilim--kampanya-market-alisverislerinize-1500-tl-parafpara-hediye;turkiye-emlak-katilim;taksit_sayisi;;;;;Türkiye Emlak Katılım Bankası A.Ş. internet sitesini ziyaretiniz esnasında kullanılabilecek çerezler ve benzeri teknolojiler hakkında bilgi vermek amacıyla işbu Çerez Politikası'nı hazırlanmıştır. Ana sayfa Bireysel Kamp …;;ok;Metin'de taksit sayısı bulunmamaktadır
turkiye-emlak-katilim--kampanya-market-alisverislerinize-1500-tl-parafpara-hediye;turkiye-emlak-katilim;tahsis_ucreti;;;;;Türkiye Emlak Katılım Bankası A.Ş. internet sitesini ziyaretiniz esnasında kullanılabilecek çerezler ve benzeri teknolojiler hakkında bilgi vermek amacıyla işbu Çerez Politikası'nı hazırlanmıştır. Ana sayfa Bireysel Kamp …;;ok;Metin'de tahsis ücreti bulunmamaktadır
turkiye-emlak-katilim--kampanya-market-alisverislerinize-1500-tl-parafpara-hediye;turkiye-emlak-katilim;indirim_orani;;;;;Türkiye Emlak Katılım Bankası A.Ş. internet sitesini ziyaretiniz esnasında kullanılabilecek çerezler ve benzeri teknolojiler hakkında bilgi vermek amacıyla işbu Çerez Politikası'nı hazırlanmıştır. Ana sayfa Bireysel Kamp …;;ok;Metin'de indirim oranı bulunmamaktadır
turkiye-emlak-katilim--kampanya-market-alisverislerinize-1500-tl-parafpara-hediye;turkiye-emlak-katilim;hedef_kitle;;;;;Türkiye Emlak Katılım Bankası A.Ş. internet sitesini ziyaretiniz esnasında kullanılabilecek çerezler ve benzeri teknolojiler hakkında bilgi vermek amacıyla işbu Çerez Politikası'nı hazırlanmıştır. Ana sayfa Bireysel Kamp …;"⁠[""Emlak Katılım Paraf ve Emlak Katılım Paraf Premium kart sahibi bireysel kart müşterileri""]⁠";Fix;
turkiye-emlak-katilim--kampanya-paraf-ile-hepsiburadada-pesin-fiyatina-9-aya-varan-taksit-firsati;turkiye-emlak-katilim;kar_payi_orani;;;;;Türkiye Emlak Katılım Bankası A.Ş. internet sitesini ziyaretiniz esnasında kullanılabilecek çerezler ve benzeri teknolojiler hakkında bilgi vermek amacıyla işbu Çerez Politikası'nı hazırlanmıştır. Ana sayfa Bireysel Kamp …;;ok;Metin'de kar payı oranı bulunmamaktadır
turkiye-emlak-katilim--kampanya-paraf-ile-hepsiburadada-pesin-fiyatina-9-aya-varan-taksit-firsati;turkiye-emlak-katilim;finansman_tutari;;;;;Türkiye Emlak Katılım Bankası A.Ş. internet sitesini ziyaretiniz esnasında kullanılabilecek çerezler ve benzeri teknolojiler hakkında bilgi vermek amacıyla işbu Çerez Politikası'nı hazırlanmıştır. Ana sayfa Bireysel Kamp …;;ok;Metin'de finansman tutarı bulunmamaktadır
turkiye-emlak-katilim--kampanya-paraf-ile-hepsiburadada-pesin-fiyatina-9-aya-varan-taksit-firsati;turkiye-emlak-katilim;tahsis_ucreti;;;;;Türkiye Emlak Katılım Bankası A.Ş. internet sitesini ziyaretiniz esnasında kullanılabilecek çerezler ve benzeri teknolojiler hakkında bilgi vermek amacıyla işbu Çerez Politikası'nı hazırlanmıştır. Ana sayfa Bireysel Kamp …;;ok;Metin'de tahsis ücreti bulunmamaktadır
turkiye-emlak-katilim--kampanya-paraf-ile-hepsiburadada-pesin-fiyatina-9-aya-varan-taksit-firsati;turkiye-emlak-katilim;masraf_durumu;;;;;Türkiye Emlak Katılım Bankası A.Ş. internet sitesini ziyaretiniz esnasında kullanılabilecek çerezler ve benzeri teknolojiler hakkında bilgi vermek amacıyla işbu Çerez Politikası'nı hazırlanmıştır. Ana sayfa Bireysel Kamp …;;ok;Metin'de de belirtildiği gibi vade farksız peşin fiyatına taksit imkanı sunduğundan ilave masraf bulunmamaktadır
turkiye-emlak-katilim--kampanya-paraf-ile-hepsiburadada-pesin-fiyatina-9-aya-varan-taksit-firsati;turkiye-emlak-katilim;odul_miktari;;;;;Türkiye Emlak Katılım Bankası A.Ş. internet sitesini ziyaretiniz esnasında kullanılabilecek çerezler ve benzeri teknolojiler hakkında bilgi vermek amacıyla işbu Çerez Politikası'nı hazırlanmıştır. Ana sayfa Bireysel Kamp …;;ok;Metin'de ödül miktarı bulunmamaktadır
turkiye-emlak-katilim--kampanya-paraf-ile-hepsiburadada-pesin-fiyatina-9-aya-varan-taksit-firsati;turkiye-emlak-katilim;indirim_orani;;;;;Türkiye Emlak Katılım Bankası A.Ş. internet sitesini ziyaretiniz esnasında kullanılabilecek çerezler ve benzeri teknolojiler hakkında bilgi vermek amacıyla işbu Çerez Politikası'nı hazırlanmıştır. Ana sayfa Bireysel Kamp …;;ok;Metin'de indirim oranı bulunmamaktadır
turkiye-emlak-katilim--kampanya-paraf-ile-hepsiburadada-pesin-fiyatina-9-aya-varan-taksit-firsati;turkiye-emlak-katilim;alisveris_puani;;;;;Türkiye Emlak Katılım Bankası A.Ş. internet sitesini ziyaretiniz esnasında kullanılabilecek çerezler ve benzeri teknolojiler hakkında bilgi vermek amacıyla işbu Çerez Politikası'nı hazırlanmıştır. Ana sayfa Bireysel Kamp …;;ok;Metin'de alışveriş puanı bulunmamaktadır
turkiye-emlak-katilim--kampanya-paraf-ile-hepsiburadada-pesin-fiyatina-9-aya-varan-taksit-firsati;turkiye-emlak-katilim;hedef_kitle;;;;;Türkiye Emlak Katılım Bankası A.Ş. internet sitesini ziyaretiniz esnasında kullanılabilecek çerezler ve benzeri teknolojiler hakkında bilgi vermek amacıyla işbu Çerez Politikası'nı hazırlanmıştır. Ana sayfa Bireysel Kamp …;"⁠[""Hepsiburada üzerinden Emlak Katılım Paraf ve Paraf Premium kartlar ile alışveriş yapan bireysel kart müşterileri""]⁠";Fix;
turkiye-finans--konut-finansmani-konut-finansmani;turkiye-finans;finansman_tutari;;;;;Navigasyonu görüntüle İçeriği görüntüle GÜNCELLE Çerez Politikası ve 6698 sayılı Kişisel Verilerin Korunması Kanunu kapsamında Bankamız ile paylaşmış olduğunuz kişisel verileriniz ile ilgili detaylı bilgiye Kişisel Veril …;;ok;Metin'de Finansbank tutarı bulunmamaktadır
turkiye-finans--konut-finansmani-konut-finansmani;turkiye-finans;taksit_sayisi;;;;;Navigasyonu görüntüle İçeriği görüntüle GÜNCELLE Çerez Politikası ve 6698 sayılı Kişisel Verilerin Korunması Kanunu kapsamında Bankamız ile paylaşmış olduğunuz kişisel verileriniz ile ilgili detaylı bilgiye Kişisel Veril …;120;Fix;
turkiye-finans--konut-finansmani-konut-finansmani;turkiye-finans;odul_miktari;;;;;Navigasyonu görüntüle İçeriği görüntüle GÜNCELLE Çerez Politikası ve 6698 sayılı Kişisel Verilerin Korunması Kanunu kapsamında Bankamız ile paylaşmış olduğunuz kişisel verileriniz ile ilgili detaylı bilgiye Kişisel Veril …;;ok;Metin'de ödül miktarı bulunmamaktadır
turkiye-finans--konut-finansmani-konut-finansmani;turkiye-finans;indirim_orani;;;;;Navigasyonu görüntüle İçeriği görüntüle GÜNCELLE Çerez Politikası ve 6698 sayılı Kişisel Verilerin Korunması Kanunu kapsamında Bankamız ile paylaşmış olduğunuz kişisel verileriniz ile ilgili detaylı bilgiye Kişisel Veril …;;ok;Metin'de indirim oranı bulunmamaktadır
turkiye-finans--konut-finansmani-konut-finansmani;turkiye-finans;alisveris_puani;;;;;Navigasyonu görüntüle İçeriği görüntüle GÜNCELLE Çerez Politikası ve 6698 sayılı Kişisel Verilerin Korunması Kanunu kapsamında Bankamız ile paylaşmış olduğunuz kişisel verileriniz ile ilgili detaylı bilgiye Kişisel Veril …;;ok;Metinde herhangi bir alışveriş puanı bulunmamaktadır. Model halüsilasyon görmüştür.
turkiye-finans--konut-finansmani-konut-finansmani;turkiye-finans;kampanya_suresi;;;;;Navigasyonu görüntüle İçeriği görüntüle GÜNCELLE Çerez Politikası ve 6698 sayılı Kişisel Verilerin Korunması Kanunu kapsamında Bankamız ile paylaşmış olduğunuz kişisel verileriniz ile ilgili detaylı bilgiye Kişisel Veril …;;ok;Metin'de kampanya süresi bulunmamaktadır
turkiye-finans--tasit-finansmani-tasit-finansmani-2;turkiye-finans;finansman_tutari;;;;;Navigasyonu görüntüle İçeriği görüntüle GÜNCELLE Çerez Politikası ve 6698 sayılı Kişisel Verilerin Korunması Kanunu kapsamında Bankamız ile paylaşmış olduğunuz kişisel verileriniz ile ilgili detaylı bilgiye Kişisel Veril …;%20-%70;Fix;Metinde taşıt kredisi tutarı araç kasko/fatura değerine ve tutar dilimlerine göre %20-%70 oranları arasında tanımlanmıştır.⁠
turkiye-finans--tasit-finansmani-tasit-finansmani-2;turkiye-finans;taksit_sayisi;;;;;Navigasyonu görüntüle İçeriği görüntüle GÜNCELLE Çerez Politikası ve 6698 sayılı Kişisel Verilerin Korunması Kanunu kapsamında Bankamız ile paylaşmış olduğunuz kişisel verileriniz ile ilgili detaylı bilgiye Kişisel Veril …;12-48⁠;Fix;
turkiye-finans--tasit-finansmani-tasit-finansmani-2;turkiye-finans;masraf_durumu;;;;;Navigasyonu görüntüle İçeriği görüntüle GÜNCELLE Çerez Politikası ve 6698 sayılı Kişisel Verilerin Korunması Kanunu kapsamında Bankamız ile paylaşmış olduğunuz kişisel verileriniz ile ilgili detaylı bilgiye Kişisel Veril …;;ok;Metin'de masraf durumu yer almamaktadır
turkiye-finans--tasit-finansmani-tasit-finansmani-2;turkiye-finans;odul_miktari;;;;;Navigasyonu görüntüle İçeriği görüntüle GÜNCELLE Çerez Politikası ve 6698 sayılı Kişisel Verilerin Korunması Kanunu kapsamında Bankamız ile paylaşmış olduğunuz kişisel verileriniz ile ilgili detaylı bilgiye Kişisel Veril …;;ok;Metin'de ödül yer almamaktadır
turkiye-finans--tasit-finansmani-tasit-finansmani-2;turkiye-finans;indirim_orani;;;;;Navigasyonu görüntüle İçeriği görüntüle GÜNCELLE Çerez Politikası ve 6698 sayılı Kişisel Verilerin Korunması Kanunu kapsamında Bankamız ile paylaşmış olduğunuz kişisel verileriniz ile ilgili detaylı bilgiye Kişisel Veril …;;ok;Metin'de indirim oranı bulunmamaktadır
turkiye-finans--tasit-finansmani-tasit-finansmani-2;turkiye-finans;alisveris_puani;;;;;Navigasyonu görüntüle İçeriği görüntüle GÜNCELLE Çerez Politikası ve 6698 sayılı Kişisel Verilerin Korunması Kanunu kapsamında Bankamız ile paylaşmış olduğunuz kişisel verileriniz ile ilgili detaylı bilgiye Kişisel Veril …;;ok;Metin taşıt kredisi bilgilendirmesidir. İçerikte herhangi bi puan, kampanya, hediye yer almamaktadır. Model halüsilasyon görmüştür
turkiye-finans--tasit-finansmani-tasit-finansmani-2;turkiye-finans;kampanya_suresi;;;;;Navigasyonu görüntüle İçeriği görüntüle GÜNCELLE Çerez Politikası ve 6698 sayılı Kişisel Verilerin Korunması Kanunu kapsamında Bankamız ile paylaşmış olduğunuz kişisel verileriniz ile ilgili detaylı bilgiye Kişisel Veril …;;ok;Metin'de belirli bir kampanya başlangıç bitiş tarihi bulunmamaktadır
vakif-katilim--detay-dijitalden-musteri-ol-hisse-senedi-islemlerinde-75-komisyon-indirimi-kazan;vakif-katilim;kar_payi_orani;;;;;Müşteri Ol Kendim İçin SİZE ÖZEL ÇÖZÜMLER ÜRÜN VE HİZMETLERİMİZ İşim İçin SİZE ÖZEL ÇÖZÜMLER ÜRÜN VE HİZMETLERİMİZ Hakkımızda Ana Sayfa Kendim İçin Kampanyalar Dijitalden Müşteri Ol, Hisse Senedi İşlemlerinde %75 Komisyo …;;ok;Metin'de kar payı oranı bulunmamaktadır
vakif-katilim--detay-dijitalden-musteri-ol-hisse-senedi-islemlerinde-75-komisyon-indirimi-kazan;vakif-katilim;finansman_tutari;;;;;Müşteri Ol Kendim İçin SİZE ÖZEL ÇÖZÜMLER ÜRÜN VE HİZMETLERİMİZ İşim İçin SİZE ÖZEL ÇÖZÜMLER ÜRÜN VE HİZMETLERİMİZ Hakkımızda Ana Sayfa Kendim İçin Kampanyalar Dijitalden Müşteri Ol, Hisse Senedi İşlemlerinde %75 Komisyo …;;ok;Metin'de finansman tutarı bulunmamaktadır
vakif-katilim--detay-dijitalden-musteri-ol-hisse-senedi-islemlerinde-75-komisyon-indirimi-kazan;vakif-katilim;vade_ay;;;;;Müşteri Ol Kendim İçin SİZE ÖZEL ÇÖZÜMLER ÜRÜN VE HİZMETLERİMİZ İşim İçin SİZE ÖZEL ÇÖZÜMLER ÜRÜN VE HİZMETLERİMİZ Hakkımızda Ana Sayfa Kendim İçin Kampanyalar Dijitalden Müşteri Ol, Hisse Senedi İşlemlerinde %75 Komisyo …;;ok;Metin'de vade süresi bulunmamaktadır
vakif-katilim--detay-dijitalden-musteri-ol-hisse-senedi-islemlerinde-75-komisyon-indirimi-kazan;vakif-katilim;taksit_sayisi;;;;;Müşteri Ol Kendim İçin SİZE ÖZEL ÇÖZÜMLER ÜRÜN VE HİZMETLERİMİZ İşim İçin SİZE ÖZEL ÇÖZÜMLER ÜRÜN VE HİZMETLERİMİZ Hakkımızda Ana Sayfa Kendim İçin Kampanyalar Dijitalden Müşteri Ol, Hisse Senedi İşlemlerinde %75 Komisyo …;;ok;Metinde 3 taksit detaylı olarak belirtilmiştir. Model yanılmıştır
vakif-katilim--detay-dijitalden-musteri-ol-hisse-senedi-islemlerinde-75-komisyon-indirimi-kazan;vakif-katilim;tahsis_ucreti;;;;;Müşteri Ol Kendim İçin SİZE ÖZEL ÇÖZÜMLER ÜRÜN VE HİZMETLERİMİZ İşim İçin SİZE ÖZEL ÇÖZÜMLER ÜRÜN VE HİZMETLERİMİZ Hakkımızda Ana Sayfa Kendim İçin Kampanyalar Dijitalden Müşteri Ol, Hisse Senedi İşlemlerinde %75 Komisyo …;;ok;Metin'de tahsis ücreti bulunmamaktadır
vakif-katilim--detay-dijitalden-musteri-ol-hisse-senedi-islemlerinde-75-komisyon-indirimi-kazan;vakif-katilim;masraf_durumu;;;;;Müşteri Ol Kendim İçin SİZE ÖZEL ÇÖZÜMLER ÜRÜN VE HİZMETLERİMİZ İşim İçin SİZE ÖZEL ÇÖZÜMLER ÜRÜN VE HİZMETLERİMİZ Hakkımızda Ana Sayfa Kendim İçin Kampanyalar Dijitalden Müşteri Ol, Hisse Senedi İşlemlerinde %75 Komisyo …;;ok;Metin'de sabit bir masraf tutarı bulunmamaktadır
vakif-katilim--detay-dijitalden-musteri-ol-hisse-senedi-islemlerinde-75-komisyon-indirimi-kazan;vakif-katilim;odul_miktari;;;;;Müşteri Ol Kendim İçin SİZE ÖZEL ÇÖZÜMLER ÜRÜN VE HİZMETLERİMİZ İşim İçin SİZE ÖZEL ÇÖZÜMLER ÜRÜN VE HİZMETLERİMİZ Hakkımızda Ana Sayfa Kendim İçin Kampanyalar Dijitalden Müşteri Ol, Hisse Senedi İşlemlerinde %75 Komisyo …;;ok;Metin'de ödül miktarı bulunmamaktadır
vakif-katilim--detay-dijitalden-musteri-ol-hisse-senedi-islemlerinde-75-komisyon-indirimi-kazan;vakif-katilim;alisveris_puani;;;;;Müşteri Ol Kendim İçin SİZE ÖZEL ÇÖZÜMLER ÜRÜN VE HİZMETLERİMİZ İşim İçin SİZE ÖZEL ÇÖZÜMLER ÜRÜN VE HİZMETLERİMİZ Hakkımızda Ana Sayfa Kendim İçin Kampanyalar Dijitalden Müşteri Ol, Hisse Senedi İşlemlerinde %75 Komisyo …;;ok;Metin'de alışveriş puanı bulunmamaktadır
vakif-katilim--detay-espressolab-hediye-kahve-kampanyasi;vakif-katilim;campaign_type;;;;;Müşteri Ol Kendim İçin SİZE ÖZEL ÇÖZÜMLER ÜRÜN VE HİZMETLERİMİZ İşim İçin SİZE ÖZEL ÇÖZÜMLER ÜRÜN VE HİZMETLERİMİZ Hakkımızda Ana Sayfa Kendim İçin Kampanyalar Espressolab Hediye Kahve Kampanyası Kampanya Geçerlilik Tari …;Hediye kampanyası;Fix;Metin'de davet koduyla müşteri olanlara ücretsiz kahve hediyesi sunan hediye kampanyası yer almaktadır
vakif-katilim--detay-espressolab-hediye-kahve-kampanyasi;vakif-katilim;kar_payi_orani;;;;;Müşteri Ol Kendim İçin SİZE ÖZEL ÇÖZÜMLER ÜRÜN VE HİZMETLERİMİZ İşim İçin SİZE ÖZEL ÇÖZÜMLER ÜRÜN VE HİZMETLERİMİZ Hakkımızda Ana Sayfa Kendim İçin Kampanyalar Espressolab Hediye Kahve Kampanyası Kampanya Geçerlilik Tari …;;ok;Kar payı oranı bulunmamaktadır
vakif-katilim--detay-espressolab-hediye-kahve-kampanyasi;vakif-katilim;finansman_tutari;;;;;Müşteri Ol Kendim İçin SİZE ÖZEL ÇÖZÜMLER ÜRÜN VE HİZMETLERİMİZ İşim İçin SİZE ÖZEL ÇÖZÜMLER ÜRÜN VE HİZMETLERİMİZ Hakkımızda Ana Sayfa Kendim İçin Kampanyalar Espressolab Hediye Kahve Kampanyası Kampanya Geçerlilik Tari …;;ok;Finansman tutarı bulunmamaktadır
vakif-katilim--detay-espressolab-hediye-kahve-kampanyasi;vakif-katilim;vade_ay;;;;;Müşteri Ol Kendim İçin SİZE ÖZEL ÇÖZÜMLER ÜRÜN VE HİZMETLERİMİZ İşim İçin SİZE ÖZEL ÇÖZÜMLER ÜRÜN VE HİZMETLERİMİZ Hakkımızda Ana Sayfa Kendim İçin Kampanyalar Espressolab Hediye Kahve Kampanyası Kampanya Geçerlilik Tari …;;ok;Vade süresi bulunmamaktadır
vakif-katilim--detay-espressolab-hediye-kahve-kampanyasi;vakif-katilim;taksit_sayisi;;;;;Müşteri Ol Kendim İçin SİZE ÖZEL ÇÖZÜMLER ÜRÜN VE HİZMETLERİMİZ İşim İçin SİZE ÖZEL ÇÖZÜMLER ÜRÜN VE HİZMETLERİMİZ Hakkımızda Ana Sayfa Kendim İçin Kampanyalar Espressolab Hediye Kahve Kampanyası Kampanya Geçerlilik Tari …;;ok;Metin hediye kahve kodu kampanyasına aittir, taksit bilgisi yoktur
vakif-katilim--detay-espressolab-hediye-kahve-kampanyasi;vakif-katilim;tahsis_ucreti;;;;;Müşteri Ol Kendim İçin SİZE ÖZEL ÇÖZÜMLER ÜRÜN VE HİZMETLERİMİZ İşim İçin SİZE ÖZEL ÇÖZÜMLER ÜRÜN VE HİZMETLERİMİZ Hakkımızda Ana Sayfa Kendim İçin Kampanyalar Espressolab Hediye Kahve Kampanyası Kampanya Geçerlilik Tari …;;ok;Tahsis ücreti bulunmamaktadır
vakif-katilim--detay-espressolab-hediye-kahve-kampanyasi;vakif-katilim;odul_miktari;;;;;Müşteri Ol Kendim İçin SİZE ÖZEL ÇÖZÜMLER ÜRÜN VE HİZMETLERİMİZ İşim İçin SİZE ÖZEL ÇÖZÜMLER ÜRÜN VE HİZMETLERİMİZ Hakkımızda Ana Sayfa Kendim İçin Kampanyalar Espressolab Hediye Kahve Kampanyası Kampanya Geçerlilik Tari …;2 adet hediye kahve kodu;Fix;Davet koduyla müşteri olanlara iki adet hediye kahve verilecektir
vakif-katilim--detay-espressolab-hediye-kahve-kampanyasi;vakif-katilim;alisveris_puani;;;;;Müşteri Ol Kendim İçin SİZE ÖZEL ÇÖZÜMLER ÜRÜN VE HİZMETLERİMİZ İşim İçin SİZE ÖZEL ÇÖZÜMLER ÜRÜN VE HİZMETLERİMİZ Hakkımızda Ana Sayfa Kendim İçin Kampanyalar Espressolab Hediye Kahve Kampanyası Kampanya Geçerlilik Tari …;;ok;Metin'de alışveriş puanı bulunmamaktadır
vakif-katilim--detay-espressolab-hediye-kahve-kampanyasi;vakif-katilim;hedef_kitle;;;;;Müşteri Ol Kendim İçin SİZE ÖZEL ÇÖZÜMLER ÜRÜN VE HİZMETLERİMİZ İşim İçin SİZE ÖZEL ÇÖZÜMLER ÜRÜN VE HİZMETLERİMİZ Hakkımızda Ana Sayfa Kendim İçin Kampanyalar Espressolab Hediye Kahve Kampanyası Kampanya Geçerlilik Tari …;yeni_musteri;Fix;
vakif-katilim--finansmanlar-kentsel-donusum-finansmani;vakif-katilim;kar_payi_orani;;;;;Müşteri Ol Kendim İçin SİZE ÖZEL ÇÖZÜMLER ÜRÜN VE HİZMETLERİMİZ İşim İçin SİZE ÖZEL ÇÖZÜMLER ÜRÜN VE HİZMETLERİMİZ Hakkımızda Ana Sayfa Kendim İçin Finansmanlar Kentsel Dönüşüm Finansmanı Kentsel Dönüşüm Finansmanı Çevre …;"{""rate"": 3.47}⁠";Fix;Metinde kâr payı oranı %3,47 olarak açıkça belirtilmiştir
vakif-katilim--finansmanlar-kentsel-donusum-finansmani;vakif-katilim;taksit_sayisi;;;;;Müşteri Ol Kendim İçin SİZE ÖZEL ÇÖZÜMLER ÜRÜN VE HİZMETLERİMİZ İşim İçin SİZE ÖZEL ÇÖZÜMLER ÜRÜN VE HİZMETLERİMİZ Hakkımızda Ana Sayfa Kendim İçin Finansmanlar Kentsel Dönüşüm Finansmanı Kentsel Dönüşüm Finansmanı Çevre …;;ok;
vakif-katilim--finansmanlar-kentsel-donusum-finansmani;vakif-katilim;tahsis_ucreti;;;;;Müşteri Ol Kendim İçin SİZE ÖZEL ÇÖZÜMLER ÜRÜN VE HİZMETLERİMİZ İşim İçin SİZE ÖZEL ÇÖZÜMLER ÜRÜN VE HİZMETLERİMİZ Hakkımızda Ana Sayfa Kendim İçin Finansmanlar Kentsel Dönüşüm Finansmanı Kentsel Dönüşüm Finansmanı Çevre …;;ok;Metin'de herhangi bir tahsis ücreti yer almamaktadır
vakif-katilim--finansmanlar-kentsel-donusum-finansmani;vakif-katilim;masraf_durumu;;;;;Müşteri Ol Kendim İçin SİZE ÖZEL ÇÖZÜMLER ÜRÜN VE HİZMETLERİMİZ İşim İçin SİZE ÖZEL ÇÖZÜMLER ÜRÜN VE HİZMETLERİMİZ Hakkımızda Ana Sayfa Kendim İçin Finansmanlar Kentsel Dönüşüm Finansmanı Kentsel Dönüşüm Finansmanı Çevre …;;ok;Metin'den masraf tutarı bilgisi bulunmamaktadır
vakif-katilim--finansmanlar-kentsel-donusum-finansmani;vakif-katilim;odul_miktari;;;;;Müşteri Ol Kendim İçin SİZE ÖZEL ÇÖZÜMLER ÜRÜN VE HİZMETLERİMİZ İşim İçin SİZE ÖZEL ÇÖZÜMLER ÜRÜN VE HİZMETLERİMİZ Hakkımızda Ana Sayfa Kendim İçin Finansmanlar Kentsel Dönüşüm Finansmanı Kentsel Dönüşüm Finansmanı Çevre …;;ok;Metin'de ödül bulunmamaktadır
vakif-katilim--finansmanlar-kentsel-donusum-finansmani;vakif-katilim;indirim_orani;;;;;Müşteri Ol Kendim İçin SİZE ÖZEL ÇÖZÜMLER ÜRÜN VE HİZMETLERİMİZ İşim İçin SİZE ÖZEL ÇÖZÜMLER ÜRÜN VE HİZMETLERİMİZ Hakkımızda Ana Sayfa Kendim İçin Finansmanlar Kentsel Dönüşüm Finansmanı Kentsel Dönüşüm Finansmanı Çevre …;;ok;Metin'de indirim oranı bulunmamaktadır
vakif-katilim--finansmanlar-kentsel-donusum-finansmani;vakif-katilim;alisveris_puani;;;;;Müşteri Ol Kendim İçin SİZE ÖZEL ÇÖZÜMLER ÜRÜN VE HİZMETLERİMİZ İşim İçin SİZE ÖZEL ÇÖZÜMLER ÜRÜN VE HİZMETLERİMİZ Hakkımızda Ana Sayfa Kendim İçin Finansmanlar Kentsel Dönüşüm Finansmanı Kentsel Dönüşüm Finansmanı Çevre …;;ok;Metin'de alışveriş puanı bulunmamaktadır
vakif-katilim--finansmanlar-kentsel-donusum-finansmani;vakif-katilim;kampanya_suresi;;;;;Müşteri Ol Kendim İçin SİZE ÖZEL ÇÖZÜMLER ÜRÜN VE HİZMETLERİMİZ İşim İçin SİZE ÖZEL ÇÖZÜMLER ÜRÜN VE HİZMETLERİMİZ Hakkımızda Ana Sayfa Kendim İçin Finansmanlar Kentsel Dönüşüm Finansmanı Kentsel Dönüşüm Finansmanı Çevre …;;ok;Metin'de kampanya süresi bulunmamaktadır
vakif-katilim--finansmanlar-kentsel-donusum-finansmani;vakif-katilim;hedef_kitle;;;;;Müşteri Ol Kendim İçin SİZE ÖZEL ÇÖZÜMLER ÜRÜN VE HİZMETLERİMİZ İşim İçin SİZE ÖZEL ÇÖZÜMLER ÜRÜN VE HİZMETLERİMİZ Hakkımızda Ana Sayfa Kendim İçin Finansmanlar Kentsel Dönüşüm Finansmanı Kentsel Dönüşüm Finansmanı Çevre …;"[""6306 sayılı kanun kapsamında riskli yapı veya riskli alanda bulunan binalarını yenilemek isteyen konut ve iş yeri hak sahipleri""]⁠";Fix;
vakif-katilim--finansmanlar-konut-finansmani-2;vakif-katilim;kar_payi_orani;;;;;Müşteri Ol Kendim İçin SİZE ÖZEL ÇÖZÜMLER ÜRÜN VE HİZMETLERİMİZ İşim İçin SİZE ÖZEL ÇÖZÜMLER ÜRÜN VE HİZMETLERİMİZ Hakkımızda Ana Sayfa Diğer Yardım Merkezi Kendim İçin Konut Finansmanı ile ilgili Sıkça Sorulan Sorular F …;;ok;Metin de net kar payı oranı bulunmamaktadır
vakif-katilim--finansmanlar-konut-finansmani-2;vakif-katilim;finansman_tutari;;;;;Müşteri Ol Kendim İçin SİZE ÖZEL ÇÖZÜMLER ÜRÜN VE HİZMETLERİMİZ İşim İçin SİZE ÖZEL ÇÖZÜMLER ÜRÜN VE HİZMETLERİMİZ Hakkımızda Ana Sayfa Diğer Yardım Merkezi Kendim İçin Konut Finansmanı ile ilgili Sıkça Sorulan Sorular F …;;ok;Metin'de finansman tutarı bulunmamaktadır
vakif-katilim--finansmanlar-konut-finansmani-2;vakif-katilim;vade_ay;;;;;Müşteri Ol Kendim İçin SİZE ÖZEL ÇÖZÜMLER ÜRÜN VE HİZMETLERİMİZ İşim İçin SİZE ÖZEL ÇÖZÜMLER ÜRÜN VE HİZMETLERİMİZ Hakkımızda Ana Sayfa Diğer Yardım Merkezi Kendim İçin Konut Finansmanı ile ilgili Sıkça Sorulan Sorular F …;;ok;Metin'de vade süresi bulunmamaktadır
vakif-katilim--finansmanlar-konut-finansmani-2;vakif-katilim;taksit_sayisi;;;;;Müşteri Ol Kendim İçin SİZE ÖZEL ÇÖZÜMLER ÜRÜN VE HİZMETLERİMİZ İşim İçin SİZE ÖZEL ÇÖZÜMLER ÜRÜN VE HİZMETLERİMİZ Hakkımızda Ana Sayfa Diğer Yardım Merkezi Kendim İçin Konut Finansmanı ile ilgili Sıkça Sorulan Sorular F …;;ok;Metin'de taksit sayısı bulunmamaktadır
vakif-katilim--finansmanlar-konut-finansmani-2;vakif-katilim;tahsis_ucreti;;;;;Müşteri Ol Kendim İçin SİZE ÖZEL ÇÖZÜMLER ÜRÜN VE HİZMETLERİMİZ İşim İçin SİZE ÖZEL ÇÖZÜMLER ÜRÜN VE HİZMETLERİMİZ Hakkımızda Ana Sayfa Diğer Yardım Merkezi Kendim İçin Konut Finansmanı ile ilgili Sıkça Sorulan Sorular F …;;ok;Metin'de tahsis ücreti bulunmamaktadır
vakif-katilim--finansmanlar-konut-finansmani-2;vakif-katilim;masraf_durumu;;;;;Müşteri Ol Kendim İçin SİZE ÖZEL ÇÖZÜMLER ÜRÜN VE HİZMETLERİMİZ İşim İçin SİZE ÖZEL ÇÖZÜMLER ÜRÜN VE HİZMETLERİMİZ Hakkımızda Ana Sayfa Diğer Yardım Merkezi Kendim İçin Konut Finansmanı ile ilgili Sıkça Sorulan Sorular F …;;ok;Metin'de masraf bilgisi bulunmamaktadır
vakif-katilim--finansmanlar-konut-finansmani-2;vakif-katilim;odul_miktari;;;;;Müşteri Ol Kendim İçin SİZE ÖZEL ÇÖZÜMLER ÜRÜN VE HİZMETLERİMİZ İşim İçin SİZE ÖZEL ÇÖZÜMLER ÜRÜN VE HİZMETLERİMİZ Hakkımızda Ana Sayfa Diğer Yardım Merkezi Kendim İçin Konut Finansmanı ile ilgili Sıkça Sorulan Sorular F …;;ok;Metin'de ödül miktarı bulunmamaktadır
vakif-katilim--finansmanlar-konut-finansmani-2;vakif-katilim;indirim_orani;;;;;Müşteri Ol Kendim İçin SİZE ÖZEL ÇÖZÜMLER ÜRÜN VE HİZMETLERİMİZ İşim İçin SİZE ÖZEL ÇÖZÜMLER ÜRÜN VE HİZMETLERİMİZ Hakkımızda Ana Sayfa Diğer Yardım Merkezi Kendim İçin Konut Finansmanı ile ilgili Sıkça Sorulan Sorular F …;;ok;Metin'de indirim oranı bulunmamaktadır
vakif-katilim--finansmanlar-konut-finansmani-2;vakif-katilim;alisveris_puani;;;;;Müşteri Ol Kendim İçin SİZE ÖZEL ÇÖZÜMLER ÜRÜN VE HİZMETLERİMİZ İşim İçin SİZE ÖZEL ÇÖZÜMLER ÜRÜN VE HİZMETLERİMİZ Hakkımızda Ana Sayfa Diğer Yardım Merkezi Kendim İçin Konut Finansmanı ile ilgili Sıkça Sorulan Sorular F …;;ok;Metin'de alışveriş puanı bulunmamaktadır
vakif-katilim--finansmanlar-konut-finansmani-2;vakif-katilim;kampanya_suresi;;;;;Müşteri Ol Kendim İçin SİZE ÖZEL ÇÖZÜMLER ÜRÜN VE HİZMETLERİMİZ İşim İçin SİZE ÖZEL ÇÖZÜMLER ÜRÜN VE HİZMETLERİMİZ Hakkımızda Ana Sayfa Diğer Yardım Merkezi Kendim İçin Konut Finansmanı ile ilgili Sıkça Sorulan Sorular F …;;ok;Metin'de kampanya süresi bulunmamaktadır
vakif-katilim--finansmanlar-konut-finansmani-2;vakif-katilim;hedef_kitle;;;;;Müşteri Ol Kendim İçin SİZE ÖZEL ÇÖZÜMLER ÜRÜN VE HİZMETLERİMİZ İşim İçin SİZE ÖZEL ÇÖZÜMLER ÜRÜN VE HİZMETLERİMİZ Hakkımızda Ana Sayfa Diğer Yardım Merkezi Kendim İçin Konut Finansmanı ile ilgili Sıkça Sorulan Sorular F …;;ok;
