doc_id;bank;field;model_value;model_conf;confidence_source;disagreement;snippet;gold_value;verdict;note;protokol
adil-katilim--katilim-bankaciligi-katilim-bankaciligi-nedir;adil-katilim;campaign_type;Yatırım Ürünü;0.70;classifier;;Anasayfa > Katılım Bankacılığı > Katılım Bankacılığı Nedir? Katılım Bankacılığı Nedir? Katılım bankacılığı, fon toplama ve finansman kullandırma başta olmak üzere bankacılık faaliyetlerinin katılım finans esaslarına uygu …;;;;v2
albaraka--ayricalik-otopark-harcamalarinizda-yuzde10-indirim-54;albaraka;campaign_type;Taşıt Finansmanı;0.60;classifier;;Ayrıcalıklar Anasayfa Ayrıcalıklar Otopark Harcamalarınızda %10 İndirim Ayrıcalıklarla dolu Albaraka Özel Bankacılık Kredi Kartlarınızı kullanarak tek seferde yapacağınız 5.000 TL'ye kadar olan otopark harcamalarınızda % …;;;;v2
albaraka--ayricalik-otopark-harcamalarinizda-yuzde10-indirim-54;albaraka;odul_miktari;"{""currency"": ""TRY"", ""value"": 5000.0}";0.82;rule_heuristic;;…pacakları otopark harcamalarında, 5.000 TL'ye kadar olan harcama tutarının %10'u kadar indirim/cashback uygulanacaktır. [5.000 TL] üstü işlemler için herhangi bir indirim uygulanmayacaktır. Kampanya aylık bazda yönetilecektir. Debit kartlar, sanal ka…;;;;v2
albaraka--ayricalik-otopark-harcamalarinizda-yuzde10-indirim-54;albaraka;kampanya_suresi;2026-12-31;0.85;rule_heuristic;;…k olarak alınacak olup müşterinin kampanyaya katılması için SMS vb. yollarla talepte bulunmasına gerek yoktur. Kampanya [31 Aralık 2026] tarihine kadar geçerlidir. Kampanya aylık 1.000 kişi ile sınırlıdır. Albaraka Türk Katılım Bankası A.Ş. kampanya şartla…;;;;v2
albaraka--gayrimenkul-finansmani-2b-arazi-finansmani;albaraka;campaign_type;Finansman;0.60;classifier;;Albaraka Mobil Mobil Bankacılık Aç 2B Arazi Finansmanı Anasayfa Bireysel Finansmanlar Gayrimenkul Finansmanı 2B Arazi Finansmanı İş Yeri Finansmanı Arsa Finansmanı 2B Arazi Finansmanı 6292 sayılı kanun kapsamındaki 2B ar …;;;;v2
albaraka--tasit-finansmani-dijital-arac-finansmani;albaraka;campaign_type;Taşıt Finansmanı;0.70;classifier;;Albaraka Mobil Mobil Bankacılık Aç Dijital Araç Finansmanı Anasayfa Bireysel Finansmanlar Taşıt Finansmanı Dijital Araç Finansmanı Taşıt Finansmanı Togg Finansmanı Dijital Araç Finansmanı Deniz Taşıtları Finansmanı Taşıt …;;;;v2
albaraka--tasit-finansmani-dijital-arac-finansmani;albaraka;kampanya_kosullari;"[""Albaraka Mobil uygulaması üzerinden sadece birkaç dakika içerisinde Dijital Araç Finansmanı'na başvurabilirsiniz."", ""Sıkça Sorulan Sorular Dijital Araç Finansmanı için gerekli belgeler nelerdir?"", ""Dijital Araç Finansmanı başvurusu için ikinci el araçlarda yeni ruhsat, noter satış sözleşmesi ve kasko poliçesi gereklidir."", ""Bu koşula uygun olarak finansman desteği limitleri şu şekilde sıralanır: Kasko değeri 400 bin TL ve altında olan araçlar için maksimum %70 Değeri 400.001 ila 800.000 TL aralığındaki araçlar için maksimum %50 Değeri 800.001 ila 1.200.000 TL aralığındaki araçlar için maksimum %30 Değeri 1.200.001 ila 2.000.000 TL aralığındaki araçlar için maksimum %20""]";0.65;rule_heuristic;;…rumuna bağlı olarak 36 aya kadar vade seçeneklerinden faydalanabilirsiniz. Dijital Araç Finansmanı'na Nasıl Başvurulur? [Albaraka Mobil uygulaması üzerinden sadece birkaç dakika içerisinde Dijital Araç Finansmanı'na başvurabilirsiniz.] Albaraka Türk müşterisi değil misiniz? Hiç sorun değil! Albaraka Mobil uygulaması üzerinden hızlıca müşterimiz olabilir…;;;;v2
dunya-katilim--kampanyalar-casper-com-tr-de-pesin-fiyatina-6-taksit-firsati;dunya-katilim;campaign_type;Konut Finansmanı;0.60;classifier;;Anasayfa Kampanyalar Casper.com.tr'de Peşin Fiyatına 6 Taksit Fırsatı! Casper.com.tr'de Peşin Fiyatına 6 Taksit Fırsatı! Dünya Katılım Paraf ile www.casper.com.tr web adresinde Paraf POS'undan yapılacak alışverişlerinize …;;;;v2
dunya-katilim--kampanyalar-casper-com-tr-de-pesin-fiyatina-6-taksit-firsati;dunya-katilim;taksit_sayisi;6;0.85;rule_heuristic;;Anasayfa Kampanyalar Casper.com.tr'de Peşin Fiyatına [6 Taksit] Fırsatı! Casper.com.tr'de Peşin Fiyatına 6 Taksit Fırsatı! Dünya Katılım Paraf ile www.casper.com.tr web adresinde Para…;;;;v2
dunya-katilim--kampanyalar-casper-com-tr-de-pesin-fiyatina-6-taksit-firsati;dunya-katilim;kampanya_suresi;2026-07-31;0.82;rule_heuristic;;… tamamında değişiklik yapma ve/veya kampanyayı durdurma hakkını saklı tutar. Paraf Kampanyaları Sona erdi Bitiş Tarihi: [31 Temmuz 2026] Paylaş Diğer Kampanyalar Tüm site ziyaretçilerimizi daha iyi tanımak, sitemizdeki kullanıcı deneyimini kişiselleştirmek…;;;;v2
dunya-katilim--kampanyalar-fiziki-altin;dunya-katilim;campaign_type;İhtiyaç Finansmanı;0.60;classifier;;Anasayfa Kampanyalar Fiziki Altın ⏰ Kampanya Süresi Dolmuştur! Yeni Müşterilere Özel Altına Altın Hediye Kampanyası! ⏰ Kampanya Süresi Dolmuştur! ✨ Yeni Kampanyalarımız İçin Bizi Takip Etmeyi Unutmayın! Dünya Katılım'dan …;;;;v2
dunya-katilim--kampanyalar-fiziki-altin;dunya-katilim;kampanya_suresi;2026-03-31;0.72;rule_heuristic;;…an Yeni Müşterilere Altın Değerinde Fırsat! Dünya Katılım, yeni müşterilerine özel yepyeni bir kampanya ile karşınızda! [13.01.2026-31.03.2026] tarihleri arasında Dünya Katılım Mobil Şube veya İnternet Şube üzerinden fiziki altın siparişi veren yeni müşterilerimi…;;;;v2
dunya-katilim--kampanyalar-itopya;dunya-katilim;campaign_type;Konut Finansmanı;0.60;classifier;;Anasayfa Kampanyalar Itopya ITOPYA.COM'da Vade Farksız 6 Taksit Fırsatı! Dünya Katılım Paraf ile Itopya mağazaları ve www.itopya.com 'dan yapılacak taksitli alışverişinize vade farksız 6 taksit imkanı sunulacaktır. Kampa …;;;;v2
dunya-katilim--kampanyalar-itopya;dunya-katilim;taksit_sayisi;6;0.85;rule_heuristic;;Anasayfa Kampanyalar Itopya ITOPYA.COM'da Vade Farksız [6 Taksit] Fırsatı! Dünya Katılım Paraf ile Itopya mağazaları ve www.itopya.com 'dan yapılacak taksitli alışverişinize vade farksı…;;;;v2
dunya-katilim--kampanyalar-itopya;dunya-katilim;kampanya_suresi;2026-07-31;0.82;rule_heuristic;;… tamamında değişiklik yapma ve/veya kampanyayı durdurma hakkını saklı tutar. Paraf Kampanyaları Sona erdi Bitiş Tarihi: [31 Temmuz 2026] Paylaş Diğer Kampanyalar Tüm site ziyaretçilerimizi daha iyi tanımak, sitemizdeki kullanıcı deneyimini kişiselleştirmek…;;;;v2
hayat-finans--finansmanlar-is-ticari-finansman;hayat-finans;campaign_type;Finansman;0.70;classifier;;Ticari Finansman Firmanıza özel, ticari faaliyetlerinize uyum sağlayan esnek ve avantajlı finansman çözümlerinden faydalanın! Firmanıza özel finansman çözümleri Ticari faaliyetlerinize uygun esnek finansman seçeneklerind …;;;;v2
hayat-finans--kampanyalar-biz-kart-yemek-harcamasi-nakit-iade-kampanyasi;hayat-finans;campaign_type;Yeni Müşteri;0.60;classifier;;Biz Kart ile Yemek Harcamalarına 1.000 TL'ye Varan Nakit İade! Yakınlarınıza verdiğiniz Biz Kart ile yemek sektöründe yapılan harcamaların %10'una kadar nakit iade kazanın. Kampanya kapsamında günlük en fazla 100 TL, ayl …;;;;v2
hayat-finans--kampanyalar-biz-kart-yemek-harcamasi-nakit-iade-kampanyasi;hayat-finans;kampanya_suresi;2026-08-31;0.82;rule_heuristic;;…mında günlük en fazla 100 TL, aylık toplamda ise 1.000 TL'ye kadar nakit iade alabilirsiniz. Kampanya Dönemi: 6 Şubat - [31 Ağustos 2026] Yakınlarınız için Biz Kart Başvurusunu Nasıl Yapabilirsiniz? Mobil Uygulama Tüm İşlemler> Kartlar> Biz Kart Başvurusu a…;;;;v2
hayat-finans--kampanyalar-hayatfinansla-islem-yaptikca-kazan;hayat-finans;campaign_type;Yeni Müşteri;0.60;classifier;;Hayat Finans'la İşlem Yaptıkça Kazan! Masraf yok, kazanç var: Hayat'la Kazan Bankacılık işlemlerinizi kazanca dönüştürün. Günlük bankacılık işlemlerinizi Hayat Finans'tan gerçekleştirin, yaptığınız işlemlerden nakit ödül …;;;;v2
hayat-finans--kampanyalar-hayatfinansla-islem-yaptikca-kazan;hayat-finans;kampanya_suresi;2026-12-31;0.82;rule_heuristic;;…ması içerisindeki hediye alanında dilediğiniz ürün ve hizmetlerde değerlendirebilirsiniz. 📢 Kampanya Dönemi: 2 Temmuz - [31 Aralık 2026] Hayat Finans Mobil Hayat Pay Mobil Kazandıran İşlemler 💵 Hesaba Gelen Para Transferleri Başka bir banka hesabından veya…;;;;v2
kuveyt-turk--kart-kampanyalari-e-ticaret-pazaryeri-saticilarina-ozel-vade-farksiz-3-taksit;kuveyt-turk;campaign_type;Yeni Müşteri;0.60;classifier;;Ana Sayfa Kampanyalar İşim İçin Kart Kampanyaları E-Ticaret Pazaryeri Satıcılarına Özel Vade Farksız 3 Taksit! Sağlam Business Kart ile 250.000 TL'ye kadar vade farksız 3 taksit fırsatına ek, hak edişlerinizi yönlendirdi …;;;;v2
kuveyt-turk--kart-kampanyalari-e-ticaret-pazaryeri-saticilarina-ozel-vade-farksiz-3-taksit;kuveyt-turk;taksit_sayisi;3;0.85;rule_heuristic;;Ana Sayfa Kampanyalar İşim İçin Kart Kampanyaları E-Ticaret Pazaryeri Satıcılarına Özel Vade Farksız [3 Taksit]! Sağlam Business Kart ile 250.000 TL'ye kadar vade farksız 3 taksit fırsatına ek, hak edişlerinizi yönlendirdiğiniz her…;;;;v2
kuveyt-turk--kart-kampanyalari-e-ticaret-pazaryeri-saticilarina-ozel-vade-farksiz-3-taksit;kuveyt-turk;kampanya_suresi;2026-12-31;0.72;rule_heuristic;;…a ek, hak edişlerinizi yönlendirdiğiniz her ay başına vade farksız 3 taksit avantajı Kuveyt Türk'te! Kampanya Tarihleri [26.02.2026 - 31.12.2026] Kampanyayı Paylaş Facebook'da paylaş X'de paylaş LinkedIn'de paylaş Whatsapp'da paylaş Kampanyadan Kimler Faydalanabili…;;;;v2
kuveyt-turk--kart-kampanyalari-saglam-business-kart-qr-odeme-ile-4000-tl-ye-varan-altin-puan-;kuveyt-turk;campaign_type;Alışveriş Puanı;0.60;classifier;;Ana Sayfa Kampanyalar İşim İçin Kart Kampanyaları Sağlam Business Kart QR Ödeme ile 4.000 TL' ye Varan Altın Puan Fırsatı! Sağlam Business Kart ile yıl sonuna kadar her ay yapılacak QR ödemelerinize 2.000 TL ve üzeri her …;;;;v2
kuveyt-turk--kart-kampanyalari-saglam-business-kart-qr-odeme-ile-4000-tl-ye-varan-altin-puan-;kuveyt-turk;alisveris_puani;"{""kind"": ""points"", ""value"": 4000.0}";0.82;rule_heuristic;;Ana Sayfa Kampanyalar İşim İçin Kart Kampanyaları Sağlam Business Kart QR Ödeme ile [4.000] TL' ye Varan Altın Puan Fırsatı! Sağlam Business Kart ile yıl sonuna kadar her ay yapılacak QR ödemelerinize 2.000 TL v…;;;;v2
kuveyt-turk--kart-kampanyalari-saglam-business-kart-qr-odeme-ile-4000-tl-ye-varan-altin-puan-;kuveyt-turk;kampanya_suresi;2026-12-31;0.72;rule_heuristic;;… üzeri her harcamanıza %5, toplamda 4.000 TL'ye varan Altın Puan fırsatı sizi bekliyor! Hemen Başvur Kampanya Tarihleri [25.06.2026 - 31.12.2026] Kampanyayı Paylaş Facebook'da paylaş X'de paylaş LinkedIn'de paylaş Whatsapp'da paylaş Sağlam Business Kredi Kartları y…;;;;v2
tkbb--tkbb-egitim-faizsiz-finans-urunleri;tkbb;campaign_type;Yatırım Ürünü;0.80;classifier;;Faizsiz Finans Ürünleri Anasayfa Faizsiz Finans Ürünleri Katılma Hesabı Kâr ve Zarara Katılma Hesapları, katılım bankalarına yatırılan fonların bu kurumlarca kullandırılmasından doğacak kâr ve zarara katılma sonucunu ver …;;;;v2
tom-katilim--kampanyalar;tom-katilim;campaign_type;Kart;0.70;classifier;;Güncel kampanyalarımız için lütfen tıklayın. Kampanyalar Özel Okul Ödemelerinde 10 Taksit, üstelik vade farksız! TOM Bank Hadi Kazananlar Kulubü Paketleri ile Hadi Black Kredi Kartı ile yapılacak özel okul ödemelerinde T …;;;;v2
tom-katilim--kampanyalar;tom-katilim;taksit_sayisi;10;0.85;rule_heuristic;;Güncel kampanyalarımız için lütfen tıklayın. Kampanyalar Özel Okul Ödemelerinde [10 Taksit], üstelik vade farksız! TOM Bank Hadi Kazananlar Kulubü Paketleri ile Hadi Black Kredi Kartı ile yapılacak özel okul öde…;;;;v2
tom-katilim--kampanyalar;tom-katilim;kampanya_suresi;2026-09-30;0.85;rule_heuristic;;…atı! Üstelik vade farksız, hemen paketini seç! Paket detaylarını aşağıdan inceleyebilirsin! Kampanya Koşulları Kampanya [19.01.2026 – 30.09.2026] tarihleri arasında Hadi Black Kredi Kartı ile yapılacak özel okul ödemelerinde geçerlidir. Kampanyaya sadece Hadi Black…;;;;v2
turkiye-emlak-katilim--kampanya-paraf-ile-damat-tweende-3000-tl-parafpara;turkiye-emlak-katilim;campaign_type;Alışveriş Puanı;0.60;classifier;;Türkiye Emlak Katılım Bankası A.Ş. internet sitesini ziyaretiniz esnasında kullanılabilecek çerezler ve benzeri teknolojiler hakkında bilgi vermek amacıyla işbu Çerez Politikası'nı hazırlanmıştır. Ana sayfa Bireysel Kamp …;;;;v2
turkiye-emlak-katilim--kampanya-paraf-ile-damat-tweende-3000-tl-parafpara;turkiye-emlak-katilim;kampanya_suresi;2026-07-31;0.72;rule_heuristic;;…kcell, Vodafone veya Türk Telekom operatörleri üzerinden ve yurt içinden gönderilmesi gerekmektedir. Kampanya Koşulları [01-31 Temmuz 2026] tarihleri arasında DAMAT TWEEN'de Paraf POS'undan tek seferde yapılacak 30.000 TL ve üzeri ilk alışverişe 3.000 TL Para…;;;;v2
turkiye-emlak-katilim--kampanya-paraf-ile-damat-tweende-3000-tl-parafpara;turkiye-emlak-katilim;kampanya_kosullari;"[""Kampanyaya katılmak için \"" DAMAT \"" yazıp 6026'ya SMS gönderilmesi gerekmektedir."", ""Katılım SMS'i ücretsiz olup; kampanyaya katılabilmek için SMS'in Turkcell, Vodafone veya Türk Telekom operatörleri üzerinden ve yurt içinden gönderilmesi gerekmektedir."", ""Kampanya Koşulları 01-31 Temmuz 2026 tarihleri arasında DAMAT TWEEN'de Paraf POS'undan tek seferde yapılacak 30.000 TL ve üzeri ilk alışverişe 3.000 TL ParafPara verilecektir."", ""Kampanya dönemi boyunca bir müşteri sadece bir kez 3.000 TL ParafPara kazanabilecektir."", ""Türkiye Emlak Katılım Bankası A.Ş. kampanyayı dilediği zaman durdurma ve/veya kampanya koşullarını değiştirme hakkına sahiptir."", ""Kampanya kapsamında kazanılan ParafPara'lar, kampanyayı takip eden ayın 10‘unde, kampanya koşullarını sağlayan müşterilerimizin işlem yaptığı ve kullanıma açık kartına yansıtılacaktır.""]";0.65;rule_heuristic;;"…nya Paraf ile Damat Tween'de 3.000 TL ParafPara Paraf ile Damat Tween'de 3.000 TL ParafPara Kampanyaya Nasıl Katılırım? [Kampanyaya katılmak için "" DAMAT "" yazıp 6026'ya SMS gönderilmesi gerekmektedir.] Kampanya katılımının başarılı sayılabilmesi için banka sisteminde adınıza tanımlı telefon numarasından katılım sağlanma…";;;;v2
turkiye-emlak-katilim--kampanya-paraf-ile-vaillantta-9-aya-varan-taksit;turkiye-emlak-katilim;vade_ay;9;0.85;rule_heuristic;;… Varan Taksit! 31 Ağustos 2026 tarihine kadar Paraf üyesi Vaillant sanal POS'u üzerinden yapılan işlemlere vade farksız [9 ay] taksit imkanı sunulacaktır. Kampanyaya sadece Vaillant'ın kendi POS'undan gerçekleşen işlemler dahildir. Bayi POS'undan…;;;;v2
turkiye-emlak-katilim--kampanya-paraf-ile-vaillantta-9-aya-varan-taksit;turkiye-emlak-katilim;kampanya_suresi;2026-08-31;0.82;rule_heuristic;;…sayfa Bireysel Kampanyalar Kampanya Paraf ile Vaillant'ta 9 Aya Varan Taksit! Paraf ile Vaillant'ta 9 Aya Varan Taksit! [31 Ağustos 2026] tarihine kadar Paraf üyesi Vaillant sanal POS'u üzerinden yapılan işlemlere vade farksız 9 ay taksit imkanı sunulacaktı…;;;;v2
turkiye-emlak-katilim--kurumsal-sigorta-urunleri-uzun-sureli-leasing;turkiye-emlak-katilim;vade_ay;36;0.85;rule_heuristic;;…klilik Kurumsal Sigorta Ürünleri Uzun Süreli Leasing × Your browser does not support the audio element. Sözleşme vadesi [3 yıldan] fazla olan kiralamalar uzun süreli leasing kategorisinde yer alır. 3 yıla kadar poliçe vadesi ve 750.000 EUR'a kadar te…;;;;v2
turkiye-emlak-katilim--sermaye-piyasasi-urunleri-pay-piyasasi-hisse-senedi;turkiye-emlak-katilim;campaign_type;Yatırım Ürünü;0.60;classifier;;Türkiye Emlak Katılım Bankası A.Ş. internet sitesini ziyaretiniz esnasında kullanılabilecek çerezler ve benzeri teknolojiler hakkında bilgi vermek amacıyla işbu Çerez Politikası'nı hazırlanmıştır. Pay Piyasası (Hisse Sen …;;;;v2
turkiye-finans--default;turkiye-finans;campaign_type;İhtiyaç Finansmanı;0.70;classifier;;Tek SMS'le Hızlı Finansman Cebinizde! Detaylı Bilgi Yataş konforunu ertelemeyin, Hızlı Finansman'la hemen yenilenin Detaylı Bilgi Bosch teknolojisine Hızlı Finansman avantajlarıyla ulaşın! Detaylı Bilgi Hızlı Finansman'a …;;;;v2
turkiye-finans--konut-finansmani-konut-finansmani;turkiye-finans;vade_ay;120;0.85;rule_heuristic;;…ı ürünlerinin tamamının finansman başvurusu ile birlikte alınması şartıyla uygulanmaktadır. Finansmanın maksimum vadesi [120 ay] olup, tahsis ücreti vergiler hariç finansman tutarının binde 5'i oranındadır. Yıllık maliyete kar oranı, tahsis ücreti,…;;;;v2
turkiye-finans--konut-finansmani-konut-finansmani;turkiye-finans;kampanya_kosullari;"[""Türkiye Finans'ın 100'ünde Gelecek Olan 5 Üyesi Cumhuriyetimizin Unutulmaz 100'leri Bankacılığın Tarihçesi ve Türkiye'de Bankacılık Türleri Dijital Dünyada Güvenlik İçin Temel İpuçları Avrupa Yeşil Mutabakatı: Sürdürülebilir Ekonomiler İçin Yol Haritası 2023'ü Geride Bırakırken DASK - Zorunlu Deprem Sigortası Nedir?"", ""Türkiye Finans Konut Finansmanı (bankacılık kanununa göre konut kredisi), uygun koşullarda ev sahibi olmanız için sunulan finansman desteğidir."", ""Konut Finansmanı (Konut Kredisi)* çözümlerimizden bütçenize göre dilediğinizi seçebilir, uygun ödeme koşulları ile zorlanmadan ev sahibi olabilirsiniz."", ""Banka gerekli gördüğü durumlarda kefil ve ek belge isteme hakkına sahiptir."", ""Maliyet tablosu hesaplamasında yer alan kar oranları; Yedek Hesap, DASK, Finansman Ferdi Kaza Sigortası, Konut Sigortası, Otomatik Fatura Ödeme Talimatı ürünlerinin tamamının finansman başvurusu ile birlikte alınması şartıyla uygulanmaktadır."", ""Finansmanın maksimum vadesi 120 ay olup, tahsis ücreti vergiler hariç finansman tutarının binde 5'i oranındadır."", ""Ekspertiz ücreti minimum maliyetler üzerinden hesaplanmış olup Ekspertiz ücreti Resmi Kurumlara ödenen harç miktarına, taşınmazın alanına, mevcut durumuna ve bulunduğu lokasyona göre değişebilmektedir.Gayrimenkulün bulunduğu lokasyona bağlı olarak ekspertiz firmasına ödenen meblağ arttığında, müşteriden tahsil edilecek ekspertiz ücreti de artacaktır."", ""Mortgage finansmanı için gerekli belgeler nelerdir?""]";0.65;rule_heuristic;;…ra Biriktirme Yolları Enflasyon Nedir? Nasıl Hesaplanır? 3D Secure Nedir, Ne İşe Yarar? Kredi Notu (Kredi Puanı) Nedir? [Türkiye Finans'ın 100'ünde Gelecek Olan 5 Üyesi Cumhuriyetimizin Unutulmaz 100'leri Bankacılığın Tarihçesi ve Türkiye'de Bankacılık Türleri Dijital Dünyada Güvenlik İçin Temel İpuçları Avrupa Yeşil Mutabakatı: Sürdürülebilir Ekonomiler İçin Yol Haritası 2023'ü Geride Bırakırken DASK - Zorunlu Deprem Sigortası Nedir?] Sağlık Sigortası Nedir? Neden Sağlık Sigortası Yaptırmalıyız? Katılma Hesabı Nedir, Nasıl Açılır? Sürdürülebilir Bir Ge…;;;;v2
vakif-katilim--detay-3-ay-ertelemeli-motosiklet-kampanyasi;vakif-katilim;campaign_type;Finansman;0.70;classifier;;Müşteri Ol Kendim İçin SİZE ÖZEL ÇÖZÜMLER ÜRÜN VE HİZMETLERİMİZ İşim İçin SİZE ÖZEL ÇÖZÜMLER ÜRÜN VE HİZMETLERİMİZ Hakkımızda Ana Sayfa Kendim İçin Kampanyalar 3 Ay Ertelemeli Motosiklet Kampanyası Kampanya Geçerlilik Ta …;;;;v2
vakif-katilim--detay-3-ay-ertelemeli-motosiklet-kampanyasi;vakif-katilim;vade_ay;48;0.85;rule_heuristic;;…Kampanya Geçerlilik Tarihi Kampanya Süresi Dolmuştur Kampanya Detayları Hayalinizdeki Motosiklet Başka Bahara Kalmasın! [48 ay] vadeye kadar, sıfır kilometre motosikletlerde uygun kâr oranlarıyla motosiklet finansmanı Vakıf Katılım'da! Siz de heme…;;;;v2
vakif-katilim--finansmanlar-nakdi-finansmanlar;vakif-katilim;campaign_type;Taşıt Finansmanı;0.70;classifier;;Müşteri Ol Kendim İçin SİZE ÖZEL ÇÖZÜMLER ÜRÜN VE HİZMETLERİMİZ İşim İçin SİZE ÖZEL ÇÖZÜMLER ÜRÜN VE HİZMETLERİMİZ Hakkımızda Ana Sayfa İşim İçin Finansmanlar Nakdi Finansmanlar Nakdi Finansmanlar Vadeli İhracatın Finans …;;;;v2
vakif-katilim--isim-icin-yatirim;vakif-katilim;campaign_type;İhtiyaç Finansmanı;0.60;classifier;;Müşteri Ol Kendim İçin SİZE ÖZEL ÇÖZÜMLER ÜRÜN VE HİZMETLERİMİZ İşim İçin SİZE ÖZEL ÇÖZÜMLER ÜRÜN VE HİZMETLERİMİZ Hakkımızda Ana Sayfa İşim İçin Yatırım Yatırım Vakıf Katılım müşteri odaklı bakış açısıyla ve zengin ürün …;;;;v2
ziraat-katilim--kart-kampanyalari-enplusta-4-taksit;ziraat-katilim;campaign_type;Kart;0.70;classifier;;Enplus'ta 4 Taksit Tüm Kampanyalar 2 Kuyum, Optik ve Saat 3 Market ve Gıda 4 E-Ticaret 2 Elektronik ve Telekomünikasyon 3 Yapı Sektörü ve İklimlendirme 2 Akaryakıt 12 Diğer Kampanyalar 1 Eğitim, Kitap ve Kırtasiye 1 Gene …;;;;v2
ziraat-katilim--kart-kampanyalari-enplusta-4-taksit;ziraat-katilim;taksit_sayisi;4;0.85;rule_heuristic;;Enplus'ta [4 Taksit] Tüm Kampanyalar 2 Kuyum, Optik ve Saat 3 Market ve Gıda 4 E-Ticaret 2 Elektronik ve Telekomünikasyon 3 Yapı Sektörü ve …;;;;v2
ziraat-katilim--kart-kampanyalari-saglik-sektorunde-5-taksit;ziraat-katilim;campaign_type;Kart;0.70;classifier;;Sağlık Sektöründe +5 Taksit Tüm Kampanyalar 2 Kuyum, Optik ve Saat 3 Market ve Gıda 4 E-Ticaret 2 Elektronik ve Telekomünikasyon 3 Yapı Sektörü ve İklimlendirme 2 Akaryakıt 12 Diğer Kampanyalar 1 Eğitim, Kitap ve Kırtasi …;;;;v2
ziraat-katilim--kart-kampanyalari-saglik-sektorunde-5-taksit;ziraat-katilim;taksit_sayisi;5;0.85;rule_heuristic;;Sağlık Sektöründe +[5 Taksit] Tüm Kampanyalar 2 Kuyum, Optik ve Saat 3 Market ve Gıda 4 E-Ticaret 2 Elektronik ve Telekomünikasyon 3 Yapı Sektörü ve …;;;;v2
ziraat-katilim--kart-kampanyalari-saglik-sektorunde-5-taksit;ziraat-katilim;kampanya_suresi;2026-08-05;0.72;rule_heuristic;;…değiştirme ve kampanyayı durdurma hakkına sahiptir. SAYFAYI PAYLAŞ Diğer Kampanyalar MTV Ödemelerinize 4 Taksit Son Gün [05.08.2026] Diğer Kampanyalar MTV Ödemelerinize 4 Taksit Son Gün 05.08.2026 Detaylar Diğer Kampanyalar Kültür Sanat Harcamalarınıza…;;;;v2
dunya-katilim--kampanyalar-itopya;dunya-katilim;vade_ay;12;0.45;rule_heuristic;;"…ile gerçekleştirilecek mal ve hizmet alımları ile nakit çekimlerinde taksitlendirme süresi bireysel kredi kartları için [12 ayı], kurumsal/ticari kredi kartları için ise 18 ayı geçemez. Bu süre bireysel kredi kartları ile yapılan; basılı ve külçe h…";;;;v2
ziraat-katilim--kart-kampanyalari-enplusta-4-taksit;ziraat-katilim;kampanya_suresi;2026-08-31;0.45;rule_heuristic;;…değiştirme ve kampanyayı durdurma hakkına sahiptir. SAYFAYI PAYLAŞ Beyaz Eşya ve Ev Aletleri Karaca'da 3 Taksit Son Gün [31.08.2026] Beyaz Eşya ve Ev Aletleri Karaca'da 3 Taksit Son Gün 31.08.2026 Detaylar Beyaz Eşya ve Ev Aletleri Uğur Derin Dondurucu…;;;;v2
albaraka--ayricalik-otopark-harcamalarinizda-yuzde10-indirim-54;albaraka;indirim_orani;10.0;0.95;rule_heuristic;;Ayrıcalıklar Anasayfa Ayrıcalıklar Otopark Harcamalarınızda %[10] İndirim Ayrıcalıklarla dolu Albaraka Özel Bankacılık Kredi Kartlarınızı kullanarak tek seferde yapacağınız 5.000 TL'ye …;;;;v2
albaraka--ayricalik-otopark-harcamalarinizda-yuzde10-indirim-54;albaraka;kampanya_kosullari;"[""Kampanyaya katılım, kampanya koşullarını sağlayan harcamanın gerçekleştirilmesi sonrası otomatik olarak alınacak olup müşterinin kampanyaya katılması için SMS vb. yollarla talepte bulunmasına gerek yoktur.""]";0.95;rule_heuristic;;…apılan harcamalar dahildir. Yurt dışında yapılan harcamalar için ödüllendirmeler TL para birimi üzerinden yapılacaktır. [Kampanyaya katılım, kampanya koşullarını sağlayan harcamanın gerçekleştirilmesi sonrası otomatik olarak alınacak olup müşterinin kampanyaya katılması için SMS vb. yollarla talepte bulunmasına gerek yoktur.] Kampanya 31 Aralık 2026 tarihine kadar geçerlidir. Kampanya aylık 1.000 kişi ile sınırlıdır. Albaraka Türk Katılım Bank…;;;;v2
albaraka--gayrimenkul-finansmani-2b-arazi-finansmani;albaraka;kampanya_kosullari;"[""Başvuru Şartları 18 yaşını tamamladıysanız, 2B finansmanına başvurabilirsiniz."", ""2B finansmanından gerçek kişi olarak yararlanmak isterseniz; Defterdarlık, Milli Emlak, Mal Müdürlüğü tarafından verilen \""Hak Sahipliği Belgesi\"", bireysel finansman başvuru formu, satın alınacak 2B arazisinin tapu fotokopisi, kimlik kartı ve gelir belgesi gerekmektedir."", ""Gerekli durumlarda kefiller için de aynı belgeler talep edilir."", ""Gerekli durumlarda kefiller için de aynı belgeler talep edilir."", ""En az 1 takvim yılı faaliyette bulunmuş anonim, limited ya da kolektif şirketiniz için 2B finansmanı başvurusu yapabilirsiniz.""]";0.95;rule_heuristic;;"…ntajlı konuma geçebilirsiniz. Aylık kâr oranlarını, Finansman Kâr Oranları ve Ücretleri sayfasından inceleyebilirsiniz. [Başvuru Şartları 18 yaşını tamamladıysanız, 2B finansmanına başvurabilirsiniz.] 2B finansmanından gerçek kişi olarak yararlanmak isterseniz; Defterdarlık, Milli Emlak, Mal Müdürlüğü tarafından verile…";;;;v2
albaraka--gayrimenkul-finansmani-2b-arazi-finansmani;albaraka;hedef_kitle;"[""belirli_segment""]";0.95;rule_heuristic;;"…dronuzu veya net maaş tutarınızı gösteren işyeri tarafından onaylanmış belgeyi ibraz etmeniz gerekir. 2B finansmanından [serbest meslek] sahibi olarak yararlanmak isterseniz; vergi levhanızı, onaylı bilanço ve gelir tablonuzu, cari yıl mizanınızı, faaliyet…";;;;v2
albaraka--tasit-finansmani-dijital-arac-finansmani;albaraka;vade_ay;36;0.95;rule_heuristic;;…için Dijital Araç Finansmanı başvurusu yapabilirsiniz. Satın almayı planladığınız aracın kullanım durumuna bağlı olarak [36 aya] kadar vade seçeneklerinden faydalanabilirsiniz. Dijital Araç Finansmanı'na Nasıl Başvurulur? Albaraka Mobil uygulaması …;;;;v2
dunya-katilim--kampanyalar-casper-com-tr-de-pesin-fiyatina-6-taksit-firsati;dunya-katilim;kampanya_kosullari;"[""Taksit kampanyasından yararlanabilmek için işlem anında 6 taksitin seçilmesi gerekmektedir.""]";0.95;rule_heuristic;;…ww.casper.com.tr web adresinde Paraf POS'undan yapılacak alışverişlerinize peşin fiyatına 6 taksit imkanı sunulacaktır. [Taksit kampanyasından yararlanabilmek için işlem anında 6 taksitin seçilmesi gerekmektedir.] Işlem gerçekleştikten sonra artı taksit uygulanmayacaktır. Yasal mevzuat gereği, mal veya hizmet alımı sonrası belli bi…;;;;v2
dunya-katilim--kampanyalar-fiziki-altin;dunya-katilim;kampanya_kosullari;"[""Kampanya 01 Ocak 2026 tarihinden itibaren Dünya Katılım müşterisi olmuş ve 13.01.2026-31.03.2026 tarihleri arasında fiziki altın siparişi veren gerçek müşteriler için geçerlidir."", ""Kazandığınız hediye altınlar Altın Cari hesabınıza aktarılsın. 📌 Kampanya Koşulları: Kampanya 13.01.2026-31.03.2026 tarihleri arasında geçerlidir."", ""Hediye altın kazanabilmek için fiziki altın siparişinin Dünya Katılım Mobil Şube veya İnternet Şube üzerinden verilmiş olması gerekir.""]";0.95;rule_heuristic;;"…arın. Uygulamadaki ""Bireysel Müşteri Olun"" butonuyla hemen müşterimiz olun, ayrıcalıklı bankacılık deneyimine başlayın. [Kampanya 01 Ocak 2026 tarihinden itibaren Dünya Katılım müşterisi olmuş ve 13.01.2026-31.03.2026 tarihleri arasında fiziki altın siparişi veren gerçek müşteriler için geçerlidir.] Altın yatırımınıza değer katmak şimdi çok kolay. Kampanya süresince fiziki altın siparişinizin türüne göre aşağıdaki or…";;;;v2
dunya-katilim--kampanyalar-fiziki-altin;dunya-katilim;hedef_kitle;"[""yeni_musteri""]";0.95;rule_heuristic;;Anasayfa Kampanyalar Fiziki Altın ⏰ Kampanya Süresi Dolmuştur! [Yeni Müşteri]lere Özel Altına Altın Hediye Kampanyası! ⏰ Kampanya Süresi Dolmuştur! ✨ Yeni Kampanyalarımız İçin Bizi Takip Etmeyi Unu…;;;;v2
dunya-katilim--kampanyalar-itopya;dunya-katilim;kampanya_kosullari;"[""Kampanyadan faydalanmak için ödeme esnasında POS üzerinden 6 taksitin seçilmesi gerekmektedir.""]";0.95;rule_heuristic;;…e Itopya mağazaları ve www.itopya.com 'dan yapılacak taksitli alışverişinize vade farksız 6 taksit imkanı sunulacaktır. [Kampanyadan faydalanmak için ödeme esnasında POS üzerinden 6 taksitin seçilmesi gerekmektedir.] Kampanyaya ilişkin geriye dönük yararlandırma ve değişiklik yapılmayacaktır. Kampanya Paraf POS'undan yapılan işlemlerd…;;;;v2
hayat-finans--finansmanlar-is-ticari-finansman;hayat-finans;kampanya_kosullari;"[""Hızlı Limit Başvurusu Başvuru için Gerekli Belgeler Vergi Kimlik Numarası Yetkili T.C."", ""Hayat Finans Mobil'den müşteri olun ve sözleşmelerinizi onaylayın: Genel Kredi Sözleşmesi (GKS) ve Genel İşlem Şartları (GİŞ) Gerekli durumlarda kefalet sürecinizi tamamlayın.""]";0.95;rule_heuristic;;…aydalanın! Firmanıza özel finansman çözümleri Ticari faaliyetlerinize uygun esnek finansman seçeneklerinden faydalanın. [Hızlı Limit Başvurusu Başvuru için Gerekli Belgeler Vergi Kimlik Numarası Yetkili T.C.] Kimlik Numarası Yetkili Doğum Tarihi Cep Telefonu Süreç Nasıl İlerlerler? Başvurunuzu iletin. İşletmenize özel finansma…;;;;v2
hayat-finans--kampanyalar-biz-kart-yemek-harcamasi-nakit-iade-kampanyasi;hayat-finans;odul_miktari;"{""currency"": ""TRY"", ""value"": 1000.0}";0.95;rule_heuristic;;Biz Kart ile Yemek Harcamalarına [1.000 TL]'ye Varan Nakit İade! Yakınlarınıza verdiğiniz Biz Kart ile yemek sektöründe yapılan harcamaların %10'una kadar nakit ia…;;;;v2
hayat-finans--kampanyalar-biz-kart-yemek-harcamasi-nakit-iade-kampanyasi;hayat-finans;kampanya_kosullari;"[""Bu kampanya Hayat Finans bireysel müşterileri için geçerlidir."", ""Kampanya Tüm işlemler > Kartlar > Tüm Kartlarım > \""Biz Kart\"" alanındaki yakınlarınıza verdiğiniz kartlar için geçerlidir."", ""Kampanya Mevcut veya Yeni müşterilerimiz içerisinde Biz Kart sahibi olan müşterilerimiz için geçerlidir."", ""Sadece Hayat Finans Biz Kart veya Biz Kart QR ile yapılan harcamalar kampanyaya dahildir."", ""Kampanya sadece yurtiçinde yapılan işlemler için geçerlidir.""]";0.95;rule_heuristic;;"…bil Uygulama Tüm İşlemler> Kartlar> Biz Kart Başvurusu adımlarını takip ederek başvurunuzu hızlıca tamamlayabilirsiniz. [Bu kampanya Hayat Finans bireysel müşterileri için geçerlidir.] Kampanya Tüm işlemler > Kartlar > Tüm Kartlarım > ""Biz Kart"" alanındaki yakınlarınıza verdiğiniz kartlar için geçerlidi…";;;;v2
hayat-finans--kampanyalar-biz-kart-yemek-harcamasi-nakit-iade-kampanyasi;hayat-finans;hedef_kitle;"[""yeni_musteri""]";0.95;rule_heuristic;;…ın %10'u, günlük en fazla 100 TL, aylık en fazla 1.000 TL'ye kadar nakit iade hakkı kazanılabilir. Kampanya Mevcut veya [Yeni müşteri]lerimiz içerisinde Biz Kart sahibi olan müşterilerimiz için geçerlidir. Sadece Hayat Finans Biz Kart veya Biz Kart QR il…;;;;v2
hayat-finans--kampanyalar-hayatfinansla-islem-yaptikca-kazan;hayat-finans;masraf_durumu;"{""amount"": 0.0, ""has_fee"": false}";0.95;rule_heuristic;;Hayat Finans'la İşlem Yaptıkça Kazan! [Masraf] yok, kazanç var: Hayat'la Kazan Bankacılık işlemlerinizi kazanca dönüştürün. Günlük bankacılık işlemlerinizi Hayat Fina…;;;;v2
hayat-finans--kampanyalar-hayatfinansla-islem-yaptikca-kazan;hayat-finans;odul_miktari;"{""currency"": ""TRY"", ""value"": 1.0}";0.95;rule_heuristic;;…rinde nakit ödül kazanırsınız. Ödül İşlem tutarının 0.1%'i kadar nakit ödül kazanılır. Örneğin her 1.000 TL'lik işlemde [1 TL] kazanırsınız. Hesabınıza gelen para transferlerinden bir takvim ayı içerisinde en fazla 10 adet işlem için maksimum 100…;;;;v2
hayat-finans--kampanyalar-hayatfinansla-islem-yaptikca-kazan;hayat-finans;kampanya_kosullari;"[""Koşulların sağlanması halinde ödül, ertesi gün Hayat Pay cüzdanına yatırılır."", ""Koşullar Sadece EFT/FAST ile gelen transferler kampanya kapsamındadır."", ""Koşulların sağlanması halinde, ödül fatura ödendikten sonra aynı gün içinde Hayat Pay cüzdanınıza yatırılır."", ""Koşullar Bankamızın anlaşmalı olduğu tüm fatura kurumlarından yapılacak ödemeler kampanyaya dahildir."", ""Koşullar TL döviz çiftlerinde, gerçekleşen işlemin TL tutarına göre nakit iade kazanılır."", ""Çapraz kurlarda, alınan dövizin gün içi banka alış kuruna göre TL cinsinden nakit iade kazanılır. 🛍️ Banka Kart Harcamaları Belirlenen koşullarda yaptığınız harcamalardan nakit ödül kazanırsınız."", ""Koşullar Sadece Hayat Finans Banka Kartı veya QR ile yapılan harcamalar kampanya dahildir."", ""Koşulların sağlanması halinde ödül, başvurudan 30 gün sonra Hayat Pay cüzdanına yatırılır.""]";0.95;rule_heuristic;;…la 10 adet işlem için maksimum 100 TL kazanabilirsiniz. Bir işlem için kazanılabilecek ödül tutarı en fazla 10 TL 'dir. [Koşulların sağlanması halinde ödül, ertesi gün Hayat Pay cüzdanına yatırılır.] Koşullar Sadece EFT/FAST ile gelen transferler kampanya kapsamındadır. Banka içi havale/Hayat Finans hesaplarınız arası…;;;;v2
hayat-finans--kampanyalar-hayatfinansla-islem-yaptikca-kazan;hayat-finans;hedef_kitle;"[""yeni_musteri""]";0.95;rule_heuristic;;… küçükse fatura tutarı kadar nakit ödül kazanılır. Otomatik ödeme talimatı verilen faturanın, Hayat Finans hesabınızdan [ilk kez] otomatik olarak ödenmesi durumunda ilk ödemeye özel 100 TL nakit ödül kazanılır. Fatura tutarının 100 TL'den düşük olma…;;;;v2
kuveyt-turk--kart-kampanyalari-e-ticaret-pazaryeri-saticilarina-ozel-vade-farksiz-3-taksit;kuveyt-turk;odul_miktari;"{""currency"": ""TRY"", ""value"": 150000.0}";0.95;rule_heuristic;;…nyalar için katılım şartları koşullarda paylaşılmıştır. 1-İlk Kez Hak Ediş Yönlendiren Satıcılar Ne Kazanıyor ? İlk kez [150.000 TL] ve üzeri pazaryeri hak edişini bankamıza yönlendiren satıcılar Sağlam Business Kart ile 10.000 TL - 250.000 TL arası ya…;;;;v2
kuveyt-turk--kart-kampanyalari-e-ticaret-pazaryeri-saticilarina-ozel-vade-farksiz-3-taksit;kuveyt-turk;kampanya_kosullari;"[""Kampanyalar için katılım şartları koşullarda paylaşılmıştır."", ""Kampanya Koşulları Nelerdir?"", ""Kampanya kapsamında harcamalarınızın vade farksız taksitlendirilmesi için İnternet Şube, Kuveyt Türk Mobil veya Müşteri İletişim Merkezi üzerinden kart taksit sayısını \""0\"" olarak belirlemeniz gerekmektedir."", ""Kampanya Koşulları Nelerdir?"", ""Kampanya kapsamında harcamalarınızın vade farksız taksitlendirilmesi için İnternet Şube, Kuveyt Türk Mobil veya Müşteri İletişim Merkezi üzerinden kart taksit sayısını \""0\"" olarak belirlemeniz gerekmektedir."", ""Kampanya Genel Şartları Kampanyadan Tüzel ve Şahıs Firması olan Esnaf ve KOBİ'ler faydalanabilir."", ""Kuveyt Türk, önceden haber vermeden kampanya koşullarında değişiklik yapabilir ya da kampanyayı sonlandırabilir.""]";0.95;rule_heuristic;;…Firması, Çiftçi, KOBİ ve Tüzel Kişiliklerin tamamı kampanyadan faydalanabilir. Gerçek kişiler kampanyadan faydalanamaz. [Kampanyalar için katılım şartları koşullarda paylaşılmıştır.] 1-İlk Kez Hak Ediş Yönlendiren Satıcılar Ne Kazanıyor ? İlk kez 150.000 TL ve üzeri pazaryeri hak edişini bankamıza yön…;;;;v2
kuveyt-turk--kart-kampanyalari-e-ticaret-pazaryeri-saticilarina-ozel-vade-farksiz-3-taksit;kuveyt-turk;hedef_kitle;"[""belirli_segment"", ""yeni_musteri""]";0.95;rule_heuristic;;…faydalanabilir. Gerçek kişiler kampanyadan faydalanamaz. Kampanyalar için katılım şartları koşullarda paylaşılmıştır. 1-[İlk Kez] Hak Ediş Yönlendiren Satıcılar Ne Kazanıyor ? İlk kez 150.000 TL ve üzeri pazaryeri hak edişini bankamıza yönlendiren s…;;;;v2
kuveyt-turk--kart-kampanyalari-saglam-business-kart-qr-odeme-ile-4000-tl-ye-varan-altin-puan-;kuveyt-turk;odul_miktari;"{""currency"": ""TRY"", ""value"": 4000.0}";0.95;rule_heuristic;;…ştirebilirsiniz. Kampanyaya katılmadan yapılacak QR harcamaları kampanyaya dahil değildir. Kampanyadan maksimum kazanım [4.000 TL] Altın Puan'dır. Kampanyaya Sağlam Business Kart ile bu kartların sanal ve ek kartları dahildir. QR kod ile Kuveyt Türk …;;;;v2
kuveyt-turk--kart-kampanyalari-saglam-business-kart-qr-odeme-ile-4000-tl-ye-varan-altin-puan-;kuveyt-turk;kampanya_kosullari;"[""Kuveyt Türk, önceden haber vermeden kampanya koşullarında değişiklik yapabilir ya da kampanyayı sonlandırabilir.""]";0.95;rule_heuristic;;…arla birleştirilemez. Ekstre kesim tarihinde Altın Puan bakiyeleri, altına dönüştürülerek hesaplarınıza aktarılacaktır. [Kuveyt Türk, önceden haber vermeden kampanya koşullarında değişiklik yapabilir ya da kampanyayı sonlandırabilir.] Kuveyt Türk Mobil'den hemen müşterimiz olmak için tıklayınız. Uygulamayı İndir QR Kodunu Okut;;;;v2
tkbb--tkbb-egitim-faizsiz-finans-urunleri;tkbb;masraf_durumu;"{""amount"": 0.0, ""has_fee"": false}";0.95;rule_heuristic;;…nılmaktadır. Yatırım Vekâleti Yatırım vekâleti işlemleri, vekâleti esas alarak yapılmaktadır. Bir kimsenin sermayesini, [ücret]li ya da ücretsiz olarak işletmek üzere gerçek veya tüzel bir kişiyi kendi adına yetkilendirmesiyle gerçekleşir. Bu işle…;;;;v2
tkbb--tkbb-egitim-faizsiz-finans-urunleri;tkbb;kampanya_kosullari;"[""Buna göre hakiki ya da itibari paraların birbirleriyle veya diğer paralarla mübadelesi belirli şartlara tabi olarak gerçekleştirilir."", ""Teslimin hükmi bir şekilde gerçekleştiği kıymetli maden hesaplarında belli şartlar altında fiziki teslim de yapılabilmektedir."", ""Bu tür sukuklar ülkemizde ilk sukuk ihraçlarında da tercih edilmiş olduğu için Türkiye'de sukuk kelimesi \""kira sertifikası\"" kelimesi ile özdeşleşmiş olsa da esasen sukukun sadece icare ile yapılanını temsil etmektedir.""]";0.95;rule_heuristic;;…den faydalanabilmektedir. Sarf Döviz ticaretini konu edinen işlemler, İslam hukukunda sarf akdi olarak değerlendirilir. [Buna göre hakiki ya da itibari paraların birbirleriyle veya diğer paralarla mübadelesi belirli şartlara tabi olarak gerçekleştirilir.] Katılım bankaları, döviz almak ya da satmak isteyen müşterilerine işlem peşin olmak kaydıyla döviz alım satımı yapmakta…;;;;v2
tom-katilim--kampanyalar;tom-katilim;masraf_durumu;"{""amount"": 9.0, ""has_fee"": true}";0.95;rule_heuristic;;… uygulaması üzerinden kampanyalardan yararlanabileceğin, kazanç sağlayabileceğin özel bir üyelik programıdır. HADİ Gold [ücret]li midir? Hadi Gold, 9 TL karşılığında sana özel kampanyalardan yararlanıp, kazanç sağlayabileceğin özel bir üyelik prog…;;;;v2
tom-katilim--kampanyalar;tom-katilim;kampanya_kosullari;"[""Kampanya Koşulları Kampanya 19.01.2026 – 30.09.2026 tarihleri arasında Hadi Black Kredi Kartı ile yapılacak özel okul ödemelerinde geçerlidir."", ""Kampanyaya sadece Hadi Black Kredi Kartı dahildir."", ""Kampanyadan yararlanmak için ilk harcamandan önce TOM Bank Hadi Kazananlar Kulübü paket seçimini yapman gerekmektedir."", ""Paket seçimi yapan müşterilerin taksitlendirme dönemi boyunca her ay Kazananlar Kulübü paketi koşulları kapsamında günlük bakiye kontrolü veya açık kredi bakiyesi kontrolü yapılacaktır."", ""Paket koşulunun sağlanmadığı aylarda vade farkı iadesi yapılmayacaktır."", ""Kampanya kapsamında paket değişikliği sadece üst pakete geçiş koşulu ile yapılabilecektir."", ""İadeler güncel paket koşullarını göre yapılacaktır."", ""Kampanya dönemi boyunca aynı ekstre döneminde birden fazla özel okul harcamasının taksitlendirilmesi halinde 100.000 TL'nin üzerindeki harcamalar seçilen paket koşulunun üst limiti dahilinde kampanyaya dahil edilecektir.""]";0.95;rule_heuristic;;…melerinde TAM 10 taksit fırsatı! Üstelik vade farksız, hemen paketini seç! Paket detaylarını aşağıdan inceleyebilirsin! [Kampanya Koşulları Kampanya 19.01.2026 – 30.09.2026 tarihleri arasında Hadi Black Kredi Kartı ile yapılacak özel okul ödemelerinde geçerlidir.] Kampanyaya sadece Hadi Black Kredi Kartı dahildir. Diğer Hadi Kredi Kartları ile yapılacak harcamalar kampanya kapsamın…;;;;v2
turkiye-emlak-katilim--kampanya-paraf-ile-damat-tweende-3000-tl-parafpara;turkiye-emlak-katilim;odul_miktari;"{""currency"": ""TRY"", ""value"": 3000.0}";0.95;rule_heuristic;;"…k 30.000 TL ve üzeri ilk alışverişe 3.000 TL ParafPara verilecektir. Kampanya dönemi boyunca bir müşteri sadece bir kez [3.000 TL] ParafPara kazanabilecektir. Kampanyaya katılmak için ilk alışverişten önce Paraf Mobil'den ""Hemen Katıl"" butonuna tıkla…";;;;v2
turkiye-emlak-katilim--kampanya-paraf-ile-damat-tweende-3000-tl-parafpara;turkiye-emlak-katilim;alisveris_puani;"{""kind"": ""points"", ""value"": 3000.0}";0.95;rule_heuristic;;"…rmek amacıyla işbu Çerez Politikası'nı hazırlanmıştır. Ana sayfa Bireysel Kampanyalar Kampanya Paraf ile Damat Tween'de [3.000] TL ParafPara Paraf ile Damat Tween'de 3.000 TL ParafPara Kampanyaya Nasıl Katılırım? Kampanyaya katılmak için "" DAMAT ""…";;;;v2
turkiye-emlak-katilim--kampanya-paraf-ile-vaillantta-9-aya-varan-taksit;turkiye-emlak-katilim;kampanya_kosullari;"[""Kampanyaya sadece Vaillant'ın kendi POS'undan gerçekleşen işlemler dahildir."", ""Taksit kampanyasından yararlanabilmek için işlem anında satış görevlisine taksit sayısının iletilmesi gerekmektedir.""]";0.95;rule_heuristic;;…rihine kadar Paraf üyesi Vaillant sanal POS'u üzerinden yapılan işlemlere vade farksız 9 ay taksit imkanı sunulacaktır. [Kampanyaya sadece Vaillant'ın kendi POS'undan gerçekleşen işlemler dahildir.] Bayi POS'undan gerçekleşen işlemler dahil değildir. Taksit kampanyasından yararlanabilmek için işlem anında satış görev…;;;;v2
turkiye-emlak-katilim--kurumsal-sigorta-urunleri-uzun-sureli-leasing;turkiye-emlak-katilim;hedef_kitle;"[""belirli_segment""]";0.95;rule_heuristic;;…kkında bilgi vermek amacıyla işbu Çerez Politikası'nı hazırlanmıştır. Uzun Süreli Leasing Ana sayfa Kurumsal Sigorta ve [Emekli]lik Kurumsal Sigorta Ürünleri Uzun Süreli Leasing × Your browser does not support the audio element. Sözleşme vadesi 3 y…;;;;v2
turkiye-emlak-katilim--odemeler-ithalat-pesin-vesaik-mukabili-mal-mukabili-akreditif;turkiye-emlak-katilim;kampanya_kosullari;"[""Vesaik Mukabili Ödeme Vesaik mukabili ödeme, ihracatçının malları yükleyip, malın mülkiyetini temsil eden vesaiki banka üzerinden, vesaik bedelinin tahsil edilmesi şartıyla ithalatçının bankasına gönderildiği ve vesaikin ithalatçıya teslim edilebilmesinin vesaik bedelinin ödenmesine bağlı olduğu ödeme şeklidir."", ""Akreditifli Ödeme Akreditif, ithalatçının (amir) talebine istinaden, bir bankanın (amir banka) ihracatçıya (lehtar) karşı, akreditifte belirtilen şartlara uygun vesaikin ibraz edilmesi şartı ile girdiği geri dönülemez bir ödeme taahhüdüdür.""]";0.95;rule_heuristic;;"…eslim alma riski mevcutken, mal bedelini peşin olarak tahsil eden ihracatçı için herhangi bir risk söz konusu değildir. [Vesaik Mukabili Ödeme Vesaik mukabili ödeme, ihracatçının malları yükleyip, malın mülkiyetini temsil eden vesaiki banka üzerinden, vesaik bedelinin tahsil edilmesi şartıyla ithalatçının bankasına gönderildiği ve vesaikin ithalatçıya teslim edilebilmesinin vesaik bedelinin ödenmesine bağlı olduğu ödeme şeklidir.] Vesaik mukabili işlemler Milletlerarası Ticaret Odası'nın 522 sayılı ""Tahsiller için Yeknesak Kurallar"" isimli broşürün…";;;;v2
turkiye-emlak-katilim--sermaye-piyasasi-urunleri-pay-piyasasi-hisse-senedi;turkiye-emlak-katilim;masraf_durumu;"{""amount"": 0.0, ""has_fee"": false}";0.95;rule_heuristic;;…imiz üzerinden zahmetsizce gerçekleştirebilirsiniz. Üstelik şimdi Mobil Şubemiz üzerinden canlı pay piyasası verilerine [ücretsiz] bir şekilde anlık olarak erişebilirsiniz. Tek Dokunuşla Yatırım: Emlak Katılım Mobil Borsa Mobil uygulamamız üzerinden …;;;;v2
turkiye-emlak-katilim--sermaye-piyasasi-urunleri-pay-piyasasi-hisse-senedi;turkiye-emlak-katilim;kampanya_kosullari;"[""Pay Senedi işlemlerini gerçekleştirebilmek için internet ve mobil şubemizde bulunan Yatırım Hesabı'ndan Para Transferi menüsü üzerinden Aracı Kurum Hesabı'na, Cari Hesabı'nızdan para transferi gerçekleştirmeniz gerekmektedir.""]";0.95;rule_heuristic;;… üzerinden yeni Aracı Kurum Hesabı açtıramadığından bankamız aracılığı ile pay piyasanda işlem gerçekleştirememektedir. [Pay Senedi işlemlerini gerçekleştirebilmek için internet ve mobil şubemizde bulunan Yatırım Hesabı'ndan Para Transferi menüsü üzerinden Aracı Kurum Hesabı'na, Cari Hesabı'nızdan para transferi gerçekleştirmeniz gerekmektedir.] Aracı Kurum Hesabı'nda bulunan bakiyelerinizi, işlem günleri ve mesai saatleri içerisinde saat 15:30'a kadar cari hesab…;;;;v2
turkiye-finans--default;turkiye-finans;kar_payi_orani;1.0;0.95;rule_heuristic;;… İhtiyaç Finansmanı Motosiklet Finansmanı Taşıt Finansmanı Taksit Sayısı Finansman Tutarı Aylık Taksit Tutarı Kâr Oranı [%1.00 ]Toplam Geri Ödenen 66.066,24 TL Ödeme Planı Hemen Başvur Ödeme Planı Taksit Sayısı Taksit Tutarı Anapara Tutarı Kâr Tuta…;;;;v2
turkiye-finans--konut-finansmani-konut-finansmani;turkiye-finans;campaign_type;Konut Finansmanı;0.90;classifier;;Navigasyonu görüntüle İçeriği görüntüle GÜNCELLE Çerez Politikası ve 6698 sayılı Kişisel Verilerin Korunması Kanunu kapsamında Bankamız ile paylaşmış olduğunuz kişisel verileriniz ile ilgili detaylı bilgiye Kişisel Veril …;;;;v2
turkiye-finans--konut-finansmani-konut-finansmani;turkiye-finans;kar_payi_orani;"{""max"": 4.42, ""min"": 2.95}";0.90;rule_heuristic;;…ahiptir. Kefil için de aynı belgeler talep edilecektir. İlk Konutunu Alan / Sigortalı Konut Finansmanı (Konut Kredisi)* [Vade Kâr Oranı] Tahsis Ücreti Aylık Toplam Maliyet Yıllık Toplam Maliyet 3 3,96% 0,50% 16,66% 535,27% 6 3,92% 0,50% 11,21% 257,86% 12 3…;;;;v2
turkiye-finans--konut-finansmani-konut-finansmani;turkiye-finans;tahsis_ucreti;"{""currency"": ""TRY"", ""value"": 500.0}";0.95;rule_heuristic;;…r. Yıllık maliyete kar oranı, tahsis ücreti, ekspertiz ücreti, ipotek tesis ücreti dahil edilmiştir. Alınacak ücretler: [500 TL tahsis ücreti], 3.000 TL ipotek tesis ücreti, 16.500 TL Ekspertiz(Değerleme) ücretidir. Ekspertiz ücreti minimum maliyetler üzerinden …;;;;v2
turkiye-finans--konut-finansmani-konut-finansmani;turkiye-finans;masraf_durumu;"{""amount"": 0.0, ""has_fee"": false}";0.95;rule_heuristic;;…erlemeyi yapan ekspertiz firması ile ipoteği tesis eden firmanın Bankamız'a faturalandırdığı tutar kadardır. İpotek fek [masraf]ı alınmamaktadır. Sıkça Sorulan Sorular İşlem Yapabileceğiniz Kanallar İnternet Şubesi Şube Müşteri İletişim Merkezi Baş…;;;;v2
turkiye-finans--konut-finansmani-konut-finansmani;turkiye-finans;hedef_kitle;"[""belirli_segment"", ""maas_musterisi"", ""yeni_musteri""]";0.95;rule_heuristic;;…bı Nedir, Nasıl Açılır? Sürdürülebilir Bir Geleceğin Anahtarı: Net Sıfır Hedefi Tüm Renkleri Buluşturan Güzellikleriyle [Hoş Geldin] Ramazan! İşsizlik Maaşı (İşsizlik Ödeneği) Nedir? İşsizlik Maaşı Hesaplama 2024 Trafik Cezası (TPC) Nedir? Trafik Cezas…;;;;v2
vakif-katilim--detay-3-ay-ertelemeli-motosiklet-kampanyasi;vakif-katilim;indirim_orani;15.0;0.95;rule_heuristic;;…rt'la Şarj Et, Yola Devam Et! Detaylı Bilgi Mastercard ile ENUYGUN.com'da 150 TL İndirim Detaylı Bilgi English Home'da %[15] İndirim! Detaylı Bilgi Tüm Kampanyalar Çerezleri Özelleştirin Reddet Kabul Ediyorum;;;;v2
vakif-katilim--detay-3-ay-ertelemeli-motosiklet-kampanyasi;vakif-katilim;kampanya_kosullari;"[""Kampanya Şartları Sadece sıfır motosikletler için 3 ay ödemesiz dönemli satın alma kolaylığı sağlayan finansmandır.""]";0.95;rule_heuristic;;"…kletlerde uygun kâr oranlarıyla motosiklet finansmanı Vakıf Katılım'da! Siz de hemen müşterimiz olmak için tıklayınız . [Kampanya Şartları Sadece sıfır motosikletler için 3 ay ödemesiz dönemli satın alma kolaylığı sağlayan finansmandır.] Bireysel müşterilerle gerçek kişi tacir müşterilerin bireysel amaçlı motosiklet finansmanları kredilendirme oranı; sıfı…";;;;v2
vakif-katilim--finansmanlar-nakdi-finansmanlar;vakif-katilim;hedef_kitle;"[""belirli_segment""]";0.95;rule_heuristic;;… Tedarikçi Finansman Sistemi ile faturalarınızın vadesini beklemeden finansman ihtiyacınızı karşılıyoruz. Detaylı Bilgi [KOBİ] Finansman Desteği KOBİ'lerimizin faaliyetleri doğrultusunda ihtiyaç duyduğu ticari mal, taşıt, hizmet bedeli ve gayrime…;;;;v2
ziraat-katilim--kart-kampanyalari-enplusta-4-taksit;ziraat-katilim;masraf_durumu;"{""amount"": 0.0, ""has_fee"": false}";0.95;rule_heuristic;;…lirsiniz. Kampanyadan faydalanabilmek için işlemlerin Bankkart ile Bankkart POS'undan gerçekleştirilmesi gerekmektedir. [Ücretsiz] ve ticari kredi kartlarımız kampanyaya dahil değildir. Bireysel kartlar için uygulanan azami taksit sayısı yasal düzenl…;;;;v2
ziraat-katilim--kart-kampanyalari-enplusta-4-taksit;ziraat-katilim;kampanya_kosullari;"[""Kampanya Koşulları: Ziraat Katılım Bankkart kredi kartınız ile ENPLUS mağazalarından ve enplus.com.tr adresinden yapacağınız alışverişlerinizi peşin fiyatına 4 taksitli gerçekleştirebilirsiniz."", ""Kampanyadan faydalanabilmek için işlemlerin Bankkart ile Bankkart POS'undan gerçekleştirilmesi gerekmektedir."", ""Bankamız kampanya koşullarını değiştirme ve kampanyayı durdurma hakkına sahiptir.""]";0.95;rule_heuristic;;…t kredi kartınız ile ENPLUS 'ta yapacağınız alışverişlerinizde peşin fiyatına 4 taksit fırsatından faydalanabilirsiniz. [Kampanya Koşulları: Ziraat Katılım Bankkart kredi kartınız ile ENPLUS mağazalarından ve enplus.com.tr adresinden yapacağınız alışverişlerinizi peşin fiyatına 4 taksitli gerçekleştirebilirsiniz.] Kampanyadan faydalanabilmek için işlemlerin Bankkart ile Bankkart POS'undan gerçekleştirilmesi gerekmektedir. Ücretsiz …;;;;v2
ziraat-katilim--kart-kampanyalari-saglik-sektorunde-5-taksit;ziraat-katilim;masraf_durumu;"{""amount"": 0.0, ""has_fee"": false}";0.95;rule_heuristic;;…ızda fayda bulunmaktadır. Kampanyadan taksit özelliği olan bireysel Bankkart sahibi müşterilerimiz faydalanabilecektir. [Ücretsiz] ve ticari kredi kartlarımız kampanyaya dahil değildir. Bireysel kartlar için uygulanan azami taksit sayısı yasal düzenl…;;;;v2
ziraat-katilim--kart-kampanyalari-saglik-sektorunde-5-taksit;ziraat-katilim;kampanya_kosullari;"[""Artı taksit kampanyası sadece Ziraat Katılım Bankkart kredi kartınız ile Bankkart yetkili üye işyerlerinden tek seferde yapılacak 2.500 TL ve üzeri 3-4 taksitli işlemlerde geçerlidir."", ""Kampanyadan faydalanabilmek için işlemlerin Bankkart ile Bankkart POS'undan gerçekleştirilmesi gerekmektedir."", ""Kampanyalı işleminize ilişkin detaylı bilgi slip üzerinde bulunacak olup, seçilen + taksit koşuluna ilişkin sonradan değişiklik yapılmamaktadır."", ""Bankamız kampanya koşullarını değiştirme ve kampanyayı durdurma hakkına sahiptir.""]";0.95;rule_heuristic;;… işyerlerinden tek seferde yapılan 2.500 TL ve üzeri 3-4 taksitli işlemlerde +5 taksit fırsatından faydalanabilirsiniz. [Artı taksit kampanyası sadece Ziraat Katılım Bankkart kredi kartınız ile Bankkart yetkili üye işyerlerinden tek seferde yapılacak 2.500 TL ve üzeri 3-4 taksitli işlemlerde geçerlidir.] Kampanyadan faydalanabilmek için işlemlerin Bankkart ile Bankkart POS'undan gerçekleştirilmesi gerekmektedir. İşleminiz…;;;;v2
adil-katilim--katilim-bankaciligi-katilim-bankaciligi-nedir;adil-katilim;kar_payi_orani;;;;;Anasayfa > Katılım Bankacılığı > Katılım Bankacılığı Nedir? Katılım Bankacılığı Nedir? Katılım bankacılığı, fon toplama ve finansman kullandırma başta olmak üzere bankacılık faaliyetlerinin katılım finans esaslarına uygu …;;;;v2
adil-katilim--katilim-bankaciligi-katilim-bankaciligi-nedir;adil-katilim;finansman_tutari;;;;;Anasayfa > Katılım Bankacılığı > Katılım Bankacılığı Nedir? Katılım Bankacılığı Nedir? Katılım bankacılığı, fon toplama ve finansman kullandırma başta olmak üzere bankacılık faaliyetlerinin katılım finans esaslarına uygu …;;;;v2
adil-katilim--katilim-bankaciligi-katilim-bankaciligi-nedir;adil-katilim;vade_ay;;;;;Anasayfa > Katılım Bankacılığı > Katılım Bankacılığı Nedir? Katılım Bankacılığı Nedir? Katılım bankacılığı, fon toplama ve finansman kullandırma başta olmak üzere bankacılık faaliyetlerinin katılım finans esaslarına uygu …;;;;v2
adil-katilim--katilim-bankaciligi-katilim-bankaciligi-nedir;adil-katilim;taksit_sayisi;;;;;Anasayfa > Katılım Bankacılığı > Katılım Bankacılığı Nedir? Katılım Bankacılığı Nedir? Katılım bankacılığı, fon toplama ve finansman kullandırma başta olmak üzere bankacılık faaliyetlerinin katılım finans esaslarına uygu …;;;;v2
adil-katilim--katilim-bankaciligi-katilim-bankaciligi-nedir;adil-katilim;tahsis_ucreti;;;;;Anasayfa > Katılım Bankacılığı > Katılım Bankacılığı Nedir? Katılım Bankacılığı Nedir? Katılım bankacılığı, fon toplama ve finansman kullandırma başta olmak üzere bankacılık faaliyetlerinin katılım finans esaslarına uygu …;;;;v2
adil-katilim--katilim-bankaciligi-katilim-bankaciligi-nedir;adil-katilim;masraf_durumu;;;;;Anasayfa > Katılım Bankacılığı > Katılım Bankacılığı Nedir? Katılım Bankacılığı Nedir? Katılım bankacılığı, fon toplama ve finansman kullandırma başta olmak üzere bankacılık faaliyetlerinin katılım finans esaslarına uygu …;;;;v2
adil-katilim--katilim-bankaciligi-katilim-bankaciligi-nedir;adil-katilim;odul_miktari;;;;;Anasayfa > Katılım Bankacılığı > Katılım Bankacılığı Nedir? Katılım Bankacılığı Nedir? Katılım bankacılığı, fon toplama ve finansman kullandırma başta olmak üzere bankacılık faaliyetlerinin katılım finans esaslarına uygu …;;;;v2
adil-katilim--katilim-bankaciligi-katilim-bankaciligi-nedir;adil-katilim;indirim_orani;;;;;Anasayfa > Katılım Bankacılığı > Katılım Bankacılığı Nedir? Katılım Bankacılığı Nedir? Katılım bankacılığı, fon toplama ve finansman kullandırma başta olmak üzere bankacılık faaliyetlerinin katılım finans esaslarına uygu …;;;;v2
adil-katilim--katilim-bankaciligi-katilim-bankaciligi-nedir;adil-katilim;alisveris_puani;;;;;Anasayfa > Katılım Bankacılığı > Katılım Bankacılığı Nedir? Katılım Bankacılığı Nedir? Katılım bankacılığı, fon toplama ve finansman kullandırma başta olmak üzere bankacılık faaliyetlerinin katılım finans esaslarına uygu …;;;;v2
adil-katilim--katilim-bankaciligi-katilim-bankaciligi-nedir;adil-katilim;kampanya_suresi;;;;;Anasayfa > Katılım Bankacılığı > Katılım Bankacılığı Nedir? Katılım Bankacılığı Nedir? Katılım bankacılığı, fon toplama ve finansman kullandırma başta olmak üzere bankacılık faaliyetlerinin katılım finans esaslarına uygu …;;;;v2
adil-katilim--katilim-bankaciligi-katilim-bankaciligi-nedir;adil-katilim;kampanya_kosullari;;;;;Anasayfa > Katılım Bankacılığı > Katılım Bankacılığı Nedir? Katılım Bankacılığı Nedir? Katılım bankacılığı, fon toplama ve finansman kullandırma başta olmak üzere bankacılık faaliyetlerinin katılım finans esaslarına uygu …;;;;v2
adil-katilim--katilim-bankaciligi-katilim-bankaciligi-nedir;adil-katilim;hedef_kitle;;;;;Anasayfa > Katılım Bankacılığı > Katılım Bankacılığı Nedir? Katılım Bankacılığı Nedir? Katılım bankacılığı, fon toplama ve finansman kullandırma başta olmak üzere bankacılık faaliyetlerinin katılım finans esaslarına uygu …;;;;v2
albaraka--ayricalik-otopark-harcamalarinizda-yuzde10-indirim-54;albaraka;kar_payi_orani;;;;;Ayrıcalıklar Anasayfa Ayrıcalıklar Otopark Harcamalarınızda %10 İndirim Ayrıcalıklarla dolu Albaraka Özel Bankacılık Kredi Kartlarınızı kullanarak tek seferde yapacağınız 5.000 TL'ye kadar olan otopark harcamalarınızda % …;;;;v2
albaraka--ayricalik-otopark-harcamalarinizda-yuzde10-indirim-54;albaraka;finansman_tutari;;;;;Ayrıcalıklar Anasayfa Ayrıcalıklar Otopark Harcamalarınızda %10 İndirim Ayrıcalıklarla dolu Albaraka Özel Bankacılık Kredi Kartlarınızı kullanarak tek seferde yapacağınız 5.000 TL'ye kadar olan otopark harcamalarınızda % …;;;;v2
albaraka--ayricalik-otopark-harcamalarinizda-yuzde10-indirim-54;albaraka;vade_ay;;;;;Ayrıcalıklar Anasayfa Ayrıcalıklar Otopark Harcamalarınızda %10 İndirim Ayrıcalıklarla dolu Albaraka Özel Bankacılık Kredi Kartlarınızı kullanarak tek seferde yapacağınız 5.000 TL'ye kadar olan otopark harcamalarınızda % …;;;;v2
albaraka--ayricalik-otopark-harcamalarinizda-yuzde10-indirim-54;albaraka;taksit_sayisi;;;;;Ayrıcalıklar Anasayfa Ayrıcalıklar Otopark Harcamalarınızda %10 İndirim Ayrıcalıklarla dolu Albaraka Özel Bankacılık Kredi Kartlarınızı kullanarak tek seferde yapacağınız 5.000 TL'ye kadar olan otopark harcamalarınızda % …;;;;v2
albaraka--ayricalik-otopark-harcamalarinizda-yuzde10-indirim-54;albaraka;tahsis_ucreti;;;;;Ayrıcalıklar Anasayfa Ayrıcalıklar Otopark Harcamalarınızda %10 İndirim Ayrıcalıklarla dolu Albaraka Özel Bankacılık Kredi Kartlarınızı kullanarak tek seferde yapacağınız 5.000 TL'ye kadar olan otopark harcamalarınızda % …;;;;v2
albaraka--ayricalik-otopark-harcamalarinizda-yuzde10-indirim-54;albaraka;masraf_durumu;;;;;Ayrıcalıklar Anasayfa Ayrıcalıklar Otopark Harcamalarınızda %10 İndirim Ayrıcalıklarla dolu Albaraka Özel Bankacılık Kredi Kartlarınızı kullanarak tek seferde yapacağınız 5.000 TL'ye kadar olan otopark harcamalarınızda % …;;;;v2
albaraka--ayricalik-otopark-harcamalarinizda-yuzde10-indirim-54;albaraka;alisveris_puani;;;;;Ayrıcalıklar Anasayfa Ayrıcalıklar Otopark Harcamalarınızda %10 İndirim Ayrıcalıklarla dolu Albaraka Özel Bankacılık Kredi Kartlarınızı kullanarak tek seferde yapacağınız 5.000 TL'ye kadar olan otopark harcamalarınızda % …;;;;v2
albaraka--ayricalik-otopark-harcamalarinizda-yuzde10-indirim-54;albaraka;hedef_kitle;;;;;Ayrıcalıklar Anasayfa Ayrıcalıklar Otopark Harcamalarınızda %10 İndirim Ayrıcalıklarla dolu Albaraka Özel Bankacılık Kredi Kartlarınızı kullanarak tek seferde yapacağınız 5.000 TL'ye kadar olan otopark harcamalarınızda % …;;;;v2
albaraka--gayrimenkul-finansmani-2b-arazi-finansmani;albaraka;kar_payi_orani;;;;;Albaraka Mobil Mobil Bankacılık Aç 2B Arazi Finansmanı Anasayfa Bireysel Finansmanlar Gayrimenkul Finansmanı 2B Arazi Finansmanı İş Yeri Finansmanı Arsa Finansmanı 2B Arazi Finansmanı 6292 sayılı kanun kapsamındaki 2B ar …;;;;v2
albaraka--gayrimenkul-finansmani-2b-arazi-finansmani;albaraka;finansman_tutari;;;;;Albaraka Mobil Mobil Bankacılık Aç 2B Arazi Finansmanı Anasayfa Bireysel Finansmanlar Gayrimenkul Finansmanı 2B Arazi Finansmanı İş Yeri Finansmanı Arsa Finansmanı 2B Arazi Finansmanı 6292 sayılı kanun kapsamındaki 2B ar …;;;;v2
albaraka--gayrimenkul-finansmani-2b-arazi-finansmani;albaraka;vade_ay;;;;;Albaraka Mobil Mobil Bankacılık Aç 2B Arazi Finansmanı Anasayfa Bireysel Finansmanlar Gayrimenkul Finansmanı 2B Arazi Finansmanı İş Yeri Finansmanı Arsa Finansmanı 2B Arazi Finansmanı 6292 sayılı kanun kapsamındaki 2B ar …;;;;v2
albaraka--gayrimenkul-finansmani-2b-arazi-finansmani;albaraka;taksit_sayisi;;;;;Albaraka Mobil Mobil Bankacılık Aç 2B Arazi Finansmanı Anasayfa Bireysel Finansmanlar Gayrimenkul Finansmanı 2B Arazi Finansmanı İş Yeri Finansmanı Arsa Finansmanı 2B Arazi Finansmanı 6292 sayılı kanun kapsamındaki 2B ar …;;;;v2
albaraka--gayrimenkul-finansmani-2b-arazi-finansmani;albaraka;tahsis_ucreti;;;;;Albaraka Mobil Mobil Bankacılık Aç 2B Arazi Finansmanı Anasayfa Bireysel Finansmanlar Gayrimenkul Finansmanı 2B Arazi Finansmanı İş Yeri Finansmanı Arsa Finansmanı 2B Arazi Finansmanı 6292 sayılı kanun kapsamındaki 2B ar …;;;;v2
albaraka--gayrimenkul-finansmani-2b-arazi-finansmani;albaraka;masraf_durumu;;;;;Albaraka Mobil Mobil Bankacılık Aç 2B Arazi Finansmanı Anasayfa Bireysel Finansmanlar Gayrimenkul Finansmanı 2B Arazi Finansmanı İş Yeri Finansmanı Arsa Finansmanı 2B Arazi Finansmanı 6292 sayılı kanun kapsamındaki 2B ar …;;;;v2
albaraka--gayrimenkul-finansmani-2b-arazi-finansmani;albaraka;odul_miktari;;;;;Albaraka Mobil Mobil Bankacılık Aç 2B Arazi Finansmanı Anasayfa Bireysel Finansmanlar Gayrimenkul Finansmanı 2B Arazi Finansmanı İş Yeri Finansmanı Arsa Finansmanı 2B Arazi Finansmanı 6292 sayılı kanun kapsamındaki 2B ar …;;;;v2
albaraka--gayrimenkul-finansmani-2b-arazi-finansmani;albaraka;indirim_orani;;;;;Albaraka Mobil Mobil Bankacılık Aç 2B Arazi Finansmanı Anasayfa Bireysel Finansmanlar Gayrimenkul Finansmanı 2B Arazi Finansmanı İş Yeri Finansmanı Arsa Finansmanı 2B Arazi Finansmanı 6292 sayılı kanun kapsamındaki 2B ar …;;;;v2
albaraka--gayrimenkul-finansmani-2b-arazi-finansmani;albaraka;alisveris_puani;;;;;Albaraka Mobil Mobil Bankacılık Aç 2B Arazi Finansmanı Anasayfa Bireysel Finansmanlar Gayrimenkul Finansmanı 2B Arazi Finansmanı İş Yeri Finansmanı Arsa Finansmanı 2B Arazi Finansmanı 6292 sayılı kanun kapsamındaki 2B ar …;;;;v2
albaraka--gayrimenkul-finansmani-2b-arazi-finansmani;albaraka;kampanya_suresi;;;;;Albaraka Mobil Mobil Bankacılık Aç 2B Arazi Finansmanı Anasayfa Bireysel Finansmanlar Gayrimenkul Finansmanı 2B Arazi Finansmanı İş Yeri Finansmanı Arsa Finansmanı 2B Arazi Finansmanı 6292 sayılı kanun kapsamındaki 2B ar …;;;;v2
albaraka--tasit-finansmani-dijital-arac-finansmani;albaraka;kar_payi_orani;;;;;Albaraka Mobil Mobil Bankacılık Aç Dijital Araç Finansmanı Anasayfa Bireysel Finansmanlar Taşıt Finansmanı Dijital Araç Finansmanı Taşıt Finansmanı Togg Finansmanı Dijital Araç Finansmanı Deniz Taşıtları Finansmanı Taşıt …;;;;v2
albaraka--tasit-finansmani-dijital-arac-finansmani;albaraka;finansman_tutari;;;;;Albaraka Mobil Mobil Bankacılık Aç Dijital Araç Finansmanı Anasayfa Bireysel Finansmanlar Taşıt Finansmanı Dijital Araç Finansmanı Taşıt Finansmanı Togg Finansmanı Dijital Araç Finansmanı Deniz Taşıtları Finansmanı Taşıt …;;;;v2
albaraka--tasit-finansmani-dijital-arac-finansmani;albaraka;taksit_sayisi;;;;;Albaraka Mobil Mobil Bankacılık Aç Dijital Araç Finansmanı Anasayfa Bireysel Finansmanlar Taşıt Finansmanı Dijital Araç Finansmanı Taşıt Finansmanı Togg Finansmanı Dijital Araç Finansmanı Deniz Taşıtları Finansmanı Taşıt …;;;;v2
albaraka--tasit-finansmani-dijital-arac-finansmani;albaraka;tahsis_ucreti;;;;;Albaraka Mobil Mobil Bankacılık Aç Dijital Araç Finansmanı Anasayfa Bireysel Finansmanlar Taşıt Finansmanı Dijital Araç Finansmanı Taşıt Finansmanı Togg Finansmanı Dijital Araç Finansmanı Deniz Taşıtları Finansmanı Taşıt …;;;;v2
albaraka--tasit-finansmani-dijital-arac-finansmani;albaraka;masraf_durumu;;;;;Albaraka Mobil Mobil Bankacılık Aç Dijital Araç Finansmanı Anasayfa Bireysel Finansmanlar Taşıt Finansmanı Dijital Araç Finansmanı Taşıt Finansmanı Togg Finansmanı Dijital Araç Finansmanı Deniz Taşıtları Finansmanı Taşıt …;;;;v2
albaraka--tasit-finansmani-dijital-arac-finansmani;albaraka;odul_miktari;;;;;Albaraka Mobil Mobil Bankacılık Aç Dijital Araç Finansmanı Anasayfa Bireysel Finansmanlar Taşıt Finansmanı Dijital Araç Finansmanı Taşıt Finansmanı Togg Finansmanı Dijital Araç Finansmanı Deniz Taşıtları Finansmanı Taşıt …;;;;v2
albaraka--tasit-finansmani-dijital-arac-finansmani;albaraka;indirim_orani;;;;;Albaraka Mobil Mobil Bankacılık Aç Dijital Araç Finansmanı Anasayfa Bireysel Finansmanlar Taşıt Finansmanı Dijital Araç Finansmanı Taşıt Finansmanı Togg Finansmanı Dijital Araç Finansmanı Deniz Taşıtları Finansmanı Taşıt …;;;;v2
albaraka--tasit-finansmani-dijital-arac-finansmani;albaraka;alisveris_puani;;;;;Albaraka Mobil Mobil Bankacılık Aç Dijital Araç Finansmanı Anasayfa Bireysel Finansmanlar Taşıt Finansmanı Dijital Araç Finansmanı Taşıt Finansmanı Togg Finansmanı Dijital Araç Finansmanı Deniz Taşıtları Finansmanı Taşıt …;;;;v2
albaraka--tasit-finansmani-dijital-arac-finansmani;albaraka;kampanya_suresi;;;;;Albaraka Mobil Mobil Bankacılık Aç Dijital Araç Finansmanı Anasayfa Bireysel Finansmanlar Taşıt Finansmanı Dijital Araç Finansmanı Taşıt Finansmanı Togg Finansmanı Dijital Araç Finansmanı Deniz Taşıtları Finansmanı Taşıt …;;;;v2
albaraka--tasit-finansmani-dijital-arac-finansmani;albaraka;hedef_kitle;;;;;Albaraka Mobil Mobil Bankacılık Aç Dijital Araç Finansmanı Anasayfa Bireysel Finansmanlar Taşıt Finansmanı Dijital Araç Finansmanı Taşıt Finansmanı Togg Finansmanı Dijital Araç Finansmanı Deniz Taşıtları Finansmanı Taşıt …;;;;v2
dunya-katilim--kampanyalar-casper-com-tr-de-pesin-fiyatina-6-taksit-firsati;dunya-katilim;kar_payi_orani;;;;;Anasayfa Kampanyalar Casper.com.tr'de Peşin Fiyatına 6 Taksit Fırsatı! Casper.com.tr'de Peşin Fiyatına 6 Taksit Fırsatı! Dünya Katılım Paraf ile www.casper.com.tr web adresinde Paraf POS'undan yapılacak alışverişlerinize …;;;;v2
dunya-katilim--kampanyalar-casper-com-tr-de-pesin-fiyatina-6-taksit-firsati;dunya-katilim;finansman_tutari;;;;;Anasayfa Kampanyalar Casper.com.tr'de Peşin Fiyatına 6 Taksit Fırsatı! Casper.com.tr'de Peşin Fiyatına 6 Taksit Fırsatı! Dünya Katılım Paraf ile www.casper.com.tr web adresinde Paraf POS'undan yapılacak alışverişlerinize …;;;;v2
dunya-katilim--kampanyalar-casper-com-tr-de-pesin-fiyatina-6-taksit-firsati;dunya-katilim;vade_ay;;;;;Anasayfa Kampanyalar Casper.com.tr'de Peşin Fiyatına 6 Taksit Fırsatı! Casper.com.tr'de Peşin Fiyatına 6 Taksit Fırsatı! Dünya Katılım Paraf ile www.casper.com.tr web adresinde Paraf POS'undan yapılacak alışverişlerinize …;;;;v2
dunya-katilim--kampanyalar-casper-com-tr-de-pesin-fiyatina-6-taksit-firsati;dunya-katilim;tahsis_ucreti;;;;;Anasayfa Kampanyalar Casper.com.tr'de Peşin Fiyatına 6 Taksit Fırsatı! Casper.com.tr'de Peşin Fiyatına 6 Taksit Fırsatı! Dünya Katılım Paraf ile www.casper.com.tr web adresinde Paraf POS'undan yapılacak alışverişlerinize …;;;;v2
dunya-katilim--kampanyalar-casper-com-tr-de-pesin-fiyatina-6-taksit-firsati;dunya-katilim;masraf_durumu;;;;;Anasayfa Kampanyalar Casper.com.tr'de Peşin Fiyatına 6 Taksit Fırsatı! Casper.com.tr'de Peşin Fiyatına 6 Taksit Fırsatı! Dünya Katılım Paraf ile www.casper.com.tr web adresinde Paraf POS'undan yapılacak alışverişlerinize …;;;;v2
dunya-katilim--kampanyalar-casper-com-tr-de-pesin-fiyatina-6-taksit-firsati;dunya-katilim;odul_miktari;;;;;Anasayfa Kampanyalar Casper.com.tr'de Peşin Fiyatına 6 Taksit Fırsatı! Casper.com.tr'de Peşin Fiyatına 6 Taksit Fırsatı! Dünya Katılım Paraf ile www.casper.com.tr web adresinde Paraf POS'undan yapılacak alışverişlerinize …;;;;v2
dunya-katilim--kampanyalar-casper-com-tr-de-pesin-fiyatina-6-taksit-firsati;dunya-katilim;indirim_orani;;;;;Anasayfa Kampanyalar Casper.com.tr'de Peşin Fiyatına 6 Taksit Fırsatı! Casper.com.tr'de Peşin Fiyatına 6 Taksit Fırsatı! Dünya Katılım Paraf ile www.casper.com.tr web adresinde Paraf POS'undan yapılacak alışverişlerinize …;;;;v2
dunya-katilim--kampanyalar-casper-com-tr-de-pesin-fiyatina-6-taksit-firsati;dunya-katilim;alisveris_puani;;;;;Anasayfa Kampanyalar Casper.com.tr'de Peşin Fiyatına 6 Taksit Fırsatı! Casper.com.tr'de Peşin Fiyatına 6 Taksit Fırsatı! Dünya Katılım Paraf ile www.casper.com.tr web adresinde Paraf POS'undan yapılacak alışverişlerinize …;;;;v2
dunya-katilim--kampanyalar-casper-com-tr-de-pesin-fiyatina-6-taksit-firsati;dunya-katilim;hedef_kitle;;;;;Anasayfa Kampanyalar Casper.com.tr'de Peşin Fiyatına 6 Taksit Fırsatı! Casper.com.tr'de Peşin Fiyatına 6 Taksit Fırsatı! Dünya Katılım Paraf ile www.casper.com.tr web adresinde Paraf POS'undan yapılacak alışverişlerinize …;;;;v2
dunya-katilim--kampanyalar-fiziki-altin;dunya-katilim;kar_payi_orani;;;;;Anasayfa Kampanyalar Fiziki Altın ⏰ Kampanya Süresi Dolmuştur! Yeni Müşterilere Özel Altına Altın Hediye Kampanyası! ⏰ Kampanya Süresi Dolmuştur! ✨ Yeni Kampanyalarımız İçin Bizi Takip Etmeyi Unutmayın! Dünya Katılım'dan …;;;;v2
dunya-katilim--kampanyalar-fiziki-altin;dunya-katilim;finansman_tutari;;;;;Anasayfa Kampanyalar Fiziki Altın ⏰ Kampanya Süresi Dolmuştur! Yeni Müşterilere Özel Altına Altın Hediye Kampanyası! ⏰ Kampanya Süresi Dolmuştur! ✨ Yeni Kampanyalarımız İçin Bizi Takip Etmeyi Unutmayın! Dünya Katılım'dan …;;;;v2
dunya-katilim--kampanyalar-fiziki-altin;dunya-katilim;vade_ay;;;;;Anasayfa Kampanyalar Fiziki Altın ⏰ Kampanya Süresi Dolmuştur! Yeni Müşterilere Özel Altına Altın Hediye Kampanyası! ⏰ Kampanya Süresi Dolmuştur! ✨ Yeni Kampanyalarımız İçin Bizi Takip Etmeyi Unutmayın! Dünya Katılım'dan …;;;;v2
dunya-katilim--kampanyalar-fiziki-altin;dunya-katilim;taksit_sayisi;;;;;Anasayfa Kampanyalar Fiziki Altın ⏰ Kampanya Süresi Dolmuştur! Yeni Müşterilere Özel Altına Altın Hediye Kampanyası! ⏰ Kampanya Süresi Dolmuştur! ✨ Yeni Kampanyalarımız İçin Bizi Takip Etmeyi Unutmayın! Dünya Katılım'dan …;;;;v2
dunya-katilim--kampanyalar-fiziki-altin;dunya-katilim;tahsis_ucreti;;;;;Anasayfa Kampanyalar Fiziki Altın ⏰ Kampanya Süresi Dolmuştur! Yeni Müşterilere Özel Altına Altın Hediye Kampanyası! ⏰ Kampanya Süresi Dolmuştur! ✨ Yeni Kampanyalarımız İçin Bizi Takip Etmeyi Unutmayın! Dünya Katılım'dan …;;;;v2
dunya-katilim--kampanyalar-fiziki-altin;dunya-katilim;masraf_durumu;;;;;Anasayfa Kampanyalar Fiziki Altın ⏰ Kampanya Süresi Dolmuştur! Yeni Müşterilere Özel Altına Altın Hediye Kampanyası! ⏰ Kampanya Süresi Dolmuştur! ✨ Yeni Kampanyalarımız İçin Bizi Takip Etmeyi Unutmayın! Dünya Katılım'dan …;;;;v2
dunya-katilim--kampanyalar-fiziki-altin;dunya-katilim;odul_miktari;;;;;Anasayfa Kampanyalar Fiziki Altın ⏰ Kampanya Süresi Dolmuştur! Yeni Müşterilere Özel Altına Altın Hediye Kampanyası! ⏰ Kampanya Süresi Dolmuştur! ✨ Yeni Kampanyalarımız İçin Bizi Takip Etmeyi Unutmayın! Dünya Katılım'dan …;;;;v2
dunya-katilim--kampanyalar-fiziki-altin;dunya-katilim;indirim_orani;;;;;Anasayfa Kampanyalar Fiziki Altın ⏰ Kampanya Süresi Dolmuştur! Yeni Müşterilere Özel Altına Altın Hediye Kampanyası! ⏰ Kampanya Süresi Dolmuştur! ✨ Yeni Kampanyalarımız İçin Bizi Takip Etmeyi Unutmayın! Dünya Katılım'dan …;;;;v2
dunya-katilim--kampanyalar-fiziki-altin;dunya-katilim;alisveris_puani;;;;;Anasayfa Kampanyalar Fiziki Altın ⏰ Kampanya Süresi Dolmuştur! Yeni Müşterilere Özel Altına Altın Hediye Kampanyası! ⏰ Kampanya Süresi Dolmuştur! ✨ Yeni Kampanyalarımız İçin Bizi Takip Etmeyi Unutmayın! Dünya Katılım'dan …;;;;v2
dunya-katilim--kampanyalar-itopya;dunya-katilim;kar_payi_orani;;;;;Anasayfa Kampanyalar Itopya ITOPYA.COM'da Vade Farksız 6 Taksit Fırsatı! Dünya Katılım Paraf ile Itopya mağazaları ve www.itopya.com 'dan yapılacak taksitli alışverişinize vade farksız 6 taksit imkanı sunulacaktır. Kampa …;;;;v2
dunya-katilim--kampanyalar-itopya;dunya-katilim;finansman_tutari;;;;;Anasayfa Kampanyalar Itopya ITOPYA.COM'da Vade Farksız 6 Taksit Fırsatı! Dünya Katılım Paraf ile Itopya mağazaları ve www.itopya.com 'dan yapılacak taksitli alışverişinize vade farksız 6 taksit imkanı sunulacaktır. Kampa …;;;;v2
dunya-katilim--kampanyalar-itopya;dunya-katilim;tahsis_ucreti;;;;;Anasayfa Kampanyalar Itopya ITOPYA.COM'da Vade Farksız 6 Taksit Fırsatı! Dünya Katılım Paraf ile Itopya mağazaları ve www.itopya.com 'dan yapılacak taksitli alışverişinize vade farksız 6 taksit imkanı sunulacaktır. Kampa …;;;;v2
dunya-katilim--kampanyalar-itopya;dunya-katilim;masraf_durumu;;;;;Anasayfa Kampanyalar Itopya ITOPYA.COM'da Vade Farksız 6 Taksit Fırsatı! Dünya Katılım Paraf ile Itopya mağazaları ve www.itopya.com 'dan yapılacak taksitli alışverişinize vade farksız 6 taksit imkanı sunulacaktır. Kampa …;;;;v2
dunya-katilim--kampanyalar-itopya;dunya-katilim;odul_miktari;;;;;Anasayfa Kampanyalar Itopya ITOPYA.COM'da Vade Farksız 6 Taksit Fırsatı! Dünya Katılım Paraf ile Itopya mağazaları ve www.itopya.com 'dan yapılacak taksitli alışverişinize vade farksız 6 taksit imkanı sunulacaktır. Kampa …;;;;v2
dunya-katilim--kampanyalar-itopya;dunya-katilim;indirim_orani;;;;;Anasayfa Kampanyalar Itopya ITOPYA.COM'da Vade Farksız 6 Taksit Fırsatı! Dünya Katılım Paraf ile Itopya mağazaları ve www.itopya.com 'dan yapılacak taksitli alışverişinize vade farksız 6 taksit imkanı sunulacaktır. Kampa …;;;;v2
dunya-katilim--kampanyalar-itopya;dunya-katilim;alisveris_puani;;;;;Anasayfa Kampanyalar Itopya ITOPYA.COM'da Vade Farksız 6 Taksit Fırsatı! Dünya Katılım Paraf ile Itopya mağazaları ve www.itopya.com 'dan yapılacak taksitli alışverişinize vade farksız 6 taksit imkanı sunulacaktır. Kampa …;;;;v2
dunya-katilim--kampanyalar-itopya;dunya-katilim;hedef_kitle;;;;;Anasayfa Kampanyalar Itopya ITOPYA.COM'da Vade Farksız 6 Taksit Fırsatı! Dünya Katılım Paraf ile Itopya mağazaları ve www.itopya.com 'dan yapılacak taksitli alışverişinize vade farksız 6 taksit imkanı sunulacaktır. Kampa …;;;;v2
hayat-finans--finansmanlar-is-ticari-finansman;hayat-finans;kar_payi_orani;;;;;Ticari Finansman Firmanıza özel, ticari faaliyetlerinize uyum sağlayan esnek ve avantajlı finansman çözümlerinden faydalanın! Firmanıza özel finansman çözümleri Ticari faaliyetlerinize uygun esnek finansman seçeneklerind …;;;;v2
hayat-finans--finansmanlar-is-ticari-finansman;hayat-finans;finansman_tutari;;;;;Ticari Finansman Firmanıza özel, ticari faaliyetlerinize uyum sağlayan esnek ve avantajlı finansman çözümlerinden faydalanın! Firmanıza özel finansman çözümleri Ticari faaliyetlerinize uygun esnek finansman seçeneklerind …;;;;v2
hayat-finans--finansmanlar-is-ticari-finansman;hayat-finans;vade_ay;;;;;Ticari Finansman Firmanıza özel, ticari faaliyetlerinize uyum sağlayan esnek ve avantajlı finansman çözümlerinden faydalanın! Firmanıza özel finansman çözümleri Ticari faaliyetlerinize uygun esnek finansman seçeneklerind …;;;;v2
hayat-finans--finansmanlar-is-ticari-finansman;hayat-finans;taksit_sayisi;;;;;Ticari Finansman Firmanıza özel, ticari faaliyetlerinize uyum sağlayan esnek ve avantajlı finansman çözümlerinden faydalanın! Firmanıza özel finansman çözümleri Ticari faaliyetlerinize uygun esnek finansman seçeneklerind …;;;;v2
hayat-finans--finansmanlar-is-ticari-finansman;hayat-finans;tahsis_ucreti;;;;;Ticari Finansman Firmanıza özel, ticari faaliyetlerinize uyum sağlayan esnek ve avantajlı finansman çözümlerinden faydalanın! Firmanıza özel finansman çözümleri Ticari faaliyetlerinize uygun esnek finansman seçeneklerind …;;;;v2
hayat-finans--finansmanlar-is-ticari-finansman;hayat-finans;masraf_durumu;;;;;Ticari Finansman Firmanıza özel, ticari faaliyetlerinize uyum sağlayan esnek ve avantajlı finansman çözümlerinden faydalanın! Firmanıza özel finansman çözümleri Ticari faaliyetlerinize uygun esnek finansman seçeneklerind …;;;;v2
hayat-finans--finansmanlar-is-ticari-finansman;hayat-finans;odul_miktari;;;;;Ticari Finansman Firmanıza özel, ticari faaliyetlerinize uyum sağlayan esnek ve avantajlı finansman çözümlerinden faydalanın! Firmanıza özel finansman çözümleri Ticari faaliyetlerinize uygun esnek finansman seçeneklerind …;;;;v2
hayat-finans--finansmanlar-is-ticari-finansman;hayat-finans;indirim_orani;;;;;Ticari Finansman Firmanıza özel, ticari faaliyetlerinize uyum sağlayan esnek ve avantajlı finansman çözümlerinden faydalanın! Firmanıza özel finansman çözümleri Ticari faaliyetlerinize uygun esnek finansman seçeneklerind …;;;;v2
hayat-finans--finansmanlar-is-ticari-finansman;hayat-finans;alisveris_puani;;;;;Ticari Finansman Firmanıza özel, ticari faaliyetlerinize uyum sağlayan esnek ve avantajlı finansman çözümlerinden faydalanın! Firmanıza özel finansman çözümleri Ticari faaliyetlerinize uygun esnek finansman seçeneklerind …;;;;v2
hayat-finans--finansmanlar-is-ticari-finansman;hayat-finans;kampanya_suresi;;;;;Ticari Finansman Firmanıza özel, ticari faaliyetlerinize uyum sağlayan esnek ve avantajlı finansman çözümlerinden faydalanın! Firmanıza özel finansman çözümleri Ticari faaliyetlerinize uygun esnek finansman seçeneklerind …;;;;v2
hayat-finans--finansmanlar-is-ticari-finansman;hayat-finans;hedef_kitle;;;;;Ticari Finansman Firmanıza özel, ticari faaliyetlerinize uyum sağlayan esnek ve avantajlı finansman çözümlerinden faydalanın! Firmanıza özel finansman çözümleri Ticari faaliyetlerinize uygun esnek finansman seçeneklerind …;;;;v2
hayat-finans--kampanyalar-biz-kart-yemek-harcamasi-nakit-iade-kampanyasi;hayat-finans;kar_payi_orani;;;;;Biz Kart ile Yemek Harcamalarına 1.000 TL'ye Varan Nakit İade! Yakınlarınıza verdiğiniz Biz Kart ile yemek sektöründe yapılan harcamaların %10'una kadar nakit iade kazanın. Kampanya kapsamında günlük en fazla 100 TL, ayl …;;;;v2
hayat-finans--kampanyalar-biz-kart-yemek-harcamasi-nakit-iade-kampanyasi;hayat-finans;finansman_tutari;;;;;Biz Kart ile Yemek Harcamalarına 1.000 TL'ye Varan Nakit İade! Yakınlarınıza verdiğiniz Biz Kart ile yemek sektöründe yapılan harcamaların %10'una kadar nakit iade kazanın. Kampanya kapsamında günlük en fazla 100 TL, ayl …;;;;v2
hayat-finans--kampanyalar-biz-kart-yemek-harcamasi-nakit-iade-kampanyasi;hayat-finans;vade_ay;;;;;Biz Kart ile Yemek Harcamalarına 1.000 TL'ye Varan Nakit İade! Yakınlarınıza verdiğiniz Biz Kart ile yemek sektöründe yapılan harcamaların %10'una kadar nakit iade kazanın. Kampanya kapsamında günlük en fazla 100 TL, ayl …;;;;v2
hayat-finans--kampanyalar-biz-kart-yemek-harcamasi-nakit-iade-kampanyasi;hayat-finans;taksit_sayisi;;;;;Biz Kart ile Yemek Harcamalarına 1.000 TL'ye Varan Nakit İade! Yakınlarınıza verdiğiniz Biz Kart ile yemek sektöründe yapılan harcamaların %10'una kadar nakit iade kazanın. Kampanya kapsamında günlük en fazla 100 TL, ayl …;;;;v2
hayat-finans--kampanyalar-biz-kart-yemek-harcamasi-nakit-iade-kampanyasi;hayat-finans;tahsis_ucreti;;;;;Biz Kart ile Yemek Harcamalarına 1.000 TL'ye Varan Nakit İade! Yakınlarınıza verdiğiniz Biz Kart ile yemek sektöründe yapılan harcamaların %10'una kadar nakit iade kazanın. Kampanya kapsamında günlük en fazla 100 TL, ayl …;;;;v2
hayat-finans--kampanyalar-biz-kart-yemek-harcamasi-nakit-iade-kampanyasi;hayat-finans;masraf_durumu;;;;;Biz Kart ile Yemek Harcamalarına 1.000 TL'ye Varan Nakit İade! Yakınlarınıza verdiğiniz Biz Kart ile yemek sektöründe yapılan harcamaların %10'una kadar nakit iade kazanın. Kampanya kapsamında günlük en fazla 100 TL, ayl …;;;;v2
hayat-finans--kampanyalar-biz-kart-yemek-harcamasi-nakit-iade-kampanyasi;hayat-finans;indirim_orani;;;;;Biz Kart ile Yemek Harcamalarına 1.000 TL'ye Varan Nakit İade! Yakınlarınıza verdiğiniz Biz Kart ile yemek sektöründe yapılan harcamaların %10'una kadar nakit iade kazanın. Kampanya kapsamında günlük en fazla 100 TL, ayl …;;;;v2
hayat-finans--kampanyalar-biz-kart-yemek-harcamasi-nakit-iade-kampanyasi;hayat-finans;alisveris_puani;;;;;Biz Kart ile Yemek Harcamalarına 1.000 TL'ye Varan Nakit İade! Yakınlarınıza verdiğiniz Biz Kart ile yemek sektöründe yapılan harcamaların %10'una kadar nakit iade kazanın. Kampanya kapsamında günlük en fazla 100 TL, ayl …;;;;v2
hayat-finans--kampanyalar-hayatfinansla-islem-yaptikca-kazan;hayat-finans;kar_payi_orani;;;;;Hayat Finans'la İşlem Yaptıkça Kazan! Masraf yok, kazanç var: Hayat'la Kazan Bankacılık işlemlerinizi kazanca dönüştürün. Günlük bankacılık işlemlerinizi Hayat Finans'tan gerçekleştirin, yaptığınız işlemlerden nakit ödül …;;;;v2
hayat-finans--kampanyalar-hayatfinansla-islem-yaptikca-kazan;hayat-finans;finansman_tutari;;;;;Hayat Finans'la İşlem Yaptıkça Kazan! Masraf yok, kazanç var: Hayat'la Kazan Bankacılık işlemlerinizi kazanca dönüştürün. Günlük bankacılık işlemlerinizi Hayat Finans'tan gerçekleştirin, yaptığınız işlemlerden nakit ödül …;;;;v2
hayat-finans--kampanyalar-hayatfinansla-islem-yaptikca-kazan;hayat-finans;vade_ay;;;;;Hayat Finans'la İşlem Yaptıkça Kazan! Masraf yok, kazanç var: Hayat'la Kazan Bankacılık işlemlerinizi kazanca dönüştürün. Günlük bankacılık işlemlerinizi Hayat Finans'tan gerçekleştirin, yaptığınız işlemlerden nakit ödül …;;;;v2
hayat-finans--kampanyalar-hayatfinansla-islem-yaptikca-kazan;hayat-finans;taksit_sayisi;;;;;Hayat Finans'la İşlem Yaptıkça Kazan! Masraf yok, kazanç var: Hayat'la Kazan Bankacılık işlemlerinizi kazanca dönüştürün. Günlük bankacılık işlemlerinizi Hayat Finans'tan gerçekleştirin, yaptığınız işlemlerden nakit ödül …;;;;v2
hayat-finans--kampanyalar-hayatfinansla-islem-yaptikca-kazan;hayat-finans;tahsis_ucreti;;;;;Hayat Finans'la İşlem Yaptıkça Kazan! Masraf yok, kazanç var: Hayat'la Kazan Bankacılık işlemlerinizi kazanca dönüştürün. Günlük bankacılık işlemlerinizi Hayat Finans'tan gerçekleştirin, yaptığınız işlemlerden nakit ödül …;;;;v2
hayat-finans--kampanyalar-hayatfinansla-islem-yaptikca-kazan;hayat-finans;indirim_orani;;;;;Hayat Finans'la İşlem Yaptıkça Kazan! Masraf yok, kazanç var: Hayat'la Kazan Bankacılık işlemlerinizi kazanca dönüştürün. Günlük bankacılık işlemlerinizi Hayat Finans'tan gerçekleştirin, yaptığınız işlemlerden nakit ödül …;;;;v2
hayat-finans--kampanyalar-hayatfinansla-islem-yaptikca-kazan;hayat-finans;alisveris_puani;;;;;Hayat Finans'la İşlem Yaptıkça Kazan! Masraf yok, kazanç var: Hayat'la Kazan Bankacılık işlemlerinizi kazanca dönüştürün. Günlük bankacılık işlemlerinizi Hayat Finans'tan gerçekleştirin, yaptığınız işlemlerden nakit ödül …;;;;v2
kuveyt-turk--kart-kampanyalari-e-ticaret-pazaryeri-saticilarina-ozel-vade-farksiz-3-taksit;kuveyt-turk;kar_payi_orani;;;;;Ana Sayfa Kampanyalar İşim İçin Kart Kampanyaları E-Ticaret Pazaryeri Satıcılarına Özel Vade Farksız 3 Taksit! Sağlam Business Kart ile 250.000 TL'ye kadar vade farksız 3 taksit fırsatına ek, hak edişlerinizi yönlendirdi …;;;;v2
kuveyt-turk--kart-kampanyalari-e-ticaret-pazaryeri-saticilarina-ozel-vade-farksiz-3-taksit;kuveyt-turk;finansman_tutari;;;;;Ana Sayfa Kampanyalar İşim İçin Kart Kampanyaları E-Ticaret Pazaryeri Satıcılarına Özel Vade Farksız 3 Taksit! Sağlam Business Kart ile 250.000 TL'ye kadar vade farksız 3 taksit fırsatına ek, hak edişlerinizi yönlendirdi …;;;;v2
kuveyt-turk--kart-kampanyalari-e-ticaret-pazaryeri-saticilarina-ozel-vade-farksiz-3-taksit;kuveyt-turk;vade_ay;;;;;Ana Sayfa Kampanyalar İşim İçin Kart Kampanyaları E-Ticaret Pazaryeri Satıcılarına Özel Vade Farksız 3 Taksit! Sağlam Business Kart ile 250.000 TL'ye kadar vade farksız 3 taksit fırsatına ek, hak edişlerinizi yönlendirdi …;;;;v2
kuveyt-turk--kart-kampanyalari-e-ticaret-pazaryeri-saticilarina-ozel-vade-farksiz-3-taksit;kuveyt-turk;tahsis_ucreti;;;;;Ana Sayfa Kampanyalar İşim İçin Kart Kampanyaları E-Ticaret Pazaryeri Satıcılarına Özel Vade Farksız 3 Taksit! Sağlam Business Kart ile 250.000 TL'ye kadar vade farksız 3 taksit fırsatına ek, hak edişlerinizi yönlendirdi …;;;;v2
kuveyt-turk--kart-kampanyalari-e-ticaret-pazaryeri-saticilarina-ozel-vade-farksiz-3-taksit;kuveyt-turk;masraf_durumu;;;;;Ana Sayfa Kampanyalar İşim İçin Kart Kampanyaları E-Ticaret Pazaryeri Satıcılarına Özel Vade Farksız 3 Taksit! Sağlam Business Kart ile 250.000 TL'ye kadar vade farksız 3 taksit fırsatına ek, hak edişlerinizi yönlendirdi …;;;;v2
kuveyt-turk--kart-kampanyalari-e-ticaret-pazaryeri-saticilarina-ozel-vade-farksiz-3-taksit;kuveyt-turk;indirim_orani;;;;;Ana Sayfa Kampanyalar İşim İçin Kart Kampanyaları E-Ticaret Pazaryeri Satıcılarına Özel Vade Farksız 3 Taksit! Sağlam Business Kart ile 250.000 TL'ye kadar vade farksız 3 taksit fırsatına ek, hak edişlerinizi yönlendirdi …;;;;v2
kuveyt-turk--kart-kampanyalari-e-ticaret-pazaryeri-saticilarina-ozel-vade-farksiz-3-taksit;kuveyt-turk;alisveris_puani;;;;;Ana Sayfa Kampanyalar İşim İçin Kart Kampanyaları E-Ticaret Pazaryeri Satıcılarına Özel Vade Farksız 3 Taksit! Sağlam Business Kart ile 250.000 TL'ye kadar vade farksız 3 taksit fırsatına ek, hak edişlerinizi yönlendirdi …;;;;v2
kuveyt-turk--kart-kampanyalari-saglam-business-kart-qr-odeme-ile-4000-tl-ye-varan-altin-puan-;kuveyt-turk;kar_payi_orani;;;;;Ana Sayfa Kampanyalar İşim İçin Kart Kampanyaları Sağlam Business Kart QR Ödeme ile 4.000 TL' ye Varan Altın Puan Fırsatı! Sağlam Business Kart ile yıl sonuna kadar her ay yapılacak QR ödemelerinize 2.000 TL ve üzeri her …;;;;v2
kuveyt-turk--kart-kampanyalari-saglam-business-kart-qr-odeme-ile-4000-tl-ye-varan-altin-puan-;kuveyt-turk;finansman_tutari;;;;;Ana Sayfa Kampanyalar İşim İçin Kart Kampanyaları Sağlam Business Kart QR Ödeme ile 4.000 TL' ye Varan Altın Puan Fırsatı! Sağlam Business Kart ile yıl sonuna kadar her ay yapılacak QR ödemelerinize 2.000 TL ve üzeri her …;;;;v2
kuveyt-turk--kart-kampanyalari-saglam-business-kart-qr-odeme-ile-4000-tl-ye-varan-altin-puan-;kuveyt-turk;vade_ay;;;;;Ana Sayfa Kampanyalar İşim İçin Kart Kampanyaları Sağlam Business Kart QR Ödeme ile 4.000 TL' ye Varan Altın Puan Fırsatı! Sağlam Business Kart ile yıl sonuna kadar her ay yapılacak QR ödemelerinize 2.000 TL ve üzeri her …;;;;v2
kuveyt-turk--kart-kampanyalari-saglam-business-kart-qr-odeme-ile-4000-tl-ye-varan-altin-puan-;kuveyt-turk;taksit_sayisi;;;;;Ana Sayfa Kampanyalar İşim İçin Kart Kampanyaları Sağlam Business Kart QR Ödeme ile 4.000 TL' ye Varan Altın Puan Fırsatı! Sağlam Business Kart ile yıl sonuna kadar her ay yapılacak QR ödemelerinize 2.000 TL ve üzeri her …;;;;v2
kuveyt-turk--kart-kampanyalari-saglam-business-kart-qr-odeme-ile-4000-tl-ye-varan-altin-puan-;kuveyt-turk;tahsis_ucreti;;;;;Ana Sayfa Kampanyalar İşim İçin Kart Kampanyaları Sağlam Business Kart QR Ödeme ile 4.000 TL' ye Varan Altın Puan Fırsatı! Sağlam Business Kart ile yıl sonuna kadar her ay yapılacak QR ödemelerinize 2.000 TL ve üzeri her …;;;;v2
kuveyt-turk--kart-kampanyalari-saglam-business-kart-qr-odeme-ile-4000-tl-ye-varan-altin-puan-;kuveyt-turk;masraf_durumu;;;;;Ana Sayfa Kampanyalar İşim İçin Kart Kampanyaları Sağlam Business Kart QR Ödeme ile 4.000 TL' ye Varan Altın Puan Fırsatı! Sağlam Business Kart ile yıl sonuna kadar her ay yapılacak QR ödemelerinize 2.000 TL ve üzeri her …;;;;v2
kuveyt-turk--kart-kampanyalari-saglam-business-kart-qr-odeme-ile-4000-tl-ye-varan-altin-puan-;kuveyt-turk;indirim_orani;;;;;Ana Sayfa Kampanyalar İşim İçin Kart Kampanyaları Sağlam Business Kart QR Ödeme ile 4.000 TL' ye Varan Altın Puan Fırsatı! Sağlam Business Kart ile yıl sonuna kadar her ay yapılacak QR ödemelerinize 2.000 TL ve üzeri her …;;;;v2
kuveyt-turk--kart-kampanyalari-saglam-business-kart-qr-odeme-ile-4000-tl-ye-varan-altin-puan-;kuveyt-turk;hedef_kitle;;;;;Ana Sayfa Kampanyalar İşim İçin Kart Kampanyaları Sağlam Business Kart QR Ödeme ile 4.000 TL' ye Varan Altın Puan Fırsatı! Sağlam Business Kart ile yıl sonuna kadar her ay yapılacak QR ödemelerinize 2.000 TL ve üzeri her …;;;;v2
tkbb--tkbb-egitim-faizsiz-finans-urunleri;tkbb;kar_payi_orani;;;;;Faizsiz Finans Ürünleri Anasayfa Faizsiz Finans Ürünleri Katılma Hesabı Kâr ve Zarara Katılma Hesapları, katılım bankalarına yatırılan fonların bu kurumlarca kullandırılmasından doğacak kâr ve zarara katılma sonucunu ver …;;;;v2
tkbb--tkbb-egitim-faizsiz-finans-urunleri;tkbb;finansman_tutari;;;;;Faizsiz Finans Ürünleri Anasayfa Faizsiz Finans Ürünleri Katılma Hesabı Kâr ve Zarara Katılma Hesapları, katılım bankalarına yatırılan fonların bu kurumlarca kullandırılmasından doğacak kâr ve zarara katılma sonucunu ver …;;;;v2
tkbb--tkbb-egitim-faizsiz-finans-urunleri;tkbb;vade_ay;;;;;Faizsiz Finans Ürünleri Anasayfa Faizsiz Finans Ürünleri Katılma Hesabı Kâr ve Zarara Katılma Hesapları, katılım bankalarına yatırılan fonların bu kurumlarca kullandırılmasından doğacak kâr ve zarara katılma sonucunu ver …;;;;v2
tkbb--tkbb-egitim-faizsiz-finans-urunleri;tkbb;taksit_sayisi;;;;;Faizsiz Finans Ürünleri Anasayfa Faizsiz Finans Ürünleri Katılma Hesabı Kâr ve Zarara Katılma Hesapları, katılım bankalarına yatırılan fonların bu kurumlarca kullandırılmasından doğacak kâr ve zarara katılma sonucunu ver …;;;;v2
tkbb--tkbb-egitim-faizsiz-finans-urunleri;tkbb;tahsis_ucreti;;;;;Faizsiz Finans Ürünleri Anasayfa Faizsiz Finans Ürünleri Katılma Hesabı Kâr ve Zarara Katılma Hesapları, katılım bankalarına yatırılan fonların bu kurumlarca kullandırılmasından doğacak kâr ve zarara katılma sonucunu ver …;;;;v2
tkbb--tkbb-egitim-faizsiz-finans-urunleri;tkbb;odul_miktari;;;;;Faizsiz Finans Ürünleri Anasayfa Faizsiz Finans Ürünleri Katılma Hesabı Kâr ve Zarara Katılma Hesapları, katılım bankalarına yatırılan fonların bu kurumlarca kullandırılmasından doğacak kâr ve zarara katılma sonucunu ver …;;;;v2
tkbb--tkbb-egitim-faizsiz-finans-urunleri;tkbb;indirim_orani;;;;;Faizsiz Finans Ürünleri Anasayfa Faizsiz Finans Ürünleri Katılma Hesabı Kâr ve Zarara Katılma Hesapları, katılım bankalarına yatırılan fonların bu kurumlarca kullandırılmasından doğacak kâr ve zarara katılma sonucunu ver …;;;;v2
tkbb--tkbb-egitim-faizsiz-finans-urunleri;tkbb;alisveris_puani;;;;;Faizsiz Finans Ürünleri Anasayfa Faizsiz Finans Ürünleri Katılma Hesabı Kâr ve Zarara Katılma Hesapları, katılım bankalarına yatırılan fonların bu kurumlarca kullandırılmasından doğacak kâr ve zarara katılma sonucunu ver …;;;;v2
tkbb--tkbb-egitim-faizsiz-finans-urunleri;tkbb;kampanya_suresi;;;;;Faizsiz Finans Ürünleri Anasayfa Faizsiz Finans Ürünleri Katılma Hesabı Kâr ve Zarara Katılma Hesapları, katılım bankalarına yatırılan fonların bu kurumlarca kullandırılmasından doğacak kâr ve zarara katılma sonucunu ver …;;;;v2
tkbb--tkbb-egitim-faizsiz-finans-urunleri;tkbb;hedef_kitle;;;;;Faizsiz Finans Ürünleri Anasayfa Faizsiz Finans Ürünleri Katılma Hesabı Kâr ve Zarara Katılma Hesapları, katılım bankalarına yatırılan fonların bu kurumlarca kullandırılmasından doğacak kâr ve zarara katılma sonucunu ver …;;;;v2
tom-katilim--kampanyalar;tom-katilim;kar_payi_orani;;;;;Güncel kampanyalarımız için lütfen tıklayın. Kampanyalar Özel Okul Ödemelerinde 10 Taksit, üstelik vade farksız! TOM Bank Hadi Kazananlar Kulubü Paketleri ile Hadi Black Kredi Kartı ile yapılacak özel okul ödemelerinde T …;;;;v2
tom-katilim--kampanyalar;tom-katilim;finansman_tutari;;;;;Güncel kampanyalarımız için lütfen tıklayın. Kampanyalar Özel Okul Ödemelerinde 10 Taksit, üstelik vade farksız! TOM Bank Hadi Kazananlar Kulubü Paketleri ile Hadi Black Kredi Kartı ile yapılacak özel okul ödemelerinde T …;;;;v2
tom-katilim--kampanyalar;tom-katilim;vade_ay;;;;;Güncel kampanyalarımız için lütfen tıklayın. Kampanyalar Özel Okul Ödemelerinde 10 Taksit, üstelik vade farksız! TOM Bank Hadi Kazananlar Kulubü Paketleri ile Hadi Black Kredi Kartı ile yapılacak özel okul ödemelerinde T …;;;;v2
tom-katilim--kampanyalar;tom-katilim;tahsis_ucreti;;;;;Güncel kampanyalarımız için lütfen tıklayın. Kampanyalar Özel Okul Ödemelerinde 10 Taksit, üstelik vade farksız! TOM Bank Hadi Kazananlar Kulubü Paketleri ile Hadi Black Kredi Kartı ile yapılacak özel okul ödemelerinde T …;;;;v2
tom-katilim--kampanyalar;tom-katilim;odul_miktari;;;;;Güncel kampanyalarımız için lütfen tıklayın. Kampanyalar Özel Okul Ödemelerinde 10 Taksit, üstelik vade farksız! TOM Bank Hadi Kazananlar Kulubü Paketleri ile Hadi Black Kredi Kartı ile yapılacak özel okul ödemelerinde T …;;;;v2
tom-katilim--kampanyalar;tom-katilim;indirim_orani;;;;;Güncel kampanyalarımız için lütfen tıklayın. Kampanyalar Özel Okul Ödemelerinde 10 Taksit, üstelik vade farksız! TOM Bank Hadi Kazananlar Kulubü Paketleri ile Hadi Black Kredi Kartı ile yapılacak özel okul ödemelerinde T …;;;;v2
tom-katilim--kampanyalar;tom-katilim;alisveris_puani;;;;;Güncel kampanyalarımız için lütfen tıklayın. Kampanyalar Özel Okul Ödemelerinde 10 Taksit, üstelik vade farksız! TOM Bank Hadi Kazananlar Kulubü Paketleri ile Hadi Black Kredi Kartı ile yapılacak özel okul ödemelerinde T …;;;;v2
tom-katilim--kampanyalar;tom-katilim;hedef_kitle;;;;;Güncel kampanyalarımız için lütfen tıklayın. Kampanyalar Özel Okul Ödemelerinde 10 Taksit, üstelik vade farksız! TOM Bank Hadi Kazananlar Kulubü Paketleri ile Hadi Black Kredi Kartı ile yapılacak özel okul ödemelerinde T …;;;;v2
turkiye-emlak-katilim--kampanya-paraf-ile-damat-tweende-3000-tl-parafpara;turkiye-emlak-katilim;kar_payi_orani;;;;;Türkiye Emlak Katılım Bankası A.Ş. internet sitesini ziyaretiniz esnasında kullanılabilecek çerezler ve benzeri teknolojiler hakkında bilgi vermek amacıyla işbu Çerez Politikası'nı hazırlanmıştır. Ana sayfa Bireysel Kamp …;;;;v2
turkiye-emlak-katilim--kampanya-paraf-ile-damat-tweende-3000-tl-parafpara;turkiye-emlak-katilim;finansman_tutari;;;;;Türkiye Emlak Katılım Bankası A.Ş. internet sitesini ziyaretiniz esnasında kullanılabilecek çerezler ve benzeri teknolojiler hakkında bilgi vermek amacıyla işbu Çerez Politikası'nı hazırlanmıştır. Ana sayfa Bireysel Kamp …;;;;v2
turkiye-emlak-katilim--kampanya-paraf-ile-damat-tweende-3000-tl-parafpara;turkiye-emlak-katilim;vade_ay;;;;;Türkiye Emlak Katılım Bankası A.Ş. internet sitesini ziyaretiniz esnasında kullanılabilecek çerezler ve benzeri teknolojiler hakkında bilgi vermek amacıyla işbu Çerez Politikası'nı hazırlanmıştır. Ana sayfa Bireysel Kamp …;;;;v2
turkiye-emlak-katilim--kampanya-paraf-ile-damat-tweende-3000-tl-parafpara;turkiye-emlak-katilim;taksit_sayisi;;;;;Türkiye Emlak Katılım Bankası A.Ş. internet sitesini ziyaretiniz esnasında kullanılabilecek çerezler ve benzeri teknolojiler hakkında bilgi vermek amacıyla işbu Çerez Politikası'nı hazırlanmıştır. Ana sayfa Bireysel Kamp …;;;;v2
turkiye-emlak-katilim--kampanya-paraf-ile-damat-tweende-3000-tl-parafpara;turkiye-emlak-katilim;tahsis_ucreti;;;;;Türkiye Emlak Katılım Bankası A.Ş. internet sitesini ziyaretiniz esnasında kullanılabilecek çerezler ve benzeri teknolojiler hakkında bilgi vermek amacıyla işbu Çerez Politikası'nı hazırlanmıştır. Ana sayfa Bireysel Kamp …;;;;v2
turkiye-emlak-katilim--kampanya-paraf-ile-damat-tweende-3000-tl-parafpara;turkiye-emlak-katilim;masraf_durumu;;;;;Türkiye Emlak Katılım Bankası A.Ş. internet sitesini ziyaretiniz esnasında kullanılabilecek çerezler ve benzeri teknolojiler hakkında bilgi vermek amacıyla işbu Çerez Politikası'nı hazırlanmıştır. Ana sayfa Bireysel Kamp …;;;;v2
turkiye-emlak-katilim--kampanya-paraf-ile-damat-tweende-3000-tl-parafpara;turkiye-emlak-katilim;indirim_orani;;;;;Türkiye Emlak Katılım Bankası A.Ş. internet sitesini ziyaretiniz esnasında kullanılabilecek çerezler ve benzeri teknolojiler hakkında bilgi vermek amacıyla işbu Çerez Politikası'nı hazırlanmıştır. Ana sayfa Bireysel Kamp …;;;;v2
turkiye-emlak-katilim--kampanya-paraf-ile-damat-tweende-3000-tl-parafpara;turkiye-emlak-katilim;hedef_kitle;;;;;Türkiye Emlak Katılım Bankası A.Ş. internet sitesini ziyaretiniz esnasında kullanılabilecek çerezler ve benzeri teknolojiler hakkında bilgi vermek amacıyla işbu Çerez Politikası'nı hazırlanmıştır. Ana sayfa Bireysel Kamp …;;;;v2
turkiye-emlak-katilim--kampanya-paraf-ile-vaillantta-9-aya-varan-taksit;turkiye-emlak-katilim;campaign_type;;;;;Türkiye Emlak Katılım Bankası A.Ş. internet sitesini ziyaretiniz esnasında kullanılabilecek çerezler ve benzeri teknolojiler hakkında bilgi vermek amacıyla işbu Çerez Politikası'nı hazırlanmıştır. Ana sayfa Bireysel Kamp …;;;;v2
turkiye-emlak-katilim--kampanya-paraf-ile-vaillantta-9-aya-varan-taksit;turkiye-emlak-katilim;kar_payi_orani;;;;;Türkiye Emlak Katılım Bankası A.Ş. internet sitesini ziyaretiniz esnasında kullanılabilecek çerezler ve benzeri teknolojiler hakkında bilgi vermek amacıyla işbu Çerez Politikası'nı hazırlanmıştır. Ana sayfa Bireysel Kamp …;;;;v2
turkiye-emlak-katilim--kampanya-paraf-ile-vaillantta-9-aya-varan-taksit;turkiye-emlak-katilim;finansman_tutari;;;;;Türkiye Emlak Katılım Bankası A.Ş. internet sitesini ziyaretiniz esnasında kullanılabilecek çerezler ve benzeri teknolojiler hakkında bilgi vermek amacıyla işbu Çerez Politikası'nı hazırlanmıştır. Ana sayfa Bireysel Kamp …;;;;v2
turkiye-emlak-katilim--kampanya-paraf-ile-vaillantta-9-aya-varan-taksit;turkiye-emlak-katilim;taksit_sayisi;;;;;Türkiye Emlak Katılım Bankası A.Ş. internet sitesini ziyaretiniz esnasında kullanılabilecek çerezler ve benzeri teknolojiler hakkında bilgi vermek amacıyla işbu Çerez Politikası'nı hazırlanmıştır. Ana sayfa Bireysel Kamp …;;;;v2
turkiye-emlak-katilim--kampanya-paraf-ile-vaillantta-9-aya-varan-taksit;turkiye-emlak-katilim;tahsis_ucreti;;;;;Türkiye Emlak Katılım Bankası A.Ş. internet sitesini ziyaretiniz esnasında kullanılabilecek çerezler ve benzeri teknolojiler hakkında bilgi vermek amacıyla işbu Çerez Politikası'nı hazırlanmıştır. Ana sayfa Bireysel Kamp …;;;;v2
turkiye-emlak-katilim--kampanya-paraf-ile-vaillantta-9-aya-varan-taksit;turkiye-emlak-katilim;masraf_durumu;;;;;Türkiye Emlak Katılım Bankası A.Ş. internet sitesini ziyaretiniz esnasında kullanılabilecek çerezler ve benzeri teknolojiler hakkında bilgi vermek amacıyla işbu Çerez Politikası'nı hazırlanmıştır. Ana sayfa Bireysel Kamp …;;;;v2
turkiye-emlak-katilim--kampanya-paraf-ile-vaillantta-9-aya-varan-taksit;turkiye-emlak-katilim;odul_miktari;;;;;Türkiye Emlak Katılım Bankası A.Ş. internet sitesini ziyaretiniz esnasında kullanılabilecek çerezler ve benzeri teknolojiler hakkında bilgi vermek amacıyla işbu Çerez Politikası'nı hazırlanmıştır. Ana sayfa Bireysel Kamp …;;;;v2
turkiye-emlak-katilim--kampanya-paraf-ile-vaillantta-9-aya-varan-taksit;turkiye-emlak-katilim;indirim_orani;;;;;Türkiye Emlak Katılım Bankası A.Ş. internet sitesini ziyaretiniz esnasında kullanılabilecek çerezler ve benzeri teknolojiler hakkında bilgi vermek amacıyla işbu Çerez Politikası'nı hazırlanmıştır. Ana sayfa Bireysel Kamp …;;;;v2
turkiye-emlak-katilim--kampanya-paraf-ile-vaillantta-9-aya-varan-taksit;turkiye-emlak-katilim;alisveris_puani;;;;;Türkiye Emlak Katılım Bankası A.Ş. internet sitesini ziyaretiniz esnasında kullanılabilecek çerezler ve benzeri teknolojiler hakkında bilgi vermek amacıyla işbu Çerez Politikası'nı hazırlanmıştır. Ana sayfa Bireysel Kamp …;;;;v2
turkiye-emlak-katilim--kampanya-paraf-ile-vaillantta-9-aya-varan-taksit;turkiye-emlak-katilim;hedef_kitle;;;;;Türkiye Emlak Katılım Bankası A.Ş. internet sitesini ziyaretiniz esnasında kullanılabilecek çerezler ve benzeri teknolojiler hakkında bilgi vermek amacıyla işbu Çerez Politikası'nı hazırlanmıştır. Ana sayfa Bireysel Kamp …;;;;v2
turkiye-emlak-katilim--kurumsal-sigorta-urunleri-uzun-sureli-leasing;turkiye-emlak-katilim;campaign_type;;;;;Türkiye Emlak Katılım Bankası A.Ş. internet sitesini ziyaretiniz esnasında kullanılabilecek çerezler ve benzeri teknolojiler hakkında bilgi vermek amacıyla işbu Çerez Politikası'nı hazırlanmıştır. Uzun Süreli Leasing Ana …;;;;v2
turkiye-emlak-katilim--kurumsal-sigorta-urunleri-uzun-sureli-leasing;turkiye-emlak-katilim;kar_payi_orani;;;;;Türkiye Emlak Katılım Bankası A.Ş. internet sitesini ziyaretiniz esnasında kullanılabilecek çerezler ve benzeri teknolojiler hakkında bilgi vermek amacıyla işbu Çerez Politikası'nı hazırlanmıştır. Uzun Süreli Leasing Ana …;;;;v2
turkiye-emlak-katilim--kurumsal-sigorta-urunleri-uzun-sureli-leasing;turkiye-emlak-katilim;finansman_tutari;;;;;Türkiye Emlak Katılım Bankası A.Ş. internet sitesini ziyaretiniz esnasında kullanılabilecek çerezler ve benzeri teknolojiler hakkında bilgi vermek amacıyla işbu Çerez Politikası'nı hazırlanmıştır. Uzun Süreli Leasing Ana …;;;;v2
turkiye-emlak-katilim--kurumsal-sigorta-urunleri-uzun-sureli-leasing;turkiye-emlak-katilim;taksit_sayisi;;;;;Türkiye Emlak Katılım Bankası A.Ş. internet sitesini ziyaretiniz esnasında kullanılabilecek çerezler ve benzeri teknolojiler hakkında bilgi vermek amacıyla işbu Çerez Politikası'nı hazırlanmıştır. Uzun Süreli Leasing Ana …;;;;v2
turkiye-emlak-katilim--kurumsal-sigorta-urunleri-uzun-sureli-leasing;turkiye-emlak-katilim;tahsis_ucreti;;;;;Türkiye Emlak Katılım Bankası A.Ş. internet sitesini ziyaretiniz esnasında kullanılabilecek çerezler ve benzeri teknolojiler hakkında bilgi vermek amacıyla işbu Çerez Politikası'nı hazırlanmıştır. Uzun Süreli Leasing Ana …;;;;v2
turkiye-emlak-katilim--kurumsal-sigorta-urunleri-uzun-sureli-leasing;turkiye-emlak-katilim;masraf_durumu;;;;;Türkiye Emlak Katılım Bankası A.Ş. internet sitesini ziyaretiniz esnasında kullanılabilecek çerezler ve benzeri teknolojiler hakkında bilgi vermek amacıyla işbu Çerez Politikası'nı hazırlanmıştır. Uzun Süreli Leasing Ana …;;;;v2
turkiye-emlak-katilim--kurumsal-sigorta-urunleri-uzun-sureli-leasing;turkiye-emlak-katilim;odul_miktari;;;;;Türkiye Emlak Katılım Bankası A.Ş. internet sitesini ziyaretiniz esnasında kullanılabilecek çerezler ve benzeri teknolojiler hakkında bilgi vermek amacıyla işbu Çerez Politikası'nı hazırlanmıştır. Uzun Süreli Leasing Ana …;;;;v2
turkiye-emlak-katilim--kurumsal-sigorta-urunleri-uzun-sureli-leasing;turkiye-emlak-katilim;indirim_orani;;;;;Türkiye Emlak Katılım Bankası A.Ş. internet sitesini ziyaretiniz esnasında kullanılabilecek çerezler ve benzeri teknolojiler hakkında bilgi vermek amacıyla işbu Çerez Politikası'nı hazırlanmıştır. Uzun Süreli Leasing Ana …;;;;v2
turkiye-emlak-katilim--kurumsal-sigorta-urunleri-uzun-sureli-leasing;turkiye-emlak-katilim;alisveris_puani;;;;;Türkiye Emlak Katılım Bankası A.Ş. internet sitesini ziyaretiniz esnasında kullanılabilecek çerezler ve benzeri teknolojiler hakkında bilgi vermek amacıyla işbu Çerez Politikası'nı hazırlanmıştır. Uzun Süreli Leasing Ana …;;;;v2
turkiye-emlak-katilim--kurumsal-sigorta-urunleri-uzun-sureli-leasing;turkiye-emlak-katilim;kampanya_suresi;;;;;Türkiye Emlak Katılım Bankası A.Ş. internet sitesini ziyaretiniz esnasında kullanılabilecek çerezler ve benzeri teknolojiler hakkında bilgi vermek amacıyla işbu Çerez Politikası'nı hazırlanmıştır. Uzun Süreli Leasing Ana …;;;;v2
turkiye-emlak-katilim--kurumsal-sigorta-urunleri-uzun-sureli-leasing;turkiye-emlak-katilim;kampanya_kosullari;;;;;Türkiye Emlak Katılım Bankası A.Ş. internet sitesini ziyaretiniz esnasında kullanılabilecek çerezler ve benzeri teknolojiler hakkında bilgi vermek amacıyla işbu Çerez Politikası'nı hazırlanmıştır. Uzun Süreli Leasing Ana …;;;;v2
turkiye-emlak-katilim--odemeler-ithalat-pesin-vesaik-mukabili-mal-mukabili-akreditif;turkiye-emlak-katilim;campaign_type;;;;;Türkiye Emlak Katılım Bankası A.Ş. internet sitesini ziyaretiniz esnasında kullanılabilecek çerezler ve benzeri teknolojiler hakkında bilgi vermek amacıyla işbu Çerez Politikası'nı hazırlanmıştır. İthalat (Peşin, Vesaik …;;;;v2
turkiye-emlak-katilim--odemeler-ithalat-pesin-vesaik-mukabili-mal-mukabili-akreditif;turkiye-emlak-katilim;kar_payi_orani;;;;;Türkiye Emlak Katılım Bankası A.Ş. internet sitesini ziyaretiniz esnasında kullanılabilecek çerezler ve benzeri teknolojiler hakkında bilgi vermek amacıyla işbu Çerez Politikası'nı hazırlanmıştır. İthalat (Peşin, Vesaik …;;;;v2
turkiye-emlak-katilim--odemeler-ithalat-pesin-vesaik-mukabili-mal-mukabili-akreditif;turkiye-emlak-katilim;finansman_tutari;;;;;Türkiye Emlak Katılım Bankası A.Ş. internet sitesini ziyaretiniz esnasında kullanılabilecek çerezler ve benzeri teknolojiler hakkında bilgi vermek amacıyla işbu Çerez Politikası'nı hazırlanmıştır. İthalat (Peşin, Vesaik …;;;;v2
turkiye-emlak-katilim--odemeler-ithalat-pesin-vesaik-mukabili-mal-mukabili-akreditif;turkiye-emlak-katilim;vade_ay;;;;;Türkiye Emlak Katılım Bankası A.Ş. internet sitesini ziyaretiniz esnasında kullanılabilecek çerezler ve benzeri teknolojiler hakkında bilgi vermek amacıyla işbu Çerez Politikası'nı hazırlanmıştır. İthalat (Peşin, Vesaik …;;;;v2
turkiye-emlak-katilim--odemeler-ithalat-pesin-vesaik-mukabili-mal-mukabili-akreditif;turkiye-emlak-katilim;taksit_sayisi;;;;;Türkiye Emlak Katılım Bankası A.Ş. internet sitesini ziyaretiniz esnasında kullanılabilecek çerezler ve benzeri teknolojiler hakkında bilgi vermek amacıyla işbu Çerez Politikası'nı hazırlanmıştır. İthalat (Peşin, Vesaik …;;;;v2
turkiye-emlak-katilim--odemeler-ithalat-pesin-vesaik-mukabili-mal-mukabili-akreditif;turkiye-emlak-katilim;tahsis_ucreti;;;;;Türkiye Emlak Katılım Bankası A.Ş. internet sitesini ziyaretiniz esnasında kullanılabilecek çerezler ve benzeri teknolojiler hakkında bilgi vermek amacıyla işbu Çerez Politikası'nı hazırlanmıştır. İthalat (Peşin, Vesaik …;;;;v2
turkiye-emlak-katilim--odemeler-ithalat-pesin-vesaik-mukabili-mal-mukabili-akreditif;turkiye-emlak-katilim;masraf_durumu;;;;;Türkiye Emlak Katılım Bankası A.Ş. internet sitesini ziyaretiniz esnasında kullanılabilecek çerezler ve benzeri teknolojiler hakkında bilgi vermek amacıyla işbu Çerez Politikası'nı hazırlanmıştır. İthalat (Peşin, Vesaik …;;;;v2
turkiye-emlak-katilim--odemeler-ithalat-pesin-vesaik-mukabili-mal-mukabili-akreditif;turkiye-emlak-katilim;odul_miktari;;;;;Türkiye Emlak Katılım Bankası A.Ş. internet sitesini ziyaretiniz esnasında kullanılabilecek çerezler ve benzeri teknolojiler hakkında bilgi vermek amacıyla işbu Çerez Politikası'nı hazırlanmıştır. İthalat (Peşin, Vesaik …;;;;v2
turkiye-emlak-katilim--odemeler-ithalat-pesin-vesaik-mukabili-mal-mukabili-akreditif;turkiye-emlak-katilim;indirim_orani;;;;;Türkiye Emlak Katılım Bankası A.Ş. internet sitesini ziyaretiniz esnasında kullanılabilecek çerezler ve benzeri teknolojiler hakkında bilgi vermek amacıyla işbu Çerez Politikası'nı hazırlanmıştır. İthalat (Peşin, Vesaik …;;;;v2
turkiye-emlak-katilim--odemeler-ithalat-pesin-vesaik-mukabili-mal-mukabili-akreditif;turkiye-emlak-katilim;alisveris_puani;;;;;Türkiye Emlak Katılım Bankası A.Ş. internet sitesini ziyaretiniz esnasında kullanılabilecek çerezler ve benzeri teknolojiler hakkında bilgi vermek amacıyla işbu Çerez Politikası'nı hazırlanmıştır. İthalat (Peşin, Vesaik …;;;;v2
turkiye-emlak-katilim--odemeler-ithalat-pesin-vesaik-mukabili-mal-mukabili-akreditif;turkiye-emlak-katilim;kampanya_suresi;;;;;Türkiye Emlak Katılım Bankası A.Ş. internet sitesini ziyaretiniz esnasında kullanılabilecek çerezler ve benzeri teknolojiler hakkında bilgi vermek amacıyla işbu Çerez Politikası'nı hazırlanmıştır. İthalat (Peşin, Vesaik …;;;;v2
turkiye-emlak-katilim--odemeler-ithalat-pesin-vesaik-mukabili-mal-mukabili-akreditif;turkiye-emlak-katilim;hedef_kitle;;;;;Türkiye Emlak Katılım Bankası A.Ş. internet sitesini ziyaretiniz esnasında kullanılabilecek çerezler ve benzeri teknolojiler hakkında bilgi vermek amacıyla işbu Çerez Politikası'nı hazırlanmıştır. İthalat (Peşin, Vesaik …;;;;v2
turkiye-emlak-katilim--sermaye-piyasasi-urunleri-pay-piyasasi-hisse-senedi;turkiye-emlak-katilim;kar_payi_orani;;;;;Türkiye Emlak Katılım Bankası A.Ş. internet sitesini ziyaretiniz esnasında kullanılabilecek çerezler ve benzeri teknolojiler hakkında bilgi vermek amacıyla işbu Çerez Politikası'nı hazırlanmıştır. Pay Piyasası (Hisse Sen …;;;;v2
turkiye-emlak-katilim--sermaye-piyasasi-urunleri-pay-piyasasi-hisse-senedi;turkiye-emlak-katilim;finansman_tutari;;;;;Türkiye Emlak Katılım Bankası A.Ş. internet sitesini ziyaretiniz esnasında kullanılabilecek çerezler ve benzeri teknolojiler hakkında bilgi vermek amacıyla işbu Çerez Politikası'nı hazırlanmıştır. Pay Piyasası (Hisse Sen …;;;;v2
turkiye-emlak-katilim--sermaye-piyasasi-urunleri-pay-piyasasi-hisse-senedi;turkiye-emlak-katilim;vade_ay;;;;;Türkiye Emlak Katılım Bankası A.Ş. internet sitesini ziyaretiniz esnasında kullanılabilecek çerezler ve benzeri teknolojiler hakkında bilgi vermek amacıyla işbu Çerez Politikası'nı hazırlanmıştır. Pay Piyasası (Hisse Sen …;;;;v2
turkiye-emlak-katilim--sermaye-piyasasi-urunleri-pay-piyasasi-hisse-senedi;turkiye-emlak-katilim;taksit_sayisi;;;;;Türkiye Emlak Katılım Bankası A.Ş. internet sitesini ziyaretiniz esnasında kullanılabilecek çerezler ve benzeri teknolojiler hakkında bilgi vermek amacıyla işbu Çerez Politikası'nı hazırlanmıştır. Pay Piyasası (Hisse Sen …;;;;v2
turkiye-emlak-katilim--sermaye-piyasasi-urunleri-pay-piyasasi-hisse-senedi;turkiye-emlak-katilim;tahsis_ucreti;;;;;Türkiye Emlak Katılım Bankası A.Ş. internet sitesini ziyaretiniz esnasında kullanılabilecek çerezler ve benzeri teknolojiler hakkında bilgi vermek amacıyla işbu Çerez Politikası'nı hazırlanmıştır. Pay Piyasası (Hisse Sen …;;;;v2
turkiye-emlak-katilim--sermaye-piyasasi-urunleri-pay-piyasasi-hisse-senedi;turkiye-emlak-katilim;odul_miktari;;;;;Türkiye Emlak Katılım Bankası A.Ş. internet sitesini ziyaretiniz esnasında kullanılabilecek çerezler ve benzeri teknolojiler hakkında bilgi vermek amacıyla işbu Çerez Politikası'nı hazırlanmıştır. Pay Piyasası (Hisse Sen …;;;;v2
turkiye-emlak-katilim--sermaye-piyasasi-urunleri-pay-piyasasi-hisse-senedi;turkiye-emlak-katilim;indirim_orani;;;;;Türkiye Emlak Katılım Bankası A.Ş. internet sitesini ziyaretiniz esnasında kullanılabilecek çerezler ve benzeri teknolojiler hakkında bilgi vermek amacıyla işbu Çerez Politikası'nı hazırlanmıştır. Pay Piyasası (Hisse Sen …;;;;v2
turkiye-emlak-katilim--sermaye-piyasasi-urunleri-pay-piyasasi-hisse-senedi;turkiye-emlak-katilim;alisveris_puani;;;;;Türkiye Emlak Katılım Bankası A.Ş. internet sitesini ziyaretiniz esnasında kullanılabilecek çerezler ve benzeri teknolojiler hakkında bilgi vermek amacıyla işbu Çerez Politikası'nı hazırlanmıştır. Pay Piyasası (Hisse Sen …;;;;v2
turkiye-emlak-katilim--sermaye-piyasasi-urunleri-pay-piyasasi-hisse-senedi;turkiye-emlak-katilim;kampanya_suresi;;;;;Türkiye Emlak Katılım Bankası A.Ş. internet sitesini ziyaretiniz esnasında kullanılabilecek çerezler ve benzeri teknolojiler hakkında bilgi vermek amacıyla işbu Çerez Politikası'nı hazırlanmıştır. Pay Piyasası (Hisse Sen …;;;;v2
turkiye-emlak-katilim--sermaye-piyasasi-urunleri-pay-piyasasi-hisse-senedi;turkiye-emlak-katilim;hedef_kitle;;;;;Türkiye Emlak Katılım Bankası A.Ş. internet sitesini ziyaretiniz esnasında kullanılabilecek çerezler ve benzeri teknolojiler hakkında bilgi vermek amacıyla işbu Çerez Politikası'nı hazırlanmıştır. Pay Piyasası (Hisse Sen …;;;;v2
turkiye-finans--default;turkiye-finans;finansman_tutari;;;;;Tek SMS'le Hızlı Finansman Cebinizde! Detaylı Bilgi Yataş konforunu ertelemeyin, Hızlı Finansman'la hemen yenilenin Detaylı Bilgi Bosch teknolojisine Hızlı Finansman avantajlarıyla ulaşın! Detaylı Bilgi Hızlı Finansman'a …;;;;v2
turkiye-finans--default;turkiye-finans;vade_ay;;;;;Tek SMS'le Hızlı Finansman Cebinizde! Detaylı Bilgi Yataş konforunu ertelemeyin, Hızlı Finansman'la hemen yenilenin Detaylı Bilgi Bosch teknolojisine Hızlı Finansman avantajlarıyla ulaşın! Detaylı Bilgi Hızlı Finansman'a …;;;;v2
turkiye-finans--default;turkiye-finans;taksit_sayisi;;;;;Tek SMS'le Hızlı Finansman Cebinizde! Detaylı Bilgi Yataş konforunu ertelemeyin, Hızlı Finansman'la hemen yenilenin Detaylı Bilgi Bosch teknolojisine Hızlı Finansman avantajlarıyla ulaşın! Detaylı Bilgi Hızlı Finansman'a …;;;;v2
turkiye-finans--default;turkiye-finans;tahsis_ucreti;;;;;Tek SMS'le Hızlı Finansman Cebinizde! Detaylı Bilgi Yataş konforunu ertelemeyin, Hızlı Finansman'la hemen yenilenin Detaylı Bilgi Bosch teknolojisine Hızlı Finansman avantajlarıyla ulaşın! Detaylı Bilgi Hızlı Finansman'a …;;;;v2
turkiye-finans--default;turkiye-finans;masraf_durumu;;;;;Tek SMS'le Hızlı Finansman Cebinizde! Detaylı Bilgi Yataş konforunu ertelemeyin, Hızlı Finansman'la hemen yenilenin Detaylı Bilgi Bosch teknolojisine Hızlı Finansman avantajlarıyla ulaşın! Detaylı Bilgi Hızlı Finansman'a …;;;;v2
turkiye-finans--default;turkiye-finans;odul_miktari;;;;;Tek SMS'le Hızlı Finansman Cebinizde! Detaylı Bilgi Yataş konforunu ertelemeyin, Hızlı Finansman'la hemen yenilenin Detaylı Bilgi Bosch teknolojisine Hızlı Finansman avantajlarıyla ulaşın! Detaylı Bilgi Hızlı Finansman'a …;;;;v2
turkiye-finans--default;turkiye-finans;indirim_orani;;;;;Tek SMS'le Hızlı Finansman Cebinizde! Detaylı Bilgi Yataş konforunu ertelemeyin, Hızlı Finansman'la hemen yenilenin Detaylı Bilgi Bosch teknolojisine Hızlı Finansman avantajlarıyla ulaşın! Detaylı Bilgi Hızlı Finansman'a …;;;;v2
turkiye-finans--default;turkiye-finans;alisveris_puani;;;;;Tek SMS'le Hızlı Finansman Cebinizde! Detaylı Bilgi Yataş konforunu ertelemeyin, Hızlı Finansman'la hemen yenilenin Detaylı Bilgi Bosch teknolojisine Hızlı Finansman avantajlarıyla ulaşın! Detaylı Bilgi Hızlı Finansman'a …;;;;v2
turkiye-finans--default;turkiye-finans;kampanya_suresi;;;;;Tek SMS'le Hızlı Finansman Cebinizde! Detaylı Bilgi Yataş konforunu ertelemeyin, Hızlı Finansman'la hemen yenilenin Detaylı Bilgi Bosch teknolojisine Hızlı Finansman avantajlarıyla ulaşın! Detaylı Bilgi Hızlı Finansman'a …;;;;v2
turkiye-finans--default;turkiye-finans;kampanya_kosullari;;;;;Tek SMS'le Hızlı Finansman Cebinizde! Detaylı Bilgi Yataş konforunu ertelemeyin, Hızlı Finansman'la hemen yenilenin Detaylı Bilgi Bosch teknolojisine Hızlı Finansman avantajlarıyla ulaşın! Detaylı Bilgi Hızlı Finansman'a …;;;;v2
turkiye-finans--default;turkiye-finans;hedef_kitle;;;;;Tek SMS'le Hızlı Finansman Cebinizde! Detaylı Bilgi Yataş konforunu ertelemeyin, Hızlı Finansman'la hemen yenilenin Detaylı Bilgi Bosch teknolojisine Hızlı Finansman avantajlarıyla ulaşın! Detaylı Bilgi Hızlı Finansman'a …;;;;v2
turkiye-finans--konut-finansmani-konut-finansmani;turkiye-finans;finansman_tutari;;;;;Navigasyonu görüntüle İçeriği görüntüle GÜNCELLE Çerez Politikası ve 6698 sayılı Kişisel Verilerin Korunması Kanunu kapsamında Bankamız ile paylaşmış olduğunuz kişisel verileriniz ile ilgili detaylı bilgiye Kişisel Veril …;;;;v2
turkiye-finans--konut-finansmani-konut-finansmani;turkiye-finans;taksit_sayisi;;;;;Navigasyonu görüntüle İçeriği görüntüle GÜNCELLE Çerez Politikası ve 6698 sayılı Kişisel Verilerin Korunması Kanunu kapsamında Bankamız ile paylaşmış olduğunuz kişisel verileriniz ile ilgili detaylı bilgiye Kişisel Veril …;;;;v2
turkiye-finans--konut-finansmani-konut-finansmani;turkiye-finans;odul_miktari;;;;;Navigasyonu görüntüle İçeriği görüntüle GÜNCELLE Çerez Politikası ve 6698 sayılı Kişisel Verilerin Korunması Kanunu kapsamında Bankamız ile paylaşmış olduğunuz kişisel verileriniz ile ilgili detaylı bilgiye Kişisel Veril …;;;;v2
turkiye-finans--konut-finansmani-konut-finansmani;turkiye-finans;indirim_orani;;;;;Navigasyonu görüntüle İçeriği görüntüle GÜNCELLE Çerez Politikası ve 6698 sayılı Kişisel Verilerin Korunması Kanunu kapsamında Bankamız ile paylaşmış olduğunuz kişisel verileriniz ile ilgili detaylı bilgiye Kişisel Veril …;;;;v2
turkiye-finans--konut-finansmani-konut-finansmani;turkiye-finans;alisveris_puani;;;;;Navigasyonu görüntüle İçeriği görüntüle GÜNCELLE Çerez Politikası ve 6698 sayılı Kişisel Verilerin Korunması Kanunu kapsamında Bankamız ile paylaşmış olduğunuz kişisel verileriniz ile ilgili detaylı bilgiye Kişisel Veril …;;;;v2
turkiye-finans--konut-finansmani-konut-finansmani;turkiye-finans;kampanya_suresi;;;;;Navigasyonu görüntüle İçeriği görüntüle GÜNCELLE Çerez Politikası ve 6698 sayılı Kişisel Verilerin Korunması Kanunu kapsamında Bankamız ile paylaşmış olduğunuz kişisel verileriniz ile ilgili detaylı bilgiye Kişisel Veril …;;;;v2
vakif-katilim--detay-3-ay-ertelemeli-motosiklet-kampanyasi;vakif-katilim;kar_payi_orani;;;;;Müşteri Ol Kendim İçin SİZE ÖZEL ÇÖZÜMLER ÜRÜN VE HİZMETLERİMİZ İşim İçin SİZE ÖZEL ÇÖZÜMLER ÜRÜN VE HİZMETLERİMİZ Hakkımızda Ana Sayfa Kendim İçin Kampanyalar 3 Ay Ertelemeli Motosiklet Kampanyası Kampanya Geçerlilik Ta …;;;;v2
vakif-katilim--detay-3-ay-ertelemeli-motosiklet-kampanyasi;vakif-katilim;finansman_tutari;;;;;Müşteri Ol Kendim İçin SİZE ÖZEL ÇÖZÜMLER ÜRÜN VE HİZMETLERİMİZ İşim İçin SİZE ÖZEL ÇÖZÜMLER ÜRÜN VE HİZMETLERİMİZ Hakkımızda Ana Sayfa Kendim İçin Kampanyalar 3 Ay Ertelemeli Motosiklet Kampanyası Kampanya Geçerlilik Ta …;;;;v2
vakif-katilim--detay-3-ay-ertelemeli-motosiklet-kampanyasi;vakif-katilim;taksit_sayisi;;;;;Müşteri Ol Kendim İçin SİZE ÖZEL ÇÖZÜMLER ÜRÜN VE HİZMETLERİMİZ İşim İçin SİZE ÖZEL ÇÖZÜMLER ÜRÜN VE HİZMETLERİMİZ Hakkımızda Ana Sayfa Kendim İçin Kampanyalar 3 Ay Ertelemeli Motosiklet Kampanyası Kampanya Geçerlilik Ta …;;;;v2
vakif-katilim--detay-3-ay-ertelemeli-motosiklet-kampanyasi;vakif-katilim;tahsis_ucreti;;;;;Müşteri Ol Kendim İçin SİZE ÖZEL ÇÖZÜMLER ÜRÜN VE HİZMETLERİMİZ İşim İçin SİZE ÖZEL ÇÖZÜMLER ÜRÜN VE HİZMETLERİMİZ Hakkımızda Ana Sayfa Kendim İçin Kampanyalar 3 Ay Ertelemeli Motosiklet Kampanyası Kampanya Geçerlilik Ta …;;;;v2
vakif-katilim--detay-3-ay-ertelemeli-motosiklet-kampanyasi;vakif-katilim;masraf_durumu;;;;;Müşteri Ol Kendim İçin SİZE ÖZEL ÇÖZÜMLER ÜRÜN VE HİZMETLERİMİZ İşim İçin SİZE ÖZEL ÇÖZÜMLER ÜRÜN VE HİZMETLERİMİZ Hakkımızda Ana Sayfa Kendim İçin Kampanyalar 3 Ay Ertelemeli Motosiklet Kampanyası Kampanya Geçerlilik Ta …;;;;v2
vakif-katilim--detay-3-ay-ertelemeli-motosiklet-kampanyasi;vakif-katilim;odul_miktari;;;;;Müşteri Ol Kendim İçin SİZE ÖZEL ÇÖZÜMLER ÜRÜN VE HİZMETLERİMİZ İşim İçin SİZE ÖZEL ÇÖZÜMLER ÜRÜN VE HİZMETLERİMİZ Hakkımızda Ana Sayfa Kendim İçin Kampanyalar 3 Ay Ertelemeli Motosiklet Kampanyası Kampanya Geçerlilik Ta …;;;;v2
vakif-katilim--detay-3-ay-ertelemeli-motosiklet-kampanyasi;vakif-katilim;alisveris_puani;;;;;Müşteri Ol Kendim İçin SİZE ÖZEL ÇÖZÜMLER ÜRÜN VE HİZMETLERİMİZ İşim İçin SİZE ÖZEL ÇÖZÜMLER ÜRÜN VE HİZMETLERİMİZ Hakkımızda Ana Sayfa Kendim İçin Kampanyalar 3 Ay Ertelemeli Motosiklet Kampanyası Kampanya Geçerlilik Ta …;;;;v2
vakif-katilim--detay-3-ay-ertelemeli-motosiklet-kampanyasi;vakif-katilim;kampanya_suresi;;;;;Müşteri Ol Kendim İçin SİZE ÖZEL ÇÖZÜMLER ÜRÜN VE HİZMETLERİMİZ İşim İçin SİZE ÖZEL ÇÖZÜMLER ÜRÜN VE HİZMETLERİMİZ Hakkımızda Ana Sayfa Kendim İçin Kampanyalar 3 Ay Ertelemeli Motosiklet Kampanyası Kampanya Geçerlilik Ta …;;;;v2
vakif-katilim--detay-3-ay-ertelemeli-motosiklet-kampanyasi;vakif-katilim;hedef_kitle;;;;;Müşteri Ol Kendim İçin SİZE ÖZEL ÇÖZÜMLER ÜRÜN VE HİZMETLERİMİZ İşim İçin SİZE ÖZEL ÇÖZÜMLER ÜRÜN VE HİZMETLERİMİZ Hakkımızda Ana Sayfa Kendim İçin Kampanyalar 3 Ay Ertelemeli Motosiklet Kampanyası Kampanya Geçerlilik Ta …;;;;v2
vakif-katilim--finansmanlar-nakdi-finansmanlar;vakif-katilim;kar_payi_orani;;;;;Müşteri Ol Kendim İçin SİZE ÖZEL ÇÖZÜMLER ÜRÜN VE HİZMETLERİMİZ İşim İçin SİZE ÖZEL ÇÖZÜMLER ÜRÜN VE HİZMETLERİMİZ Hakkımızda Ana Sayfa İşim İçin Finansmanlar Nakdi Finansmanlar Nakdi Finansmanlar Vadeli İhracatın Finans …;;;;v2
vakif-katilim--finansmanlar-nakdi-finansmanlar;vakif-katilim;finansman_tutari;;;;;Müşteri Ol Kendim İçin SİZE ÖZEL ÇÖZÜMLER ÜRÜN VE HİZMETLERİMİZ İşim İçin SİZE ÖZEL ÇÖZÜMLER ÜRÜN VE HİZMETLERİMİZ Hakkımızda Ana Sayfa İşim İçin Finansmanlar Nakdi Finansmanlar Nakdi Finansmanlar Vadeli İhracatın Finans …;;;;v2
vakif-katilim--finansmanlar-nakdi-finansmanlar;vakif-katilim;vade_ay;;;;;Müşteri Ol Kendim İçin SİZE ÖZEL ÇÖZÜMLER ÜRÜN VE HİZMETLERİMİZ İşim İçin SİZE ÖZEL ÇÖZÜMLER ÜRÜN VE HİZMETLERİMİZ Hakkımızda Ana Sayfa İşim İçin Finansmanlar Nakdi Finansmanlar Nakdi Finansmanlar Vadeli İhracatın Finans …;;;;v2
vakif-katilim--finansmanlar-nakdi-finansmanlar;vakif-katilim;taksit_sayisi;;;;;Müşteri Ol Kendim İçin SİZE ÖZEL ÇÖZÜMLER ÜRÜN VE HİZMETLERİMİZ İşim İçin SİZE ÖZEL ÇÖZÜMLER ÜRÜN VE HİZMETLERİMİZ Hakkımızda Ana Sayfa İşim İçin Finansmanlar Nakdi Finansmanlar Nakdi Finansmanlar Vadeli İhracatın Finans …;;;;v2
vakif-katilim--finansmanlar-nakdi-finansmanlar;vakif-katilim;tahsis_ucreti;;;;;Müşteri Ol Kendim İçin SİZE ÖZEL ÇÖZÜMLER ÜRÜN VE HİZMETLERİMİZ İşim İçin SİZE ÖZEL ÇÖZÜMLER ÜRÜN VE HİZMETLERİMİZ Hakkımızda Ana Sayfa İşim İçin Finansmanlar Nakdi Finansmanlar Nakdi Finansmanlar Vadeli İhracatın Finans …;;;;v2
vakif-katilim--finansmanlar-nakdi-finansmanlar;vakif-katilim;masraf_durumu;;;;;Müşteri Ol Kendim İçin SİZE ÖZEL ÇÖZÜMLER ÜRÜN VE HİZMETLERİMİZ İşim İçin SİZE ÖZEL ÇÖZÜMLER ÜRÜN VE HİZMETLERİMİZ Hakkımızda Ana Sayfa İşim İçin Finansmanlar Nakdi Finansmanlar Nakdi Finansmanlar Vadeli İhracatın Finans …;;;;v2
vakif-katilim--finansmanlar-nakdi-finansmanlar;vakif-katilim;odul_miktari;;;;;Müşteri Ol Kendim İçin SİZE ÖZEL ÇÖZÜMLER ÜRÜN VE HİZMETLERİMİZ İşim İçin SİZE ÖZEL ÇÖZÜMLER ÜRÜN VE HİZMETLERİMİZ Hakkımızda Ana Sayfa İşim İçin Finansmanlar Nakdi Finansmanlar Nakdi Finansmanlar Vadeli İhracatın Finans …;;;;v2
vakif-katilim--finansmanlar-nakdi-finansmanlar;vakif-katilim;indirim_orani;;;;;Müşteri Ol Kendim İçin SİZE ÖZEL ÇÖZÜMLER ÜRÜN VE HİZMETLERİMİZ İşim İçin SİZE ÖZEL ÇÖZÜMLER ÜRÜN VE HİZMETLERİMİZ Hakkımızda Ana Sayfa İşim İçin Finansmanlar Nakdi Finansmanlar Nakdi Finansmanlar Vadeli İhracatın Finans …;;;;v2
vakif-katilim--finansmanlar-nakdi-finansmanlar;vakif-katilim;alisveris_puani;;;;;Müşteri Ol Kendim İçin SİZE ÖZEL ÇÖZÜMLER ÜRÜN VE HİZMETLERİMİZ İşim İçin SİZE ÖZEL ÇÖZÜMLER ÜRÜN VE HİZMETLERİMİZ Hakkımızda Ana Sayfa İşim İçin Finansmanlar Nakdi Finansmanlar Nakdi Finansmanlar Vadeli İhracatın Finans …;;;;v2
vakif-katilim--finansmanlar-nakdi-finansmanlar;vakif-katilim;kampanya_suresi;;;;;Müşteri Ol Kendim İçin SİZE ÖZEL ÇÖZÜMLER ÜRÜN VE HİZMETLERİMİZ İşim İçin SİZE ÖZEL ÇÖZÜMLER ÜRÜN VE HİZMETLERİMİZ Hakkımızda Ana Sayfa İşim İçin Finansmanlar Nakdi Finansmanlar Nakdi Finansmanlar Vadeli İhracatın Finans …;;;;v2
vakif-katilim--finansmanlar-nakdi-finansmanlar;vakif-katilim;kampanya_kosullari;;;;;Müşteri Ol Kendim İçin SİZE ÖZEL ÇÖZÜMLER ÜRÜN VE HİZMETLERİMİZ İşim İçin SİZE ÖZEL ÇÖZÜMLER ÜRÜN VE HİZMETLERİMİZ Hakkımızda Ana Sayfa İşim İçin Finansmanlar Nakdi Finansmanlar Nakdi Finansmanlar Vadeli İhracatın Finans …;;;;v2
vakif-katilim--isim-icin-yatirim;vakif-katilim;kar_payi_orani;;;;;Müşteri Ol Kendim İçin SİZE ÖZEL ÇÖZÜMLER ÜRÜN VE HİZMETLERİMİZ İşim İçin SİZE ÖZEL ÇÖZÜMLER ÜRÜN VE HİZMETLERİMİZ Hakkımızda Ana Sayfa İşim İçin Yatırım Yatırım Vakıf Katılım müşteri odaklı bakış açısıyla ve zengin ürün …;;;;v2
vakif-katilim--isim-icin-yatirim;vakif-katilim;finansman_tutari;;;;;Müşteri Ol Kendim İçin SİZE ÖZEL ÇÖZÜMLER ÜRÜN VE HİZMETLERİMİZ İşim İçin SİZE ÖZEL ÇÖZÜMLER ÜRÜN VE HİZMETLERİMİZ Hakkımızda Ana Sayfa İşim İçin Yatırım Yatırım Vakıf Katılım müşteri odaklı bakış açısıyla ve zengin ürün …;;;;v2
vakif-katilim--isim-icin-yatirim;vakif-katilim;vade_ay;;;;;Müşteri Ol Kendim İçin SİZE ÖZEL ÇÖZÜMLER ÜRÜN VE HİZMETLERİMİZ İşim İçin SİZE ÖZEL ÇÖZÜMLER ÜRÜN VE HİZMETLERİMİZ Hakkımızda Ana Sayfa İşim İçin Yatırım Yatırım Vakıf Katılım müşteri odaklı bakış açısıyla ve zengin ürün …;;;;v2
vakif-katilim--isim-icin-yatirim;vakif-katilim;taksit_sayisi;;;;;Müşteri Ol Kendim İçin SİZE ÖZEL ÇÖZÜMLER ÜRÜN VE HİZMETLERİMİZ İşim İçin SİZE ÖZEL ÇÖZÜMLER ÜRÜN VE HİZMETLERİMİZ Hakkımızda Ana Sayfa İşim İçin Yatırım Yatırım Vakıf Katılım müşteri odaklı bakış açısıyla ve zengin ürün …;;;;v2
vakif-katilim--isim-icin-yatirim;vakif-katilim;tahsis_ucreti;;;;;Müşteri Ol Kendim İçin SİZE ÖZEL ÇÖZÜMLER ÜRÜN VE HİZMETLERİMİZ İşim İçin SİZE ÖZEL ÇÖZÜMLER ÜRÜN VE HİZMETLERİMİZ Hakkımızda Ana Sayfa İşim İçin Yatırım Yatırım Vakıf Katılım müşteri odaklı bakış açısıyla ve zengin ürün …;;;;v2
vakif-katilim--isim-icin-yatirim;vakif-katilim;masraf_durumu;;;;;Müşteri Ol Kendim İçin SİZE ÖZEL ÇÖZÜMLER ÜRÜN VE HİZMETLERİMİZ İşim İçin SİZE ÖZEL ÇÖZÜMLER ÜRÜN VE HİZMETLERİMİZ Hakkımızda Ana Sayfa İşim İçin Yatırım Yatırım Vakıf Katılım müşteri odaklı bakış açısıyla ve zengin ürün …;;;;v2
vakif-katilim--isim-icin-yatirim;vakif-katilim;odul_miktari;;;;;Müşteri Ol Kendim İçin SİZE ÖZEL ÇÖZÜMLER ÜRÜN VE HİZMETLERİMİZ İşim İçin SİZE ÖZEL ÇÖZÜMLER ÜRÜN VE HİZMETLERİMİZ Hakkımızda Ana Sayfa İşim İçin Yatırım Yatırım Vakıf Katılım müşteri odaklı bakış açısıyla ve zengin ürün …;;;;v2
vakif-katilim--isim-icin-yatirim;vakif-katilim;indirim_orani;;;;;Müşteri Ol Kendim İçin SİZE ÖZEL ÇÖZÜMLER ÜRÜN VE HİZMETLERİMİZ İşim İçin SİZE ÖZEL ÇÖZÜMLER ÜRÜN VE HİZMETLERİMİZ Hakkımızda Ana Sayfa İşim İçin Yatırım Yatırım Vakıf Katılım müşteri odaklı bakış açısıyla ve zengin ürün …;;;;v2
vakif-katilim--isim-icin-yatirim;vakif-katilim;alisveris_puani;;;;;Müşteri Ol Kendim İçin SİZE ÖZEL ÇÖZÜMLER ÜRÜN VE HİZMETLERİMİZ İşim İçin SİZE ÖZEL ÇÖZÜMLER ÜRÜN VE HİZMETLERİMİZ Hakkımızda Ana Sayfa İşim İçin Yatırım Yatırım Vakıf Katılım müşteri odaklı bakış açısıyla ve zengin ürün …;;;;v2
vakif-katilim--isim-icin-yatirim;vakif-katilim;kampanya_suresi;;;;;Müşteri Ol Kendim İçin SİZE ÖZEL ÇÖZÜMLER ÜRÜN VE HİZMETLERİMİZ İşim İçin SİZE ÖZEL ÇÖZÜMLER ÜRÜN VE HİZMETLERİMİZ Hakkımızda Ana Sayfa İşim İçin Yatırım Yatırım Vakıf Katılım müşteri odaklı bakış açısıyla ve zengin ürün …;;;;v2
vakif-katilim--isim-icin-yatirim;vakif-katilim;kampanya_kosullari;;;;;Müşteri Ol Kendim İçin SİZE ÖZEL ÇÖZÜMLER ÜRÜN VE HİZMETLERİMİZ İşim İçin SİZE ÖZEL ÇÖZÜMLER ÜRÜN VE HİZMETLERİMİZ Hakkımızda Ana Sayfa İşim İçin Yatırım Yatırım Vakıf Katılım müşteri odaklı bakış açısıyla ve zengin ürün …;;;;v2
vakif-katilim--isim-icin-yatirim;vakif-katilim;hedef_kitle;;;;;Müşteri Ol Kendim İçin SİZE ÖZEL ÇÖZÜMLER ÜRÜN VE HİZMETLERİMİZ İşim İçin SİZE ÖZEL ÇÖZÜMLER ÜRÜN VE HİZMETLERİMİZ Hakkımızda Ana Sayfa İşim İçin Yatırım Yatırım Vakıf Katılım müşteri odaklı bakış açısıyla ve zengin ürün …;;;;v2
ziraat-katilim--kart-kampanyalari-enplusta-4-taksit;ziraat-katilim;kar_payi_orani;;;;;Enplus'ta 4 Taksit Tüm Kampanyalar 2 Kuyum, Optik ve Saat 3 Market ve Gıda 4 E-Ticaret 2 Elektronik ve Telekomünikasyon 3 Yapı Sektörü ve İklimlendirme 2 Akaryakıt 12 Diğer Kampanyalar 1 Eğitim, Kitap ve Kırtasiye 1 Gene …;;;;v2
ziraat-katilim--kart-kampanyalari-enplusta-4-taksit;ziraat-katilim;finansman_tutari;;;;;Enplus'ta 4 Taksit Tüm Kampanyalar 2 Kuyum, Optik ve Saat 3 Market ve Gıda 4 E-Ticaret 2 Elektronik ve Telekomünikasyon 3 Yapı Sektörü ve İklimlendirme 2 Akaryakıt 12 Diğer Kampanyalar 1 Eğitim, Kitap ve Kırtasiye 1 Gene …;;;;v2
ziraat-katilim--kart-kampanyalari-enplusta-4-taksit;ziraat-katilim;vade_ay;;;;;Enplus'ta 4 Taksit Tüm Kampanyalar 2 Kuyum, Optik ve Saat 3 Market ve Gıda 4 E-Ticaret 2 Elektronik ve Telekomünikasyon 3 Yapı Sektörü ve İklimlendirme 2 Akaryakıt 12 Diğer Kampanyalar 1 Eğitim, Kitap ve Kırtasiye 1 Gene …;;;;v2
ziraat-katilim--kart-kampanyalari-enplusta-4-taksit;ziraat-katilim;tahsis_ucreti;;;;;Enplus'ta 4 Taksit Tüm Kampanyalar 2 Kuyum, Optik ve Saat 3 Market ve Gıda 4 E-Ticaret 2 Elektronik ve Telekomünikasyon 3 Yapı Sektörü ve İklimlendirme 2 Akaryakıt 12 Diğer Kampanyalar 1 Eğitim, Kitap ve Kırtasiye 1 Gene …;;;;v2
ziraat-katilim--kart-kampanyalari-enplusta-4-taksit;ziraat-katilim;odul_miktari;;;;;Enplus'ta 4 Taksit Tüm Kampanyalar 2 Kuyum, Optik ve Saat 3 Market ve Gıda 4 E-Ticaret 2 Elektronik ve Telekomünikasyon 3 Yapı Sektörü ve İklimlendirme 2 Akaryakıt 12 Diğer Kampanyalar 1 Eğitim, Kitap ve Kırtasiye 1 Gene …;;;;v2
ziraat-katilim--kart-kampanyalari-enplusta-4-taksit;ziraat-katilim;indirim_orani;;;;;Enplus'ta 4 Taksit Tüm Kampanyalar 2 Kuyum, Optik ve Saat 3 Market ve Gıda 4 E-Ticaret 2 Elektronik ve Telekomünikasyon 3 Yapı Sektörü ve İklimlendirme 2 Akaryakıt 12 Diğer Kampanyalar 1 Eğitim, Kitap ve Kırtasiye 1 Gene …;;;;v2
ziraat-katilim--kart-kampanyalari-enplusta-4-taksit;ziraat-katilim;alisveris_puani;;;;;Enplus'ta 4 Taksit Tüm Kampanyalar 2 Kuyum, Optik ve Saat 3 Market ve Gıda 4 E-Ticaret 2 Elektronik ve Telekomünikasyon 3 Yapı Sektörü ve İklimlendirme 2 Akaryakıt 12 Diğer Kampanyalar 1 Eğitim, Kitap ve Kırtasiye 1 Gene …;;;;v2
ziraat-katilim--kart-kampanyalari-enplusta-4-taksit;ziraat-katilim;hedef_kitle;;;;;Enplus'ta 4 Taksit Tüm Kampanyalar 2 Kuyum, Optik ve Saat 3 Market ve Gıda 4 E-Ticaret 2 Elektronik ve Telekomünikasyon 3 Yapı Sektörü ve İklimlendirme 2 Akaryakıt 12 Diğer Kampanyalar 1 Eğitim, Kitap ve Kırtasiye 1 Gene …;;;;v2
ziraat-katilim--kart-kampanyalari-saglik-sektorunde-5-taksit;ziraat-katilim;kar_payi_orani;;;;;Sağlık Sektöründe +5 Taksit Tüm Kampanyalar 2 Kuyum, Optik ve Saat 3 Market ve Gıda 4 E-Ticaret 2 Elektronik ve Telekomünikasyon 3 Yapı Sektörü ve İklimlendirme 2 Akaryakıt 12 Diğer Kampanyalar 1 Eğitim, Kitap ve Kırtasi …;;;;v2
ziraat-katilim--kart-kampanyalari-saglik-sektorunde-5-taksit;ziraat-katilim;finansman_tutari;;;;;Sağlık Sektöründe +5 Taksit Tüm Kampanyalar 2 Kuyum, Optik ve Saat 3 Market ve Gıda 4 E-Ticaret 2 Elektronik ve Telekomünikasyon 3 Yapı Sektörü ve İklimlendirme 2 Akaryakıt 12 Diğer Kampanyalar 1 Eğitim, Kitap ve Kırtasi …;;;;v2
ziraat-katilim--kart-kampanyalari-saglik-sektorunde-5-taksit;ziraat-katilim;vade_ay;;;;;Sağlık Sektöründe +5 Taksit Tüm Kampanyalar 2 Kuyum, Optik ve Saat 3 Market ve Gıda 4 E-Ticaret 2 Elektronik ve Telekomünikasyon 3 Yapı Sektörü ve İklimlendirme 2 Akaryakıt 12 Diğer Kampanyalar 1 Eğitim, Kitap ve Kırtasi …;;;;v2
ziraat-katilim--kart-kampanyalari-saglik-sektorunde-5-taksit;ziraat-katilim;tahsis_ucreti;;;;;Sağlık Sektöründe +5 Taksit Tüm Kampanyalar 2 Kuyum, Optik ve Saat 3 Market ve Gıda 4 E-Ticaret 2 Elektronik ve Telekomünikasyon 3 Yapı Sektörü ve İklimlendirme 2 Akaryakıt 12 Diğer Kampanyalar 1 Eğitim, Kitap ve Kırtasi …;;;;v2
ziraat-katilim--kart-kampanyalari-saglik-sektorunde-5-taksit;ziraat-katilim;odul_miktari;;;;;Sağlık Sektöründe +5 Taksit Tüm Kampanyalar 2 Kuyum, Optik ve Saat 3 Market ve Gıda 4 E-Ticaret 2 Elektronik ve Telekomünikasyon 3 Yapı Sektörü ve İklimlendirme 2 Akaryakıt 12 Diğer Kampanyalar 1 Eğitim, Kitap ve Kırtasi …;;;;v2
ziraat-katilim--kart-kampanyalari-saglik-sektorunde-5-taksit;ziraat-katilim;indirim_orani;;;;;Sağlık Sektöründe +5 Taksit Tüm Kampanyalar 2 Kuyum, Optik ve Saat 3 Market ve Gıda 4 E-Ticaret 2 Elektronik ve Telekomünikasyon 3 Yapı Sektörü ve İklimlendirme 2 Akaryakıt 12 Diğer Kampanyalar 1 Eğitim, Kitap ve Kırtasi …;;;;v2
ziraat-katilim--kart-kampanyalari-saglik-sektorunde-5-taksit;ziraat-katilim;alisveris_puani;;;;;Sağlık Sektöründe +5 Taksit Tüm Kampanyalar 2 Kuyum, Optik ve Saat 3 Market ve Gıda 4 E-Ticaret 2 Elektronik ve Telekomünikasyon 3 Yapı Sektörü ve İklimlendirme 2 Akaryakıt 12 Diğer Kampanyalar 1 Eğitim, Kitap ve Kırtasi …;;;;v2
ziraat-katilim--kart-kampanyalari-saglik-sektorunde-5-taksit;ziraat-katilim;hedef_kitle;;;;;Sağlık Sektöründe +5 Taksit Tüm Kampanyalar 2 Kuyum, Optik ve Saat 3 Market ve Gıda 4 E-Ticaret 2 Elektronik ve Telekomünikasyon 3 Yapı Sektörü ve İklimlendirme 2 Akaryakıt 12 Diğer Kampanyalar 1 Eğitim, Kitap ve Kırtasi …;;;;v2
