doc_id;bank;field;model_value;model_conf;confidence_source;disagreement;snippet;gold_value;verdict;note
dunya-katilim--kampanyalar-minycenter;dunya-katilim;campaign_type;Konut Finansmanı;0.60;classifier;;Anasayfa Kampanyalar Minycenter Minycenter Mağazalarında 4 Taksit Fırsatı! Dünya Katılım Paraf ile Minycenter mağazalarında Paraf POS'larından yapılacak alışverişlerde 4 taksit imkanı sunulacaktır. Kampanyadan Dünya Katı …;;;
dunya-katilim--kampanyalar-minycenter;dunya-katilim;vade_ay;12;0.55;rule_heuristic;;"…çilerin İnternet Sitesini ziyaret sıklığına ve ziyaret zamanlarına ilişkin bilgi toplamak amacıyla kullanılan çerezdir. [1 yıl] 5.Kişisel Veri Sahibi Olarak Haklarınız Nelerdir? Kişisel veri sahipleri Kanunun ""ilgili kişinin haklarını düzenleyen"" …";;;
dunya-katilim--kampanyalar-minycenter;dunya-katilim;taksit_sayisi;4;0.85;rule_heuristic;;Anasayfa Kampanyalar Minycenter Minycenter Mağazalarında [4 Taksit] Fırsatı! Dünya Katılım Paraf ile Minycenter mağazalarında Paraf POS'larından yapılacak alışverişlerde 4 taksit imkanı s…;;;
dunya-katilim--kampanyalar-minycenter;dunya-katilim;kampanya_suresi;2026-06-30;0.82;rule_heuristic;;… tamamında değişiklik yapma ve/veya kampanyayı durdurma hakkını saklı tutar. Paraf Kampanyaları Sona erdi Bitiş Tarihi: [30 Haziran 2026] Paylaş Diğer Kampanyalar Tüm site ziyaretçilerimizi daha iyi tanımak, sitemizdeki kullanıcı deneyimini kişiselleştirmek…;;;
dunya-katilim--kampanyalar-n11;dunya-katilim;campaign_type;Konut Finansmanı;0.60;classifier;;Anasayfa Kampanyalar n11 N11'de Peşin Fiyatına 3 Taksit Fırsatı Dünya Katılım Paraf ile n11'de tek seferde yapılacak alışverişlerde peşin fiyatına 3 aya varan taksit imkanı sunulmaktadır. Peşin fiyatına 3 taksit uygulama …;;;
dunya-katilim--kampanyalar-n11;dunya-katilim;taksit_sayisi;3;0.85;rule_heuristic;;Anasayfa Kampanyalar n11 N11'de Peşin Fiyatına [3 Taksit] Fırsatı Dünya Katılım Paraf ile n11'de tek seferde yapılacak alışverişlerde peşin fiyatına 3 aya varan taksit imkanı su…;;;
dunya-katilim--kampanyalar-n11;dunya-katilim;kampanya_suresi;2026-07-31;0.82;rule_heuristic;;…mamında değişiklik yapma ve/veya kampanyayı durdurma hakkını saklı tutar. Paraf Kampanyaları Devam ediyor Bitiş Tarihi: [31 Temmuz 2026] Paylaş Diğer Kampanyalar Tüm site ziyaretçilerimizi daha iyi tanımak, sitemizdeki kullanıcı deneyimini kişiselleştirmek…;;;
dunya-katilim--kampanyalar-pazarama-paraf;dunya-katilim;campaign_type;Konut Finansmanı;0.60;classifier;;Anasayfa Kampanyalar Pazarama Paraf Pazarama'da Peşin Fiyatına 6 Taksit Fırsatı! Dünya Katılım Paraf ile pazarama.com ve mobil uygulamasından tek seferde yapılacak alışverişlerde peşin fiyatına 6 aya varan taksit imkanı …;;;
dunya-katilim--kampanyalar-pazarama-paraf;dunya-katilim;taksit_sayisi;6;0.85;rule_heuristic;;Anasayfa Kampanyalar Pazarama Paraf Pazarama'da Peşin Fiyatına [6 Taksit] Fırsatı! Dünya Katılım Paraf ile pazarama.com ve mobil uygulamasından tek seferde yapılacak alışverişlerde peşin fiyatı…;;;
dunya-katilim--kampanyalar-pazarama-paraf;dunya-katilim;kampanya_suresi;2026-07-31;0.82;rule_heuristic;;…mamında değişiklik yapma ve/veya kampanyayı durdurma hakkını saklı tutar. Paraf Kampanyaları Devam ediyor Bitiş Tarihi: [31 Temmuz 2026] Paylaş Diğer Kampanyalar Tüm site ziyaretçilerimizi daha iyi tanımak, sitemizdeki kullanıcı deneyimini kişiselleştirmek…;;;
dunya-katilim--kampanyalar-tahsile-cek;dunya-katilim;campaign_type;Konut Finansmanı;0.60;classifier;;Anasayfa Kampanyalar Tahsile Çek Tahsile Çek Tahsile Çek, müşterilerin ödeme almak amacıyla bankaya bıraktıkları çeklerin işleme alınmasını ifade eder. Tahsile Çek, müşterilerin ödeme almak amacıyla bankaya bıraktıkları …;;;
dunya-katilim--kampanyalar-tahsile-cek;dunya-katilim;vade_ay;12;0.55;rule_heuristic;;"…çilerin İnternet Sitesini ziyaret sıklığına ve ziyaret zamanlarına ilişkin bilgi toplamak amacıyla kullanılan çerezdir. [1 yıl] 5.Kişisel Veri Sahibi Olarak Haklarınız Nelerdir? Kişisel veri sahipleri Kanunun ""ilgili kişinin haklarını düzenleyen"" …";;;
dunya-katilim--kampanyalar-tod-paraf;dunya-katilim;campaign_type;Kart;0.70;classifier;;Anasayfa Kampanyalar TOD Paraf Paraf Kart'la alışverişe başla, TOD ayrıcalığını ücretsiz yaşa! 01.01.2026 - 29.01.2026 tarihleri arasında Dünya Katılım Paraf kredi kartı ile yapacağınız toplam 1.000 TL ve üzeri alışveriş …;;;
dunya-katilim--kampanyalar-touristica;dunya-katilim;campaign_type;Konut Finansmanı;0.60;classifier;;Anasayfa Kampanyalar Touristica Touristica.com.tr'de Peşin Fiyatına 9 Taksit Fırsatı! Dünya Katılım Paraf ile www.touristica.com.tr mağazalarından yapılacak alışverişlerde 9 taksit imkanı sunulacaktır. Taksit sayısı otel …;;;
dunya-katilim--kampanyalar-touristica;dunya-katilim;taksit_sayisi;9;0.85;rule_heuristic;;Anasayfa Kampanyalar Touristica Touristica.com.tr'de Peşin Fiyatına [9 Taksit] Fırsatı! Dünya Katılım Paraf ile www.touristica.com.tr mağazalarından yapılacak alışverişlerde 9 taksit imkanı sunulaca…;;;
dunya-katilim--kampanyalar-touristica;dunya-katilim;kampanya_suresi;2026-07-31;0.82;rule_heuristic;;…mamında değişiklik yapma ve/veya kampanyayı durdurma hakkını saklı tutar. Paraf Kampanyaları Devam ediyor Bitiş Tarihi: [31 Temmuz 2026] Paylaş Diğer Kampanyalar Tüm site ziyaretçilerimizi daha iyi tanımak, sitemizdeki kullanıcı deneyimini kişiselleştirmek…;;;
dunya-katilim--kampanyalar-twist;dunya-katilim;campaign_type;Konut Finansmanı;0.60;classifier;;Anasayfa Kampanyalar Twist Twist'te 4 Taksit Fırsatı! Dünya Katılım Paraf ile Twist mağazaları ve www.twist.com.tr 'de Paraf POS'larından yapılacak alışverişlerde 4 taksit imkanı sunulacaktır. Kampanyadan Dünya Katılım P …;;;
dunya-katilim--kampanyalar-twist;dunya-katilim;vade_ay;12;0.55;rule_heuristic;;"…çilerin İnternet Sitesini ziyaret sıklığına ve ziyaret zamanlarına ilişkin bilgi toplamak amacıyla kullanılan çerezdir. [1 yıl] 5.Kişisel Veri Sahibi Olarak Haklarınız Nelerdir? Kişisel veri sahipleri Kanunun ""ilgili kişinin haklarını düzenleyen"" …";;;
dunya-katilim--kampanyalar-twist;dunya-katilim;taksit_sayisi;4;0.85;rule_heuristic;;Anasayfa Kampanyalar Twist Twist'te [4 Taksit] Fırsatı! Dünya Katılım Paraf ile Twist mağazaları ve www.twist.com.tr 'de Paraf POS'larından yapılacak alışverişlerde 4…;;;
dunya-katilim--kampanyalar-twist;dunya-katilim;kampanya_suresi;2026-07-31;0.82;rule_heuristic;;…mamında değişiklik yapma ve/veya kampanyayı durdurma hakkını saklı tutar. Paraf Kampanyaları Devam ediyor Bitiş Tarihi: [31 Temmuz 2026] Paylaş Diğer Kampanyalar Tüm site ziyaretçilerimizi daha iyi tanımak, sitemizdeki kullanıcı deneyimini kişiselleştirmek…;;;
dunya-katilim--kampanyalar-vaillant;dunya-katilim;campaign_type;Konut Finansmanı;0.60;classifier;;Anasayfa Kampanyalar Vaillant Vaillant'ta 9 Aya Varan Taksit Fırsatı! Dünya Katılım Paraf ile Paraf üyesi Vaillant sanal Pos'u üzerinden gerçekleşen işlemlere vade farksız 9 aya varan taksit imkanı sunulacaktır. Kampanya …;;;
dunya-katilim--kampanyalar-vaillant;dunya-katilim;vade_ay;9;0.85;rule_heuristic;;…n Taksit Fırsatı! Dünya Katılım Paraf ile Paraf üyesi Vaillant sanal Pos'u üzerinden gerçekleşen işlemlere vade farksız [9 aya] varan taksit imkanı sunulacaktır. Kampanyaya sadece Vaillant'ın kendi POS'undan gerçekleşen işlemler dahildir. Bayi POS…;;;
dunya-katilim--kampanyalar-vaillant;dunya-katilim;kampanya_suresi;2026-07-31;0.82;rule_heuristic;;…mamında değişiklik yapma ve/veya kampanyayı durdurma hakkını saklı tutar. Paraf Kampanyaları Devam ediyor Bitiş Tarihi: [31 Temmuz 2026] Paylaş Diğer Kampanyalar Tüm site ziyaretçilerimizi daha iyi tanımak, sitemizdeki kullanıcı deneyimini kişiselleştirmek…;;;
dunya-katilim--kampanyalar-vakko;dunya-katilim;campaign_type;Konut Finansmanı;0.60;classifier;;Anasayfa Kampanyalar Vakko VAKKO'da 4 Taksit Fırsatı! Dünya Katılım Paraf ile Vakko mağazaları ve vakko.com 'da Paraf POS'larından yapılacak alışverişlerde 4 taksit imkanı sunulacaktır. Kampanyadan Dünya Katılım Paraf ka …;;;
dunya-katilim--kampanyalar-vakko;dunya-katilim;vade_ay;12;0.55;rule_heuristic;;"…çilerin İnternet Sitesini ziyaret sıklığına ve ziyaret zamanlarına ilişkin bilgi toplamak amacıyla kullanılan çerezdir. [1 yıl] 5.Kişisel Veri Sahibi Olarak Haklarınız Nelerdir? Kişisel veri sahipleri Kanunun ""ilgili kişinin haklarını düzenleyen"" …";;;
dunya-katilim--kampanyalar-vakko;dunya-katilim;taksit_sayisi;4;0.85;rule_heuristic;;Anasayfa Kampanyalar Vakko VAKKO'da [4 Taksit] Fırsatı! Dünya Katılım Paraf ile Vakko mağazaları ve vakko.com 'da Paraf POS'larından yapılacak alışverişlerde 4 taksit…;;;
dunya-katilim--kampanyalar-vakko;dunya-katilim;kampanya_suresi;2026-07-31;0.82;rule_heuristic;;…mamında değişiklik yapma ve/veya kampanyayı durdurma hakkını saklı tutar. Paraf Kampanyaları Devam ediyor Bitiş Tarihi: [31 Temmuz 2026] Paylaş Diğer Kampanyalar Tüm site ziyaretçilerimizi daha iyi tanımak, sitemizdeki kullanıcı deneyimini kişiselleştirmek…;;;
hayat-finans--finansmanlar-bana-bunu-al-is-ortagim;hayat-finans;campaign_type;İhtiyaç Finansmanı;0.70;classifier;;Bana Bunu Al İş Ortağım Anlaşmalı bayilerimiz aracılığıyla Bankamızdan kredi (finansman) desteği sağlamak çok hızlı ve kolay! Bana Bunu Al İş Ortağım anlaşmalı firmaları incelemek için tıklayınız! Bana Bunu Al İş Ortağım …;;;
hayat-finans--kampanyalar;hayat-finans;campaign_type;Yatırım Ürünü;0.70;classifier;;Kampanyalar Kategori Arkadaşını Getir Arkadaşını Davet Et, Avantajlı Hesapla Kazanmaya Başla! Yatırım Avantajlı Hesap Müşterilerine Özel FX Dar Makas Avantajı! Biz Kart Biz Kart Arkadaşını Getir & Kazan Biz Kart Biz Kart …;;;
hayat-finans--kampanyalar-bana-bunu-al-is-ortagim-ile-troy-magaza-firsatlari;hayat-finans;campaign_type;Finansman;0.70;classifier;;Bana Bunu Al İş Ortağım ile Troy Mağazalarında Finansman Fırsatı! Hayat Finanslılara özel Troy mağazalarında 3 aya varan taksit fırsatı Bana Bunu Al İş Ortağımda! Kampanya Koşulları Kampanya 31 Temmuz 2026 tarihine kadar …;;;
hayat-finans--kampanyalar-bana-bunu-al-is-ortagim-ile-troy-magaza-firsatlari;hayat-finans;vade_ay;3;0.55;rule_heuristic;;Bana Bunu Al İş Ortağım ile Troy Mağazalarında Finansman Fırsatı! Hayat Finanslılara özel Troy mağazalarında [3 aya] varan taksit fırsatı Bana Bunu Al İş Ortağımda! Kampanya Koşulları Kampanya 31 Temmuz 2026 tarihine kadar geçerlidir. K…;;;
hayat-finans--kampanyalar-biz-kart-dijital-uyelikler-kampanyasi;hayat-finans;campaign_type;Kart;0.70;classifier;;Biz Kart ile Dijital Üyeliklerde %75 Nakit İade Fırsatı! Kampanya Dönemi: 16 Haziran - 31 Temmuz 2026 Kampanya Koşulları Kampanya Hayat Finans bireysel müşterileri için geçerlidir. Kampanyadan yararlanabilmek için Hayat …;;;
hayat-finans--kampanyalar-biz-kart-dijital-uyelikler-kampanyasi;hayat-finans;odul_miktari;"{""currency"": ""TRY"", ""value"": 300.0}";0.82;rule_heuristic;;…adır, her iki karttan yapılacak dijital üyelik ödemeleri kapsamınca kazanılabilecek maksimum nakit ödül tutarı toplamda [300 TL]'dir. Harcamalar yalnızca ilgili platformların resmî web sitesi veya mobil uygulamaları üzerinden Hayat Finans banka vey…;;;
hayat-finans--kampanyalar-biz-kart-ile-arkadasini-getir-kazan;hayat-finans;campaign_type;Konut Finansmanı;0.60;classifier;;Biz Kart Arkadaşını Getir & Kazan Hayat Finans Mobil Kampanya Dönemi: 16 Haziran - 31 Temmuz 2026 Kampanya Koşulları 1. Bu kampanya Hayat Finans bireysel müşterileri için geçerlidir. 2. Hayat Finans müşterisi olan kişile …;;;
hayat-finans--kampanyalar-biz-kart-yemek-harcamasi-nakit-iade-kampanyasi;hayat-finans;campaign_type;Konut Finansmanı;0.60;classifier;;Biz Kart ile Yemek Harcamalarına 1.000 TL'ye Varan Nakit İade! Yakınlarınıza verdiğiniz Biz Kart ile yemek sektöründe yapılan harcamaların %10'una kadar nakit iade kazanın. Kampanya kapsamında günlük en fazla 100 TL, ayl …;;;
hayat-finans--kampanyalar-biz-kart-yemek-harcamasi-nakit-iade-kampanyasi;hayat-finans;kampanya_suresi;2026-07-31;0.82;rule_heuristic;;…mında günlük en fazla 100 TL, aylık toplamda ise 1.000 TL'ye kadar nakit iade alabilirsiniz. Kampanya Dönemi: 6 Şubat - [31 Temmuz 2026] Yakınlarınız için Biz Kart Başvurusunu Nasıl Yapabilirsiniz? Mobil Uygulama Tüm İşlemler> Kartlar> Biz Kart Başvurusu a…;;;
hayat-finans--kampanyalar-hayatfinansla-islem-yaptikca-kazan;hayat-finans;campaign_type;Yeni Müşteri;0.60;classifier;;Hayat Finans'la İşlem Yaptıkça Kazan! Masraf yok, kazanç var: Hayat'la Kazan Bankacılık işlemlerinizi kazanca dönüştürün. Günlük bankacılık işlemlerinizi Hayat Finans'tan gerçekleştirin, yaptığınız işlemlerden nakit ödül …;;;
hayat-finans--kampanyalar-hayatfinansla-islem-yaptikca-kazan;hayat-finans;kampanya_suresi;2026-12-31;0.82;rule_heuristic;;…ması içerisindeki hediye alanında dilediğiniz ürün ve hizmetlerde değerlendirebilirsiniz. 📢 Kampanya Dönemi: 2 Temmuz - [31 Aralık 2026] Hayat Finans Mobil Hayat Pay Mobil Kazandıran İşlemler 💵 Hesaba Gelen Para Transferleri Başka bir banka hesabından veya…;;;
hayat-finans--kampanyalar-xiaomi-urunlerinde-finansman-avantaji;hayat-finans;campaign_type;Finansman;0.70;classifier;;Xiaomi Ürünlerinde Finansman Avantajı Hayat Finanslılara özel Xiaomi mağazalarında 3 aya varan taksit fırsatı Bana Bunu Al İş Ortağımda! Kampanya Koşulları Kampanya 31 Temmuz 2026 tarihine kadar geçerlidir. Kampanya sade …;;;
hayat-finans--kampanyalar-xiaomi-urunlerinde-finansman-avantaji;hayat-finans;vade_ay;3;0.55;rule_heuristic;;Xiaomi Ürünlerinde Finansman Avantajı Hayat Finanslılara özel Xiaomi mağazalarında [3 aya] varan taksit fırsatı Bana Bunu Al İş Ortağımda! Kampanya Koşulları Kampanya 31 Temmuz 2026 tarihine kadar geçerlidir. K…;;;
kuveyt-turk--isim-icin-kart-kampanyalari;kuveyt-turk;campaign_type;Kart;0.70;classifier;;Ana Sayfa Kampanyalar İşim İçin Kampanyalar Kendim İçin İşim İçin Kampanya Arşivi Tüm Kampanyalar Kart Kampanyaları KOBİ Kampanyaları Müşteri Ol Kampanyaları POS Kampanyaları Ara Kampanya Aralığı: 16 Temmuz 2026 - 31 Ara …;;;
kuveyt-turk--isim-icin-kart-kampanyalari;kuveyt-turk;taksit_sayisi;3;0.85;rule_heuristic;;…kliyor! Kampanyayı Keşfet 1 Gün Kaldı! Kampanya Aralığı: 1 Temmuz 2026 - 31 Temmuz 2026 MTV Ödemelerinizde Vade Farksız [3 Taksit] Fırsatı! Kuveyt Türk Tüzel Kredi Kartlarınızla 200 TL ve üzeri Motorlu Taşıtlar Vergisi (MTV) ödemelerinizi 31 Temmuz 2…;;;
kuveyt-turk--isim-icin-kart-kampanyalari;kuveyt-turk;kampanya_suresi;2026-07-16;0.72;rule_heuristic;;…şivi Tüm Kampanyalar Kart Kampanyaları KOBİ Kampanyaları Müşteri Ol Kampanyaları POS Kampanyaları Ara Kampanya Aralığı: [16 Temmuz 2026] - 31 Aralık 2026 Kuveyt Türk ile E-İhracat Gönderilerinizde Mil Kazanın! Miles&Smiles Kuveyt Türk kartlarınızla Navlung…;;;
kuveyt-turk--isim-icin-kobi-kampanyalari;kuveyt-turk;campaign_type;Finansman;0.70;classifier;;Ana Sayfa Kampanyalar İşim İçin Kampanyalar Kendim İçin İşim İçin Kampanya Arşivi Tüm Kampanyalar Kart Kampanyaları KOBİ Kampanyaları Müşteri Ol Kampanyaları POS Kampanyaları Ara Kampanya Aralığı: 9 Temmuz 2026 - 31 Aral …;;;
kuveyt-turk--isim-icin-kobi-kampanyalari;kuveyt-turk;vade_ay;60;0.85;rule_heuristic;;…umu) destekli yatırım finansman paketiyle uzun vadeli yatırım ihtiyaçlarınızı karşılayın, 6 aya kadar ödemesiz dönem ve [60 aya] varan vade imkânı ile işletmenizi büyütürken nakit akışınızı rahat yönetin. Kampanyayı Keşfet 1 Gün Kaldı! Kampanya Ara…;;;
kuveyt-turk--isim-icin-kobi-kampanyalari;kuveyt-turk;kampanya_suresi;2026-07-09;0.72;rule_heuristic;;…şivi Tüm Kampanyalar Kart Kampanyaları KOBİ Kampanyaları Müşteri Ol Kampanyaları POS Kampanyaları Ara Kampanya Aralığı: [9 Temmuz 2026] - 31 Aralık 2026 Kuveyt Türk'ten KFK Destekli Yatırım Finansmanı! KFK (Katılım Finans Kefalet Kurumu) destekli yatırım …;;;
kuveyt-turk--isim-icin-pos-kampanyalari;kuveyt-turk;campaign_type;İhtiyaç Finansmanı;0.60;classifier;;Ana Sayfa Kampanyalar İşim İçin Kampanyalar Kendim İçin İşim İçin Kampanya Arşivi Tüm Kampanyalar Kart Kampanyaları KOBİ Kampanyaları Müşteri Ol Kampanyaları POS Kampanyaları Ara Kampanya Aralığı: 1 Temmuz 2026 - 30 Eylü …;;;
kuveyt-turk--isim-icin-pos-kampanyalari;kuveyt-turk;kampanya_suresi;2026-07-01;0.72;rule_heuristic;;…şivi Tüm Kampanyalar Kart Kampanyaları KOBİ Kampanyaları Müşteri Ol Kampanyaları POS Kampanyaları Ara Kampanya Aralığı: [1 Temmuz 2026] - 30 Eylül 2026 Kuveyt Türk'ten Eğitime Özel Taksitli POS Kampanyası İşletmenizin nakit akışını Kuveyt Türk güvencesiyl…;;;
kuveyt-turk--kampanya-arsivi-1-aylik-tod-taraftar-paketi-ucretsiz;kuveyt-turk;campaign_type;Konut Finansmanı;0.60;classifier;;"Ana Sayfa Kampanyalar Kampanya Arşivi 1 Aylık TOD Taraftar Paketi Ücretsiz! ""KTOD2026"" Davet Koduyla Müşteri Olanlara, 1 Aylık TOD Taraftar Paketi Ücretsiz! Kampanya Tarihleri 26.03.2026 - 31.05.2026 Kampanya Süresi Dold …";;;
kuveyt-turk--kampanya-arsivi-1-aylik-tod-taraftar-paketi-ucretsiz;kuveyt-turk;kampanya_suresi;2026-03-26;0.72;rule_heuristic;;"…ar Paketi Ücretsiz! ""KTOD2026"" Davet Koduyla Müşteri Olanlara, 1 Aylık TOD Taraftar Paketi Ücretsiz! Kampanya Tarihleri [26.03.2026] - 31.05.2026 Kampanya Süresi Doldu! Kampanyayı Paylaş Facebook'da paylaş X'de paylaş LinkedIn'de paylaş Whatsapp'da pay…";;;
kuveyt-turk--kampanya-arsivi-10-yilini-dolduran-saglam-kart-sahibi-musterilerimize-500-tl-ind;kuveyt-turk;campaign_type;Kart;0.60;classifier;;Ana Sayfa Kampanyalar Kampanya Arşivi 10. Yılını Dolduran Sağlam Kart Sahibi Müşterilerimize 500 TL İndirim! 10. Yılını Dolduran Sağlam Kart Sahibi Müşterilere Özel 2500 TL'lik Harcamaya 500 TL İndirim! Kampanya Tarihler …;;;
kuveyt-turk--kampanya-arsivi-10-yilini-dolduran-saglam-kart-sahibi-musterilerimize-500-tl-ind;kuveyt-turk;kampanya_suresi;2025-02-06;0.72;rule_heuristic;;…dirim! 10. Yılını Dolduran Sağlam Kart Sahibi Müşterilere Özel 2500 TL'lik Harcamaya 500 TL İndirim! Kampanya Tarihleri [6.02.2025] - 15.03.2025 Kampanya Süresi Doldu! Kampanyayı Paylaş Facebook'da paylaş X'de paylaş LinkedIn'de paylaş Whatsapp'da pay…;;;
kuveyt-turk--kampanya-arsivi-1000-tlye-varan-market-indirimi-saglam-kart-troyda;kuveyt-turk;campaign_type;Konut Finansmanı;0.60;classifier;;Ana Sayfa Kampanyalar Kampanya Arşivi 1.000 TL'ye Varan Market İndirimi Sağlam Kart Troy'da! Sağlam Kart Troy ile yapacağınız market harcamalarınıza %10 indirim kazanırsınız. Kampanya Tarihleri 1.12.2025 - 31.12.2025 Kam …;;;
kuveyt-turk--kampanya-arsivi-1000-tlye-varan-market-indirimi-saglam-kart-troyda;kuveyt-turk;kampanya_suresi;2025-12-01;0.72;rule_heuristic;;…ğlam Kart Troy'da! Sağlam Kart Troy ile yapacağınız market harcamalarınıza %10 indirim kazanırsınız. Kampanya Tarihleri [1.12.2025] - 31.12.2025 Kampanya Süresi Doldu! Kampanyayı Paylaş Facebook'da paylaş X'de paylaş LinkedIn'de paylaş Whatsapp'da pay…;;;
kuveyt-turk--kampanya-arsivi-3000-tl-degerindeki-cek-karnesi-paketi-ucretsiz-scr;kuveyt-turk;campaign_type;Konut Finansmanı;0.60;classifier;;Ana Sayfa Kampanyalar Kampanya Arşivi 3.000 TL Değerindeki Çek Karnesi Paketi Ücretsiz! Size özel 3.000 TL tutarındaki 50 yaprak çek karnesi Kuveyt Türk'te yıl sonuna kadar ücretsiz. Kampanya Tarihleri 23.10.2024 - 31.12 …;;;
kuveyt-turk--kampanya-arsivi-3000-tl-degerindeki-cek-karnesi-paketi-ucretsiz-scr;kuveyt-turk;kampanya_suresi;2024-10-23;0.72;rule_heuristic;;…tsiz! Size özel 3.000 TL tutarındaki 50 yaprak çek karnesi Kuveyt Türk'te yıl sonuna kadar ücretsiz. Kampanya Tarihleri [23.10.2024] - 31.12.2024 Kampanya Süresi Doldu! Kampanyayı Paylaş Facebook'da paylaş X'de paylaş LinkedIn'de paylaş Whatsapp'da pay…;;;
kuveyt-turk--kampanya-arsivi-50000-tlye-kadar-ertesi-gun-199-ya-da-25-gun-blokeli-0-pos;kuveyt-turk;campaign_type;Konut Finansmanı;0.60;classifier;;Ana Sayfa Kampanyalar Kampanya Arşivi 50.000 TL'ye Kadar Ertesi Gün %1,99 ya da 25 Gün Blokeli %0 POS Ertesi Gün %1,99 ya da 25 gün blokeli %0 Pos Fırsatı! Kampanya Tarihleri 1.12.2023 - 31.12.2023 Kampanya Süresi Doldu! …;;;
kuveyt-turk--kampanya-arsivi-50000-tlye-kadar-ertesi-gun-199-ya-da-25-gun-blokeli-0-pos;kuveyt-turk;kampanya_suresi;2023-12-01;0.72;rule_heuristic;;…r Ertesi Gün %1,99 ya da 25 Gün Blokeli %0 POS Ertesi Gün %1,99 ya da 25 gün blokeli %0 Pos Fırsatı! Kampanya Tarihleri [1.12.2023] - 31.12.2023 Kampanya Süresi Doldu! Kampanyayı Paylaş Facebook'da paylaş X'de paylaş LinkedIn'de paylaş Whatsapp'da pay…;;;
kuveyt-turk--kampanya-arsivi-7000-tl-degerindeki-cek-tahsil-paketi-ucretsiz-scr;kuveyt-turk;campaign_type;Konut Finansmanı;0.60;classifier;;Ana Sayfa Kampanyalar Kampanya Arşivi 7.000 TL Değerindeki Çek Tahsil Paketi Ücretsiz! Size özel 7.000 TL tutarındaki 100 adet çek tahsili Kuveyt Türk'te yıl sonuna kadar ücretsiz. Kampanya Tarihleri 23.10.2024 - 31.12.2 …;;;
kuveyt-turk--kampanya-arsivi-7000-tl-degerindeki-cek-tahsil-paketi-ucretsiz-scr;kuveyt-turk;kampanya_suresi;2024-10-23;0.72;rule_heuristic;;…etsiz! Size özel 7.000 TL tutarındaki 100 adet çek tahsili Kuveyt Türk'te yıl sonuna kadar ücretsiz. Kampanya Tarihleri [23.10.2024] - 31.12.2024 Kampanya Süresi Doldu! Kampanyayı Paylaş Facebook'da paylaş X'de paylaş LinkedIn'de paylaş Whatsapp'da pay…;;;
kuveyt-turk--kampanya-arsivi-akaryakit-istasyonlari-kuveyt-turk-ile-gelecege-hazir;kuveyt-turk;campaign_type;Kart;0.60;classifier;;Ana Sayfa Kampanyalar Kampanya Arşivi Akaryakıt İstasyonları Kuveyt Türk ile Geleceğe Hazır! Beko 400 TR ve 1000 TR Yazarkasa cihazlarınız için POS başvurusu yapın, Kuveyt Türk'ün avantajlarını kaçırmayın. Kampanya Tarih …;;;
kuveyt-turk--kampanya-arsivi-akaryakit-istasyonlari-kuveyt-turk-ile-gelecege-hazir;kuveyt-turk;kampanya_suresi;2024-11-01;0.72;rule_heuristic;;…ve 1000 TR Yazarkasa cihazlarınız için POS başvurusu yapın, Kuveyt Türk'ün avantajlarını kaçırmayın. Kampanya Tarihleri [1.11.2024] - 31.03.2025 Kampanya Süresi Doldu! Kampanyayı Paylaş Facebook'da paylaş X'de paylaş LinkedIn'de paylaş Whatsapp'da pay…;;;
kuveyt-turk--kampanya-arsivi-arac-finansmani-musterilerine-ozel-akaryakit-harcamalarina-300-t;kuveyt-turk;campaign_type;Finansman;0.70;classifier;;Ana Sayfa Kampanyalar Kampanya Arşivi Araç Finansmanı Müşterilerine Özel Akaryakıt Harcamalarına 300 TL'ye Varan İndirim Fırsatı! Araç Finansmanı Müşterilerine Özel Akaryakıt Harcamalarına 300 TL'ye Varan İndirim Fırsatı …;;;
kuveyt-turk--kampanya-arsivi-arac-finansmani-musterilerine-ozel-akaryakit-harcamalarina-300-t;kuveyt-turk;kampanya_suresi;2025-02-10;0.72;rule_heuristic;;…Fırsatı! Araç Finansmanı Müşterilerine Özel Akaryakıt Harcamalarına 300 TL'ye Varan İndirim Fırsatı! Kampanya Tarihleri [10.02.2025] - 31.12.2025 Kampanya Süresi Doldu! Kampanyayı Paylaş Facebook'da paylaş X'de paylaş LinkedIn'de paylaş Whatsapp'da pay…;;;
kuveyt-turk--kampanya-arsivi-arac-finansmanina-ucretsiz-hgs-etiketi-kuveyt-turkte;kuveyt-turk;campaign_type;Taşıt Finansmanı;0.60;classifier;;Ana Sayfa Kampanyalar Kampanya Arşivi Araç Finansmanına Ücretsiz HGS Etiketi Kuveyt Türk'te! Kuveyt Türk'ten araç finansmanı kullanın, ücretsiz HGS etiketi fırsatını yakalayın! Kampanya Tarihleri 1.04.2025 - 31.12.2025 K …;;;
kuveyt-turk--kampanya-arsivi-arac-finansmanina-ucretsiz-hgs-etiketi-kuveyt-turkte;kuveyt-turk;kampanya_suresi;2025-04-01;0.72;rule_heuristic;;… Kuveyt Türk'te! Kuveyt Türk'ten araç finansmanı kullanın, ücretsiz HGS etiketi fırsatını yakalayın! Kampanya Tarihleri [1.04.2025] - 31.12.2025 Kampanya Süresi Doldu! Kampanyayı Paylaş Facebook'da paylaş X'de paylaş LinkedIn'de paylaş Whatsapp'da pay…;;;
kuveyt-turk--kampanya-arsivi-avansasta-1500-tlye-varan-indirim-ve-vade-farksiz-5-aya-varan-ta;kuveyt-turk;campaign_type;Kart;0.70;classifier;;Ana Sayfa Kampanyalar Kampanya Arşivi Avansas'ta 1.500 TL'ye Varan İndirim ve Vade Farksız 5 Aya Varan Taksit Fırsatı! Kuveyt Türk Kartları ile Yapacağınız 7.500 TL ve Üzeri Alışverişlerinize 1.500 TL İndirim İmkanı Kamp …;;;
kuveyt-turk--kampanya-arsivi-avansasta-1500-tlye-varan-indirim-ve-vade-farksiz-5-aya-varan-ta;kuveyt-turk;vade_ay;5;0.85;rule_heuristic;;Ana Sayfa Kampanyalar Kampanya Arşivi Avansas'ta 1.500 TL'ye Varan İndirim ve Vade Farksız [5 Aya] Varan Taksit Fırsatı! Kuveyt Türk Kartları ile Yapacağınız 7.500 TL ve Üzeri Alışverişlerinize 1.500 TL İndirim İmkanı …;;;
kuveyt-turk--kampanya-arsivi-avansasta-1500-tlye-varan-indirim-ve-vade-farksiz-5-aya-varan-ta;kuveyt-turk;kampanya_suresi;2026-05-01;0.72;rule_heuristic;;…tı! Kuveyt Türk Kartları ile Yapacağınız 7.500 TL ve Üzeri Alışverişlerinize 1.500 TL İndirim İmkanı Kampanya Tarihleri [1.05.2026] - 30.06.2026 Kampanya Süresi Doldu! Kampanyayı Paylaş Facebook'da paylaş X'de paylaş LinkedIn'de paylaş Whatsapp'da pay…;;;
kuveyt-turk--kampanya-arsivi-babalar-gunu-hediyenize-1000-tl-nakit-iade;kuveyt-turk;campaign_type;Kart;0.60;classifier;;Ana Sayfa Kampanyalar Kampanya Arşivi Babalar Günü Hediyenize 1.000 TL Nakit İade! Kuveyt Türk Mobil'den müşterimiz olun, Sağlam Nakit Kart'la e-ticaret alışverişlerinizden kazançlı çıkın. Kampanya Tarihleri 18.06.2026 - …;;;
kuveyt-turk--kampanya-arsivi-babalar-gunu-hediyenize-1000-tl-nakit-iade;kuveyt-turk;kampanya_suresi;2026-06-18;0.72;rule_heuristic;;…t Türk Mobil'den müşterimiz olun, Sağlam Nakit Kart'la e-ticaret alışverişlerinizden kazançlı çıkın. Kampanya Tarihleri [18.06.2026] - 30.06.2026 Kampanya Süresi Doldu! Kampanyayı Paylaş Facebook'da paylaş X'de paylaş LinkedIn'de paylaş Whatsapp'da pay…;;;
kuveyt-turk--kampanya-arsivi-bireysel-kredi-kartlariyla-indirimli-alisveris-altinbasta;kuveyt-turk;campaign_type;Kart;0.70;classifier;;Ana Sayfa Kampanyalar Kampanya Arşivi Bireysel Kredi Kartlarıyla İndirimli Alışveriş Altınbaş'ta Sağlam Kart ile Altınbaş mağazalarından ve www.altinbas.com 'dan yapacağınız alışverişlerinizde indirim fırsatı! Kampanya T …;;;
kuveyt-turk--kampanya-arsivi-bireysel-kredi-kartlariyla-indirimli-alisveris-altinbasta;kuveyt-turk;kampanya_suresi;2024-02-12;0.72;rule_heuristic;;…ile Altınbaş mağazalarından ve www.altinbas.com 'dan yapacağınız alışverişlerinizde indirim fırsatı! Kampanya Tarihleri [12.02.2024] - 30.06.2025 Kampanya Süresi Doldu! Kampanyayı Paylaş Facebook'da paylaş X'de paylaş LinkedIn'de paylaş Whatsapp'da pay…;;;
kuveyt-turk--kampanya-arsivi-business-plus-karttan-vade-farksiz-3-taksit-imkani;kuveyt-turk;campaign_type;Kart;0.70;classifier;;Ana Sayfa Kampanyalar Kampanya Arşivi Business Plus Kart'tan Vade Farksız 3 Taksit İmkânı! Business Plus Kartınız ile yapacağınız alışverişinize vade farksız 3 taksit fırsatı! Kampanya Tarihleri 1.07.2023 - 31.08.2023 Ka …;;;
kuveyt-turk--kampanya-arsivi-business-plus-karttan-vade-farksiz-3-taksit-imkani;kuveyt-turk;vade_ay;3;0.85;rule_heuristic;;…lacak 10.000₺ ile 50.000 ₺ arası tek çekim taksitsiz/ötelemesiz harcama, yasal/mevzuatsal taksit sınırları çerçevesinde [3 aya] kadar vade farksız olarak sonradan taksitlendirilebilmektedir. Bir müşteri kampanya süresince en fazla 1 işlemini taksi…;;;
kuveyt-turk--kampanya-arsivi-business-plus-karttan-vade-farksiz-3-taksit-imkani;kuveyt-turk;taksit_sayisi;3;0.85;rule_heuristic;;Ana Sayfa Kampanyalar Kampanya Arşivi Business Plus Kart'tan Vade Farksız [3 Taksit] İmkânı! Business Plus Kartınız ile yapacağınız alışverişinize vade farksız 3 taksit fırsatı! Kampanya Tarihleri 1.07.20…;;;
kuveyt-turk--kampanya-arsivi-business-plus-karttan-vade-farksiz-3-taksit-imkani;kuveyt-turk;kampanya_suresi;2023-07-01;0.72;rule_heuristic;;… Taksit İmkânı! Business Plus Kartınız ile yapacağınız alışverişinize vade farksız 3 taksit fırsatı! Kampanya Tarihleri [1.07.2023] - 31.08.2023 Kampanya Süresi Doldu! Kampanyayı Paylaş Facebook'da paylaş X'de paylaş LinkedIn'de paylaş Whatsapp'da pay…;;;
kuveyt-turk--kampanya-arsivi-business-plustan-1000-tl-indirim-firsati-scr;kuveyt-turk;campaign_type;Kart;0.60;classifier;;Ana Sayfa Kampanyalar Kampanya Arşivi Business Plus'tan 1000 TL indirim fırsatı! Kampanya Tarihleri 1.07.2024 - 31.07.2024 Kampanya Süresi Doldu! Kampanyayı Paylaş Facebook'da paylaş X'de paylaş LinkedIn'de paylaş Whatsa …;;;
kuveyt-turk--kampanya-arsivi-business-plustan-1000-tl-indirim-firsati-scr;kuveyt-turk;kampanya_suresi;2024-07-01;0.72;rule_heuristic;;Ana Sayfa Kampanyalar Kampanya Arşivi Business Plus'tan 1000 TL indirim fırsatı! Kampanya Tarihleri [1.07.2024] - 31.07.2024 Kampanya Süresi Doldu! Kampanyayı Paylaş Facebook'da paylaş X'de paylaş LinkedIn'de paylaş Whatsapp'da pay…;;;
kuveyt-turk--kampanya-arsivi-cocugunuzun-gelecegini-guvence-altina-almak-sizden-karne-hediyes;kuveyt-turk;campaign_type;Konut Finansmanı;0.60;classifier;;Ana Sayfa Kampanyalar Kampanya Arşivi Çocuğunuzun Geleceğini Güvence Altına Almak Sizden, Karne Hediyesi Bizden! Çocuklarınız için biriktirmeye bugünden başlayın, Erken BES birikimi ile yarınlarını güvence altına alın. Ü …;;;
kuveyt-turk--kampanya-arsivi-cocugunuzun-gelecegini-guvence-altina-almak-sizden-karne-hediyes;kuveyt-turk;kampanya_suresi;2025-06-23;0.72;rule_heuristic;;"…rne dönemine özel, Kuveyt Türk Mobil'den Erken Bes yaptıran herkese ""Rengini Bul"" kutu oyunu hediye! Kampanya Tarihleri [23.06.2025] - 31.08.2025 Kampanya Süresi Doldu! Kampanyayı Paylaş Facebook'da paylaş X'de paylaş LinkedIn'de paylaş Whatsapp'da pay…";;;
kuveyt-turk--kampanya-arsivi-dbs-fatura-odemelerinizde-100000-mil-firsati;kuveyt-turk;campaign_type;Taşıt Finansmanı;0.60;classifier;;Ana Sayfa Kampanyalar Kampanya Arşivi DBS Fatura Ödemelerinizde 100.000 Mil Fırsatı DBS fatura tahsilatlarınızda Mil kazanma fırsatını kaçırmayın. Kampanya Tarihleri 9.09.2025 - 31.12.2025 Kampanya Süresi Doldu! Kampanya …;;;
kuveyt-turk--kampanya-arsivi-dbs-fatura-odemelerinizde-100000-mil-firsati;kuveyt-turk;kampanya_suresi;2025-09-09;0.72;rule_heuristic;;…ra Ödemelerinizde 100.000 Mil Fırsatı DBS fatura tahsilatlarınızda Mil kazanma fırsatını kaçırmayın. Kampanya Tarihleri [9.09.2025] - 31.12.2025 Kampanya Süresi Doldu! Kampanyayı Paylaş Facebook'da paylaş X'de paylaş LinkedIn'de paylaş Whatsapp'da pay…;;;
kuveyt-turk--kampanya-arsivi-dbs-firmalarina-akaryakit-indirimi;kuveyt-turk;campaign_type;Taşıt Finansmanı;0.70;classifier;;Ana Sayfa Kampanyalar Kampanya Arşivi DBS Firmalarına Akaryakıt İndirimi Anadolu Akaryakıt'tan Petrol Ofisi AutoMatic ile %6'ya varan indirim fırsatı! Kampanya Tarihleri 5.06.2018 - 1.07.2021 Kampanya Süresi Doldu! Kampa …;;;
kuveyt-turk--kampanya-arsivi-dbs-firmalarina-akaryakit-indirimi;kuveyt-turk;kampanya_suresi;2018-06-05;0.72;rule_heuristic;;…ına Akaryakıt İndirimi Anadolu Akaryakıt'tan Petrol Ofisi AutoMatic ile %6'ya varan indirim fırsatı! Kampanya Tarihleri [5.06.2018] - 1.07.2021 Kampanya Süresi Doldu! Kampanyayı Paylaş Facebook'da paylaş X'de paylaş LinkedIn'de paylaş Whatsapp'da payl…;;;
kuveyt-turk--kampanyalar-kampanya-arsivi-2;kuveyt-turk;campaign_type;Kart;0.70;classifier;;Ana Sayfa Kampanyalar Kampanyalar Kendim İçin İşim İçin Güncel Kampanyalar Yıl Seçiniz 2026 2025 2024 2023 2022 Ay Seçiniz 15.07.2026 LC Waikiki'de Troy Kartınıza 3.000 TL'ye 300 TL İndirim Fırsatı! Troy logolu Kuveyt Tü …;;;
kuveyt-turk--kampanyalar-kampanya-arsivi-2;kuveyt-turk;vade_ay;12;0.85;rule_heuristic;;…adar Yenilio üzerinden yapacağınız 30.000 TL ve üzeri harcamalarınızda 500 TL indirim kazandırıyor. Ayrıca vade farksız [12 aya] varan taksit imkanından da yararlanabilirsiniz. Kampanyayı Keşfet 30.06.2026 Pazarama'da Taksit ve Altın Puan Fırsatı! …;;;
kuveyt-turk--kampanyalar-kampanya-arsivi-2;kuveyt-turk;kampanya_suresi;2026-07-15;0.72;rule_heuristic;;… Sayfa Kampanyalar Kampanyalar Kendim İçin İşim İçin Güncel Kampanyalar Yıl Seçiniz 2026 2025 2024 2023 2022 Ay Seçiniz [15.07.2026] LC Waikiki'de Troy Kartınıza 3.000 TL'ye 300 TL İndirim Fırsatı! Troy logolu Kuveyt Türk kartınızla LC Waikiki'de 3.000…;;;
kuveyt-turk--konut;kuveyt-turk;campaign_type;Konut Finansmanı;0.80;classifier;;Konut Finansmanı Kampanyası. Kuveyt Türk ile hayalinizdeki eve kavuşun. Konut finansmanında kâr payı oranı %1,89'dan başlayan oranlarla, 120 aya kadar vade imkânı. Tahsis ücreti 750 TL. Kampanya 31.12.2026 tarihine kadar …;;;
tom-katilim--kampanyalar;tom-katilim;campaign_type;Kart;0.70;classifier;;Güncel kampanyalarımız için lütfen tıklayın. Kampanyalar Restoran harcamalarında %10 İade Kazan! Hadi Black Kredi Kartın ile tek seferde 750 TL üstü tüm haftasonu restoran harcamalarında, taaam %10 iade! Hemen kampanyaya …;;;
tom-katilim--kampanyalar;tom-katilim;taksit_sayisi;10;0.85;rule_heuristic;;…limiti belirleme, kampanyayı durdurma, koşulları değiştirme veya iptal etme hakkını saklı tutar. Özel Okul Ödemelerinde [10 Taksit], üstelik vade farksız! TOM Bank Hadi Kazananlar Kulubü Paketleri ile Hadi Black Kredi Kartı ile yapılacak özel okul öde…;;;
tom-katilim--kampanyalar;tom-katilim;kampanya_suresi;2026-08-31;0.72;rule_heuristic;;…nu restoran harcamalarında, taaam %10 iade! Hemen kampanyaya katıl, kazanmaya başla! Kampanya Koşulları Kampanya 6 Mart-[31 Ağustos 2026] tarihleri arasında yapılacak harcamalarda geçerlidir. Kampanyadan yararlanmak için ilk harcamadan önce kampanya sayfası…;;;
tom-katilim--kampanyalar-a101de-her-alisveriste-3-nakit-iade;tom-katilim;campaign_type;Kart;0.70;classifier;;TOM Bank Hadi Hadi Kazan Kampanyalar A101'de her alışverişte %3'e varan nakit iade! Hemen İndir Hemen İndir A101'de her alışverişte %3'e varan nakit iade! Kampanya 31 Aralık 2026 tarihine kadar geçerlidir. Kampanya kapsa …;;;
tom-katilim--kampanyalar-a101de-her-alisveriste-3-nakit-iade;tom-katilim;kampanya_suresi;2026-12-31;0.85;rule_heuristic;;… her alışverişte %3'e varan nakit iade! Hemen İndir Hemen İndir A101'de her alışverişte %3'e varan nakit iade! Kampanya [31 Aralık 2026] tarihine kadar geçerlidir. Kampanya kapsamında bir takvim ayında en fazla 125 TL nakit iade kazanılabilir Kampanyadan a…;;;
tom-katilim--kampanyalar-akaryakit-harcamalarinda-5e-varan-iade-ustelik-cok-kazananlar-kulubu;tom-katilim;campaign_type;Kart;0.70;classifier;;TOM Bank Hadi Hadi Kazan Kampanyalar Akaryakıt harcamalarında %5'e varan iade! Üstelik Çok Kazananlar Kulübü'ne Özel %10 iade! Hemen İndir Hemen İndir Akaryakıt harcamalarında %5'e varan iade! Üstelik Çok Kazananlar Kulü …;;;
tom-katilim--kampanyalar-akaryakit-harcamalarinda-5e-varan-iade-ustelik-cok-kazananlar-kulubu;tom-katilim;kampanya_suresi;2026-07-01;0.85;rule_heuristic;;…i Black Kredi Kartı ile %5 iade, Çok Kazananlar Kulübü ile ise %10 iade fırsatı seni bekliyor! Kampanya Detay: Kampanya [1 Temmuz 2026] - 31 Ağustos 2026 tarihleri arasında geçerlidir. Kampanya ilk dönemi 1-31 Temmuz 2026, kampanyanın ikinci dönemi 1-31 A…;;;
tom-katilim--kampanyalar-cok-kazananlar-kulubu-kat-kat-kazandiran-kampanyalari-ile-seninle;tom-katilim;campaign_type;Kart;0.70;classifier;;TOM Bank Hadi Hadi Kazan Kampanyalar Çok Kazananlar Kulübü Kat Kat Kazandıran Kampanyaları ile Seninle! Hemen İndir Hemen İndir Çok Kazananlar Kulübü Kat Kat Kazandıran Kampanyaları ile Seninle! Kampanyalardan çoook kaza …;;;
tom-katilim--kampanyalar-cok-kazananlar-kulubu-kat-kat-kazandiran-kampanyalari-ile-seninle;tom-katilim;finansman_tutari;"{""currency"": ""TRY"", ""value"": 10000.0}";0.82;rule_heuristic;;… Çok Kazananlar Kulübü kampanyasına katılmayı unutma! Çok Kazananlar Kulubüne katılım Hadi Black Kredi Kartı ve minimum [10.000 TL] tutarında Mega Günlük Hesap açılışının sonraki günü gerçekleşir ve kampanya faydaları bu tarih itibari ile katlanmaya b…;;;
tom-katilim--kampanyalar-cok-kazananlar-kulubu-kat-kat-kazandiran-kampanyalari-ile-seninle;tom-katilim;taksit_sayisi;6;0.85;rule_heuristic;;…anabilmek için Çok Kazananlar Kulübü kampanyasına katılım sağlanması gerekmektedir. Giyim alışverişlerinde vade farksız [6 taksit] kampanyası ek faydalarından yararlanabilmek için Çok Kazananlar Kulübü kampanyasına katılım sağlanması gerekmektedir. Ç…;;;
tom-katilim--kampanyalar-hadi-davet-koduyla-tom-bank-hadi-musterisi-ol-pegasus-harcamalarinda;tom-katilim;campaign_type;Kart;0.70;classifier;;TOM Bank Hadi Hadi Kazan Kampanyalar HADI Davet Koduyla TOM Bank Hadi Müşterisi Ol, Pegasus harcamalarından 3.500 TL'ye varan iade kazan! Hemen İndir Hemen İndir HADI Davet Koduyla TOM Bank Hadi Müşterisi Ol, Pegasus har …;;;
tom-katilim--kampanyalar-hadi-davet-koduyla-tom-bank-hadi-musterisi-ol-pegasus-harcamalarinda;tom-katilim;finansman_tutari;"{""currency"": ""TRY"", ""value"": 10000.0}";0.82;rule_heuristic;;…caktır. TOM Bank Çok Kazananlar Kulübü üyesi olmak için 10.000 TL ve üzerinde limitli Hadi Black Kredi Kartı ve minimum [10.000 TL] bakiyeli Mega Günlük Hesap açılması yeterlidir. Koşulları sağlayan müşteriler koşullar sağlandıktan sonraki gün kulüp a…;;;
tom-katilim--kampanyalar-hadi-davet-koduyla-tom-bank-hadi-musterisi-ol-pegasus-harcamalarinda;tom-katilim;kampanya_suresi;2026-07-01;0.85;rule_heuristic;;"… Koduyla TOM Bank Hadi Müşterisi Ol, Pegasus harcamalarından 3.500 TL'ye varan iade kazan! Kampanya Kuralları: Kampanya [1 Temmuz 2026] (saat 12.00'dan itibaren) – 30 Eylül 2026 (saat 23.59'a kadar) tarihleri arasında ""HADI"" Davet Kodu ile Görüntülü Görüş…";;;
tom-katilim--urunlerimiz;tom-katilim;campaign_type;Yatırım Ürünü;0.80;classifier;;Ürünlerimiz Para Yükleme, Para Çekme, Para Gönderme, QR ile Ödeme ve Fatura Ödeme HADİ uygulaması ile tüm finansal işlemlerini hızlıca gerçekleştirmek çok kolay! HADİ hesabına hızlıca para yükleyebilir, yüklediğin parala …;;;
tom-katilim--urunlerimiz;tom-katilim;finansman_tutari;"{""currency"": ""TRY"", ""value"": 1500.0}";0.85;rule_heuristic;;…nda başvur! Detaylı bilgi için tıkla. 15 Ocak 2026 itibarıyla, tek seferde yapılabilecek maksimum temassız işlem limiti [1.500 TL]'den 2.500 TL'ye yükseltilmiştir. Kredi kartına ait icazet belgesi için tıklayın. Kredi Kartı Faizsiz Bankacılık Bilgile…;;;
turkiye-emlak-katilim--bireysel-kampanyalar;turkiye-emlak-katilim;campaign_type;Konut Finansmanı;0.60;classifier;;Türkiye Emlak Katılım Bankası A.Ş. internet sitesini ziyaretiniz esnasında kullanılabilecek çerezler ve benzeri teknolojiler hakkında bilgi vermek amacıyla işbu Çerez Politikası'nı hazırlanmıştır. Kampanyalar Ana sayfa B …;;;
turkiye-emlak-katilim--bireysel-kampanyalar;turkiye-emlak-katilim;vade_ay;6;0.85;rule_heuristic;;…ksit Fırsatı! DETAYLI BİLGİ Paraf ile ITOPYA.COM'da Vade Farksız 6 Taksit! DETAYLI BİLGİ Paraf ile A101'de Vade Farksız [6 Aya] Varan Taksit Fırsatı! DETAYLI BİLGİ Emekli Müşterilerimize Özel Ayrıcalıklar DETAYLI BİLGİ × Your browser does not supp…;;;
turkiye-emlak-katilim--bireysel-kampanyalar;turkiye-emlak-katilim;taksit_sayisi;9;0.85;rule_heuristic;;…LI BİLGİ Paraf ile n11'de Peşin Fiyatına 3 Aya Varan Taksit Fırsatı! DETAYLI BİLGİ Paraf ile Trendyol'da Peşin Fiyatına [9 Taksit] Fırsatı! DETAYLI BİLGİ Paraf ile Hepsiburada'da Peşin Fiyatına 9 Aya Varan Taksit Fırsatı! DETAYLI BİLGİ Paraf ile Zsa …;;;
turkiye-emlak-katilim--kampanya-akaryakit-harcamalariniza-300-tl-parafpara;turkiye-emlak-katilim;campaign_type;Alışveriş Puanı;0.60;classifier;;Türkiye Emlak Katılım Bankası A.Ş. internet sitesini ziyaretiniz esnasında kullanılabilecek çerezler ve benzeri teknolojiler hakkında bilgi vermek amacıyla işbu Çerez Politikası'nı hazırlanmıştır. Ana sayfa Bireysel Kamp …;;;
turkiye-emlak-katilim--kampanya-akaryakit-harcamalariniza-300-tl-parafpara;turkiye-emlak-katilim;kampanya_suresi;2026-07-31;0.85;rule_heuristic;;…one veya Türk Telekom operatörleri üzerinden ve yurt içinden gönderilmesi gerekmektedir. Kampanya Koşulları Kampanya 1 -[31 Temmuz 2026] tarihleri arasında geçerlidir. Kampanya kapsamında yurt içinde tek seferde yapılacak 1.500 TL ve üzeri ikinci ve dördün…;;;
turkiye-emlak-katilim--kampanya-elektrikli-arac-sarj-istasyonu-harcamalariniza-200-tl-parafpara;turkiye-emlak-katilim;campaign_type;Taşıt Finansmanı;0.60;classifier;;Türkiye Emlak Katılım Bankası A.Ş. internet sitesini ziyaretiniz esnasında kullanılabilecek çerezler ve benzeri teknolojiler hakkında bilgi vermek amacıyla işbu Çerez Politikası'nı hazırlanmıştır. Ana sayfa Bireysel Kamp …;;;
turkiye-emlak-katilim--kampanya-elektrikli-arac-sarj-istasyonu-harcamalariniza-200-tl-parafpara;turkiye-emlak-katilim;kampanya_suresi;2026-07-31;0.85;rule_heuristic;;…fone veya Türk Telekom operatörleri üzerinden ve yurt içinden gönderilmesi gerekmektedir. Kampanya Koşulları Kampanya 1-[31 Temmuz 2026] tarihleri arasında geçerlidir. Kampanya kapsamında yurt içi elektrikli araç şarj istasyonlarında tek seferde yapılacak …;;;
turkiye-emlak-katilim--kampanya-emekli-musterilerimize-ozel-ayricaliklar;turkiye-emlak-katilim;campaign_type;İhtiyaç Finansmanı;0.60;classifier;;Türkiye Emlak Katılım Bankası A.Ş. internet sitesini ziyaretiniz esnasında kullanılabilecek çerezler ve benzeri teknolojiler hakkında bilgi vermek amacıyla işbu Çerez Politikası'nı hazırlanmıştır. Ana sayfa Bireysel Kamp …;;;
turkiye-emlak-katilim--kampanya-emlak-katilim-paraftan-tabii-premium-uyeligi-hediye;turkiye-emlak-katilim;campaign_type;Kart;0.70;classifier;;Türkiye Emlak Katılım Bankası A.Ş. internet sitesini ziyaretiniz esnasında kullanılabilecek çerezler ve benzeri teknolojiler hakkında bilgi vermek amacıyla işbu Çerez Politikası'nı hazırlanmıştır. Ana sayfa Bireysel Kamp …;;;
turkiye-emlak-katilim--kampanya-emlak-katilim-paraftan-tabii-premium-uyeligi-hediye;turkiye-emlak-katilim;kampanya_suresi;2026-07-01;0.85;rule_heuristic;;…ız tabii Premium üyelik ödemelerinizde ilgili ayın üyelik ücreti tutarı kartınıza iade olarak yansıtılacaktır. Kampanya [01.07.2026] – 31.07.2026 tarihleri arasında geçerlidir. Kampanya müşteri bazlı olup bir müşteri birden fazla iade hakkı kazanamayac…;;;
turkiye-emlak-katilim--kampanya-enterprise-arac-kiralamalarinda-35-indirim-firsati;turkiye-emlak-katilim;campaign_type;Kart;0.70;classifier;;Türkiye Emlak Katılım Bankası A.Ş. internet sitesini ziyaretiniz esnasında kullanılabilecek çerezler ve benzeri teknolojiler hakkında bilgi vermek amacıyla işbu Çerez Politikası'nı hazırlanmıştır. Ana sayfa Bireysel Kamp …;;;
turkiye-emlak-katilim--kampanya-giyim-ve-kozmetik-alisverislerinize-1000-tl-parafpara;turkiye-emlak-katilim;campaign_type;Taşıt Finansmanı;0.60;classifier;;Türkiye Emlak Katılım Bankası A.Ş. internet sitesini ziyaretiniz esnasında kullanılabilecek çerezler ve benzeri teknolojiler hakkında bilgi vermek amacıyla işbu Çerez Politikası'nı hazırlanmıştır. Ana sayfa Bireysel Kamp …;;;
turkiye-emlak-katilim--kampanya-giyim-ve-kozmetik-alisverislerinize-1000-tl-parafpara;turkiye-emlak-katilim;kampanya_suresi;2026-07-31;0.85;rule_heuristic;;…fone veya Türk Telekom operatörleri üzerinden ve yurt içinden gönderilmesi gerekmektedir. Kampanya Koşulları Kampanya 1-[31 Temmuz 2026] tarihleri arasında geçerlidir. Kampanya kapsamında yurt içi giyim, kozmetik, optik ve saat sektörlerinde tek seferde ya…;;;
turkiye-emlak-katilim--kampanya-market-alisverislerinize-1500-tl-parafpara-hediye;turkiye-emlak-katilim;campaign_type;Alışveriş Puanı;0.60;classifier;;Türkiye Emlak Katılım Bankası A.Ş. internet sitesini ziyaretiniz esnasında kullanılabilecek çerezler ve benzeri teknolojiler hakkında bilgi vermek amacıyla işbu Çerez Politikası'nı hazırlanmıştır. Ana sayfa Bireysel Kamp …;;;
turkiye-emlak-katilim--kampanya-market-alisverislerinize-1500-tl-parafpara-hediye;turkiye-emlak-katilim;kampanya_suresi;2026-07-31;0.85;rule_heuristic;;…fone veya Türk Telekom operatörleri üzerinden ve yurt içinden gönderilmesi gerekmektedir. Kampanya Koşulları Kampanya 1-[31 Temmuz 2026] tarihleri arasında geçerlidir. Kampanya kapsamında yurt içinde tek seferde yapacağınız 2.500 TL ve üzeri her gıda marke…;;;
turkiye-emlak-katilim--kampanya-market-alisverislerinize-700-tl-parafpara;turkiye-emlak-katilim;campaign_type;Alışveriş Puanı;0.60;classifier;;Türkiye Emlak Katılım Bankası A.Ş. internet sitesini ziyaretiniz esnasında kullanılabilecek çerezler ve benzeri teknolojiler hakkında bilgi vermek amacıyla işbu Çerez Politikası'nı hazırlanmıştır. Ana sayfa Bireysel Kamp …;;;
turkiye-emlak-katilim--kampanya-market-alisverislerinize-700-tl-parafpara;turkiye-emlak-katilim;kampanya_suresi;2026-07-31;0.85;rule_heuristic;;…fone veya Türk Telekom operatörleri üzerinden ve yurt içinden gönderilmesi gerekmektedir. Kampanya Koşulları Kampanya 1-[31 Temmuz 2026] tarihleri arasında geçerlidir. Kampanya kapsamında yurt içinde tek seferde yapacağınız 7.500 TL ve üzeri her gıda marke…;;;
turkiye-emlak-katilim--kampanya-market-alisverislerinize-800-tl-parafpara;turkiye-emlak-katilim;campaign_type;Alışveriş Puanı;0.60;classifier;;Türkiye Emlak Katılım Bankası A.Ş. internet sitesini ziyaretiniz esnasında kullanılabilecek çerezler ve benzeri teknolojiler hakkında bilgi vermek amacıyla işbu Çerez Politikası'nı hazırlanmıştır. Ana sayfa Bireysel Kamp …;;;
turkiye-emlak-katilim--kampanya-market-alisverislerinize-800-tl-parafpara;turkiye-emlak-katilim;kampanya_suresi;2026-07-31;0.85;rule_heuristic;;…fone veya Türk Telekom operatörleri üzerinden ve yurt içinden gönderilmesi gerekmektedir. Kampanya Koşulları Kampanya 1-[31 Temmuz 2026] tarihleri arasında geçerlidir. Kampanya kapsamında yurt içinde tek seferde yapacağınız 20.000 TL ve üzeri ilk gıda mark…;;;
turkiye-emlak-katilim--kampanya-metatechtrde-pesin-fiyatina-9-aya-varan-taksit-ve-6000-tlye-varan-paraf;turkiye-emlak-katilim;campaign_type;Alışveriş Puanı;0.60;classifier;;Türkiye Emlak Katılım Bankası A.Ş. internet sitesini ziyaretiniz esnasında kullanılabilecek çerezler ve benzeri teknolojiler hakkında bilgi vermek amacıyla işbu Çerez Politikası'nı hazırlanmıştır. Ana sayfa Bireysel Kamp …;;;
turkiye-emlak-katilim--kampanya-metatechtrde-pesin-fiyatina-9-aya-varan-taksit-ve-6000-tlye-varan-paraf;turkiye-emlak-katilim;kampanya_suresi;2026-07-31;0.72;rule_heuristic;;…ll, Vodafone veya Türk Telekom operatörleri üzerinden ve yurt içinden gönderilmesi gerekmektedir. Kampanya Koşulları 01-[31 Temmuz 2026] tarihleri arasında https://store.metatechtr.com sitesinde Paraf POS'undan tek seferde yapılacak ilk alışverişinizde 25.…;;;
turkiye-emlak-katilim--kampanya-mobilya-dekorasyon-ve-yapi-marketi-alisverisinize-4000-tlye-varan-paraf;turkiye-emlak-katilim;campaign_type;Alışveriş Puanı;0.60;classifier;;Türkiye Emlak Katılım Bankası A.Ş. internet sitesini ziyaretiniz esnasında kullanılabilecek çerezler ve benzeri teknolojiler hakkında bilgi vermek amacıyla işbu Çerez Politikası'nı hazırlanmıştır. Ana sayfa Bireysel Kamp …;;;
turkiye-emlak-katilim--kampanya-mobilya-dekorasyon-ve-yapi-marketi-alisverisinize-4000-tlye-varan-paraf;turkiye-emlak-katilim;kampanya_suresi;2026-07-31;0.72;rule_heuristic;;…ell, Vodafone veya Türk Telekom operatörleri üzerinden ve yurt içinden gönderilmesi gerekmektedir. Kampanya Koşulları 1-[31 Temmuz 2026] tarihlerinde yurt içi mobilya, dekorasyon ve yapı marketi sektörlerinde tek seferde yapılacak 10.000 TL ile 29.999 TL a…;;;
turkiye-emlak-katilim--kampanya-modanisada-tum-indirimlere-ek-15-indirim-firsati;turkiye-emlak-katilim;campaign_type;Konut Finansmanı;0.60;classifier;;Türkiye Emlak Katılım Bankası A.Ş. internet sitesini ziyaretiniz esnasında kullanılabilecek çerezler ve benzeri teknolojiler hakkında bilgi vermek amacıyla işbu Çerez Politikası'nı hazırlanmıştır. Ana sayfa Bireysel Kamp …;;;
turkiye-emlak-katilim--kampanya-modanisada-tum-indirimlere-ek-15-indirim-firsati;turkiye-emlak-katilim;kampanya_suresi;2026-12-31;0.82;rule_heuristic;;…Debit kart sahipleri yararlanabilir. İndirim kodları para ile satılamaz veya paraya çevrilemez. İndirim kodları, en geç [31 Aralık 2026] saat 23:59'a kadar kullanılabilir. Kampanya online işlemlerde geçerlidir. Bir alışverişte sadece bir adet indirim kodu …;;;
turkiye-emlak-katilim--kampanya-paraf-ile-adv-magazalarinda-1000-tl-parafpara;turkiye-emlak-katilim;campaign_type;Alışveriş Puanı;0.60;classifier;;Türkiye Emlak Katılım Bankası A.Ş. internet sitesini ziyaretiniz esnasında kullanılabilecek çerezler ve benzeri teknolojiler hakkında bilgi vermek amacıyla işbu Çerez Politikası'nı hazırlanmıştır. Ana sayfa Bireysel Kamp …;;;
turkiye-emlak-katilim--kampanya-paraf-ile-adv-magazalarinda-1000-tl-parafpara;turkiye-emlak-katilim;kampanya_suresi;2026-07-31;0.72;rule_heuristic;;…ll, Vodafone veya Türk Telekom operatörleri üzerinden ve yurt içinden gönderilmesi gerekmektedir. Kampanya Koşulları 01-[31 Temmuz 2026] tarihleri arasında ADV mağazalarında Paraf POS'undan tek seferde yapılacak 10.000 TL ve üzeri ilk alışverişe 1.000 TL P…;;;
turkiye-emlak-katilim--kampanya-paraf-ile-adv-magazalarinda-6-taksit;turkiye-emlak-katilim;campaign_type;Konut Finansmanı;0.60;classifier;;Türkiye Emlak Katılım Bankası A.Ş. internet sitesini ziyaretiniz esnasında kullanılabilecek çerezler ve benzeri teknolojiler hakkında bilgi vermek amacıyla işbu Çerez Politikası'nı hazırlanmıştır. Ana sayfa Bireysel Kamp …;;;
turkiye-emlak-katilim--kampanya-paraf-ile-adv-magazalarinda-6-taksit;turkiye-emlak-katilim;taksit_sayisi;6;0.85;rule_heuristic;;…k amacıyla işbu Çerez Politikası'nı hazırlanmıştır. Ana sayfa Bireysel Kampanyalar Kampanya Paraf ile ADV Mağazalarında [6 Taksit]! Paraf ile ADV Mağazalarında 6 Taksit! 31 Aralık 2026 tarihine kadar ADV mağazalarında Paraf POS'larından yapılacak alı…;;;
turkiye-emlak-katilim--kampanya-paraf-ile-alfemoda-8-taksit-firsati;turkiye-emlak-katilim;campaign_type;Konut Finansmanı;0.60;classifier;;Türkiye Emlak Katılım Bankası A.Ş. internet sitesini ziyaretiniz esnasında kullanılabilecek çerezler ve benzeri teknolojiler hakkında bilgi vermek amacıyla işbu Çerez Politikası'nı hazırlanmıştır. Ana sayfa Bireysel Kamp …;;;
turkiye-emlak-katilim--kampanya-paraf-ile-alfemoda-8-taksit-firsati;turkiye-emlak-katilim;taksit_sayisi;8;0.85;rule_heuristic;;…gi vermek amacıyla işbu Çerez Politikası'nı hazırlanmıştır. Ana sayfa Bireysel Kampanyalar Kampanya Paraf ile Alfemo'da [8 Taksit] Fırsatı! Paraf ile Alfemo'da 8 Taksit Fırsatı! Paraf ile Alfemo mağazalarında veya www.alfemo.com web sayfasından Paraf…;;;
turkiye-emlak-katilim--kampanya-paraf-ile-caspercomtrde-pesin-fiyatina-6-taksit-firsati;turkiye-emlak-katilim;campaign_type;Konut Finansmanı;0.60;classifier;;Türkiye Emlak Katılım Bankası A.Ş. internet sitesini ziyaretiniz esnasında kullanılabilecek çerezler ve benzeri teknolojiler hakkında bilgi vermek amacıyla işbu Çerez Politikası'nı hazırlanmıştır. Ana sayfa Bireysel Kamp …;;;
turkiye-emlak-katilim--kampanya-paraf-ile-caspercomtrde-pesin-fiyatina-6-taksit-firsati;turkiye-emlak-katilim;taksit_sayisi;6;0.85;rule_heuristic;;…u Çerez Politikası'nı hazırlanmıştır. Ana sayfa Bireysel Kampanyalar Kampanya Paraf ile Casper.com.tr'de Peşin Fiyatına [6 Taksit] Fırsatı! Paraf ile Casper.com.tr'de Peşin Fiyatına 6 Taksit Fırsatı! 31 Temmuz 2026 tarihine kadar www.casper.com.tr we…;;;
turkiye-emlak-katilim--kampanya-paraf-ile-damat-tweende-6-aya-varan-taksit-firsati;turkiye-emlak-katilim;campaign_type;Konut Finansmanı;0.60;classifier;;Türkiye Emlak Katılım Bankası A.Ş. internet sitesini ziyaretiniz esnasında kullanılabilecek çerezler ve benzeri teknolojiler hakkında bilgi vermek amacıyla işbu Çerez Politikası'nı hazırlanmıştır. Ana sayfa Bireysel Kamp …;;;
turkiye-emlak-katilim--kampanya-paraf-ile-demirdokumde-9-taksit-firsati;turkiye-emlak-katilim;campaign_type;Konut Finansmanı;0.60;classifier;;Türkiye Emlak Katılım Bankası A.Ş. internet sitesini ziyaretiniz esnasında kullanılabilecek çerezler ve benzeri teknolojiler hakkında bilgi vermek amacıyla işbu Çerez Politikası'nı hazırlanmıştır. Ana sayfa Bireysel Kamp …;;;
turkiye-emlak-katilim--kampanya-paraf-ile-demirdokumde-9-taksit-firsati;turkiye-emlak-katilim;taksit_sayisi;9;0.85;rule_heuristic;;…ermek amacıyla işbu Çerez Politikası'nı hazırlanmıştır. Ana sayfa Bireysel Kampanyalar Kampanya Paraf ile DemirDöküm'de [9 Taksit] Fırsatı! Paraf ile DemirDöküm'de 9 Taksit Fırsatı! 31 Temmuz 2026 tarihine kadar Paraf üyesi Vaillant sanal POS'u üzeri…;;;
turkiye-emlak-katilim--kampanya-paraf-ile-divaresede-4-taksit-firsati;turkiye-emlak-katilim;campaign_type;Konut Finansmanı;0.60;classifier;;Türkiye Emlak Katılım Bankası A.Ş. internet sitesini ziyaretiniz esnasında kullanılabilecek çerezler ve benzeri teknolojiler hakkında bilgi vermek amacıyla işbu Çerez Politikası'nı hazırlanmıştır. Ana sayfa Bireysel Kamp …;;;
turkiye-emlak-katilim--kampanya-paraf-ile-divaresede-4-taksit-firsati;turkiye-emlak-katilim;taksit_sayisi;4;0.85;rule_heuristic;;… vermek amacıyla işbu Çerez Politikası'nı hazırlanmıştır. Ana sayfa Bireysel Kampanyalar Kampanya Paraf ile Divarese'de [4 Taksit] Fırsatı! Paraf ile Divarese'de 4 Taksit Fırsatı! 31 Temmuz 2026 tarihine kadar Divarese mağazaları ve www.divarese.com.…;;;
turkiye-emlak-katilim--kampanya-paraf-ile-ds-damatta-6-aya-varan-taksit-firsati;turkiye-emlak-katilim;campaign_type;Konut Finansmanı;0.60;classifier;;Türkiye Emlak Katılım Bankası A.Ş. internet sitesini ziyaretiniz esnasında kullanılabilecek çerezler ve benzeri teknolojiler hakkında bilgi vermek amacıyla işbu Çerez Politikası'nı hazırlanmıştır. Ana sayfa Bireysel Kamp …;;;
turkiye-emlak-katilim--kampanya-paraf-ile-ds-damatta-6-aya-varan-taksit-firsati;turkiye-emlak-katilim;kampanya_suresi;2026-06-30;0.82;rule_heuristic;;…panyalar Kampanya Paraf ile D'S Damat'ta 6 Aya Varan Taksit Fırsatı! Paraf ile D'S Damat'ta 6 Aya Varan Taksit Fırsatı! [30 Haziran 2026] tarihine kadar D'S Damat mağazalarında Paraf POS'larından yapılacak alışverişlerde 6 aya varan taksit imkanı sunulacakt…;;;
turkiye-emlak-katilim--kampanya-paraf-ile-dysonda-9-aya-varan-taksit;turkiye-emlak-katilim;campaign_type;Konut Finansmanı;0.60;classifier;;Türkiye Emlak Katılım Bankası A.Ş. internet sitesini ziyaretiniz esnasında kullanılabilecek çerezler ve benzeri teknolojiler hakkında bilgi vermek amacıyla işbu Çerez Politikası'nı hazırlanmıştır. Ana sayfa Bireysel Kamp …;;;
turkiye-emlak-katilim--kampanya-paraf-ile-evideada-4-taksit-firsati;turkiye-emlak-katilim;campaign_type;Konut Finansmanı;0.60;classifier;;Türkiye Emlak Katılım Bankası A.Ş. internet sitesini ziyaretiniz esnasında kullanılabilecek çerezler ve benzeri teknolojiler hakkında bilgi vermek amacıyla işbu Çerez Politikası'nı hazırlanmıştır. Ana sayfa Bireysel Kamp …;;;
turkiye-emlak-katilim--kampanya-paraf-ile-evideada-4-taksit-firsati;turkiye-emlak-katilim;taksit_sayisi;4;0.85;rule_heuristic;;…gi vermek amacıyla işbu Çerez Politikası'nı hazırlanmıştır. Ana sayfa Bireysel Kampanyalar Kampanya Paraf ile Evidea'da [4 Taksit] Fırsatı! Paraf ile Evidea'da 4 Taksit Fırsatı! 31 Temmuz 2026 tarihine kadar Evidea web sitesi ve mağazalarında Paraf P…;;;
turkiye-emlak-katilim--kampanya-paraf-ile-hepsiburadada-pesin-fiyatina-9-aya-varan-taksit-firsati;turkiye-emlak-katilim;campaign_type;Konut Finansmanı;0.60;classifier;;Türkiye Emlak Katılım Bankası A.Ş. internet sitesini ziyaretiniz esnasında kullanılabilecek çerezler ve benzeri teknolojiler hakkında bilgi vermek amacıyla işbu Çerez Politikası'nı hazırlanmıştır. Ana sayfa Bireysel Kamp …;;;
turkiye-emlak-katilim--kampanya-paraf-ile-hepsiburadada-pesin-fiyatina-9-aya-varan-taksit-firsati;turkiye-emlak-katilim;taksit_sayisi;6;0.85;rule_heuristic;;…muz 2026 tarihine kadar www.hepsiburada.com ve mobil uygulamasından tek seferde yapılacak alışverişlerde vade farksız 3-[6 taksit] imkanı sunulacaktır. 100 TL altındaki alışverişlerde taksitlendirme yapılmaz. 100 TL – 1.000 TL arası alışverişlerde va…;;;
turkiye-emlak-katilim--kampanyalar-emlak-konut-asansor-emlak-katilim-isbirligi;turkiye-emlak-katilim;campaign_type;Konut Finansmanı;0.60;classifier;;Türkiye Emlak Katılım Bankası A.Ş. internet sitesini ziyaretiniz esnasında kullanılabilecek çerezler ve benzeri teknolojiler hakkında bilgi vermek amacıyla işbu Çerez Politikası'nı hazırlanmıştır. Emlak Konut Asansör – E …;;;
dunya-katilim--kampanyalar-n11;dunya-katilim;vade_ay;3;0.45;rule_heuristic;;…1'de Peşin Fiyatına 3 Taksit Fırsatı Dünya Katılım Paraf ile n11'de tek seferde yapılacak alışverişlerde peşin fiyatına [3 aya] varan taksit imkanı sunulmaktadır. Peşin fiyatına 3 taksit uygulaması sepet toplamı 2.000 TL ve üzeri siparişlerde geçe…;;;
dunya-katilim--kampanyalar-pazarama-paraf;dunya-katilim;vade_ay;6;0.45;rule_heuristic;;…rsatı! Dünya Katılım Paraf ile pazarama.com ve mobil uygulamasından tek seferde yapılacak alışverişlerde peşin fiyatına [6 aya] varan taksit imkanı sunulmaktadır. Kampanya kapsamında 600 TL ve üzeri alışverişlerde peşin fiyatına 2 taksit, 1.000 TL…;;;
dunya-katilim--kampanyalar-tod-paraf;dunya-katilim;vade_ay;3;0.45;rule_heuristic;;…9.01.2026 tarihleri arasında Dünya Katılım Paraf kredi kartı ile yapacağınız toplam 1.000 TL ve üzeri alışverişine özel [3 aylık] TOD Trendyol Süperlig Paketi üyeliği hediye! 01.01.2026 - 29.01.2026 tarihleri arasında Dünya Katılım Paraf kredi kartı…;;;
dunya-katilim--kampanyalar-tod-paraf;dunya-katilim;kampanya_suresi;2026-01-01;0.45;rule_heuristic;;Anasayfa Kampanyalar TOD Paraf Paraf Kart'la alışverişe başla, TOD ayrıcalığını ücretsiz yaşa! [01.01.2026] - 29.01.2026 tarihleri arasında Dünya Katılım Paraf kredi kartı ile yapacağınız toplam 1.000 TL ve üzeri alışverişine ö…;;;
dunya-katilim--kampanyalar-touristica;dunya-katilim;vade_ay;3;0.45;rule_heuristic;;…. İlgili yasal düzenlemelere istinaden Kuzey Kıbrıs Türk Cumhuriyeti'ne ilişkin harcamalarda taksitlendirme sürelerinin [3 ay] olarak uygulanmaktadır, yurt dışına yönelik harcamalarda taksitlendirme yapılamamaktadır. Kampanyadan Dünya Katılım Par…;;;
hayat-finans--kampanyalar-hayatfinansla-islem-yaptikca-kazan;hayat-finans;finansman_tutari;"{""currency"": ""TRY"", ""value"": 10.0}";0.40;rule_heuristic;;…sinde en fazla 10 adet işlem için maksimum 100 TL kazanabilirsiniz. Bir işlem için kazanılabilecek ödül tutarı en fazla [10 TL] 'dir. Koşulların sağlanması halinde ödül, ertesi gün Hayat Pay cüzdanına yatırılır. Koşullar Sadece EFT/FAST ile gelen …;;;
kuveyt-turk--isim-icin-kart-kampanyalari;kuveyt-turk;vade_ay;5;0.45;rule_heuristic;;… Kuveyt Türk Business Kart ile yıl sonuna kadar her ay yapacağınız 2.000 TL ve üzeri akaryakıt harcamalarınızda ekstra %[5, aylık] 2.000 Mil'e varan kazanç sizi bekliyor! Kampanyayı Keşfet Kampanya Aralığı: 25 Haziran 2026 - 31 Aralık 2026 E-Ticaret …;;;
kuveyt-turk--kampanya-arsivi-1-aylik-tod-taraftar-paketi-ucretsiz;kuveyt-turk;vade_ay;1;0.45;rule_heuristic;;"Ana Sayfa Kampanyalar Kampanya Arşivi [1 Aylık] TOD Taraftar Paketi Ücretsiz! ""KTOD2026"" Davet Koduyla Müşteri Olanlara, 1 Aylık TOD Taraftar Paketi Ücretsiz! Kampanya…";;;
tom-katilim--urunlerimiz;tom-katilim;kampanya_suresi;2026-01-15;0.45;rule_heuristic;;… var! Sen de tüm dünyada geçerli kredi kartına sahip olmak için HADİ'yi indir, anında başvur! Detaylı bilgi için tıkla. [15 Ocak 2026] itibarıyla, tek seferde yapılabilecek maksimum temassız işlem limiti 1.500 TL'den 2.500 TL'ye yükseltilmiştir. Kredi ka…;;;
turkiye-emlak-katilim--kampanya-metatechtrde-pesin-fiyatina-9-aya-varan-taksit-ve-6000-tlye-varan-paraf;turkiye-emlak-katilim;vade_ay;9;0.45;rule_heuristic;;… amacıyla işbu Çerez Politikası'nı hazırlanmıştır. Ana sayfa Bireysel Kampanyalar Kampanya Metatechtr'de Peşin Fiyatına [9 aya] varan taksit ve 6.000 TL'ye varan ParafPara! Metatechtr'de Peşin Fiyatına 9 aya varan taksit ve 6.000 TL'ye varan Paraf…;;;
turkiye-emlak-katilim--kampanya-paraf-ile-caspercomtrde-pesin-fiyatina-6-taksit-firsati;turkiye-emlak-katilim;vade_ay;12;0.45;rule_heuristic;;"…ile gerçekleştirilecek mal ve hizmet alımları ile nakit çekimlerinde taksitlendirme süresi bireysel kredi kartları için [12 ayı], kurumsal/ticari kredi kartları için ise 18 ayı geçemez. Bu süre bireysel kredi kartları ile yapılan; basılı ve külçe h…";;;
turkiye-emlak-katilim--kampanya-paraf-ile-damat-tweende-6-aya-varan-taksit-firsati;turkiye-emlak-katilim;vade_ay;6;0.45;rule_heuristic;;…rmek amacıyla işbu Çerez Politikası'nı hazırlanmıştır. Ana sayfa Bireysel Kampanyalar Kampanya Paraf ile Damat Tween'de [6 Aya] Varan Taksit Fırsatı! Paraf ile Damat Tween'de 6 Aya Varan Taksit Fırsatı! 31 Aralık 2026 tarihine kadar Damat Tween ma…;;;
turkiye-emlak-katilim--kampanya-paraf-ile-ds-damatta-6-aya-varan-taksit-firsati;turkiye-emlak-katilim;vade_ay;6;0.45;rule_heuristic;;…vermek amacıyla işbu Çerez Politikası'nı hazırlanmıştır. Ana sayfa Bireysel Kampanyalar Kampanya Paraf ile D'S Damat'ta [6 Aya] Varan Taksit Fırsatı! Paraf ile D'S Damat'ta 6 Aya Varan Taksit Fırsatı! 30 Haziran 2026 tarihine kadar D'S Damat mağaz…;;;
turkiye-emlak-katilim--kampanya-paraf-ile-dysonda-9-aya-varan-taksit;turkiye-emlak-katilim;vade_ay;9;0.45;rule_heuristic;;…lgi vermek amacıyla işbu Çerez Politikası'nı hazırlanmıştır. Ana sayfa Bireysel Kampanyalar Kampanya Paraf ile Dyson'da [9 Aya] Varan Taksit! Paraf ile Dyson'da 9 Aya Varan Taksit! 31 Temmuz 2026 tarihine kadar www.dyson.com.tr 'den peşin fiyatına…;;;
turkiye-emlak-katilim--kampanya-paraf-ile-hepsiburadada-pesin-fiyatina-9-aya-varan-taksit-firsati;turkiye-emlak-katilim;vade_ay;9;0.45;rule_heuristic;;…ar Kampanya Paraf ile Hepsiburada'da Peşin Fiyatına 9 Aya Varan Taksit Fırsatı! Paraf ile Hepsiburada'da Peşin Fiyatına [9 Aya] Varan Taksit Fırsatı! 13 Temmuz 2026 tarihine kadar www.hepsiburada.com ve mobil uygulamasından tek seferde yapılacak a…;;;
dunya-katilim--kampanyalar-minycenter;dunya-katilim;masraf_durumu;"{""amount"": 0.0, ""has_fee"": false}";0.95;rule_heuristic;;… adresi, telefon ve faks numarası d) talep konusu bulunmalıdır. Talebiniz en kısa sürede ve en geç otuz (30) gün içinde [ücretsiz] olarak sonuçlandırılmaktadır. Başvurunuza yönelik işlemlerin ayrı bir maliyeti gerektirmesi hâlinde, Kurul tarafından b…;;;
dunya-katilim--kampanyalar-minycenter;dunya-katilim;kampanya_kosullari;"[""4 taksitten yararlanabilmek için kampanyanın satış görevlisine belirtilmesi gerekmektedir."", ""Dünya Katılım Bankası A.Ş. kampanya koşullarının tamamında değişiklik yapma ve/veya kampanyayı durdurma hakkını saklı tutar.""]";0.95;rule_heuristic;;… Sanal kartlar kampanyaya dahildir. ParafPara kullanılarak yapılan işlemler ile iptal ve iade işlemleri dahil değildir. [4 taksitten yararlanabilmek için kampanyanın satış görevlisine belirtilmesi gerekmektedir.] minycenter.com.tr web sitesinden yapılacak işlemler kampanyaya dahil değildir. Dünya Katılım Bankası A.Ş. kampanya koşu…;;;
dunya-katilim--kampanyalar-n11;dunya-katilim;masraf_durumu;"{""amount"": 0.0, ""has_fee"": false}";0.95;rule_heuristic;;… adresi, telefon ve faks numarası d) talep konusu bulunmalıdır. Talebiniz en kısa sürede ve en geç otuz (30) gün içinde [ücretsiz] olarak sonuçlandırılmaktadır. Başvurunuza yönelik işlemlerin ayrı bir maliyeti gerektirmesi hâlinde, Kurul tarafından b…;;;
dunya-katilim--kampanyalar-n11;dunya-katilim;kampanya_kosullari;"[""n11 belirli kategorilerde yer alan ürünleri peşin fiyatına taksit uygulamasından hariç tutabilir."", ""Kampanyadan faydalanmak için ödeme esnasında ilgili taksitlerin seçilmesi gerekmektedir."", ""Taksitler, Bankacılık Düzenleme ve Denetleme Kurulu tarafından taksit kısıtı kapsamında yer almayan ürünler için geçerlidir."", ""Dünya Katılım Bankası A.Ş. kampanya koşullarının tamamında değişiklik yapma ve/veya kampanyayı durdurma hakkını saklı tutar.""]";0.95;rule_heuristic;;…aksit imkanı sunulmaktadır. Peşin fiyatına 3 taksit uygulaması sepet toplamı 2.000 TL ve üzeri siparişlerde geçerlidir. [n11 belirli kategorilerde yer alan ürünleri peşin fiyatına taksit uygulamasından hariç tutabilir.] Kampanyadan faydalanmak için ödeme esnasında ilgili taksitlerin seçilmesi gerekmektedir. Kampanyaya ilişkin geriye dönü…;;;
dunya-katilim--kampanyalar-pazarama-paraf;dunya-katilim;masraf_durumu;"{""amount"": 0.0, ""has_fee"": false}";0.95;rule_heuristic;;… adresi, telefon ve faks numarası d) talep konusu bulunmalıdır. Talebiniz en kısa sürede ve en geç otuz (30) gün içinde [ücretsiz] olarak sonuçlandırılmaktadır. Başvurunuza yönelik işlemlerin ayrı bir maliyeti gerektirmesi hâlinde, Kurul tarafından b…;;;
dunya-katilim--kampanyalar-pazarama-paraf;dunya-katilim;kampanya_kosullari;"[""Kampanyadan faydalanmak için ödeme esnasında ilgili taksitlerin seçilmesi gerekmektedir."", ""Dünya Katılım Bankası A.Ş. ve Pazarama kampanya koşullarının tamamında değişiklik yapma ve/veya kampanyayı durdurma hakkını saklı tutar.""]";0.95;rule_heuristic;;…işlerde peşin fiyatına 3 taksit, 6.000 TL ve üzeri alışverişlerde peşin fiyatına 6 taksit fırsatından yararlanılabilir. [Kampanyadan faydalanmak için ödeme esnasında ilgili taksitlerin seçilmesi gerekmektedir.] Kampanyaya ilişkin geriye dönük yararlandırma ve değişiklik yapılmayacaktır. Kampanya Paraf POS'undan yapılan işlemlerd…;;;
dunya-katilim--kampanyalar-tahsile-cek;dunya-katilim;masraf_durumu;"{""amount"": 0.0, ""has_fee"": false}";0.95;rule_heuristic;;… adresi, telefon ve faks numarası d) talep konusu bulunmalıdır. Talebiniz en kısa sürede ve en geç otuz (30) gün içinde [ücretsiz] olarak sonuçlandırılmaktadır. Başvurunuza yönelik işlemlerin ayrı bir maliyeti gerektirmesi hâlinde, Kurul tarafından b…;;;
dunya-katilim--kampanyalar-tahsile-cek;dunya-katilim;hedef_kitle;"[""yeni_musteri""]";0.95;rule_heuristic;;… için bankamızın şubelerini ziyaret edebilir ya da dijital kanallarımız aracılığıyla bizlerle iletişime geçebilirsiniz. [Yeni Müşteri] Kampanyaları Bitiş Tarihi: - Paylaş Diğer Kampanyalar Tüm site ziyaretçilerimizi daha iyi tanımak, sitemizdeki kullanıc…;;;
dunya-katilim--kampanyalar-tod-paraf;dunya-katilim;masraf_durumu;"{""amount"": 0.0, ""has_fee"": false}";0.95;rule_heuristic;;Anasayfa Kampanyalar TOD Paraf Paraf Kart'la alışverişe başla, TOD ayrıcalığını [ücretsiz] yaşa! 01.01.2026 - 29.01.2026 tarihleri arasında Dünya Katılım Paraf kredi kartı ile yapacağınız toplam 1.000 TL ve üze…;;;
dunya-katilim--kampanyalar-tod-paraf;dunya-katilim;kampanya_kosullari;"[""Kampanya Şartları; Kampanya, 01.01.2026 - 29.01.2026 tarihleri arasında geçerlidir."", ""Kampanya bireysel müşterilerimiz için geçerlidir."", ""Kampanyadan faydalanılabilmesi için kampanyanın başlamasından itibaren Paraf kredi kartı ile 01.01.2026-29.01.2026 tarihleri arasında toplam 1.000 TL ve üzeri harcama yapılması gereklidir."", ""Kampanya şartlarının yerine getirilmesi durumunda 3 aylık ücretsiz TOD Trendyol Süperlig üyelik kodu en fazla 1 hafta içerisinde SMS yoluyla iletilecektir."", ""Kampanya ödülünden faydalanabilmek için SMS ile gönderilen TOD kodu ile TOD platformuna üye olunması gerekmektedir."", ""Dünya Katılım Bankası, kampanya süresi boyunca dilediği zaman kampanyayı sonlandırma ve kampanya şartlarını değiştirme hakkını saklı tutar.""]";0.95;rule_heuristic;;"…i kartı ile yapacağınız toplam 1.000 TL ve üzeri alışverişine özel 3 aylık TOD Trendyol Süperlig Paketi üyeliği hediye! [Kampanya Şartları; Kampanya, 01.01.2026 - 29.01.2026 tarihleri arasında geçerlidir.] Kampanya bireysel müşterilerimiz için geçerlidir. Kampanyadan 29.01.2026 tarihinden önce Dünya Katılım Paraf kredi kart…";;;
dunya-katilim--kampanyalar-touristica;dunya-katilim;masraf_durumu;"{""amount"": 0.0, ""has_fee"": false}";0.95;rule_heuristic;;… adresi, telefon ve faks numarası d) talep konusu bulunmalıdır. Talebiniz en kısa sürede ve en geç otuz (30) gün içinde [ücretsiz] olarak sonuçlandırılmaktadır. Başvurunuza yönelik işlemlerin ayrı bir maliyeti gerektirmesi hâlinde, Kurul tarafından b…;;;
dunya-katilim--kampanyalar-touristica;dunya-katilim;kampanya_kosullari;"[""Taksit sayısı otel bazında değişiklik gösterebilmektedir, işlem tamamlanmadan önce taksit sayısının seçilmesi gerekmektedir."", ""DÜNYA KATILIM BANKASI A.Ş. ve TOURAMA TOURİSM SEYAHAT VE TİCARET A.Ş. kampanya koşullarının tamamında değişiklik yapma ve/veya kampanyayı durdurma hakkını saklı tutar.""]";0.95;rule_heuristic;;…tı! Dünya Katılım Paraf ile www.touristica.com.tr mağazalarından yapılacak alışverişlerde 9 taksit imkanı sunulacaktır. [Taksit sayısı otel bazında değişiklik gösterebilmektedir, işlem tamamlanmadan önce taksit sayısının seçilmesi gerekmektedir.] İlgili yasal düzenlemelere istinaden Kuzey Kıbrıs Türk Cumhuriyeti'ne ilişkin harcamalarda taksitlendirme sürelerinin 3…;;;
dunya-katilim--kampanyalar-twist;dunya-katilim;masraf_durumu;"{""amount"": 0.0, ""has_fee"": false}";0.95;rule_heuristic;;… adresi, telefon ve faks numarası d) talep konusu bulunmalıdır. Talebiniz en kısa sürede ve en geç otuz (30) gün içinde [ücretsiz] olarak sonuçlandırılmaktadır. Başvurunuza yönelik işlemlerin ayrı bir maliyeti gerektirmesi hâlinde, Kurul tarafından b…;;;
dunya-katilim--kampanyalar-twist;dunya-katilim;kampanya_kosullari;"[""Mağazalardan yapılacak alışverişlerde 4 taksitten yararlanabilmek için kampanyanın satış görevlisine belirtilmesi gerekmektedir."", ""Dünya Katılım Bankası A.Ş. kampanya koşullarının tamamında değişiklik yapma ve/veya kampanyayı durdurma hakkını saklı tutar.""]";0.95;rule_heuristic;;… Sanal kartlar kampanyaya dahildir. ParafPara kullanılarak yapılan işlemler ile iptal ve iade işlemleri dahil değildir. [Mağazalardan yapılacak alışverişlerde 4 taksitten yararlanabilmek için kampanyanın satış görevlisine belirtilmesi gerekmektedir.] Dünya Katılım Bankası A.Ş. kampanya koşullarının tamamında değişiklik yapma ve/veya kampanyayı durdurma hakkını saklı t…;;;
dunya-katilim--kampanyalar-vaillant;dunya-katilim;masraf_durumu;"{""amount"": 0.0, ""has_fee"": false}";0.95;rule_heuristic;;… adresi, telefon ve faks numarası d) talep konusu bulunmalıdır. Talebiniz en kısa sürede ve en geç otuz (30) gün içinde [ücretsiz] olarak sonuçlandırılmaktadır. Başvurunuza yönelik işlemlerin ayrı bir maliyeti gerektirmesi hâlinde, Kurul tarafından b…;;;
dunya-katilim--kampanyalar-vaillant;dunya-katilim;kampanya_kosullari;"[""Kampanyaya sadece Vaillant'ın kendi POS'undan gerçekleşen işlemler dahildir."", ""Taksit kampanyasından yararlanabilmek için işlem anında satış görevlisine taksit sayısının iletilmesi gerekmektedir."", ""Dünya Katılım Bankası A.Ş. kampanya koşullarının tamamında değişiklik yapma ve/veya kampanyayı durdurma hakkını saklı tutar.""]";0.95;rule_heuristic;;…e Paraf üyesi Vaillant sanal Pos'u üzerinden gerçekleşen işlemlere vade farksız 9 aya varan taksit imkanı sunulacaktır. [Kampanyaya sadece Vaillant'ın kendi POS'undan gerçekleşen işlemler dahildir.] Bayi POS'undan gerçekleşen işlemler dahil değildir. Taksit kampanyasından yararlanabilmek için işlem anında satış görev…;;;
dunya-katilim--kampanyalar-vakko;dunya-katilim;masraf_durumu;"{""amount"": 0.0, ""has_fee"": false}";0.95;rule_heuristic;;… adresi, telefon ve faks numarası d) talep konusu bulunmalıdır. Talebiniz en kısa sürede ve en geç otuz (30) gün içinde [ücretsiz] olarak sonuçlandırılmaktadır. Başvurunuza yönelik işlemlerin ayrı bir maliyeti gerektirmesi hâlinde, Kurul tarafından b…;;;
dunya-katilim--kampanyalar-vakko;dunya-katilim;kampanya_kosullari;"[""Mağazalardan yapılacak alışverişlerde 4 taksitten yararlanabilmek için kampanyanın satış görevlisine belirtilmesi gerekmektedir."", ""Dünya Katılım Bankası A.Ş. kampanya koşullarının tamamında değişiklik yapma ve/veya kampanyayı durdurma hakkını saklı tutar.""]";0.95;rule_heuristic;;… Sanal kartlar kampanyaya dahildir. ParafPara kullanılarak yapılan işlemler ile iptal ve iade işlemleri dahil değildir. [Mağazalardan yapılacak alışverişlerde 4 taksitten yararlanabilmek için kampanyanın satış görevlisine belirtilmesi gerekmektedir.] Dünya Katılım Bankası A.Ş. kampanya koşullarının tamamında değişiklik yapma ve/veya kampanyayı durdurma hakkını saklı t…;;;
hayat-finans--finansmanlar-bana-bunu-al-is-ortagim;hayat-finans;vade_ay;24;0.95;rule_heuristic;;… mağazanızdan çıkmadan kısa süre içerisinde başvurunuzun sonucunu öğrenebilir, Kredilerinizi* avantajlı kâr oranları ve [24 aya] varan vadeler ile size en uygun ödeme planını seçerek kredinizi kullanabilir, Beyaz eşyadan mobilyaya, teknoloji harcam…;;;
hayat-finans--finansmanlar-bana-bunu-al-is-ortagim;hayat-finans;kampanya_kosullari;"[""Kredi* (finansman) taksit ödemelerinizi sadece Hayat Finans Mobil uygulamamız üzerinden gerçekleştirebilirsiniz.""]";0.95;rule_heuristic;;… Bana Bunu Al İş Ortağım platformundan kredi başvurusu yapmak için Bankamız müşterisi olunmasına gerek bulunmamaktadır. [Kredi* (finansman) taksit ödemelerinizi sadece Hayat Finans Mobil uygulamamız üzerinden gerçekleştirebilirsiniz.] Satın alınan ürünün sipariş, teslimat, iptal ve iade işlemlerinde yaşanabilecek sorunlardan Hayat Finans sorumlu değild…;;;
hayat-finans--kampanyalar;hayat-finans;odul_miktari;"{""currency"": ""TRY"", ""value"": 1000.0}";0.95;rule_heuristic;;…bı Birikimin Büyüsün, Avantajın Bitmesin! Yatırım Gümüş İşlemleri Hayat FX'te Biz Kart Biz Kart ile Yemek Harcamalarına [1.000 TL]'ye Varan Nakit İade! Teknoloji Troy Mağazalarında Finansman Avantajı! Teknoloji Xiaomi ürünlerinde Finansman Avantajı G…;;;
hayat-finans--kampanyalar-bana-bunu-al-is-ortagim-ile-troy-magaza-firsatlari;hayat-finans;finansman_tutari;"{""currency"": ""TRY"", ""value"": 80000.0}";0.95;rule_heuristic;;…Kampanya 31 Temmuz 2026 tarihine kadar geçerlidir. Kampanya sadece fiziksel mağazalarda geçerlidir. Kampanya üst limiti [80.000TL]'dir. Satın alınan ürünün sipariş, teslimat, iptal ve iade işlemlerinde yaşanabilecek sorunlardan Hayat Finans sorumlu d…;;;
hayat-finans--kampanyalar-bana-bunu-al-is-ortagim-ile-troy-magaza-firsatlari;hayat-finans;kampanya_suresi;2026-07-31;0.95;rule_heuristic;;… Finanslılara özel Troy mağazalarında 3 aya varan taksit fırsatı Bana Bunu Al İş Ortağımda! Kampanya Koşulları Kampanya [31 Temmuz 2026] tarihine kadar geçerlidir. Kampanya sadece fiziksel mağazalarda geçerlidir. Kampanya üst limiti 80.000TL'dir. Satın alı…;;;
hayat-finans--kampanyalar-bana-bunu-al-is-ortagim-ile-troy-magaza-firsatlari;hayat-finans;kampanya_kosullari;"[""Kampanya Koşulları Kampanya 31 Temmuz 2026 tarihine kadar geçerlidir."", ""Kampanya sadece fiziksel mağazalarda geçerlidir."", ""Hayat Finans kampanyayı dilediği zaman durdurma ve/veya kampanya koşullarını değiştirme yetkisine sahiptir.""]";0.95;rule_heuristic;;…nda Finansman Fırsatı! Hayat Finanslılara özel Troy mağazalarında 3 aya varan taksit fırsatı Bana Bunu Al İş Ortağımda! [Kampanya Koşulları Kampanya 31 Temmuz 2026 tarihine kadar geçerlidir.] Kampanya sadece fiziksel mağazalarda geçerlidir. Kampanya üst limiti 80.000TL'dir. Satın alınan ürünün sipariş, teslima…;;;
hayat-finans--kampanyalar-biz-kart-dijital-uyelikler-kampanyasi;hayat-finans;finansman_tutari;"{""currency"": ""TRY"", ""value"": 300.0}";0.95;rule_heuristic;;…adır, her iki karttan yapılacak dijital üyelik ödemeleri kapsamınca kazanılabilecek maksimum nakit ödül tutarı toplamda [300 TL]'dir. Harcamalar yalnızca ilgili platformların resmî web sitesi veya mobil uygulamaları üzerinden Hayat Finans banka vey…;;;
hayat-finans--kampanyalar-biz-kart-dijital-uyelikler-kampanyasi;hayat-finans;kampanya_suresi;2026-07-31;0.95;rule_heuristic;;Biz Kart ile Dijital Üyeliklerde %75 Nakit İade Fırsatı! Kampanya Dönemi: 16 Haziran - [31 Temmuz 2026] Kampanya Koşulları Kampanya Hayat Finans bireysel müşterileri için geçerlidir. Kampanyadan yararlanabilmek için Hayat F…;;;
hayat-finans--kampanyalar-biz-kart-dijital-uyelikler-kampanyasi;hayat-finans;kampanya_kosullari;"[""Kampanya Dönemi: 16 Haziran - 31 Temmuz 2026 Kampanya Koşulları Kampanya Hayat Finans bireysel müşterileri için geçerlidir."", ""Kampanyadan yararlanabilmek için Hayat Finans banka kartına sahip olmanız ve yakınınıza en az 1 adet Biz Kart tanımlamış olmanız gerekmektedir."", ""Hayat Finans Mobil Uygulaması > Tüm işlemler > Kartlar > Biz Kart Başvurusu Hayat Finans Mobil Kampanyadan yararlanabilmek için Hayat Finans Banka Kartınızın \""yurt dışı işlemleri ve şifresiz internet alışverişine\"" açık olması gerekmektedir."", ""Yakınlarınıza tanımladığınız Biz Kart'lar ile ödeme yapılmasını isterseniz \""yurt dışı işlemleri ve şifresiz internet alışverişine\"" açık olması gerekmektedir."", ""Harcamalar yalnızca ilgili platformların resmî web sitesi veya mobil uygulamaları üzerinden Hayat Finans banka veya yakınınıza tanımladınız Biz Kart'lar ile yapılmalıdır."", ""Dijital platformlardaki üyelik koşulları ve fiyatlamalar, ilgili firmaların sorumluluğundadır."", ""Hayat Finans, kampanya süresince bu koşullardaki değişikliklerden sorumlu değildir."", ""Hayat Finans, kampanya koşullarını değiştirme veya kampanyayı sonlandırma hakkını saklı tutar.""]";0.95;rule_heuristic;;Biz Kart ile Dijital Üyeliklerde %75 Nakit İade Fırsatı! [Kampanya Dönemi: 16 Haziran - 31 Temmuz 2026 Kampanya Koşulları Kampanya Hayat Finans bireysel müşterileri için geçerlidir.] Kampanyadan yararlanabilmek için Hayat Finans banka kartına sahip olmanız ve yakınınıza en az 1 adet Biz Kart tanımlamı…;;;
hayat-finans--kampanyalar-biz-kart-ile-arkadasini-getir-kazan;hayat-finans;odul_miktari;"{""currency"": ""TRY"", ""value"": 500.0}";0.95;rule_heuristic;;…ri toplamının 1.000 TL ve üzeri olması durumunda, 500 TL nakit ödül kazanır. Kampanya koşulları sağlandığında kazanılan [500 TL] tutarındaki nakit ödül, Biz Kart tanımlandıktan 7 gün sonra (8. Gün) hesaba yatırılır. Nakit ödülün yatırılması için ne…;;;
hayat-finans--kampanyalar-biz-kart-ile-arkadasini-getir-kazan;hayat-finans;kampanya_suresi;2026-07-31;0.95;rule_heuristic;;Biz Kart Arkadaşını Getir & Kazan Hayat Finans Mobil Kampanya Dönemi: 16 Haziran - [31 Temmuz 2026] Kampanya Koşulları 1. Bu kampanya Hayat Finans bireysel müşterileri için geçerlidir. 2. Hayat Finans müşterisi olan kiş…;;;
hayat-finans--kampanyalar-biz-kart-ile-arkadasini-getir-kazan;hayat-finans;kampanya_kosullari;"[""Biz Kart Arkadaşını Getir & Kazan Hayat Finans Mobil Kampanya Dönemi: 16 Haziran - 31 Temmuz 2026 Kampanya Koşulları 1."", ""Bu kampanya Hayat Finans bireysel müşterileri için geçerlidir."", ""Davet edilen müşteri, birden fazla Biz Kart başvurusu yapsa dahi davet eden kişi, davet edilen kişinin yapmış olduğu yalnızca ilk Biz Kart başvurusundan nakit ödül kazanımı sağlayabilir."", ""Davet eden kişi, davet ettiği kişinin kampanya koşullarını sağlaması halinde kişi başı maksimum 500 TL, toplamda 50 kişi için maksimum 25.000 TL nakit ödül kazanabilir."", ""Kampanya koşulları sağlandığında kazanılan 500 TL tutarındaki nakit ödül, Biz Kart tanımlandıktan 7 gün sonra (8."", ""Nakit ödülün yatırılması için net para transferi tutarının 7.günün sonunda * 1.000 TL ve üstü olması gerekmektedir. *Net ParaTransferi Tutarı = Biz Kartın tanımlandığı tarihten itibaren 7 gün boyunca Biz Kartın bağlı olduğu cari hesaba gelen toplam para transfer tutarı (EFT/FAST/Havale yoluyla) – Biz Kartın bağlı olduğu cari hesaptan giden toplam para transfer tutar(EFT/FAST/Havale yoluyla) 7."", ""Her Biz Kart için 1000 TL ve üzeri net para transfer koşulu 6."", ""Çocuklarınıza verdiğiniz Biz Kart'ın kampanya süresi boyunca aktif olması gerekmektedir.""]";0.95;rule_heuristic;;[Biz Kart Arkadaşını Getir & Kazan Hayat Finans Mobil Kampanya Dönemi: 16 Haziran - 31 Temmuz 2026 Kampanya Koşulları 1.] Bu kampanya Hayat Finans bireysel müşterileri için geçerlidir. 2. Hayat Finans müşterisi olan kişiler Hayat Finans Mobi…;;;
hayat-finans--kampanyalar-biz-kart-yemek-harcamasi-nakit-iade-kampanyasi;hayat-finans;odul_miktari;"{""currency"": ""TRY"", ""value"": 1000.0}";0.95;rule_heuristic;;Biz Kart ile Yemek Harcamalarına [1.000 TL]'ye Varan Nakit İade! Yakınlarınıza verdiğiniz Biz Kart ile yemek sektöründe yapılan harcamaların %10'una kadar nakit ia…;;;
hayat-finans--kampanyalar-biz-kart-yemek-harcamasi-nakit-iade-kampanyasi;hayat-finans;kampanya_kosullari;"[""Bu kampanya Hayat Finans bireysel müşterileri için geçerlidir."", ""Kampanya Tüm işlemler > Kartlar > Tüm Kartlarım > \""Biz Kart\"" alanındaki yakınlarınıza verdiğiniz kartlar için geçerlidir."", ""Kampanya Mevcut veya Yeni müşterilerimiz içerisinde Biz Kart sahibi olan müşterilerimiz için geçerlidir."", ""Sadece Hayat Finans Biz Kart veya Biz Kart QR ile yapılan harcamalar kampanyaya dahildir."", ""Kampanya sadece yurtiçinde yapılan işlemler için geçerlidir."", ""Hayat Finans kampanya koşullarında değişiklik yapma veya kampanyayı sonlandırma hakkını saklı tutar.""]";0.95;rule_heuristic;;"…bil Uygulama Tüm İşlemler> Kartlar> Biz Kart Başvurusu adımlarını takip ederek başvurunuzu hızlıca tamamlayabilirsiniz. [Bu kampanya Hayat Finans bireysel müşterileri için geçerlidir.] Kampanya Tüm işlemler > Kartlar > Tüm Kartlarım > ""Biz Kart"" alanındaki yakınlarınıza verdiğiniz kartlar için geçerlidi…";;;
hayat-finans--kampanyalar-biz-kart-yemek-harcamasi-nakit-iade-kampanyasi;hayat-finans;hedef_kitle;"[""yeni_musteri""]";0.95;rule_heuristic;;…ın %10'u, günlük en fazla 100 TL, aylık en fazla 1.000 TL'ye kadar nakit iade hakkı kazanılabilir. Kampanya Mevcut veya [Yeni müşteri]lerimiz içerisinde Biz Kart sahibi olan müşterilerimiz için geçerlidir. Sadece Hayat Finans Biz Kart veya Biz Kart QR il…;;;
hayat-finans--kampanyalar-hayatfinansla-islem-yaptikca-kazan;hayat-finans;masraf_durumu;"{""amount"": 0.0, ""has_fee"": false}";0.95;rule_heuristic;;Hayat Finans'la İşlem Yaptıkça Kazan! [Masraf] yok, kazanç var: Hayat'la Kazan Bankacılık işlemlerinizi kazanca dönüştürün. Günlük bankacılık işlemlerinizi Hayat Fina…;;;
hayat-finans--kampanyalar-hayatfinansla-islem-yaptikca-kazan;hayat-finans;odul_miktari;"{""currency"": ""TRY"", ""value"": 1.0}";0.95;rule_heuristic;;…rinde nakit ödül kazanırsınız. Ödül İşlem tutarının 0.1%'i kadar nakit ödül kazanılır. Örneğin her 1.000 TL'lik işlemde [1 TL] kazanırsınız. Hesabınıza gelen para transferlerinden bir takvim ayı içerisinde en fazla 10 adet işlem için maksimum 100…;;;
hayat-finans--kampanyalar-hayatfinansla-islem-yaptikca-kazan;hayat-finans;kampanya_kosullari;"[""Koşulların sağlanması halinde ödül, ertesi gün Hayat Pay cüzdanına yatırılır."", ""Koşullar Sadece EFT/FAST ile gelen transferler kampanya kapsamındadır."", ""Koşulların sağlanması halinde, ödül fatura ödendikten sonra aynı gün içinde Hayat Pay cüzdanınıza yatırılır."", ""Koşullar Bankamızın anlaşmalı olduğu tüm fatura kurumlarından yapılacak ödemeler kampanyaya dahildir."", ""Koşullar TL döviz çiftlerinde, gerçekleşen işlemin TL tutarına göre nakit iade kazanılır."", ""Çapraz kurlarda, alınan dövizin gün içi banka alış kuruna göre TL cinsinden nakit iade kazanılır. 🛍️ Banka Kart Harcamaları Belirlenen koşullarda yaptığınız harcamalardan nakit ödül kazanırsınız."", ""Koşullar Sadece Hayat Finans Banka Kartı veya QR ile yapılan harcamalar kampanya dahildir."", ""Koşulların sağlanması halinde ödül, başvurudan 30 gün sonra Hayat Pay cüzdanına yatırılır.""]";0.95;rule_heuristic;;…la 10 adet işlem için maksimum 100 TL kazanabilirsiniz. Bir işlem için kazanılabilecek ödül tutarı en fazla 10 TL 'dir. [Koşulların sağlanması halinde ödül, ertesi gün Hayat Pay cüzdanına yatırılır.] Koşullar Sadece EFT/FAST ile gelen transferler kampanya kapsamındadır. Banka içi havale/Hayat Finans hesaplarınız arası…;;;
hayat-finans--kampanyalar-hayatfinansla-islem-yaptikca-kazan;hayat-finans;hedef_kitle;"[""yeni_musteri""]";0.95;rule_heuristic;;… küçükse fatura tutarı kadar nakit ödül kazanılır. Otomatik ödeme talimatı verilen faturanın, Hayat Finans hesabınızdan [ilk kez] otomatik olarak ödenmesi durumunda ilk ödemeye özel 100 TL nakit ödül kazanılır. Fatura tutarının 100 TL'den düşük olma…;;;
hayat-finans--kampanyalar-xiaomi-urunlerinde-finansman-avantaji;hayat-finans;finansman_tutari;"{""currency"": ""TRY"", ""value"": 40000.0}";0.95;rule_heuristic;;…Kampanya 31 Temmuz 2026 tarihine kadar geçerlidir. Kampanya sadece fiziksel mağazalarda geçerlidir. Kampanya üst limiti [40.000TL]'dir. Satın alınan ürünün sipariş, teslimat, iptal ve iade işlemlerinde yaşanabilecek sorunlardan Hayat Finans sorumlu d…;;;
hayat-finans--kampanyalar-xiaomi-urunlerinde-finansman-avantaji;hayat-finans;kampanya_suresi;2026-07-31;0.95;rule_heuristic;;…inanslılara özel Xiaomi mağazalarında 3 aya varan taksit fırsatı Bana Bunu Al İş Ortağımda! Kampanya Koşulları Kampanya [31 Temmuz 2026] tarihine kadar geçerlidir. Kampanya sadece fiziksel mağazalarda geçerlidir. Kampanya üst limiti 40.000TL'dir. Satın alı…;;;
hayat-finans--kampanyalar-xiaomi-urunlerinde-finansman-avantaji;hayat-finans;kampanya_kosullari;"[""Kampanya Koşulları Kampanya 31 Temmuz 2026 tarihine kadar geçerlidir."", ""Kampanya sadece fiziksel mağazalarda geçerlidir."", ""Hayat Finans kampanyayı dilediği zaman durdurma ve/veya kampanya koşullarını değiştirme yetkisine sahiptir.""]";0.95;rule_heuristic;;…e Finansman Avantajı Hayat Finanslılara özel Xiaomi mağazalarında 3 aya varan taksit fırsatı Bana Bunu Al İş Ortağımda! [Kampanya Koşulları Kampanya 31 Temmuz 2026 tarihine kadar geçerlidir.] Kampanya sadece fiziksel mağazalarda geçerlidir. Kampanya üst limiti 40.000TL'dir. Satın alınan ürünün sipariş, teslima…;;;
kuveyt-turk--isim-icin-kart-kampanyalari;kuveyt-turk;finansman_tutari;"{""currency"": ""TRY"", ""value"": 200.0}";0.95;rule_heuristic;;… 1 Temmuz 2026 - 31 Temmuz 2026 MTV Ödemelerinizde Vade Farksız 3 Taksit Fırsatı! Kuveyt Türk Tüzel Kredi Kartlarınızla [200 TL] ve üzeri Motorlu Taşıtlar Vergisi (MTV) ödemelerinizi 31 Temmuz 2026'ya kadar vade farksız 3 taksitle ödeyin. Kampanyay…;;;
kuveyt-turk--isim-icin-kart-kampanyalari;kuveyt-turk;odul_miktari;"{""currency"": ""TRY"", ""value"": 2000.0}";0.95;rule_heuristic;;…tı! Sağlam Tohum Kartınız ile yıl boyunca her ay QR kod ile yapacağınız her 1.000 TL ve üzeri harcamanızda %5, toplamda [2.000 TL] indirim kazanın! Kampanyayı Keşfet Kampanya Aralığı: 25 Haziran 2026 - 31 Aralık 2026 Sağlam Business Kart QR Ödeme ile…;;;
kuveyt-turk--isim-icin-kart-kampanyalari;kuveyt-turk;alisveris_puani;"{""kind"": ""points"", ""value"": 4000.0}";0.95;rule_heuristic;;…indirim kazanın! Kampanyayı Keşfet Kampanya Aralığı: 25 Haziran 2026 - 31 Aralık 2026 Sağlam Business Kart QR Ödeme ile [4.000] TL' ye Varan Altın Puan Fırsatı! Sağlam Business Kart ile yıl sonuna kadar her ay yapılacak QR ödemelerinize 2.000 TL v…;;;
kuveyt-turk--isim-icin-kart-kampanyalari;kuveyt-turk;hedef_kitle;"[""belirli_segment""]";0.95;rule_heuristic;;Ana Sayfa Kampanyalar İşim İçin Kampanyalar Kendim İçin İşim İçin Kampanya Arşivi Tüm Kampanyalar Kart Kampanyaları [KOBİ] Kampanyaları Müşteri Ol Kampanyaları POS Kampanyaları Ara Kampanya Aralığı: 16 Temmuz 2026 - 31 Aralık 2026 Kuveyt Türk…;;;
kuveyt-turk--isim-icin-kobi-kampanyalari;kuveyt-turk;indirim_orani;75.0;0.95;rule_heuristic;;…ulaşıyor. Kampanyayı Keşfet Kampanya Aralığı: 15 Mayıs 2026 - 31 Aralık 2026 Kuveyt Türk'ten E-Ticaret Yapan KOBİ'lere %[75]'e Varan Kargo İndirimi Kargo süreçlerinizi Geliver ile yönetebilir, dilediğiniz kargo şirketinden anında indirimli tekl…;;;
kuveyt-turk--isim-icin-kobi-kampanyalari;kuveyt-turk;hedef_kitle;"[""belirli_segment""]";0.95;rule_heuristic;;Ana Sayfa Kampanyalar İşim İçin Kampanyalar Kendim İçin İşim İçin Kampanya Arşivi Tüm Kampanyalar Kart Kampanyaları [KOBİ] Kampanyaları Müşteri Ol Kampanyaları POS Kampanyaları Ara Kampanya Aralığı: 9 Temmuz 2026 - 31 Aralık 2026 Kuveyt Türk'…;;;
kuveyt-turk--isim-icin-pos-kampanyalari;kuveyt-turk;hedef_kitle;"[""belirli_segment"", ""yeni_musteri""]";0.95;rule_heuristic;;…ını Kuveyt Türk güvencesiyle artırın! Kampanyayı Keşfet Kampanya Aralığı: 1 Kasım 2025 - 31 Aralık 2026 Kuveyt Türk'ten [Yeni Müşteri]lere Özel POS Kampanyası İşletmenizin finansal ihtiyaçlarına uygun esnek POS çözümleri Kuveyt Türk'te! Kampanyayı Keşfet…;;;
kuveyt-turk--kampanya-arsivi-1-aylik-tod-taraftar-paketi-ucretsiz;kuveyt-turk;masraf_durumu;"{""amount"": 0.0, ""has_fee"": false}";0.95;rule_heuristic;;"Ana Sayfa Kampanyalar Kampanya Arşivi 1 Aylık TOD Taraftar Paketi [Ücretsiz]! ""KTOD2026"" Davet Koduyla Müşteri Olanlara, 1 Aylık TOD Taraftar Paketi Ücretsiz! Kampanya Tarihleri 26.03.2026 - 31.05…";;;
kuveyt-turk--kampanya-arsivi-1-aylik-tod-taraftar-paketi-ucretsiz;kuveyt-turk;kampanya_kosullari;"[""Müşteri olma aşamasında \"" Davet Kodu \"" alanına \"" KTOD2026 \"" kodunun yazılması gerekmektedir."", ""Kampanya kodunun aktive edilmesi için TOD TV web sitesi ziyaret edilmeli ve sayfanın en altında yer alan ''Kupon Kodu'' alanına ya da \"" https://www.todtv.com.tr/kupon-kodu \"" linki kullanılarak size özel olan kupon Kodu ilgili alana girilmeli ve gerekli işlemler tamamlanmalıdır."", ""Paketiniz kapsamında yer alan içeriklere erişmek için TOD'a üye olunması gereklidir."", ""Paket kodları yalnızca yurt içi TOD servisi için geçerlidir."", ""Kampanya kazanımı müşteri bazlıdır ve her müşteri yalnızca bir kez faydalanabilir."", ""Kuveyt Türk önceden haber vermeden kampanya koşullarında değişiklik yapabilir ya da kampanyayı sonlandırabilir.""]";0.95;rule_heuristic;;"…t Türk Mobil ya da Self Nokta üzerinden "" KTOD2026 "" koduyla müşteri olanlara 1 Aylık TOD Taraftar Paketi verilecektir. [Müşteri olma aşamasında "" Davet Kodu "" alanına "" KTOD2026 "" kodunun yazılması gerekmektedir.] Müşteri olduktan sonra 2 gün içerisinde Kuveyt Türk Mobil kampanyalar ekranından ilgili kampanyaya ait kupon kodu alına…";;;
kuveyt-turk--kampanya-arsivi-10-yilini-dolduran-saglam-kart-sahibi-musterilerimize-500-tl-ind;kuveyt-turk;finansman_tutari;"{""currency"": ""TRY"", ""value"": 500.0}";0.95;rule_heuristic;;…fırsatı sizi bekliyor. Kampanyaya Sağlam Kart 'ın sanal ve ek kartları da dahildir. Kampanyadan maksimum kazanım tutarı [500 TL] 'dir. Kampanya kazanımı müşteri bazlıdır. Kampanya, farklı kampanyalarla birleştirilemez. Kuveyt Türk önceden haber ver…;;;
kuveyt-turk--kampanya-arsivi-10-yilini-dolduran-saglam-kart-sahibi-musterilerimize-500-tl-ind;kuveyt-turk;odul_miktari;"{""currency"": ""TRY"", ""value"": 500.0}";0.95;rule_heuristic;;…fırsatı sizi bekliyor. Kampanyaya Sağlam Kart 'ın sanal ve ek kartları da dahildir. Kampanyadan maksimum kazanım tutarı [500 TL] 'dir. Kampanya kazanımı müşteri bazlıdır. Kampanya, farklı kampanyalarla birleştirilemez. Kuveyt Türk önceden haber ver…;;;
kuveyt-turk--kampanya-arsivi-10-yilini-dolduran-saglam-kart-sahibi-musterilerimize-500-tl-ind;kuveyt-turk;kampanya_kosullari;"[""Kuveyt Türk önceden haber vermeden kampanya koşullarında değişiklik yapabilir ya da kampanyayı sonlandırabilir.""]";0.95;rule_heuristic;;…aksimum kazanım tutarı 500 TL 'dir. Kampanya kazanımı müşteri bazlıdır. Kampanya, farklı kampanyalarla birleştirilemez. [Kuveyt Türk önceden haber vermeden kampanya koşullarında değişiklik yapabilir ya da kampanyayı sonlandırabilir.];;;
kuveyt-turk--kampanya-arsivi-1000-tlye-varan-market-indirimi-saglam-kart-troyda;kuveyt-turk;finansman_tutari;"{""currency"": ""TRY"", ""value"": 1000.0}";0.95;rule_heuristic;;…ağlam Kart Troy ve Sağlam Nakit Troy ile kampanya kapsamında yapılacak harcamalarda müşteri bazlı toplam indirim tutarı [1.000 TL]'yi aşmayacaktır. Sadece 5411 MCC kodlu üye işyerlerinde geçerlidir. Kampanyaya Sağlam Kart Troy, Sağlam Kart Kampüs Tro…;;;
kuveyt-turk--kampanya-arsivi-1000-tlye-varan-market-indirimi-saglam-kart-troyda;kuveyt-turk;odul_miktari;"{""currency"": ""TRY"", ""value"": 1000.0}";0.95;rule_heuristic;;… paylaş Sağlam Kart Troy, 1 Aralık- 31 Aralık 2025 tarihleri arasında yapacağınız market harcamalarınızda %10 toplamda, [1.000 TL] indirim kazandırıyor. Kampanyaya Kuveyt Türk Mobil'den veya ONAY TROY yazıp 2848 'e SMS göndererek katılabilirsiniz. Ka…;;;
kuveyt-turk--kampanya-arsivi-1000-tlye-varan-market-indirimi-saglam-kart-troyda;kuveyt-turk;indirim_orani;10.0;0.95;rule_heuristic;;… Arşivi 1.000 TL'ye Varan Market İndirimi Sağlam Kart Troy'da! Sağlam Kart Troy ile yapacağınız market harcamalarınıza %[10] indirim kazanırsınız. Kampanya Tarihleri 1.12.2025 - 31.12.2025 Kampanya Süresi Doldu! Kampanyayı Paylaş Facebook'da pa…;;;
kuveyt-turk--kampanya-arsivi-1000-tlye-varan-market-indirimi-saglam-kart-troyda;kuveyt-turk;kampanya_kosullari;"[""Kampanya, sadece yurt içindeki iş yeri sektör bilgisi market olan tüm mağaza ve çevrim içi sitelerden yapılan harcamalarda geçerlidir."", ""Sadece 5411 MCC kodlu üye işyerlerinde geçerlidir."", ""Kuveyt Türk önceden haber vermeden kampanya koşullarında değişiklik yapabilir ya da kampanyayı sonlandırabilir.""]";0.95;rule_heuristic;;…TL indirim kazandırıyor. Kampanyaya Kuveyt Türk Mobil'den veya ONAY TROY yazıp 2848 'e SMS göndererek katılabilirsiniz. [Kampanya, sadece yurt içindeki iş yeri sektör bilgisi market olan tüm mağaza ve çevrim içi sitelerden yapılan harcamalarda geçerlidir.] Sağlam Kart Troy ve Sağlam Nakit Troy ile kampanya kapsamında yapılacak harcamalarda müşteri bazlı toplam indirim tutar…;;;
kuveyt-turk--kampanya-arsivi-3000-tl-degerindeki-cek-karnesi-paketi-ucretsiz-scr;kuveyt-turk;masraf_durumu;"{""amount"": 0.0, ""has_fee"": false}";0.95;rule_heuristic;;Ana Sayfa Kampanyalar Kampanya Arşivi 3.000 TL Değerindeki Çek Karnesi Paketi [Ücretsiz]! Size özel 3.000 TL tutarındaki 50 yaprak çek karnesi Kuveyt Türk'te yıl sonuna kadar ücretsiz. Kampanya Tarihleri 23.1…;;;
kuveyt-turk--kampanya-arsivi-3000-tl-degerindeki-cek-karnesi-paketi-ucretsiz-scr;kuveyt-turk;odul_miktari;"{""currency"": ""TRY"", ""value"": 10000.0}";0.95;rule_heuristic;;…nız anda 100 adet çek tahsili de yıl sonuna kadar ücretsiz olarak kullanmanız için hesabınıza tanımlanacaktır. Toplamda [10.000 TL] tutarında çek karnesi ve çek tahsil paketini ücretsiz almak için dijital kanallarımız ve şubelerimiz ile iletişim kurab…;;;
kuveyt-turk--kampanya-arsivi-3000-tl-degerindeki-cek-karnesi-paketi-ucretsiz-scr;kuveyt-turk;kampanya_kosullari;"[""Çek tahsilatlarındaki ücret muafiyeti TL çekler için geçerlidir."", ""Kuveyt Türk, önceden haber vermeden kampanya koşullarında değişiklik yapabilir ya da kampanyayı sonlandırabilir.""]";0.95;rule_heuristic;;…ijital kanallarımız ve şubelerimiz ile iletişim kurabilirsiniz. Çek karnesi ücreti muafiyetine vergiler dahil değildir. [Çek tahsilatlarındaki ücret muafiyeti TL çekler için geçerlidir.] Ücretsiz çek karnesi çek limitinize göre 10 veya 20 yaprak olarak verilmektedir. Çek karnesi alabilmeleri için müşteril…;;;
kuveyt-turk--kampanya-arsivi-50000-tlye-kadar-ertesi-gun-199-ya-da-25-gun-blokeli-0-pos;kuveyt-turk;masraf_durumu;"{""amount"": 0.0, ""has_fee"": false}";0.95;rule_heuristic;;… paylaş LinkedIn'de paylaş Whatsapp'da paylaş Size Özel Paket Kapsamında Bankamızdan alacağınız çek karnesi 2x10 yaprak [ücretsiz]dir. Business Plus Kart herhangi bir kart ücreti alınmamaktadır. Mobil veya internet şubemiz üzerinden EFT ve havale işl…;;;
kuveyt-turk--kampanya-arsivi-50000-tlye-kadar-ertesi-gun-199-ya-da-25-gun-blokeli-0-pos;kuveyt-turk;kampanya_kosullari;"[""Kuveyt Türk, kampanya koşullarını önceden haber vermeden değiştirebilir ya da kampanyayı tamamen sonlandırabilir."", ""Size Özel Paketten yararlanabilmeniz için Business Plus Kart almanız gerekmektedir."", ""3 adet fatura ödemesi için otomatik ödeme talimatı vermeniz gerekmektedir."", ""İşyerlerinizin kadınlar tarafından yönetilmesi gerekmektedir."", ""25.000 TL üzeri ciro yapan müşterilerimizin şirket kartı için aylık minimum 5000 TL kullanım şartı aranmaktadır.""]";0.95;rule_heuristic;;… Katılım hesaplarınız için özel kar paylaşım oranlarımız mevcuttur. Kampanyamızın son geçerlilik tarihi 31.12.2023'tür. [Kuveyt Türk, kampanya koşullarını önceden haber vermeden değiştirebilir ya da kampanyayı tamamen sonlandırabilir.] Size Özel Paketten yararlanabilmeniz için Business Plus Kart almanız gerekmektedir. 3 adet fatura ödemesi için otomatik…;;;
kuveyt-turk--kampanya-arsivi-7000-tl-degerindeki-cek-tahsil-paketi-ucretsiz-scr;kuveyt-turk;masraf_durumu;"{""amount"": 0.0, ""has_fee"": false}";0.95;rule_heuristic;;Ana Sayfa Kampanyalar Kampanya Arşivi 7.000 TL Değerindeki Çek Tahsil Paketi [Ücretsiz]! Size özel 7.000 TL tutarındaki 100 adet çek tahsili Kuveyt Türk'te yıl sonuna kadar ücretsiz. Kampanya Tarihleri 23.10…;;;
kuveyt-turk--kampanya-arsivi-7000-tl-degerindeki-cek-tahsil-paketi-ucretsiz-scr;kuveyt-turk;odul_miktari;"{""currency"": ""TRY"", ""value"": 10000.0}";0.95;rule_heuristic;;…iz anda 50 yaprak çek karnesi de yıl sonuna kadar ücretsiz olarak kullanmanız için hesabınıza tanımlanacaktır. Toplamda [10.000 TL] tutarında çek karnesi ve çek tahsil paketini ücretsiz almak için dijital kanallarımız ve şubelerimiz ile iletişim kurab…;;;
kuveyt-turk--kampanya-arsivi-7000-tl-degerindeki-cek-tahsil-paketi-ucretsiz-scr;kuveyt-turk;kampanya_kosullari;"[""Çek tahsilatlarındaki ücret muafiyeti TL çekler için geçerlidir."", ""Kuveyt Türk, önceden haber vermeden kampanya koşullarında değişiklik yapabilir ya da kampanyayı sonlandırabilir.""]";0.95;rule_heuristic;;…ijital kanallarımız ve şubelerimiz ile iletişim kurabilirsiniz. Çek karnesi ücreti muafiyetine vergiler dahil değildir. [Çek tahsilatlarındaki ücret muafiyeti TL çekler için geçerlidir.] Ücretsiz çek karnesi çek limitinize göre 10 veya 20 yaprak olarak verilmektedir. Çek karnesi alabilmeleri için müşteril…;;;
kuveyt-turk--kampanya-arsivi-akaryakit-istasyonlari-kuveyt-turk-ile-gelecege-hazir;kuveyt-turk;masraf_durumu;"{""amount"": 0.0, ""has_fee"": false}";0.95;rule_heuristic;;… %2.49 komisyon oranı ya da 25 gün bloke oranı ile çalışma fırsatı yakalayın. 31 Mart 2025 tarihinin sonuna kadar aidat [ücret]i yok! Belirtilen oranlarda BSMV değeri hariçtir. Not: Kampanyadan faydalanmak için Kuveyt Türk Mobil' den veya şubeleri…;;;
kuveyt-turk--kampanya-arsivi-akaryakit-istasyonlari-kuveyt-turk-ile-gelecege-hazir;kuveyt-turk;kampanya_kosullari;"[""Belirtilen oranlarda BSMV değeri hariçtir.""]";0.95;rule_heuristic;;…yon oranı ya da 25 gün bloke oranı ile çalışma fırsatı yakalayın. 31 Mart 2025 tarihinin sonuna kadar aidat ücreti yok! [Belirtilen oranlarda BSMV değeri hariçtir.] Not: Kampanyadan faydalanmak için Kuveyt Türk Mobil' den veya şubelerimiz üzerinden POS başvurularınızı gerçekleştirebi…;;;
kuveyt-turk--kampanya-arsivi-akaryakit-istasyonlari-kuveyt-turk-ile-gelecege-hazir;kuveyt-turk;hedef_kitle;"[""mevcut_musteri""]";0.95;rule_heuristic;;…asa cihazlarınız için POS başvurusu yapın, Kuveyt Türk'ün avantajlarını kaçırmayın! Akaryakıt istasyonu ve marketi olan [müşterilerimize özel] yeni yapılan başvurularda ertesi gün Kuveyt Türk kartlarına %1.99 komisyon oranı ya da 19 gün bloke, diğer kartlara %2.…;;;
kuveyt-turk--kampanya-arsivi-arac-finansmani-musterilerine-ozel-akaryakit-harcamalarina-300-t;kuveyt-turk;finansman_tutari;"{""currency"": ""TRY"", ""value"": 300.0}";0.95;rule_heuristic;;…ampanyaya 10.02.2025 tarihinden sonra araç finansmanı kullanan müşteriler dahildir. Kampanyadan maksimum kazanım tutarı [300 TL] 'dir. Kampanya kazanımı müşteri bazlıdır. Her bir müşteri kampanyadan sadece tek bir karttan ve maksimum 300 TL'ye vara…;;;
kuveyt-turk--kampanya-arsivi-arac-finansmani-musterilerine-ozel-akaryakit-harcamalarina-300-t;kuveyt-turk;odul_miktari;"{""currency"": ""TRY"", ""value"": 300.0}";0.95;rule_heuristic;;…ampanyaya 10.02.2025 tarihinden sonra araç finansmanı kullanan müşteriler dahildir. Kampanyadan maksimum kazanım tutarı [300 TL] 'dir. Kampanya kazanımı müşteri bazlıdır. Her bir müşteri kampanyadan sadece tek bir karttan ve maksimum 300 TL'ye vara…;;;
kuveyt-turk--kampanya-arsivi-arac-finansmani-musterilerine-ozel-akaryakit-harcamalarina-300-t;kuveyt-turk;kampanya_kosullari;"[""Her bir müşteri kampanyadan sadece tek bir karttan ve maksimum 300 TL'ye varan indirim kazanabilir."", ""Kuveyt Türk önceden haber vermeden kampanya koşullarında değişiklik yapabilir ya da kampanyayı sonlandırabilir.""]";0.95;rule_heuristic;;…manı kullanan müşteriler dahildir. Kampanyadan maksimum kazanım tutarı 300 TL 'dir. Kampanya kazanımı müşteri bazlıdır. [Her bir müşteri kampanyadan sadece tek bir karttan ve maksimum 300 TL'ye varan indirim kazanabilir.] Kampanya, farklı kampanyalarla birleştirilemez. Kuveyt Türk önceden haber vermeden kampanya koşullarında değişiklik yap…;;;
kuveyt-turk--kampanya-arsivi-arac-finansmanina-ucretsiz-hgs-etiketi-kuveyt-turkte;kuveyt-turk;masraf_durumu;"{""amount"": 0.0, ""has_fee"": false}";0.95;rule_heuristic;;Ana Sayfa Kampanyalar Kampanya Arşivi Araç Finansmanına [Ücretsiz] HGS Etiketi Kuveyt Türk'te! Kuveyt Türk'ten araç finansmanı kullanın, ücretsiz HGS etiketi fırsatını yakalayın! Kampany…;;;
kuveyt-turk--kampanya-arsivi-arac-finansmanina-ucretsiz-hgs-etiketi-kuveyt-turkte;kuveyt-turk;kampanya_kosullari;"[""Kampanyayı Paylaş Facebook'da paylaş X'de paylaş LinkedIn'de paylaş Whatsapp'da paylaş Ücretsiz HGS etiketi kampanyası, dijitalden veya şubeden kullanılan araç finansmanları için geçerlidir."", ""Kampanya, 01.04.2025 tarihinden sonra kullanılan araç finansmanları için geçerlidir."", ""Kuveyt Türk önceden haber vermeden kampanya koşullarında değişiklik yapabilir ya da kampanyayı sonlandırabilir.""]";0.95;rule_heuristic;;…nı kullanın, ücretsiz HGS etiketi fırsatını yakalayın! Kampanya Tarihleri 1.04.2025 - 31.12.2025 Kampanya Süresi Doldu! [Kampanyayı Paylaş Facebook'da paylaş X'de paylaş LinkedIn'de paylaş Whatsapp'da paylaş Ücretsiz HGS etiketi kampanyası, dijitalden veya şubeden kullanılan araç finansmanları için geçerlidir.] Kampanya, 01.04.2025 tarihinden sonra kullanılan araç finansmanları için geçerlidir. Müşterilerimiz ücretsiz HGS etiket…;;;
kuveyt-turk--kampanya-arsivi-avansasta-1500-tlye-varan-indirim-ve-vade-farksiz-5-aya-varan-ta;kuveyt-turk;kampanya_kosullari;"[""Kampanyayı Paylaş Facebook'da paylaş X'de paylaş LinkedIn'de paylaş Whatsapp'da paylaş Kampanya Koşulları: Kuveyt Türk kredi kartlar, 30 Haziran 2026 tarihine kadar Avansas resmi web sitesi üzerinden yapacağınız alışverişlerinizde %10, toplamda 1.500 TL indirim ve peşin fiyatına 5 aya varan taksit imkanı sunuyor."", ""İndirim fırsatı tüm işlemler için geçerlidir."", ""Kampanya kazanımı müşteri bazlıdır ve her müşteri yalnızca bir kez faydalanabilir."", ""Kuveyt Türk ve Avansas kampanyayı dilediği zaman durdurma ve/veya kampanya koşullarını değiştirme hakkına sahiptir.""]";0.95;rule_heuristic;;… TL ve Üzeri Alışverişlerinize 1.500 TL İndirim İmkanı Kampanya Tarihleri 1.05.2026 - 30.06.2026 Kampanya Süresi Doldu! [Kampanyayı Paylaş Facebook'da paylaş X'de paylaş LinkedIn'de paylaş Whatsapp'da paylaş Kampanya Koşulları: Kuveyt Türk kredi kartlar, 30 Haziran 2026 tarihine kadar Avansas resmi web sitesi üzerinden yapacağınız alışverişlerinizde %10, toplamda 1.500 TL indirim ve peşin fiyatına 5 aya varan taksit imkanı sunuyor.] İndirim fırsatı tüm işlemler için geçerlidir. Kampanya kazanımı müşteri bazlıdır ve her müşteri yalnızca bir kez faydal…;;;
kuveyt-turk--kampanya-arsivi-babalar-gunu-hediyenize-1000-tl-nakit-iade;kuveyt-turk;odul_miktari;"{""currency"": ""TRY"", ""value"": 1000.0}";0.95;rule_heuristic;;Ana Sayfa Kampanyalar Kampanya Arşivi Babalar Günü Hediyenize [1.000 TL] Nakit İade! Kuveyt Türk Mobil'den müşterimiz olun, Sağlam Nakit Kart'la e-ticaret alışverişlerinizden kazançlı çıkın. K…;;;
kuveyt-turk--kampanya-arsivi-babalar-gunu-hediyenize-1000-tl-nakit-iade;kuveyt-turk;kampanya_kosullari;"[""Kampanyadan yararlanmak için Sağlam Nakit Kart ile harcama yapılması gerekmektedir."", ""Harcamanın e-ticaret sektöründe yapılması gerekmektedir."", ""Kampanyadan yararlanmak için minimum harcama şartı 2.000 TL'dir."", ""Her müşteri kampanyadan yalnızca bir kez faydalanabilir."", ""Kuveyt Türk önceden haber vermeden kampanya koşullarında değişiklik yapabilir ya da kampanyayı sonlandırabilir.""]";0.95;rule_heuristic;;…a özel Sağlam Nakit Kart ile yapacakları ilk 2.000 TL ve üzeri e-ticaret harcamasında 1.000 TL nakit iade verilecektir. [Kampanyadan yararlanmak için Sağlam Nakit Kart ile harcama yapılması gerekmektedir.] Harcamanın e-ticaret sektöründe yapılması gerekmektedir. Kampanyadan yararlanmak için minimum harcama şartı 2.000 TL'di…;;;
kuveyt-turk--kampanya-arsivi-bireysel-kredi-kartlariyla-indirimli-alisveris-altinbasta;kuveyt-turk;indirim_orani;10.0;0.95;rule_heuristic;;…ışverişlerde geçerlidir. Kampanya kapsamında seçili pırlanta ve elmas ürün alışverişinde %20, altın ürün alışverişinde %[10] indirim sunulmaktadır. Kampanyalı ve indirimli ürünlerde geçerli değildir. Kampanya Altınbaş adı altında ve bünyesi dah…;;;
kuveyt-turk--kampanya-arsivi-bireysel-kredi-kartlariyla-indirimli-alisveris-altinbasta;kuveyt-turk;kampanya_kosullari;"[""Kampanyayı Paylaş Facebook'da paylaş X'de paylaş LinkedIn'de paylaş Whatsapp'da paylaş Kampanya, 30.06.2025 tarihine kadar sadece Kuveyt Türk Kredi Kart sahiplerine özel Altınbaş mağazalarından ve www.altinbas.com 'dan yapılacak alışverişlerde geçerlidir."", ""Kuveyt Türk ve Altınbaş gerekli gördüğü durumlarda kampanyayı sonlandırma ve şartlarında değişiklik yapma hakkına sahiptir.""]";0.95;rule_heuristic;;… 'dan yapacağınız alışverişlerinizde indirim fırsatı! Kampanya Tarihleri 12.02.2024 - 30.06.2025 Kampanya Süresi Doldu! [Kampanyayı Paylaş Facebook'da paylaş X'de paylaş LinkedIn'de paylaş Whatsapp'da paylaş Kampanya, 30.06.2025 tarihine kadar sadece Kuveyt Türk Kredi Kart sahiplerine özel Altınbaş mağazalarından ve www.altinbas.com 'dan yapılacak alışverişlerde geçerlidir.] Kampanya kapsamında seçili pırlanta ve elmas ürün alışverişinde %20, altın ürün alışverişinde %10 indirim sunulmaktadır…;;;
kuveyt-turk--kampanya-arsivi-business-plus-karttan-vade-farksiz-3-taksit-imkani;kuveyt-turk;masraf_durumu;"{""amount"": null, ""has_fee"": true}";0.95;rule_heuristic;;…. İşlemden önce kart üzerindeki taksit ve öteleme sayısının 0 olması gerekmektedir. Sonradan taksitlendirme hizmetinden [ücret] veya herhangi bir vade farkı alınmamaktadır. Taksitlendirmeye uygun işlemlerinizi Kuveyt Türk Mobil içerisindeki kart i…;;;
kuveyt-turk--kampanya-arsivi-business-plus-karttan-vade-farksiz-3-taksit-imkani;kuveyt-turk;odul_miktari;"{""currency"": ""TRY"", ""value"": 50000.0}";0.95;rule_heuristic;;…X'de paylaş LinkedIn'de paylaş Whatsapp'da paylaş Business Plus Kart ile her ekstre döneminizde yapacağınız 10.000₺ ile [50.000₺] arası tek çekim işlemlerinizi vade farksız olarak 3 aya kadar sonradan taksitlendirin! Kampanya her ekstre döneminde ak…;;;
kuveyt-turk--kampanya-arsivi-business-plus-karttan-vade-farksiz-3-taksit-imkani;kuveyt-turk;kampanya_kosullari;"[""Kampanyaya sadece Business Plus kartlarımız dahildir."", ""İşlemden önce kart üzerindeki taksit ve öteleme sayısının 0 olması gerekmektedir."", ""Kuveyt Türk önceden haber vermeden kampanya koşullarında değişiklik yapabilir ya da kampanyayı sonlandırabilir.""]";0.95;rule_heuristic;;"…m işlemlerinizi vade farksız olarak 3 aya kadar sonradan taksitlendirin! Kampanya her ekstre döneminde aktif olacaktır. [Kampanyaya sadece Business Plus kartlarımız dahildir.] Belirtilen kampanya dönemi içerisinde; Business Plus kartlar ile yapılacak 10.000₺ ile 50.000 ₺ arası tek çekim taksits…";;;
kuveyt-turk--kampanya-arsivi-business-plustan-1000-tl-indirim-firsati-scr;kuveyt-turk;odul_miktari;"{""currency"": ""TRY"", ""value"": 1000.0}";0.95;rule_heuristic;;…a 500 TL toplamda 1.000 TL indirim fırsatı. 10.000 TL ve üzeri harcamalara 500 TL indirim verilir. Bir müşteri en fazla [1.000 TL] indirim kazanabilir. Taksitli ya da taksitsiz fark etmeksizin tüm işlem türlerinde geçerlidir. Kampanyaya tüm Business …;;;
kuveyt-turk--kampanya-arsivi-cocugunuzun-gelecegini-guvence-altina-almak-sizden-karne-hediyes;kuveyt-turk;kampanya_kosullari;"[""Kampanya kazanımı, kampanya döneminde (23 Haziran-31 Ağustos 2025) yapılacak olan sözleşmeler için geçerlidir."", ""Kampanya, katılımcının yalnızca bir sözleşmesi için geçerli olacaktır."", ""Aynı çocuk için birden fazla sözleşme yapılması durumunda sadece 1 adet hediye gönderimi yapılır."", ""Kampanya'ya sadece ebeveyni olunan çocuk/çocuklar için katılım sağlanabilir."", ""İlgili katılımcıların ödeyecekleri minimum katkı payı 800 TL'dir."", ""Kuveyt Türk Katılım Bankası kampanyayı durdurma ve kampanya şartlarında değişiklik yapma hakkını saklı tutar.""]";0.95;rule_heuristic;;…çin BES) planıdır. Kuveyt Türk Mobil'den veya şubelerimizden satın alınan diğer BES planları kampanyaya dahil değildir. [Kampanya kazanımı, kampanya döneminde (23 Haziran-31 Ağustos 2025) yapılacak olan sözleşmeler için geçerlidir.] Kampanya dönemi öncesinde veya sonrasında yapılan BES Sözleşmeleri kampanyaya dahil değildir. Kampanyaya hak kazanmak i…;;;
kuveyt-turk--kampanya-arsivi-dbs-fatura-odemelerinizde-100000-mil-firsati;kuveyt-turk;masraf_durumu;"{""amount"": 0.0, ""has_fee"": false}";0.95;rule_heuristic;;… hem Mil puan kazanma fırsatını yakalayın hem de 20 yaprak çek karnesi, 100 yaprak tahsile çek ve 10 adet HGS etiketini [ücretsiz] olarak alın! Her 100.000 TL fatura tahsilatı için müşterilerimize 1.000 Mil promosyon sunulacaktır. DBS fatura ödemeler…;;;
kuveyt-turk--kampanya-arsivi-dbs-fatura-odemelerinizde-100000-mil-firsati;kuveyt-turk;kampanya_kosullari;"[""Kampanyadan yararlanabilmek için Miles&Smiles Kuveyt Türk Business Kartı sahibi olma şartı bulunmaktadır."", ""Kampanya yalnızca belirlenmiş hedef kitleye özel olarak sunulmaktadır."", ""Kuveyt Türk, kampanya koşullarında önceden haber vermeksizin değişiklik yapma veya kampanyayı sonlandırma hakkını saklı tutar.""]";0.95;rule_heuristic;;… promosyon sunulacaktır. DBS fatura ödemelerinden kazanılabilecek Mil miktarı üst limiti 100.000 olarak belirlenmiştir. [Kampanyadan yararlanabilmek için Miles&Smiles Kuveyt Türk Business Kartı sahibi olma şartı bulunmaktadır.] Kampanya yalnızca belirlenmiş hedef kitleye özel olarak sunulmaktadır. Mil kazanımı, DBS fatura tahsilatı gerçekleştire…;;;
kuveyt-turk--kampanya-arsivi-dbs-firmalarina-akaryakit-indirimi;kuveyt-turk;indirim_orani;6.0;0.95;rule_heuristic;;… Sayfa Kampanyalar Kampanya Arşivi DBS Firmalarına Akaryakıt İndirimi Anadolu Akaryakıt'tan Petrol Ofisi AutoMatic ile %[6]'ya varan indirim fırsatı! Kampanya Tarihleri 5.06.2018 - 1.07.2021 Kampanya Süresi Doldu! Kampanyayı Paylaş Facebook'da…;;;
kuveyt-turk--kampanya-arsivi-dbs-firmalarina-akaryakit-indirimi;kuveyt-turk;kampanya_kosullari;"[""DBS Kampanya Detayları Kampanya sadece Kuveyt Türk DBS limitli işletme firmaları için geçerlidir."", ""Business Plus Kart Kampanya Detayları Kampanya sadece Kuveyt Türk Business Plus Kart sahibi işletme firmaları için geçerlidir.""]";0.95;rule_heuristic;;…i İşletme Firmalarına özel Petrol Ofisi AutoMatic ile % 6 'ya, Business Plus Kart'a özel % 6 'ya varan indirim fırsatı! [DBS Kampanya Detayları Kampanya sadece Kuveyt Türk DBS limitli işletme firmaları için geçerlidir.] Anlaşma tüm Petrol Ofisi istasyonlarında geçerlidir. Firma araçlarınızın plakalarına tanımlanacak olan Taşıt Tanıma Cih…;;;
kuveyt-turk--kampanyalar-kampanya-arsivi-2;kuveyt-turk;odul_miktari;"{""currency"": ""TRY"", ""value"": 1000.0}";0.95;rule_heuristic;;…n Puan ve peşin fiyatına 6 aya varan taksit fırsatı sizi bekliyor! Kampanyayı Keşfet 30.06.2026 Babalar Günü Hediyenize [1.000 TL] Nakit İade! Kuveyt Türk Mobil'den müşterimiz olun, Sağlam Nakit Kart'la e-ticaret alışverişlerinizden kazançlı çıkın. K…;;;
kuveyt-turk--kampanyalar-kampanya-arsivi-2;kuveyt-turk;alisveris_puani;"{""kind"": ""points"", ""value"": 6.0}";0.95;rule_heuristic;;…rim kazandırıyor. Ayrıca vade farksız 12 aya varan taksit imkanından da yararlanabilirsiniz. Kampanyayı Keşfet 30.06.202[6] Pazarama'da Taksit ve Altın Puan Fırsatı! Sağlam Kart ile 30 Haziran 2026 tarihine kadar Pazarama web sitesi ve uygulam…;;;
kuveyt-turk--kampanyalar-kampanya-arsivi-2;kuveyt-turk;hedef_kitle;"[""yeni_musteri""]";0.95;rule_heuristic;;… Türk Kartları ile Yapacağınız 7.500 TL ve Üzeri Alışverişlerinize 1.500 TL İndirim İmkanı Kampanyayı Keşfet 30.06.2026 [Yeni Müşteri]lere Özel Dijital Araç Finansmanı'nda İndirim! Yeni müşterilere özel Dijital Araç Finansmanı'nda 5 puan kar oranı indiri…;;;
kuveyt-turk--konut;kuveyt-turk;kar_payi_orani;1.89;0.95;rule_heuristic;;Konut Finansmanı Kampanyası. Kuveyt Türk ile hayalinizdeki eve kavuşun. Konut finansmanında kâr payı oranı [%1,89]'dan başlayan oranlarla, 120 aya kadar vade imkânı. Tahsis ücreti 750 TL. Kampanya 31.12.2026 tarihine kadar geçerlidir.…;;;
kuveyt-turk--konut;kuveyt-turk;vade_ay;120;0.95;rule_heuristic;;…Kampanyası. Kuveyt Türk ile hayalinizdeki eve kavuşun. Konut finansmanında kâr payı oranı %1,89'dan başlayan oranlarla, [120 aya] kadar vade imkânı. Tahsis ücreti 750 TL. Kampanya 31.12.2026 tarihine kadar geçerlidir. Başvuru için şubelerimize veya …;;;
kuveyt-turk--konut;kuveyt-turk;tahsis_ucreti;"{""currency"": ""TRY"", ""value"": 750.0}";0.95;rule_heuristic;;… hayalinizdeki eve kavuşun. Konut finansmanında kâr payı oranı %1,89'dan başlayan oranlarla, 120 aya kadar vade imkânı. [Tahsis ücreti 750 TL]. Kampanya 31.12.2026 tarihine kadar geçerlidir. Başvuru için şubelerimize veya internet bankacılığına bekleriz.;;;
kuveyt-turk--konut;kuveyt-turk;masraf_durumu;"{""amount"": 750.0, ""has_fee"": true}";0.95;rule_heuristic;;… hayalinizdeki eve kavuşun. Konut finansmanında kâr payı oranı %1,89'dan başlayan oranlarla, 120 aya kadar vade imkânı. [Tahsis] ücreti 750 TL. Kampanya 31.12.2026 tarihine kadar geçerlidir. Başvuru için şubelerimize veya internet bankacılığına bek…;;;
kuveyt-turk--konut;kuveyt-turk;kampanya_suresi;2026-12-31;0.95;rule_heuristic;;…ut finansmanında kâr payı oranı %1,89'dan başlayan oranlarla, 120 aya kadar vade imkânı. Tahsis ücreti 750 TL. Kampanya [31.12.2026] tarihine kadar geçerlidir. Başvuru için şubelerimize veya internet bankacılığına bekleriz.;;;
tom-katilim--kampanyalar;tom-katilim;masraf_durumu;"{""amount"": 9.0, ""has_fee"": true}";0.95;rule_heuristic;;… uygulaması üzerinden kampanyalardan yararlanabileceğin, kazanç sağlayabileceğin özel bir üyelik programıdır. HADİ Gold [ücret]li midir? Hadi Gold, 9 TL karşılığında sana özel kampanyalardan yararlanıp, kazanç sağlayabileceğin özel bir üyelik prog…;;;
tom-katilim--kampanyalar;tom-katilim;odul_miktari;"{""currency"": ""TRY"", ""value"": 100.0}";0.95;rule_heuristic;;…50 TL ve üstü her restoran harcamasında %10 iade kazanılabilir. Kampanya döneminde günlük kazanılabilecek maksimum iade [100 TL], bir takvim ayında kazanılabilecek maksimum iade ise 500 TL, kampanya dönemi boyunca kazanılabilecek iade 2.500 TL ile …;;;
tom-katilim--kampanyalar;tom-katilim;kampanya_kosullari;"[""Kampanya Koşulları Kampanya 6 Mart-31 Ağustos 2026 tarihleri arasında yapılacak harcamalarda geçerlidir."", ""Kampanyadan yararlanmak için ilk harcamadan önce kampanya sayfasındaki \""Katıl\"" butonuna tıklanması gerekmektedir."", ""Kampanya sadece Hadi Black Kredi Kartı ile yapılan harcamalarda geçerli olup diğer Hadi Kredi Kartları ile yapılan harcamalar kampanyaya dahil değildir."", ""Kampanya sadece Cumartesi ve Pazar günlerinde yapılacak restoran harcamalarında geçerlidir."", ""Kampanya yalnızca yurt içinde yapılacak restoran ve online yemek siparişi harcamalarını kapsar."", ""İade tutarının yüklenebilmesi için yükleme tarihinde harcama yapılan Hadi Black Kredi Kartı'nın açık olması ve gecikme durumunda bulunmaması gerekmektedir."", ""Bank, kredi kartı limiti belirleme, kampanyayı durdurma, koşulları değiştirme veya iptal etme hakkını saklı tutar."", ""Kampanya Koşulları Kampanya 19.01.2026 – 30.09.2026 tarihleri arasında Hadi Black Kredi Kartı ile yapılacak özel okul ödemelerinde geçerlidir.""]";0.95;rule_heuristic;;"…tek seferde 750 TL üstü tüm haftasonu restoran harcamalarında, taaam %10 iade! Hemen kampanyaya katıl, kazanmaya başla! [Kampanya Koşulları Kampanya 6 Mart-31 Ağustos 2026 tarihleri arasında yapılacak harcamalarda geçerlidir.] Kampanyadan yararlanmak için ilk harcamadan önce kampanya sayfasındaki ""Katıl"" butonuna tıklanması gerekmektedir. Kampa…";;;
tom-katilim--kampanyalar-a101de-her-alisveriste-3-nakit-iade;tom-katilim;taksit_sayisi;3;0.95;rule_heuristic;;…lam 2000 TL'ye kadar A101 hediye bakiye kazan! Kampanya Detayı Hadi Black Kredi Kartı ile MTV Ödemelerinde Vade Farksız [3 taksit] fırsatını kaçırma! Kampanya Detayı Çok Kazananlar Kulübü Kat Kat Kazandıran Kampanyaları ile Seninle! Kampanya Detayı;;;
tom-katilim--kampanyalar-a101de-her-alisveriste-3-nakit-iade;tom-katilim;odul_miktari;"{""currency"": ""TRY"", ""value"": 125.0}";0.95;rule_heuristic;;…3'e varan nakit iade! Kampanya 31 Aralık 2026 tarihine kadar geçerlidir. Kampanya kapsamında bir takvim ayında en fazla [125 TL] nakit iade kazanılabilir Kampanyadan aynı gün içerisinde en fazla 5 farklı işlemden kazanım sağlanabilir. Kampanya kaps…;;;
tom-katilim--kampanyalar-a101de-her-alisveriste-3-nakit-iade;tom-katilim;kampanya_kosullari;"[""Hadi Kredi Kartları ile kazanım sağlamak için açık kredi kartına sahip olman gerekmektedir.""]";0.95;rule_heuristic;;…Kredi Kartları ile yapacağın işlemler için kazandığın nakit iadeler ortalama 5 gün içerisinde kredi kartına yansıtılır. [Hadi Kredi Kartları ile kazanım sağlamak için açık kredi kartına sahip olman gerekmektedir.] Henüz Hadi Kredi Kartları'ndan birine sahibi değilsen, başvurmak için TOM Bank Hadi uygulamasını ziyaret edebilirsin. A…;;;
tom-katilim--kampanyalar-akaryakit-harcamalarinda-5e-varan-iade-ustelik-cok-kazananlar-kulubu;tom-katilim;finansman_tutari;"{""currency"": ""TRY"", ""value"": 1000.0}";0.95;rule_heuristic;;…harcamalarında %5'e varan iade! Üstelik Çok Kazananlar Kulübü'ne Özel %10 iade! Kampanya Bilgi: Hadi Kredi Kartları ile [1.000 TL] ve üzeri akaryakıt harcamalarında kazanmaya başla! Hadi Kredi Kartı ile %2,5 iade, Hadi Black Kredi Kartı ile %5 iade, …;;;
tom-katilim--kampanyalar-akaryakit-harcamalarinda-5e-varan-iade-ustelik-cok-kazananlar-kulubu;tom-katilim;taksit_sayisi;3;0.95;rule_heuristic;;…lam 2000 TL'ye kadar A101 hediye bakiye kazan! Kampanya Detayı Hadi Black Kredi Kartı ile MTV Ödemelerinde Vade Farksız [3 taksit] fırsatını kaçırma! Kampanya Detayı Çok Kazananlar Kulübü Kat Kat Kazandıran Kampanyaları ile Seninle! Kampanya Detayı;;;
tom-katilim--kampanyalar-akaryakit-harcamalarinda-5e-varan-iade-ustelik-cok-kazananlar-kulubu;tom-katilim;odul_miktari;"{""currency"": ""TRY"", ""value"": 100.0}";0.95;rule_heuristic;;…Kulübü üyeleri ise %10 iade kazanır. Kampanya kapsamında Hadi Kredi Kartı ile günlük en fazla 50 TL, aylık ise en fazla [100 TL] kazanılabilir. Hadi Black Kartı ile günlük en fazla 50 tl, aylık 125 TL kazanılabilir. Çok Kazananlar Kulübü üyeleri is…;;;
tom-katilim--kampanyalar-akaryakit-harcamalarinda-5e-varan-iade-ustelik-cok-kazananlar-kulubu;tom-katilim;kampanya_kosullari;"[""Kampanyadan yararlanmak için ilk harcamadan önce Hadi uygulamasından kampanya seçiminin yapılması gerekmektedir."", ""Çok Kazananlar Kulübü faydalarından yararlanmak için Hadi Black Kredi Kartı'na sahip olmalı ve minimum 10.000 TL tutarında Mega Günlük Hesap açılışını gerçekleştirmiş olmalıdır."", ""Bu iki koşulu sağlayıp Çok Kazananlar Kulübü kampanyasına katıldıktan sonra, ertesi gün Çok Kazananlar Kulübü ek faydalarından yararlanmaya hazırsın!"", ""İlgili kampanya ayı içerisinde Çok Kazananlar kulübü koşullarını sağlarsan ve Çok Kazananlar Kulübü ana kampanyasına katılım sağlar ve Çok Kazananlar Kulubü üyesi olarak koşulları sağladığın sürece 1.000TL ve üzeri yapacağın akaryakıt harcamalarında günlük en fazla 100 TL, aylık ise 250 TL iade kazanabilirsin."", ""Çok Kazananlar Kulübü kapsamında aranan minimum 10.000 TL Mega Günlük Hesap bakiyesi, her ayın 15."", ""Bu kontrol tarihlerinde koşulların sağlanması halinde, ilgili ay boyunca Çok Kazananlar Kulübü üyesi olarak değerlendirilir."", ""Çok Kazananlar Kulübüne katılma koşullarında yer alan ürünlerden birinin kapatılması durumunda, ürünün kapatıldığı günün ertesi günü kulüp üyeliği sona erer."", ""Kulüp üyeliğinden çıkarılan müşteriler, aynı takvim ayı içerisinde, katılım şartlarını sağlasalar dahi kulübe giriş yapamazlar.""]";0.95;rule_heuristic;;…da geçerlidir. Kampanya ilk dönemi 1-31 Temmuz 2026, kampanyanın ikinci dönemi 1-31 Ağustos 2026 tarihleri arasındadır. [Kampanyadan yararlanmak için ilk harcamadan önce Hadi uygulamasından kampanya seçiminin yapılması gerekmektedir.] Kampanyaya Hadi Kredi Kartı ve Hadi Black Kredi Kartı ile yapılan harcamalar dahildir. 1.000TL ve üzeri yapacağın akary…;;;
tom-katilim--kampanyalar-cok-kazananlar-kulubu-kat-kat-kazandiran-kampanyalari-ile-seninle;tom-katilim;odul_miktari;"{""currency"": ""TRY"", ""value"": 3500.0}";0.95;rule_heuristic;;…ksız 3 taksit fırsatını kaçırma! Kampanya Detayı HADI Davet Koduyla TOM Bank Hadi Müşterisi Ol, Pegasus harcamalarından [3.500 TL]'ye varan iade kazan! Kampanya Detayı;;;
tom-katilim--kampanyalar-cok-kazananlar-kulubu-kat-kat-kazandiran-kampanyalari-ile-seninle;tom-katilim;kampanya_kosullari;"[""Çok Kazananlar Kulubüne katılmak çok kolay, Hadi Black Kredi Kartı'na sahip ol, minimum 10.000 TL bakiye ile Mega Günlük Hesap aç, veee Kazananlar Kulubü'ne HOŞ GELDİN!"", ""Çok Kazananlar Kulubüne katılım Hadi Black Kredi Kartı ve minimum 10.000 TL tutarında Mega Günlük Hesap açılışının sonraki günü gerçekleşir ve kampanya faydaları bu tarih itibari ile katlanmaya başlar."", ""Çok Kazananlar Kulübü kapsamında aranan minimum 10.000 TL Mega Günlük Hesap bakiyesi, her ayın 15."", ""Bu kontrol tarihlerinde koşulların sağlanması halinde, ilgili ay boyunca Çok Kazananlar Kulübü üyesi olarak değerlendirilir."", ""Çok Kazananlar Kulübüne katılma koşullarında yer alan ürünlerden birinin kapatılması durumunda, ürünün kapatıldığı günün ertesi günü kulüp üyeliği sona erer."", ""Kulüp üyeliğinden çıkarılan müşteriler, aynı takvim ayı içerisinde, katılım şartlarını sağlasalar dahi kulübe giriş yapamazlar."", ""O gün kulüp koşulları sağlandığı durumda, müşteri kulübe yeniden katılmış olur."", ""Çok Kazananlar Kulübü ek faydaları, yalnızca Hadi Black Kredi Kartı harcamaları için geçerlidir.""]";0.95;rule_heuristic;;…ulübe özel çok kazandıran kampanyaları incelemeyi unutma! Kampanya Detay: Çok Kazananlar Kulubüne üye ol kat kat kazan! [Çok Kazananlar Kulubüne katılmak çok kolay, Hadi Black Kredi Kartı'na sahip ol, minimum 10.000 TL bakiye ile Mega Günlük Hesap aç, veee Kazananlar Kulubü'ne HOŞ GELDİN!] Kulübe katılmak ve ek faydalardan yararlanmak için Çok Kazananlar Kulübü kampanyasına katılmayı unutma! Çok Kazananlar …;;;
tom-katilim--kampanyalar-cok-kazananlar-kulubu-kat-kat-kazandiran-kampanyalari-ile-seninle;tom-katilim;hedef_kitle;"[""yeni_musteri""]";0.95;rule_heuristic;;…kolay, Hadi Black Kredi Kartı'na sahip ol, minimum 10.000 TL bakiye ile Mega Günlük Hesap aç, veee Kazananlar Kulubü'ne [HOŞ GELDİN]! Kulübe katılmak ve ek faydalardan yararlanmak için Çok Kazananlar Kulübü kampanyasına katılmayı unutma! Çok Kazananlar…;;;
tom-katilim--kampanyalar-hadi-davet-koduyla-tom-bank-hadi-musterisi-ol-pegasus-harcamalarinda;tom-katilim;taksit_sayisi;3;0.95;rule_heuristic;;…lam 2000 TL'ye kadar A101 hediye bakiye kazan! Kampanya Detayı Hadi Black Kredi Kartı ile MTV Ödemelerinde Vade Farksız [3 taksit] fırsatını kaçırma! Kampanya Detayı Çok Kazananlar Kulübü Kat Kat Kazandıran Kampanyaları ile Seninle! Kampanya Detayı;;;
tom-katilim--kampanyalar-hadi-davet-koduyla-tom-bank-hadi-musterisi-ol-pegasus-harcamalarinda;tom-katilim;odul_miktari;"{""currency"": ""TRY"", ""value"": 3500.0}";0.95;rule_heuristic;;…arın %50'ye varan tutar ilgili karta iade edilir. Bir takvim ayında en fazla 1.500 TL, kampanya dönemi boyunca en fazla [3.500 TL] iade kazanılabilir. Kampanya Pegasus internet sitesi ve Pegasus Mobil Uygulamasından gerçekleştirilecek tüm harcamalard…;;;
tom-katilim--kampanyalar-hadi-davet-koduyla-tom-bank-hadi-musterisi-ol-pegasus-harcamalarinda;tom-katilim;kampanya_kosullari;"[""Kampanya Kuralları: Kampanya 1 Temmuz 2026 (saat 12.00'dan itibaren) – 30 Eylül 2026 (saat 23.59'a kadar) tarihleri arasında \""HADI\"" Davet Kodu ile Görüntülü Görüşme yaparak ilk kez TOM Bank Hadi Müşterisi olarak TOM Bank Çok Kazananlar Kulübü şartlarını sağlayan müşteriler için geçerlidir."", ""TOM Bank Çok Kazananlar Kulübü üyesi olmak için 10.000 TL ve üzerinde limitli Hadi Black Kredi Kartı ve minimum 10.000 TL bakiyeli Mega Günlük Hesap açılması yeterlidir."", ""Koşulları sağlayan müşteriler koşullar sağlandıktan sonraki gün kulüp avantajlarından yararlanmaya başlar."", ""Çok Kazananlar Kulübü kapsamında aranan minimum 10.000 TL Mega Günlük Hesap bakiyesi, her ayın 15."", ""Bu kontrol tarihlerinde koşulların sağlanması halinde, ilgili ay boyunca Çok Kazananlar Kulübü üyesi olarak değerlendirilir."", ""Çok Kazananlar Kulübü ek faydaları, yalnızca Hadi Black Kredi Kartı harcamaları için geçerlidir."", ""Çok Kazananlar Kulübüne katılma koşullarında yer alan Hadi Black Kredi Kartı ve Mega Hesaptan birinin kapatılması durumunda, ürünün kapatıldığı günün ertesi günü kulüp üyeliği sona erer."", ""Kulüp üyeliğinden ayrılan müşteriler, aynı takvim ayı içerisinde, katılım şartlarını sağlasalar dahi kulübe giriş yapamazlar.""]";0.95;rule_heuristic;;"… İndir Hemen İndir HADI Davet Koduyla TOM Bank Hadi Müşterisi Ol, Pegasus harcamalarından 3.500 TL'ye varan iade kazan! [Kampanya Kuralları: Kampanya 1 Temmuz 2026 (saat 12.00'dan itibaren) – 30 Eylül 2026 (saat 23.59'a kadar) tarihleri arasında ""HADI"" Davet Kodu ile Görüntülü Görüşme yaparak ilk kez TOM Bank Hadi Müşterisi olarak TOM Bank Çok Kazananlar Kulübü şartlarını sağlayan müşteriler için geçerlidir.] Daha önceden hiç müşteri olmamış müşteriler kampanyadan yararlanabilir. Kampanyadan yararlanabilmek için, Pegasus inter…";;;
tom-katilim--kampanyalar-hadi-davet-koduyla-tom-bank-hadi-musterisi-ol-pegasus-harcamalarinda;tom-katilim;hedef_kitle;"[""yeni_musteri""]";0.95;rule_heuristic;;"…0'dan itibaren) – 30 Eylül 2026 (saat 23.59'a kadar) tarihleri arasında ""HADI"" Davet Kodu ile Görüntülü Görüşme yaparak [ilk kez] TOM Bank Hadi Müşterisi olarak TOM Bank Çok Kazananlar Kulübü şartlarını sağlayan müşteriler için geçerlidir. Daha önce…";;;
tom-katilim--urunlerimiz;tom-katilim;vade_ay;36;0.95;rule_heuristic;;…beyaz eşyadan küçük ev aletlerine, televizyondan bilgisayara kadar evinin ihtiyacı olan binlerce çeşit ürünü şimdi alıp [36 aya] varan vadelerle rahatça ödeyebilirsin. Detaylı bilgi için tıkla. Anlaşmalı mağaza listesi için tıkla. Kredi Kartı HADİ …;;;
tom-katilim--urunlerimiz;tom-katilim;masraf_durumu;"{""amount"": 0.0, ""has_fee"": false}";0.95;rule_heuristic;;…bilirsin. Detaylı bilgi için tıkla. Anlaşmalı mağaza listesi için tıkla. Kredi Kartı HADİ Kredi Kartında ömür boyu kart [ücret]i yok, harcadıkça kazandıran kampanyalar var! Sen de tüm dünyada geçerli kredi kartına sahip olmak için HADİ'yi indir, a…;;;
turkiye-emlak-katilim--bireysel-kampanyalar;turkiye-emlak-katilim;masraf_durumu;"{""amount"": null, ""has_fee"": true}";0.95;rule_heuristic;;…BİLGİ Hızlı Çiçek'te Tüm İndirimlere Ek %20 İndirim Fırsatı! DETAYLI BİLGİ Emlak Katılım Paraf'tan Trendyol Plus Üyelik [Ücret]iniz İade! DETAYLI BİLGİ Emlak Katılım Paraf'tan tabii Premium Üyeliği Hediye! DETAYLI BİLGİ Uçak Bileti Harcamalarınıza…;;;
turkiye-emlak-katilim--bireysel-kampanyalar;turkiye-emlak-katilim;odul_miktari;"{""currency"": ""TRY"", ""value"": 500.0}";0.95;rule_heuristic;;…z Politikası'nı hazırlanmıştır. Kampanyalar Ana sayfa Bireysel Kampanyalar MTV Ödemenizi Emlak Katılım Mobil'den Yapın, [500 TL]'ye Varan Nakit İade Kazanın! DETAYLI BİLGİ Biletinial'da %20 indirim! DETAYLI BİLGİ Marina Mayo'da Tüm Ürünlerde %15 İn…;;;
turkiye-emlak-katilim--bireysel-kampanyalar;turkiye-emlak-katilim;indirim_orani;20.0;0.95;rule_heuristic;;…mpanyalar MTV Ödemenizi Emlak Katılım Mobil'den Yapın, 500 TL'ye Varan Nakit İade Kazanın! DETAYLI BİLGİ Biletinial'da %[20] indirim! DETAYLI BİLGİ Marina Mayo'da Tüm Ürünlerde %15 İndirim! DETAYLI BİLGİ Modanisa'da Tüm İndirimlere Ek %15 İndir…;;;
turkiye-emlak-katilim--bireysel-kampanyalar;turkiye-emlak-katilim;hedef_kitle;"[""belirli_segment"", ""mevcut_musteri""]";0.95;rule_heuristic;;…da Vade Farksız 6 Taksit! DETAYLI BİLGİ Paraf ile A101'de Vade Farksız 6 Aya Varan Taksit Fırsatı! DETAYLI BİLGİ Emekli [Müşterilerimize Özel] Ayrıcalıklar DETAYLI BİLGİ × Your browser does not support the audio element.;;;
turkiye-emlak-katilim--kampanya-akaryakit-harcamalariniza-300-tl-parafpara;turkiye-emlak-katilim;masraf_durumu;"{""amount"": 0.0, ""has_fee"": false}";0.95;rule_heuristic;;"… başarılı sayılabilmesi için banka sisteminde adınıza tanımlı telefon numarasından katılım sağlanmalıdır. Katılım SMS'i [ücretsiz] olup; kampanyaya katılabilmek için SMS'in Turkcell, Vodafone veya Türk Telekom operatörleri üzerinden ve yurt içinden g…";;;
turkiye-emlak-katilim--kampanya-akaryakit-harcamalariniza-300-tl-parafpara;turkiye-emlak-katilim;odul_miktari;"{""currency"": ""TRY"", ""value"": 300.0}";0.95;rule_heuristic;;…plam 300 TL ParafPara verilecektir. Kampanya müşteri bazlı olup, bir müşteri kampanyaya bir kez katılabilir ve en fazla [300 TL] ParafPara kazanabilir. Aynı gün aynı iş yerinden yapılacak harcamaların ilki kampanyaya dahildir. Bir kart ile kampanya…;;;
turkiye-emlak-katilim--kampanya-akaryakit-harcamalariniza-300-tl-parafpara;turkiye-emlak-katilim;kampanya_kosullari;"[""Kampanyaya katılmak için \""AKARYAKIT\"" yazıp 6026'ya SMS gönderilmesi gerekmektedir."", ""Katılım SMS'i ücretsiz olup; kampanyaya katılabilmek için SMS'in Turkcell, Vodafone veya Türk Telekom operatörleri üzerinden ve yurt içinden gönderilmesi gerekmektedir."", ""Kampanya Koşulları Kampanya 1 -31 Temmuz 2026 tarihleri arasında geçerlidir."", ""Kampanya kapsamında kazanılan ParafPara'lar, kampanyayı takip eden ayın 14‘ünde, kampanya koşullarını sağlayan müşterilerimizin işlem yaptığı ve kullanıma açık kartına yansıtılacaktır."", ""Türkiye Emlak Katılım Bankası A.Ş. kampanyayı dilediği zaman durdurma ve/veya kampanya koşullarını değiştirme hakkına sahiptir. × Your browser does not support the audio element.""]";0.95;rule_heuristic;;"…ra! Akaryakıt Harcamalarınıza 300 TL ParafPara! Akaryakıt Harcamalarınıza 300 TL ParafPara! Kampanyaya Nasıl Katılırım? [Kampanyaya katılmak için ""AKARYAKIT"" yazıp 6026'ya SMS gönderilmesi gerekmektedir.] Kampanya katılımının başarılı sayılabilmesi için banka sisteminde adınıza tanımlı telefon numarasından katılım sağlanma…";;;
turkiye-emlak-katilim--kampanya-elektrikli-arac-sarj-istasyonu-harcamalariniza-200-tl-parafpara;turkiye-emlak-katilim;masraf_durumu;"{""amount"": 0.0, ""has_fee"": false}";0.95;rule_heuristic;;"… başarılı sayılabilmesi için banka sisteminde adınıza tanımlı telefon numarasından katılım sağlanmalıdır. Katılım SMS'i [ücretsiz] olup; kampanyaya katılabilmek için SMS'in Turkcell, Vodafone veya Türk Telekom operatörleri üzerinden ve yurt içinden g…";;;
turkiye-emlak-katilim--kampanya-elektrikli-arac-sarj-istasyonu-harcamalariniza-200-tl-parafpara;turkiye-emlak-katilim;odul_miktari;"{""currency"": ""TRY"", ""value"": 200.0}";0.95;rule_heuristic;;…plam 200 TL ParafPara verilecektir. Kampanya müşteri bazlı olup, bir müşteri kampanyaya bir kez katılabilir ve en fazla [200 TL] ParafPara kazanabilir. Aynı gün aynı iş yerinde yapılan 250 TL ve üzeri harcamalardan ilki kampanyaya dahildir. Bir kar…;;;
turkiye-emlak-katilim--kampanya-elektrikli-arac-sarj-istasyonu-harcamalariniza-200-tl-parafpara;turkiye-emlak-katilim;kampanya_kosullari;"[""Kampanyaya katılmak için \"" YOL \"" yazıp 6026'ya SMS gönderilmesi gerekmektedir."", ""Katılım SMS'i ücretsiz olup; kampanyaya katılabilmek için SMS'in Turkcell, Vodafone veya Türk Telekom operatörleri üzerinden ve yurt içinden gönderilmesi gerekmektedir."", ""Kampanya Koşulları Kampanya 1-31 Temmuz 2026 tarihleri arasında geçerlidir."", ""Kampanya kapsamında kazanılan ParafPara'lar, kampanyayı takip eden ayın 14‘ünde, kampanya koşullarını sağlayan müşterilerimizin işlem yaptığı ve kullanıma açık kartına yansıtılacaktır."", ""Türkiye Emlak Katılım Bankası A.Ş. kampanyayı dilediği zaman durdurma ve/veya kampanya koşullarını değiştirme hakkına sahiptir. × Your browser does not support the audio element.""]";0.95;rule_heuristic;;"… Paraf ile Elektrikli Araç Şarj İstasyonu Harcamalarınıza 200 TL'ye Varan ParafPara Hediye! Kampanyaya Nasıl Katılırım? [Kampanyaya katılmak için "" YOL "" yazıp 6026'ya SMS gönderilmesi gerekmektedir.] Kampanya katılımının başarılı sayılabilmesi için banka sisteminde adınıza tanımlı telefon numarasından katılım sağlanma…";;;
turkiye-emlak-katilim--kampanya-emekli-musterilerimize-ozel-ayricaliklar;turkiye-emlak-katilim;masraf_durumu;"{""amount"": 0.0, ""has_fee"": false}";0.95;rule_heuristic;;…sel finansman taleplerinde liste fiyatlarımızdan 5 puan indirim ile finansman kullanabileceklerdir. Dijital Kanallardan [Ücretsiz] Para Transferi Hizmeti: Dijital kanallarımızdan Havale-EFT-FAST (EFT Mesaj ücreti Hariç) işlemlerinizi ücretsiz olarak …;;;
turkiye-emlak-katilim--kampanya-emekli-musterilerimize-ozel-ayricaliklar;turkiye-emlak-katilim;indirim_orani;25.0;0.95;rule_heuristic;;…lar sunulmaktadır. Kampanyanın Avantajları: İndirimli Kiralık Kasa: Kiralık kasa hizmetimizde komisyon fiyatlarımızdan %[25] indirimli olarak kiralık kasa kullanabileceklerdir. Yüksek Kâr Paylaşım Oranı: Tüm Türk Lirası katılım hesaplarında 98/…;;;
turkiye-emlak-katilim--kampanya-emekli-musterilerimize-ozel-ayricaliklar;turkiye-emlak-katilim;alisveris_puani;"{""kind"": ""points"", ""value"": 5.0}";0.95;rule_heuristic;;…ile değerlendirebileceklerdir. İndirimli Finansman Kar Oranı: Tüm bireysel finansman taleplerinde liste fiyatlarımızdan [5] puan indirim ile finansman kullanabileceklerdir. Dijital Kanallardan Ücretsiz Para Transferi Hizmeti: Dijital kanalları…;;;
turkiye-emlak-katilim--kampanya-emekli-musterilerimize-ozel-ayricaliklar;turkiye-emlak-katilim;kampanya_kosullari;"[""Dijital Kanallardan Ücretsiz Para Transferi Hizmeti: Dijital kanallarımızdan Havale-EFT-FAST (EFT Mesaj ücreti Hariç) işlemlerinizi ücretsiz olarak gerçekleştirebileceklerdir."", ""Kampanyadan Yararlanma Şartları: Kampanyadan emekli müşterilerimiz faydalanabilecektir."", ""Kampanyadan yararlanılabilmesi için emekli olunduğuna dair belgenin Bankamıza ibraz edilmesi gerekmektedir.""]";0.95;rule_heuristic;;…Kar Oranı: Tüm bireysel finansman taleplerinde liste fiyatlarımızdan 5 puan indirim ile finansman kullanabileceklerdir. [Dijital Kanallardan Ücretsiz Para Transferi Hizmeti: Dijital kanallarımızdan Havale-EFT-FAST (EFT Mesaj ücreti Hariç) işlemlerinizi ücretsiz olarak gerçekleştirebileceklerdir.] Kampanyadan Yararlanma Şartları: Kampanyadan emekli müşterilerimiz faydalanabilecektir. Kampanyadan yararlanılabilmesi …;;;
turkiye-emlak-katilim--kampanya-emekli-musterilerimize-ozel-ayricaliklar;turkiye-emlak-katilim;hedef_kitle;"[""belirli_segment"", ""mevcut_musteri""]";0.95;rule_heuristic;;… hakkında bilgi vermek amacıyla işbu Çerez Politikası'nı hazırlanmıştır. Ana sayfa Bireysel Kampanyalar Kampanya Emekli [Müşterilerimize Özel] Ayrıcalıklar Emekli Müşterilerimize Özel Ayrıcalıklar Emekli müşterilerimize destek olmak amacıyla, para transferi, kir…;;;
turkiye-emlak-katilim--kampanya-emlak-katilim-paraftan-tabii-premium-uyeligi-hediye;turkiye-emlak-katilim;masraf_durumu;"{""amount"": 0.0, ""has_fee"": false}";0.95;rule_heuristic;;…MS'i, banka sisteminde kartın bağlı olduğu müşteri numarasına kayıtlı cep telefonu numarasından gönderilmelidir. Bu SMS [ücretsiz]dir. Kampanyaya SMS ile katılmak için Turkcell, Vodafone ve TürkTelekom operatörlerine ait numaralar ile 6026'ya SMS gön…;;;
turkiye-emlak-katilim--kampanya-emlak-katilim-paraftan-tabii-premium-uyeligi-hediye;turkiye-emlak-katilim;kampanya_kosullari;"[""Kampanyaya katılmak için \""TABII\"" yazıp 6026'ya SMS gönderilmesi gerekmektedir."", ""Kampanya Koşulları Emlak Katılım Paraf ve Emlak Katılım Paraf Premium kartınız ile Temmuz ayı boyunca yapacağınız tabii Premium üyelik ödemelerinizde ilgili ayın üyelik ücreti tutarı kartınıza iade olarak yansıtılacaktır."", ""Kampanyadan sadece Emlak Katılım Paraf ve Emlak Katılım Paraf Premium ve bu kartlardan üretilen sanal kartlar ile ek kartlar faydalanabilecektir."", ""Kampanyadan faydalanabilmek için ödemenizi www.tabii.com üzerinden, kart bilgilerinizi manuel girerek tamamlamanız gerekmektedir."", ""Tekrar kampanyaya katılabilmek için \""PLUS\"" yazıp 6026'ya SMS gönderilmesi gerekmektedir."", ""Kampanya kapsamında kazanılan nakit iade tutarları, kampanyayı takip eden ayın 10‘unda, kampanya koşullarını sağlayan müşterilerimizin işlem yaptığı ve kullanıma açık kartına yansıtılacaktır."", ""Türkiye Emlak Katılım Bankası A.Ş. ve tabii, kampanyayı dilediği zaman durdurma ve/veya kampanya koşullarını değiştirme hakkına sahiptir. × Your browser does not support the audio element.""]";0.95;rule_heuristic;;"…raf'tan tabii Premium Üyeliği Hediye! Emlak Katılım Paraf'tan tabii Premium Üyeliği Hediye! Kampanyaya Nasıl Katılırım? [Kampanyaya katılmak için ""TABII"" yazıp 6026'ya SMS gönderilmesi gerekmektedir.] Katılım SMS'i, banka sisteminde kartın bağlı olduğu müşteri numarasına kayıtlı cep telefonu numarasından gönderilmelidi…";;;
turkiye-emlak-katilim--kampanya-enterprise-arac-kiralamalarinda-35-indirim-firsati;turkiye-emlak-katilim;indirim_orani;35.0;0.95;rule_heuristic;;…cıyla işbu Çerez Politikası'nı hazırlanmıştır. Ana sayfa Bireysel Kampanyalar Kampanya Enterprise Araç Kiralamalarında %[35] İndirim Fırsatı! Enterprise Araç Kiralamalarında %35 İndirim Fırsatı! Enterprise Araç Kiralamalarında %35 İndirim Fırsa…;;;
turkiye-emlak-katilim--kampanya-enterprise-arac-kiralamalarinda-35-indirim-firsati;turkiye-emlak-katilim;kampanya_suresi;2026-12-31;0.95;rule_heuristic;;…hangi bir üyelik veya ek kayıt işlemi gerekmemektedir. Kampanya Koşulları Liste fiyatı üzerinden %35 indirim kampanyası [31.12.2026] tarihine kadar Türkiye'deki tüm Enterprise ofislerinde online kiralamalarda geçerlidir. Kampanya, web sitesi banka iş b…;;;
turkiye-emlak-katilim--kampanya-enterprise-arac-kiralamalarinda-35-indirim-firsati;turkiye-emlak-katilim;kampanya_kosullari;"[""Kampanya Koşulları Liste fiyatı üzerinden %35 indirim kampanyası 31.12.2026 tarihine kadar Türkiye'deki tüm Enterprise ofislerinde online kiralamalarda geçerlidir."", ""Kampanya koşulları ve indirim oranları rezervasyon ekranında görüntülenecektir."", ""Ödeme yapılacak kartın, kiralayan kişi adına olması gereklidir."", ""Kampanya farklı kampanyalarla birleştirilemez ve tek seferde maksimum 27 günlük kiralama yapılabilir Kampanya kapsamındaki indirim yalnızca araç kiralamalarında geçerlidir, hiçbir ek hizmet için geçerli değildir."", ""Araç kiralamalarında Enterprise Rent-A-Car genel kiralama koşulları geçerlidir."", ""Koşullara Kiralama Sözleşmesi'nden ulaşabilirsiniz."", ""Enterprise Türkiye önceden haber vermeksizin kampanya koşullarını değiştirme hakkını saklı tutar."", ""Türkiye Emlak Katılım Bankası A.Ş. ve Enterprise Türkiye önceden haber vermeksizin kampanya koşullarını değiştirme hakkını saklı tutar. × Your browser does not support the audio element.""]";0.95;rule_heuristic;;…amasında kart doğrulaması ile otomatik olarak uygulanacaktır. Herhangi bir üyelik veya ek kayıt işlemi gerekmemektedir. [Kampanya Koşulları Liste fiyatı üzerinden %35 indirim kampanyası 31.12.2026 tarihine kadar Türkiye'deki tüm Enterprise ofislerinde online kiralamalarda geçerlidir.] Kampanya, web sitesi banka iş birliğimiz sayfası üzerinden yapılan kiralamalarda geçerlidir. Kampanya koşulları ve indi…;;;
turkiye-emlak-katilim--kampanya-giyim-ve-kozmetik-alisverislerinize-1000-tl-parafpara;turkiye-emlak-katilim;finansman_tutari;"{""currency"": ""TRY"", ""value"": 500.0}";0.95;rule_heuristic;;…erilecektir. Kampanya müşteri bazlı olup bir müşteri kampanyadan bir defa yararlanabilir ve ilk alışveriş tutarına göre [500 TL] ya da 1.000 TL ParafPara tutarından sadece birini kazanabilir. Kampanyaya katılmak için harcama yapmadan önce Paraf Mob…;;;
turkiye-emlak-katilim--kampanya-giyim-ve-kozmetik-alisverislerinize-1000-tl-parafpara;turkiye-emlak-katilim;masraf_durumu;"{""amount"": 0.0, ""has_fee"": false}";0.95;rule_heuristic;;"… başarılı sayılabilmesi için banka sisteminde adınıza tanımlı telefon numarasından katılım sağlanmalıdır. Katılım SMS'i [ücretsiz] olup; kampanyaya katılabilmek için SMS'in Turkcell, Vodafone veya Türk Telekom operatörleri üzerinden ve yurt içinden g…";;;
turkiye-emlak-katilim--kampanya-giyim-ve-kozmetik-alisverislerinize-1000-tl-parafpara;turkiye-emlak-katilim;kampanya_kosullari;"[""Kampanyaya katılmak için \""GIYIM2\"" yazıp 6026'ya SMS gönderilmesi gerekmektedir."", ""Katılım SMS'i ücretsiz olup; kampanyaya katılabilmek için SMS'in Turkcell, Vodafone veya Türk Telekom operatörleri üzerinden ve yurt içinden gönderilmesi gerekmektedir."", ""Kampanya Koşulları Kampanya 1-31 Temmuz 2026 tarihleri arasında geçerlidir."", ""Kampanya müşteri bazlı olup bir müşteri kampanyadan bir defa yararlanabilir ve ilk alışveriş tutarına göre 500 TL ya da 1.000 TL ParafPara tutarından sadece birini kazanabilir."", ""Kampanyaya katılmak için harcama yapmadan önce Paraf Mobil veya Halkbank Mobil uygulamamızın Paraf kart kampanyaları alanında yer alan HEMEN KATIL butonuna tıklanması gerekmektedir."", ""Birden fazla kampanya koşulunun aynı anda sağlanması halinde, hak kazanılan en yüksek tutarlı ödül yüklenir."", ""Müşterinin kampanya dönemi içerisinde gerçekleştirdiği farklı işlemler, ilgili tutar koşullarını sağlamaları halinde kendi kampanyaları kapsamında ayrıca ödüllendirilecektir."", ""Kampanya kapsamında kazanılan ParafPara'lar, kampanyayı takip eden ayın 14‘ünde, kampanya koşullarını sağlayan müşterilerimizin işlem yaptığı ve kullanıma açık kartına yansıtılacaktır.""]";0.95;rule_heuristic;;"…ışverişlerinize 1.000 TL ParafPara! Giyim ve Kozmetik Alışverişlerinize 1.000 TL ParafPara! Kampanyaya Nasıl Katılırım? [Kampanyaya katılmak için ""GIYIM2"" yazıp 6026'ya SMS gönderilmesi gerekmektedir.] Kampanya katılımının başarılı sayılabilmesi için banka sisteminde adınıza tanımlı telefon numarasından katılım sağlanma…";;;
turkiye-emlak-katilim--kampanya-market-alisverislerinize-1500-tl-parafpara-hediye;turkiye-emlak-katilim;masraf_durumu;"{""amount"": 0.0, ""has_fee"": false}";0.95;rule_heuristic;;"… başarılı sayılabilmesi için banka sisteminde adınıza tanımlı telefon numarasından katılım sağlanmalıdır. Katılım SMS'i [ücretsiz] olup; kampanyaya katılabilmek için SMS'in Turkcell, Vodafone veya Türk Telekom operatörleri üzerinden ve yurt içinden g…";;;
turkiye-emlak-katilim--kampanya-market-alisverislerinize-1500-tl-parafpara-hediye;turkiye-emlak-katilim;odul_miktari;"{""currency"": ""TRY"", ""value"": 1500.0}";0.95;rule_heuristic;;…rmek amacıyla işbu Çerez Politikası'nı hazırlanmıştır. Ana sayfa Bireysel Kampanyalar Kampanya Market Alışverişlerinize [1.500 TL] ParafPara Hediye! Market Alışverişlerinize 1.500 TL ParafPara Hediye! Market Alışverişlerinize 1.500 TL ParafPara Hediy…;;;
turkiye-emlak-katilim--kampanya-market-alisverislerinize-1500-tl-parafpara-hediye;turkiye-emlak-katilim;kampanya_kosullari;"[""Kampanyaya katılmak için \"" GIDA \"" yazıp 6026'ya SMS gönderilmesi gerekmektedir."", ""Katılım SMS'i ücretsiz olup; kampanyaya katılabilmek için SMS'in Turkcell, Vodafone veya Türk Telekom operatörleri üzerinden ve yurt içinden gönderilmesi gerekmektedir."", ""Kampanya Koşulları Kampanya 1-31 Temmuz 2026 tarihleri arasında geçerlidir."", ""Birden fazla kampanya koşulunun aynı anda sağlanması halinde, hak kazanılan en yüksek tutarlı ödül yüklenir."", ""Müşterinin kampanya dönemi içerisinde gerçekleştirdiği farklı işlemler, ilgili tutar koşullarını sağlamaları halinde kendi kampanyaları kapsamında ayrıca ödüllendirilecektir."", ""Kampanya kapsamında kazanılan ParafPara'lar, kampanyayı takip eden ayın 14‘ünde, kampanya koşullarını sağlayan müşterilerimizin işlem yaptığı ve kullanıma açık kartına yansıtılacaktır."", ""Türkiye Emlak Katılım Bankası A.Ş. kampanyayı dilediği zaman durdurma ve/veya kampanya koşullarını değiştirme hakkına sahiptir. × Your browser does not support the audio element.""]";0.95;rule_heuristic;;"…erişlerinize 1.500 TL ParafPara Hediye! Market Alışverişlerinize 1.500 TL ParafPara Hediye! Kampanyaya Nasıl Katılırım? [Kampanyaya katılmak için "" GIDA "" yazıp 6026'ya SMS gönderilmesi gerekmektedir.] Kampanya katılımının başarılı sayılabilmesi için banka sisteminde adınıza tanımlı telefon numarasından katılım sağlanma…";;;
turkiye-emlak-katilim--kampanya-market-alisverislerinize-700-tl-parafpara;turkiye-emlak-katilim;masraf_durumu;"{""amount"": 0.0, ""has_fee"": false}";0.95;rule_heuristic;;"… başarılı sayılabilmesi için banka sisteminde adınıza tanımlı telefon numarasından katılım sağlanmalıdır. Katılım SMS'i [ücretsiz] olup; kampanyaya katılabilmek için SMS'in Turkcell, Vodafone veya Türk Telekom operatörleri üzerinden ve yurt içinden g…";;;
turkiye-emlak-katilim--kampanya-market-alisverislerinize-700-tl-parafpara;turkiye-emlak-katilim;odul_miktari;"{""currency"": ""TRY"", ""value"": 700.0}";0.95;rule_heuristic;;…amda 700 TL ParafPara verilecektir. Kampanya müşteri bazlı olup, bir müşteri kampanyaya bir kez katılabilir ve en fazla [700 TL] ParafPara kazanabilir. Bir kart ile kampanyaya katılım yapıldığında müşterinin tüm kartları kampanyaya dahil olur. Hede…;;;
turkiye-emlak-katilim--kampanya-market-alisverislerinize-700-tl-parafpara;turkiye-emlak-katilim;kampanya_kosullari;"[""Kampanyaya katılmak için \"" GIDA2 \"" yazıp 6026'ya SMS gönderilmesi gerekmektedir."", ""Katılım SMS'i ücretsiz olup; kampanyaya katılabilmek için SMS'in Turkcell, Vodafone veya Türk Telekom operatörleri üzerinden ve yurt içinden gönderilmesi gerekmektedir."", ""Kampanya Koşulları Kampanya 1-31 Temmuz 2026 tarihleri arasında geçerlidir."", ""Birden fazla kampanya koşulunun aynı anda sağlanması halinde, hak kazanılan en yüksek tutarlı ödül yüklenir."", ""Müşterinin kampanya dönemi içerisinde gerçekleştirdiği farklı işlemler, ilgili tutar koşullarını sağlamaları halinde kendi kampanyaları kapsamında ayrıca ödüllendirilecektir."", ""Kampanya kapsamında kazanılan ParafPara'lar, kampanyayı takip eden ayın 14‘ünde, kampanya koşullarını sağlayan müşterilerimizin işlem yaptığı ve kullanıma açık kartına yansıtılacaktır."", ""Türkiye Emlak Katılım Bankası A.Ş. kampanyayı dilediği zaman durdurma ve/veya kampanya koşullarını değiştirme hakkına sahiptir. × Your browser does not support the audio element.""]";0.95;rule_heuristic;;"…panya Market Alışverişlerinize 700 TL ParafPara! Market Alışverişlerinize 700 TL ParafPara! Kampanyaya Nasıl Katılırım? [Kampanyaya katılmak için "" GIDA2 "" yazıp 6026'ya SMS gönderilmesi gerekmektedir.] Kampanya katılımının başarılı sayılabilmesi için banka sisteminde adınıza tanımlı telefon numarasından katılım sağlanma…";;;
turkiye-emlak-katilim--kampanya-market-alisverislerinize-800-tl-parafpara;turkiye-emlak-katilim;masraf_durumu;"{""amount"": 0.0, ""has_fee"": false}";0.95;rule_heuristic;;"… başarılı sayılabilmesi için banka sisteminde adınıza tanımlı telefon numarasından katılım sağlanmalıdır. Katılım SMS'i [ücretsiz] olup; kampanyaya katılabilmek için SMS'in Turkcell, Vodafone veya Türk Telekom operatörleri üzerinden ve yurt içinden g…";;;
turkiye-emlak-katilim--kampanya-market-alisverislerinize-800-tl-parafpara;turkiye-emlak-katilim;odul_miktari;"{""currency"": ""TRY"", ""value"": 800.0}";0.95;rule_heuristic;;…nize 800 TL ParafPara verilecektir. Kampanya müşteri bazlı olup, bir müşteri kampanyaya bir kez katılabilir ve en fazla [800 TL] ParafPara kazanabilir. Bir kart ile kampanyaya katılım yapıldığında müşterinin tüm kartları kampanyaya dahil olur. Hede…;;;
turkiye-emlak-katilim--kampanya-market-alisverislerinize-800-tl-parafpara;turkiye-emlak-katilim;kampanya_kosullari;"[""Kampanyaya katılmak için \"" GIDA3 \"" yazıp 6026'ya SMS gönderilmesi gerekmektedir."", ""Katılım SMS'i ücretsiz olup; kampanyaya katılabilmek için SMS'in Turkcell, Vodafone veya Türk Telekom operatörleri üzerinden ve yurt içinden gönderilmesi gerekmektedir."", ""Kampanya Koşulları Kampanya 1-31 Temmuz 2026 tarihleri arasında geçerlidir."", ""Birden fazla kampanya koşulunun aynı anda sağlanması halinde, hak kazanılan en yüksek tutarlı ödül yüklenir."", ""Müşterinin kampanya dönemi içerisinde gerçekleştirdiği farklı işlemler, ilgili tutar koşullarını sağlamaları halinde kendi kampanyaları kapsamında ayrıca ödüllendirilecektir."", ""Kampanya kapsamında kazanılan ParafPara'lar, kampanyayı takip eden ayın 14‘ünde, kampanya koşullarını sağlayan müşterilerimizin işlem yaptığı ve kullanıma açık kartına yansıtılacaktır."", ""Türkiye Emlak Katılım Bankası A.Ş. kampanyayı dilediği zaman durdurma ve/veya kampanya koşullarını değiştirme hakkına sahiptir. × Your browser does not support the audio element.""]";0.95;rule_heuristic;;"…Para! Market Alışverişlerinize 800 TL ParafPara! Market Alışverişlerinize 800 TL ParafPara! Kampanyaya Nasıl Katılırım? [Kampanyaya katılmak için "" GIDA3 "" yazıp 6026'ya SMS gönderilmesi gerekmektedir.] Kampanya katılımının başarılı sayılabilmesi için banka sisteminde adınıza tanımlı telefon numarasından katılım sağlanma…";;;
turkiye-emlak-katilim--kampanya-metatechtrde-pesin-fiyatina-9-aya-varan-taksit-ve-6000-tlye-varan-paraf;turkiye-emlak-katilim;taksit_sayisi;9;0.95;rule_heuristic;;…e en fazla 6.000 TL ParafPara kazanabilir. Taksit kampanyasından yararlanabilmek için işlem anında POS üzerinden 6 veya [9 taksit] seçilmesi gerekmektedir. Alışveriş sonrası sistem tarafından artı taksit uygulanmayacaktır. Kampanyadan Emlak Katılım P…;;;
turkiye-emlak-katilim--kampanya-metatechtrde-pesin-fiyatina-9-aya-varan-taksit-ve-6000-tlye-varan-paraf;turkiye-emlak-katilim;masraf_durumu;"{""amount"": 0.0, ""has_fee"": false}";0.95;rule_heuristic;;"… başarılı sayılabilmesi için banka sisteminde adınıza tanımlı telefon numarasından katılım sağlanmalıdır. Katılım SMS'i [ücretsiz] olup; kampanyaya katılabilmek için SMS'in Turkcell, Vodafone veya Türk Telekom operatörleri üzerinden ve yurt içinden g…";;;
turkiye-emlak-katilim--kampanya-metatechtrde-pesin-fiyatina-9-aya-varan-taksit-ve-6000-tlye-varan-paraf;turkiye-emlak-katilim;odul_miktari;"{""currency"": ""TRY"", ""value"": 6000.0}";0.95;rule_heuristic;;…nacaktır. Kampanya müşteri bazındadır. Her müşteri kampanyadan ilk işlemi ile sadece bir kez yararlanabilir ve en fazla [6.000 TL] ParafPara kazanabilir. Taksit kampanyasından yararlanabilmek için işlem anında POS üzerinden 6 veya 9 taksit seçilmesi …;;;
turkiye-emlak-katilim--kampanya-metatechtrde-pesin-fiyatina-9-aya-varan-taksit-ve-6000-tlye-varan-paraf;turkiye-emlak-katilim;kampanya_kosullari;"[""Kampanyaya katılmak için \"" META1 \"" yazıp 6026'ya SMS gönderilmesi gerekmektedir."", ""Katılım SMS'i ücretsiz olup; kampanyaya katılabilmek için SMS'in Turkcell, Vodafone veya Türk Telekom operatörleri üzerinden ve yurt içinden gönderilmesi gerekmektedir."", ""Kampanya Koşulları 01-31 Temmuz 2026 tarihleri arasında https://store.metatechtr.com sitesinde Paraf POS'undan tek seferde yapılacak ilk alışverişinizde 25.000-44.999 TL arasında ise 1.500 TL; 45.000-99.999 TL arasında ise 3.000 TL; 100.000 TL ve üzerinde ise 6.000 TL ParafPara verilecektir."", ""İşlemlerin mutlaka kayıt olduktan sonra ve Paraf POS'larından gerçekleştirilmesi gerekmektedir."", ""Her müşteri kampanyadan ilk işlemi ile sadece bir kez yararlanabilir ve en fazla 6.000 TL ParafPara kazanabilir."", ""Taksit kampanyasından yararlanabilmek için işlem anında POS üzerinden 6 veya 9 taksit seçilmesi gerekmektedir."", ""Türkiye Emlak Katılım Bankası A.Ş. kampanyayı dilediği zaman durdurma ve/veya kampanya koşullarını değiştirme hakkına sahiptir."", ""Kampanya kapsamında kazanılan ParafPara'lar, kampanyayı takip eden ayın 10‘unde, kampanya koşullarını sağlayan müşterilerimizin işlem yaptığı ve kullanıma açık kartına yansıtılacaktır.""]";0.95;rule_heuristic;;"… ParafPara! Metatechtr'de Peşin Fiyatına 9 aya varan taksit ve 6.000 TL'ye varan ParafPara! Kampanyaya Nasıl Katılırım? [Kampanyaya katılmak için "" META1 "" yazıp 6026'ya SMS gönderilmesi gerekmektedir.] Kampanya katılımının başarılı sayılabilmesi için banka sisteminde adınıza tanımlı telefon numarasından katılım sağlanma…";;;
turkiye-emlak-katilim--kampanya-mobilya-dekorasyon-ve-yapi-marketi-alisverisinize-4000-tlye-varan-paraf;turkiye-emlak-katilim;finansman_tutari;"{""currency"": ""TRY"", ""value"": 500.0}";0.95;rule_heuristic;;…erilecektir. Kampanya müşteri bazlı olup bir müşteri kampanyadan bir defa yararlanabilir ve ilk alışveriş tutarına göre [500 TL], 1.000 TL, 2.250 TL ya da 4.000 TL ParafPara tutarından sadece birini kazanabilir. Kampanya müşteri bazlı olup bir müşt…;;;
turkiye-emlak-katilim--kampanya-mobilya-dekorasyon-ve-yapi-marketi-alisverisinize-4000-tlye-varan-paraf;turkiye-emlak-katilim;masraf_durumu;"{""amount"": 0.0, ""has_fee"": false}";0.95;rule_heuristic;;"… başarılı sayılabilmesi için banka sisteminde adınıza tanımlı telefon numarasından katılım sağlanmalıdır. Katılım SMS'i [ücretsiz] olup; kampanyaya katılabilmek için SMS'in Turkcell, Vodafone veya Türk Telekom operatörleri üzerinden ve yurt içinden g…";;;
turkiye-emlak-katilim--kampanya-mobilya-dekorasyon-ve-yapi-marketi-alisverisinize-4000-tlye-varan-paraf;turkiye-emlak-katilim;odul_miktari;"{""currency"": ""TRY"", ""value"": 4000.0}";0.95;rule_heuristic;;…birini kazanabilir. Kampanya müşteri bazlı olup bir müşteri kampanyadan bir defa yararlanabilir ve kampanyadan en fazla [4.000 TL] ParafPara kazanabilir. Bir kart ile kampanyaya katılım yapıldığında müşterinin tüm kartları kampanyaya dahil olur. Hede…;;;
turkiye-emlak-katilim--kampanya-mobilya-dekorasyon-ve-yapi-marketi-alisverisinize-4000-tlye-varan-paraf;turkiye-emlak-katilim;kampanya_kosullari;"[""Kampanyaya katılmak için \""MOBILYA\"" yazıp 6026'ya SMS gönderilmesi gerekmektedir."", ""Katılım SMS'i ücretsiz olup; kampanyaya katılabilmek için SMS'in Turkcell, Vodafone veya Türk Telekom operatörleri üzerinden ve yurt içinden gönderilmesi gerekmektedir."", ""Kampanya Koşulları 1-31 Temmuz 2026 tarihlerinde yurt içi mobilya, dekorasyon ve yapı marketi sektörlerinde tek seferde yapılacak 10.000 TL ile 29.999 TL arasındaki ilk harcamaya 500 TL, 30.000 ile 74.999 TL arasındaki ilk harcamaya 1.000 TL, 75.000 ile 149.999 TL arasındaki ilk harcamaya 2.250 TL, 150.000 TL ve üzerindeki ilk harcamaya 4.000 TL ParafPara verilecektir."", ""Kampanya müşteri bazlı olup bir müşteri kampanyadan bir defa yararlanabilir ve ilk alışveriş tutarına göre 500 TL, 1.000 TL, 2.250 TL ya da 4.000 TL ParafPara tutarından sadece birini kazanabilir."", ""Kampanya kapsamında kazanılan ParafPara'lar, kampanyayı takip eden ayın 14‘ünde, kampanya koşullarını sağlayan müşterilerimizin işlem yaptığı ve kullanıma açık kartına yansıtılacaktır."", ""Türkiye Emlak Katılım Bankası A.Ş. kampanyayı dilediği zaman durdurma ve/veya kampanya koşullarını değiştirme hakkına sahiptir. × Your browser does not support the audio element.""]";0.95;rule_heuristic;;"… ParafPara! Mobilya, Dekorasyon ve Yapı Marketi Alışverişinize 4.000 TL'ye Varan ParafPara! Kampanyaya Nasıl Katılırım? [Kampanyaya katılmak için ""MOBILYA"" yazıp 6026'ya SMS gönderilmesi gerekmektedir.] Kampanya katılımının başarılı sayılabilmesi için banka sisteminde adınıza tanımlı telefon numarasından katılım sağlanma…";;;
turkiye-emlak-katilim--kampanya-modanisada-tum-indirimlere-ek-15-indirim-firsati;turkiye-emlak-katilim;indirim_orani;15.0;0.95;rule_heuristic;;…acıyla işbu Çerez Politikası'nı hazırlanmıştır. Ana sayfa Bireysel Kampanyalar Kampanya Modanisa'da Tüm İndirimlere Ek %[15] İndirim Fırsatı! Modanisa'da Tüm İndirimlere Ek %15 İndirim Fırsatı! Modanisa'da Tüm İndirimlere Ek %15 İndirim Fırsatı…;;;
turkiye-emlak-katilim--kampanya-modanisada-tum-indirimlere-ek-15-indirim-firsati;turkiye-emlak-katilim;kampanya_kosullari;"[""İndirimden yararlanabilmek için sepette indirim kodu kutucuğunda \""Farklı Bir Kuponum Var\"" seçilerek \"" EKB15 \"" kampanya kodunun ilgili alana girilmesi gerekmektedir."", ""Kampanya Koşulları Kampanyadan faydalanmak için modanisa.com'a üye olunması gerekmektedir."", ""Bir alışverişte sadece bir adet indirim kodu kullanılabilir, kodlar tek kullanımlıktır, bölünemez."", ""Emlak Katılım Bankası A.Ş. ve Modanisa Elektronik Mağazacılık ve Ticaret A.Ş. kampanya koşullarında değişiklik yapma ve kampanyayı durdurma hakkına sahiptir. × Your browser does not support the audio element.""]";0.95;rule_heuristic;;"…Tüm İndirimlere Ek %15 İndirim Fırsatı! Modanisa'da Tüm İndirimlere Ek %15 İndirim Fırsatı! Kampanyaya Nasıl Katılırım? [İndirimden yararlanabilmek için sepette indirim kodu kutucuğunda ""Farklı Bir Kuponum Var"" seçilerek "" EKB15 "" kampanya kodunun ilgili alana girilmesi gerekmektedir.] İndirim, ödeme aşamasında kart doğrulaması ile otomatik olarak uygulanacaktır. Herhangi bir üyelik veya ek kayıt işlemi…";;;
turkiye-emlak-katilim--kampanya-paraf-ile-adv-magazalarinda-1000-tl-parafpara;turkiye-emlak-katilim;masraf_durumu;"{""amount"": 0.0, ""has_fee"": false}";0.95;rule_heuristic;;"… başarılı sayılabilmesi için banka sisteminde adınıza tanımlı telefon numarasından katılım sağlanmalıdır. Katılım SMS'i [ücretsiz] olup; kampanyaya katılabilmek için SMS'in Turkcell, Vodafone veya Türk Telekom operatörleri üzerinden ve yurt içinden g…";;;
turkiye-emlak-katilim--kampanya-paraf-ile-adv-magazalarinda-1000-tl-parafpara;turkiye-emlak-katilim;odul_miktari;"{""currency"": ""TRY"", ""value"": 1000.0}";0.95;rule_heuristic;;…k 10.000 TL ve üzeri ilk alışverişe 1.000 TL ParafPara verilecektir. Kampanya dönemi boyunca bir müşteri sadece bir kez [1.000 TL] ParafPara kazanabilecektir. Ödül kazanımına ilişkin bilgi SMS ile bildirilecektir. Kazanılan ParafPara'ların son kullan…;;;
turkiye-emlak-katilim--kampanya-paraf-ile-adv-magazalarinda-1000-tl-parafpara;turkiye-emlak-katilim;kampanya_kosullari;"[""Kampanyaya katılmak için \"" ADV \"" yazıp 6026'ya SMS gönderilmesi gerekmektedir."", ""Katılım SMS'i ücretsiz olup; kampanyaya katılabilmek için SMS'in Turkcell, Vodafone veya Türk Telekom operatörleri üzerinden ve yurt içinden gönderilmesi gerekmektedir."", ""Kampanya Koşulları 01-31 Temmuz 2026 tarihleri arasında ADV mağazalarında Paraf POS'undan tek seferde yapılacak 10.000 TL ve üzeri ilk alışverişe 1.000 TL ParafPara verilecektir."", ""Kampanya dönemi boyunca bir müşteri sadece bir kez 1.000 TL ParafPara kazanabilecektir."", ""Türkiye Emlak Katılım Bankası A.Ş. kampanyayı dilediği zaman durdurma ve/veya kampanya koşullarını değiştirme hakkına sahiptir."", ""Kampanya kapsamında kazanılan ParafPara'lar, kampanyayı takip eden ayın 10‘unde, kampanya koşullarını sağlayan müşterilerimizin işlem yaptığı ve kullanıma açık kartına yansıtılacaktır.""]";0.95;rule_heuristic;;"…raf ile ADV mağazalarında 1.000 TL ParafPara Paraf ile ADV mağazalarında 1.000 TL ParafPara Kampanyaya Nasıl Katılırım? [Kampanyaya katılmak için "" ADV "" yazıp 6026'ya SMS gönderilmesi gerekmektedir.] Kampanya katılımının başarılı sayılabilmesi için banka sisteminde adınıza tanımlı telefon numarasından katılım sağlanma…";;;
turkiye-emlak-katilim--kampanya-paraf-ile-adv-magazalarinda-6-taksit;turkiye-emlak-katilim;kampanya_suresi;2026-12-31;0.95;rule_heuristic;;…ır. Ana sayfa Bireysel Kampanyalar Kampanya Paraf ile ADV Mağazalarında 6 Taksit! Paraf ile ADV Mağazalarında 6 Taksit! [31 Aralık 2026] tarihine kadar ADV mağazalarında Paraf POS'larından yapılacak alışverişlerde 6 taksit imkanı sunulacaktır. Mağazalardan…;;;
turkiye-emlak-katilim--kampanya-paraf-ile-adv-magazalarinda-6-taksit;turkiye-emlak-katilim;kampanya_kosullari;"[""Mağazalardan yapılacak alışverişlerde 6 taksitten yararlanabilmek için kampanyanın satış görevlisine belirtilmesi gerekmektedir."", ""Türkiye Emlak Katılım Bankası A.Ş. kampanya koşullarının tamamında değişiklik yapma ve/veya kampanyayı durdurma hakkını saklı tutar. × Your browser does not support the audio element.""]";0.95;rule_heuristic;;… Aralık 2026 tarihine kadar ADV mağazalarında Paraf POS'larından yapılacak alışverişlerde 6 taksit imkanı sunulacaktır. [Mağazalardan yapılacak alışverişlerde 6 taksitten yararlanabilmek için kampanyanın satış görevlisine belirtilmesi gerekmektedir.] Kampanyadan Emlak Katılım Paraf ve Emlak Katılım Paraf Premium kartlar faydalanabilecektir. Sanal ve ek kartlar kampany…;;;
turkiye-emlak-katilim--kampanya-paraf-ile-alfemoda-8-taksit-firsati;turkiye-emlak-katilim;kampanya_kosullari;"[""Yapmak istediğiniz taksit sayısını satış görevlisine bildirmeniz gerekmektedir."", ""Türkiye Emlak Katılım Bankası A.Ş. kampanya koşullarının tamamında değişiklik yapma ve/veya kampanyayı durdurma hakkını saklı tutar. × Your browser does not support the audio element.""]";0.95;rule_heuristic;;…de 8 taksit imkanı sağlanacaktır. Mağazalardan yapılacak alışverişlere sistem tarafından artı taksit uygulanmayacaktır. [Yapmak istediğiniz taksit sayısını satış görevlisine bildirmeniz gerekmektedir.] Kampanyadan Emlak Katılım Paraf ve Emlak Katılım Paraf Premium kartlar faydalanabilecektir. Sanal ve ek kartlar kampany…;;;
turkiye-emlak-katilim--kampanya-paraf-ile-caspercomtrde-pesin-fiyatina-6-taksit-firsati;turkiye-emlak-katilim;masraf_durumu;"{""amount"": null, ""has_fee"": true}";0.95;rule_heuristic;;… ve iade edilen işlemler kampanyaya dahil edilmeyecektir. Yasal mevzuat gereği, mal veya hizmet alımı sonrası belli bir [ücret] karşılığı borcun taksitlendirilmesi veya ödemenin ertelendiği dönemler de dâhil olmak üzere, kredi kartları ile gerçekl…;;;
turkiye-emlak-katilim--kampanya-paraf-ile-caspercomtrde-pesin-fiyatina-6-taksit-firsati;turkiye-emlak-katilim;kampanya_suresi;2026-07-31;0.95;rule_heuristic;;…Paraf ile Casper.com.tr'de Peşin Fiyatına 6 Taksit Fırsatı! Paraf ile Casper.com.tr'de Peşin Fiyatına 6 Taksit Fırsatı! [31 Temmuz 2026] tarihine kadar www.casper.com.tr web adresinde Paraf üye işyerlerinden yapılacak alışverişlerinize peşin fiyatına 6 tak…;;;
turkiye-emlak-katilim--kampanya-paraf-ile-caspercomtrde-pesin-fiyatina-6-taksit-firsati;turkiye-emlak-katilim;kampanya_kosullari;"[""Taksit kampanyasından yararlanabilmek için işlem anında 6 taksitin seçilmesi gerekmektedir."", ""Türkiye Emlak Katılım Bankası A.Ş. kampanya koşullarının tamamında değişiklik yapma ve/veya kampanyayı durdurma hakkını saklı tutar. × Your browser does not support the audio element.""]";0.95;rule_heuristic;;…r.com.tr web adresinde Paraf üye işyerlerinden yapılacak alışverişlerinize peşin fiyatına 6 taksit imkanı sunulacaktır. [Taksit kampanyasından yararlanabilmek için işlem anında 6 taksitin seçilmesi gerekmektedir.] İşlem gerçekleştikten sonra artı taksit uygulanmayacaktır. Kampanyadan Emlak Katılım Paraf ve Emlak Katılım Paraf Premi…;;;
turkiye-emlak-katilim--kampanya-paraf-ile-damat-tweende-6-aya-varan-taksit-firsati;turkiye-emlak-katilim;taksit_sayisi;6;0.95;rule_heuristic;;…Debit kartlar ve ParafPara kullanarak yapılan işlemler kampanyaya dahil değildir. Mağazalardan yapılacak alışverişlerde [6 taksit]ten yararlanabilmek için kampanyanın satış görevlisine belirtilmesi gerekmektedir. Debit kartlar ve ParafPara kullanarak…;;;
turkiye-emlak-katilim--kampanya-paraf-ile-damat-tweende-6-aya-varan-taksit-firsati;turkiye-emlak-katilim;kampanya_suresi;2026-12-31;0.95;rule_heuristic;;…alar Kampanya Paraf ile Damat Tween'de 6 Aya Varan Taksit Fırsatı! Paraf ile Damat Tween'de 6 Aya Varan Taksit Fırsatı! [31 Aralık 2026] tarihine kadar Damat Tween mağazalarında Paraf POS'larından yapılacak alışverişlerde 6 aya varan taksit imkanı sunulaca…;;;
turkiye-emlak-katilim--kampanya-paraf-ile-damat-tweende-6-aya-varan-taksit-firsati;turkiye-emlak-katilim;kampanya_kosullari;"[""Mağazalardan yapılacak alışverişlerde 6 taksitten yararlanabilmek için kampanyanın satış görevlisine belirtilmesi gerekmektedir."", ""Türkiye Emlak Katılım Bankası A.Ş. kampanya koşullarının tamamında değişiklik yapma ve/veya kampanyayı durdurma hakkını saklı tutar. × Your browser does not support the audio element.""]";0.95;rule_heuristic;;…sahipleri kampanyadan yararlanabilir. Debit kartlar ve ParafPara kullanarak yapılan işlemler kampanyaya dahil değildir. [Mağazalardan yapılacak alışverişlerde 6 taksitten yararlanabilmek için kampanyanın satış görevlisine belirtilmesi gerekmektedir.] Debit kartlar ve ParafPara kullanarak yapılan işlemler kampanyaya dahil değildir. Türkiye Emlak Katılım Bankası A.Ş. ka…;;;
turkiye-emlak-katilim--kampanya-paraf-ile-demirdokumde-9-taksit-firsati;turkiye-emlak-katilim;vade_ay;9;0.95;rule_heuristic;;…Taksit Fırsatı! 31 Temmuz 2026 tarihine kadar Paraf üyesi Vaillant sanal POS'u üzerinden yapılan işlemlere vade farksız [9 ay] taksit imkanı sunulacaktır. Kampanyaya sadece Vaillant'ın kendi POS'undan gerçekleşen işlemler dahildir. Bayi POS'undan…;;;
turkiye-emlak-katilim--kampanya-paraf-ile-demirdokumde-9-taksit-firsati;turkiye-emlak-katilim;kampanya_suresi;2026-07-31;0.95;rule_heuristic;;…sayfa Bireysel Kampanyalar Kampanya Paraf ile DemirDöküm'de 9 Taksit Fırsatı! Paraf ile DemirDöküm'de 9 Taksit Fırsatı! [31 Temmuz 2026] tarihine kadar Paraf üyesi Vaillant sanal POS'u üzerinden yapılan işlemlere vade farksız 9 ay taksit imkanı sunulacaktı…;;;
turkiye-emlak-katilim--kampanya-paraf-ile-demirdokumde-9-taksit-firsati;turkiye-emlak-katilim;kampanya_kosullari;"[""Kampanyaya sadece Vaillant'ın kendi POS'undan gerçekleşen işlemler dahildir."", ""Taksit kampanyasından yararlanabilmek için işlem anında satış görevlisine taksit sayısının iletilmesi gerekmektedir."", ""Türkiye Emlak Katılım Bankası A.Ş. kampanya koşullarının tamamında değişiklik yapma ve/veya kampanyayı durdurma hakkını saklı tutar. × Your browser does not support the audio element.""]";0.95;rule_heuristic;;…rihine kadar Paraf üyesi Vaillant sanal POS'u üzerinden yapılan işlemlere vade farksız 9 ay taksit imkanı sunulacaktır. [Kampanyaya sadece Vaillant'ın kendi POS'undan gerçekleşen işlemler dahildir.] Bayi POS'undan gerçekleşen işlemler dahil değildir. Taksit kampanyasından yararlanabilmek için işlem anında satış görev…;;;
turkiye-emlak-katilim--kampanya-paraf-ile-divaresede-4-taksit-firsati;turkiye-emlak-katilim;kampanya_suresi;2026-07-31;0.95;rule_heuristic;;…Ana sayfa Bireysel Kampanyalar Kampanya Paraf ile Divarese'de 4 Taksit Fırsatı! Paraf ile Divarese'de 4 Taksit Fırsatı! [31 Temmuz 2026] tarihine kadar Divarese mağazaları ve www.divarese.com.tr'de Paraf POS'larından yapılacak alışverişlerde 4 taksit imkan…;;;
turkiye-emlak-katilim--kampanya-paraf-ile-divaresede-4-taksit-firsati;turkiye-emlak-katilim;kampanya_kosullari;"[""Mağazalardan yapılacak alışverişlerde 4 taksitten yararlanabilmek için kampanyanın satış görevlisine belirtilmesi gerekmektedir."", ""Türkiye Emlak Katılım Bankası A.Ş. kampanya koşullarının tamamında değişiklik yapma ve/veya kampanyayı durdurma hakkını saklı tutar. × Your browser does not support the audio element.""]";0.95;rule_heuristic;;…Divarese mağazaları ve www.divarese.com.tr'de Paraf POS'larından yapılacak alışverişlerde 4 taksit imkanı sunulacaktır. [Mağazalardan yapılacak alışverişlerde 4 taksitten yararlanabilmek için kampanyanın satış görevlisine belirtilmesi gerekmektedir.] Kampanyadan Emlak Katılım Paraf ve Emlak Katılım Paraf Premium kartlar faydalanabilecektir. Sanal ve ek kartlar kampany…;;;
turkiye-emlak-katilim--kampanya-paraf-ile-ds-damatta-6-aya-varan-taksit-firsati;turkiye-emlak-katilim;taksit_sayisi;6;0.95;rule_heuristic;;…Debit kartlar ve ParafPara kullanarak yapılan işlemler kampanyaya dahil değildir. Mağazalardan yapılacak alışverişlerde [6 taksit]ten yararlanabilmek için kampanyanın satış görevlisine belirtilmesi gerekmektedir. Türkiye Emlak Katılım Bankası A.Ş. ka…;;;
turkiye-emlak-katilim--kampanya-paraf-ile-ds-damatta-6-aya-varan-taksit-firsati;turkiye-emlak-katilim;kampanya_kosullari;"[""Mağazalardan yapılacak alışverişlerde 6 taksitten yararlanabilmek için kampanyanın satış görevlisine belirtilmesi gerekmektedir."", ""Türkiye Emlak Katılım Bankası A.Ş. kampanya koşullarının tamamında değişiklik yapma ve/veya kampanyayı durdurma hakkını saklı tutar. × Your browser does not support the audio element.""]";0.95;rule_heuristic;;…sahipleri kampanyadan yararlanabilir. Debit kartlar ve ParafPara kullanarak yapılan işlemler kampanyaya dahil değildir. [Mağazalardan yapılacak alışverişlerde 6 taksitten yararlanabilmek için kampanyanın satış görevlisine belirtilmesi gerekmektedir.] Türkiye Emlak Katılım Bankası A.Ş. kampanya koşullarının tamamında değişiklik yapma ve/veya kampanyayı durdurma hakkını…;;;
turkiye-emlak-katilim--kampanya-paraf-ile-dysonda-9-aya-varan-taksit;turkiye-emlak-katilim;taksit_sayisi;9;0.95;rule_heuristic;;… 31 Temmuz 2026 tarihine kadar www.dyson.com.tr 'den peşin fiyatına 9 aya varan taksit fırsatından faydalanabilirsiniz. [9 taksit] avantajı firmanın belirlediği tutarın üzerinde yapacağınız alışverişlerde geçerlidir. Taksitten yararlanabilmek için dy…;;;
turkiye-emlak-katilim--kampanya-paraf-ile-dysonda-9-aya-varan-taksit;turkiye-emlak-katilim;kampanya_suresi;2026-07-31;0.95;rule_heuristic;;…. Ana sayfa Bireysel Kampanyalar Kampanya Paraf ile Dyson'da 9 Aya Varan Taksit! Paraf ile Dyson'da 9 Aya Varan Taksit! [31 Temmuz 2026] tarihine kadar www.dyson.com.tr 'den peşin fiyatına 9 aya varan taksit fırsatından faydalanabilirsiniz. 9 taksit avanta…;;;
turkiye-emlak-katilim--kampanya-paraf-ile-dysonda-9-aya-varan-taksit;turkiye-emlak-katilim;kampanya_kosullari;"[""Taksitten yararlanabilmek için dyson.com.tr üzerinden taksitin seçilmesi gerekmektedir."", ""Türkiye Emlak Katılım Bankası A.Ş. kampanya koşullarının tamamında değişiklik yapma ve/veya kampanyayı durdurma hakkını saklı tutar. × Your browser does not support the audio element.""]";0.95;rule_heuristic;;…dan faydalanabilirsiniz. 9 taksit avantajı firmanın belirlediği tutarın üzerinde yapacağınız alışverişlerde geçerlidir. [Taksitten yararlanabilmek için dyson.com.tr üzerinden taksitin seçilmesi gerekmektedir.] İşlem anındaki üye işyeri uygulamalarına ve satın alınan ürüne bağlı olarak taksit sayıları değişkenlik gösterebilmekte…;;;
turkiye-emlak-katilim--kampanya-paraf-ile-evideada-4-taksit-firsati;turkiye-emlak-katilim;kampanya_suresi;2026-07-31;0.95;rule_heuristic;;…ır. Ana sayfa Bireysel Kampanyalar Kampanya Paraf ile Evidea'da 4 Taksit Fırsatı! Paraf ile Evidea'da 4 Taksit Fırsatı! [31 Temmuz 2026] tarihine kadar Evidea web sitesi ve mağazalarında Paraf POS'u üzerinden yapılan taksitli alışverişlere 4 taksit uygulan…;;;
turkiye-emlak-katilim--kampanya-paraf-ile-evideada-4-taksit-firsati;turkiye-emlak-katilim;kampanya_kosullari;"[""Kampanyadan faydalanmak için ödeme esnasında POS üzerinden 4 taksitin seçilmesi gerekmektedir."", ""Türkiye Emlak Katılım Bankası A.Ş. kampanya koşullarının tamamında değişiklik yapma ve/veya kampanyayı durdurma hakkını saklı tutar. × Your browser does not support the audio element.""]";0.95;rule_heuristic;;…ktır. Mağazalardan ya da internet mağazasından yapılacak alışverişlere sistem tarafından artı taksit uygulanmayacaktır. [Kampanyadan faydalanmak için ödeme esnasında POS üzerinden 4 taksitin seçilmesi gerekmektedir.] Mağazalardan ya da internet mağazasından yapılacak alışverişlere sistem tarafından artı taksit uygulanmayacaktır. Kampa…;;;
turkiye-emlak-katilim--kampanya-paraf-ile-hepsiburadada-pesin-fiyatina-9-aya-varan-taksit-firsati;turkiye-emlak-katilim;kampanya_suresi;2026-07-13;0.95;rule_heuristic;;…urada'da Peşin Fiyatına 9 Aya Varan Taksit Fırsatı! Paraf ile Hepsiburada'da Peşin Fiyatına 9 Aya Varan Taksit Fırsatı! [13 Temmuz 2026] tarihine kadar www.hepsiburada.com ve mobil uygulamasından tek seferde yapılacak alışverişlerde vade farksız 3-6 taksit…;;;
turkiye-emlak-katilim--kampanya-paraf-ile-hepsiburadada-pesin-fiyatina-9-aya-varan-taksit-firsati;turkiye-emlak-katilim;kampanya_kosullari;"[""Peşin fiyatına 6 taksit kampanyası sadece seçili ürünler özelinde geçerlidir."", ""Kampanyadan faydalanmak için ödeme esnasında ilgili taksitin seçilmesi gerekmektedir."", ""Hepsiburada belirli kategorilerde yer alan ürünleri peşin fiyatına taksit uygulamasından hariç tutabilir."", ""Hepsiburada satıcılı Xiaomi (Tablet hariç) markalı ürünler vade farksız taksit kampanyalarına dahil değildir."", ""Türkiye Emlak Katılım Bankası A.Ş. kampanya koşullarının tamamında değişiklik yapma ve/veya kampanyayı durdurma hakkını saklı tutar. × Your browser does not support the audio element.""]";0.95;rule_heuristic;;… TL ve üzeri alışverişlerde Hepsiburada Premium müşterilerine özel seçili ürünlerde peşin fiyatına 9 taksit geçerlidir. [Peşin fiyatına 6 taksit kampanyası sadece seçili ürünler özelinde geçerlidir.] Kampanyadan faydalanmak için ödeme esnasında ilgili taksitin seçilmesi gerekmektedir. Kampanyaya ilişkin geriye dönük y…;;;
dunya-katilim--kampanyalar-twist;dunya-katilim;kar_payi_orani;;;;;Anasayfa Kampanyalar Twist Twist'te 4 Taksit Fırsatı! Dünya Katılım Paraf ile Twist mağazaları ve www.twist.com.tr 'de Paraf POS'larından yapılacak alışverişlerde 4 taksit imkanı sunulacaktır. Kampanyadan Dünya Katılım P …;;;
dunya-katilim--kampanyalar-twist;dunya-katilim;finansman_tutari;;;;;Anasayfa Kampanyalar Twist Twist'te 4 Taksit Fırsatı! Dünya Katılım Paraf ile Twist mağazaları ve www.twist.com.tr 'de Paraf POS'larından yapılacak alışverişlerde 4 taksit imkanı sunulacaktır. Kampanyadan Dünya Katılım P …;;;
dunya-katilim--kampanyalar-twist;dunya-katilim;tahsis_ucreti;;;;;Anasayfa Kampanyalar Twist Twist'te 4 Taksit Fırsatı! Dünya Katılım Paraf ile Twist mağazaları ve www.twist.com.tr 'de Paraf POS'larından yapılacak alışverişlerde 4 taksit imkanı sunulacaktır. Kampanyadan Dünya Katılım P …;;;
dunya-katilim--kampanyalar-twist;dunya-katilim;odul_miktari;;;;;Anasayfa Kampanyalar Twist Twist'te 4 Taksit Fırsatı! Dünya Katılım Paraf ile Twist mağazaları ve www.twist.com.tr 'de Paraf POS'larından yapılacak alışverişlerde 4 taksit imkanı sunulacaktır. Kampanyadan Dünya Katılım P …;;;
dunya-katilim--kampanyalar-twist;dunya-katilim;indirim_orani;;;;;Anasayfa Kampanyalar Twist Twist'te 4 Taksit Fırsatı! Dünya Katılım Paraf ile Twist mağazaları ve www.twist.com.tr 'de Paraf POS'larından yapılacak alışverişlerde 4 taksit imkanı sunulacaktır. Kampanyadan Dünya Katılım P …;;;
dunya-katilim--kampanyalar-twist;dunya-katilim;alisveris_puani;;;;;Anasayfa Kampanyalar Twist Twist'te 4 Taksit Fırsatı! Dünya Katılım Paraf ile Twist mağazaları ve www.twist.com.tr 'de Paraf POS'larından yapılacak alışverişlerde 4 taksit imkanı sunulacaktır. Kampanyadan Dünya Katılım P …;;;
dunya-katilim--kampanyalar-twist;dunya-katilim;hedef_kitle;;;;;Anasayfa Kampanyalar Twist Twist'te 4 Taksit Fırsatı! Dünya Katılım Paraf ile Twist mağazaları ve www.twist.com.tr 'de Paraf POS'larından yapılacak alışverişlerde 4 taksit imkanı sunulacaktır. Kampanyadan Dünya Katılım P …;;;
hayat-finans--kampanyalar-biz-kart-yemek-harcamasi-nakit-iade-kampanyasi;hayat-finans;kar_payi_orani;;;;;Biz Kart ile Yemek Harcamalarına 1.000 TL'ye Varan Nakit İade! Yakınlarınıza verdiğiniz Biz Kart ile yemek sektöründe yapılan harcamaların %10'una kadar nakit iade kazanın. Kampanya kapsamında günlük en fazla 100 TL, ayl …;;;
hayat-finans--kampanyalar-biz-kart-yemek-harcamasi-nakit-iade-kampanyasi;hayat-finans;finansman_tutari;;;;;Biz Kart ile Yemek Harcamalarına 1.000 TL'ye Varan Nakit İade! Yakınlarınıza verdiğiniz Biz Kart ile yemek sektöründe yapılan harcamaların %10'una kadar nakit iade kazanın. Kampanya kapsamında günlük en fazla 100 TL, ayl …;;;
hayat-finans--kampanyalar-biz-kart-yemek-harcamasi-nakit-iade-kampanyasi;hayat-finans;vade_ay;;;;;Biz Kart ile Yemek Harcamalarına 1.000 TL'ye Varan Nakit İade! Yakınlarınıza verdiğiniz Biz Kart ile yemek sektöründe yapılan harcamaların %10'una kadar nakit iade kazanın. Kampanya kapsamında günlük en fazla 100 TL, ayl …;;;
hayat-finans--kampanyalar-biz-kart-yemek-harcamasi-nakit-iade-kampanyasi;hayat-finans;taksit_sayisi;;;;;Biz Kart ile Yemek Harcamalarına 1.000 TL'ye Varan Nakit İade! Yakınlarınıza verdiğiniz Biz Kart ile yemek sektöründe yapılan harcamaların %10'una kadar nakit iade kazanın. Kampanya kapsamında günlük en fazla 100 TL, ayl …;;;
hayat-finans--kampanyalar-biz-kart-yemek-harcamasi-nakit-iade-kampanyasi;hayat-finans;tahsis_ucreti;;;;;Biz Kart ile Yemek Harcamalarına 1.000 TL'ye Varan Nakit İade! Yakınlarınıza verdiğiniz Biz Kart ile yemek sektöründe yapılan harcamaların %10'una kadar nakit iade kazanın. Kampanya kapsamında günlük en fazla 100 TL, ayl …;;;
hayat-finans--kampanyalar-biz-kart-yemek-harcamasi-nakit-iade-kampanyasi;hayat-finans;masraf_durumu;;;;;Biz Kart ile Yemek Harcamalarına 1.000 TL'ye Varan Nakit İade! Yakınlarınıza verdiğiniz Biz Kart ile yemek sektöründe yapılan harcamaların %10'una kadar nakit iade kazanın. Kampanya kapsamında günlük en fazla 100 TL, ayl …;;;
hayat-finans--kampanyalar-biz-kart-yemek-harcamasi-nakit-iade-kampanyasi;hayat-finans;indirim_orani;;;;;Biz Kart ile Yemek Harcamalarına 1.000 TL'ye Varan Nakit İade! Yakınlarınıza verdiğiniz Biz Kart ile yemek sektöründe yapılan harcamaların %10'una kadar nakit iade kazanın. Kampanya kapsamında günlük en fazla 100 TL, ayl …;;;
hayat-finans--kampanyalar-biz-kart-yemek-harcamasi-nakit-iade-kampanyasi;hayat-finans;alisveris_puani;;;;;Biz Kart ile Yemek Harcamalarına 1.000 TL'ye Varan Nakit İade! Yakınlarınıza verdiğiniz Biz Kart ile yemek sektöründe yapılan harcamaların %10'una kadar nakit iade kazanın. Kampanya kapsamında günlük en fazla 100 TL, ayl …;;;
hayat-finans--kampanyalar-xiaomi-urunlerinde-finansman-avantaji;hayat-finans;kar_payi_orani;;;;;Xiaomi Ürünlerinde Finansman Avantajı Hayat Finanslılara özel Xiaomi mağazalarında 3 aya varan taksit fırsatı Bana Bunu Al İş Ortağımda! Kampanya Koşulları Kampanya 31 Temmuz 2026 tarihine kadar geçerlidir. Kampanya sade …;;;
hayat-finans--kampanyalar-xiaomi-urunlerinde-finansman-avantaji;hayat-finans;taksit_sayisi;;;;;Xiaomi Ürünlerinde Finansman Avantajı Hayat Finanslılara özel Xiaomi mağazalarında 3 aya varan taksit fırsatı Bana Bunu Al İş Ortağımda! Kampanya Koşulları Kampanya 31 Temmuz 2026 tarihine kadar geçerlidir. Kampanya sade …;;;
hayat-finans--kampanyalar-xiaomi-urunlerinde-finansman-avantaji;hayat-finans;tahsis_ucreti;;;;;Xiaomi Ürünlerinde Finansman Avantajı Hayat Finanslılara özel Xiaomi mağazalarında 3 aya varan taksit fırsatı Bana Bunu Al İş Ortağımda! Kampanya Koşulları Kampanya 31 Temmuz 2026 tarihine kadar geçerlidir. Kampanya sade …;;;
hayat-finans--kampanyalar-xiaomi-urunlerinde-finansman-avantaji;hayat-finans;masraf_durumu;;;;;Xiaomi Ürünlerinde Finansman Avantajı Hayat Finanslılara özel Xiaomi mağazalarında 3 aya varan taksit fırsatı Bana Bunu Al İş Ortağımda! Kampanya Koşulları Kampanya 31 Temmuz 2026 tarihine kadar geçerlidir. Kampanya sade …;;;
hayat-finans--kampanyalar-xiaomi-urunlerinde-finansman-avantaji;hayat-finans;odul_miktari;;;;;Xiaomi Ürünlerinde Finansman Avantajı Hayat Finanslılara özel Xiaomi mağazalarında 3 aya varan taksit fırsatı Bana Bunu Al İş Ortağımda! Kampanya Koşulları Kampanya 31 Temmuz 2026 tarihine kadar geçerlidir. Kampanya sade …;;;
hayat-finans--kampanyalar-xiaomi-urunlerinde-finansman-avantaji;hayat-finans;indirim_orani;;;;;Xiaomi Ürünlerinde Finansman Avantajı Hayat Finanslılara özel Xiaomi mağazalarında 3 aya varan taksit fırsatı Bana Bunu Al İş Ortağımda! Kampanya Koşulları Kampanya 31 Temmuz 2026 tarihine kadar geçerlidir. Kampanya sade …;;;
hayat-finans--kampanyalar-xiaomi-urunlerinde-finansman-avantaji;hayat-finans;alisveris_puani;;;;;Xiaomi Ürünlerinde Finansman Avantajı Hayat Finanslılara özel Xiaomi mağazalarında 3 aya varan taksit fırsatı Bana Bunu Al İş Ortağımda! Kampanya Koşulları Kampanya 31 Temmuz 2026 tarihine kadar geçerlidir. Kampanya sade …;;;
hayat-finans--kampanyalar-xiaomi-urunlerinde-finansman-avantaji;hayat-finans;hedef_kitle;;;;;Xiaomi Ürünlerinde Finansman Avantajı Hayat Finanslılara özel Xiaomi mağazalarında 3 aya varan taksit fırsatı Bana Bunu Al İş Ortağımda! Kampanya Koşulları Kampanya 31 Temmuz 2026 tarihine kadar geçerlidir. Kampanya sade …;;;
kuveyt-turk--kampanya-arsivi-arac-finansmanina-ucretsiz-hgs-etiketi-kuveyt-turkte;kuveyt-turk;kar_payi_orani;;;;;Ana Sayfa Kampanyalar Kampanya Arşivi Araç Finansmanına Ücretsiz HGS Etiketi Kuveyt Türk'te! Kuveyt Türk'ten araç finansmanı kullanın, ücretsiz HGS etiketi fırsatını yakalayın! Kampanya Tarihleri 1.04.2025 - 31.12.2025 K …;;;
kuveyt-turk--kampanya-arsivi-arac-finansmanina-ucretsiz-hgs-etiketi-kuveyt-turkte;kuveyt-turk;finansman_tutari;;;;;Ana Sayfa Kampanyalar Kampanya Arşivi Araç Finansmanına Ücretsiz HGS Etiketi Kuveyt Türk'te! Kuveyt Türk'ten araç finansmanı kullanın, ücretsiz HGS etiketi fırsatını yakalayın! Kampanya Tarihleri 1.04.2025 - 31.12.2025 K …;;;
kuveyt-turk--kampanya-arsivi-arac-finansmanina-ucretsiz-hgs-etiketi-kuveyt-turkte;kuveyt-turk;vade_ay;;;;;Ana Sayfa Kampanyalar Kampanya Arşivi Araç Finansmanına Ücretsiz HGS Etiketi Kuveyt Türk'te! Kuveyt Türk'ten araç finansmanı kullanın, ücretsiz HGS etiketi fırsatını yakalayın! Kampanya Tarihleri 1.04.2025 - 31.12.2025 K …;;;
kuveyt-turk--kampanya-arsivi-arac-finansmanina-ucretsiz-hgs-etiketi-kuveyt-turkte;kuveyt-turk;taksit_sayisi;;;;;Ana Sayfa Kampanyalar Kampanya Arşivi Araç Finansmanına Ücretsiz HGS Etiketi Kuveyt Türk'te! Kuveyt Türk'ten araç finansmanı kullanın, ücretsiz HGS etiketi fırsatını yakalayın! Kampanya Tarihleri 1.04.2025 - 31.12.2025 K …;;;
kuveyt-turk--kampanya-arsivi-arac-finansmanina-ucretsiz-hgs-etiketi-kuveyt-turkte;kuveyt-turk;tahsis_ucreti;;;;;Ana Sayfa Kampanyalar Kampanya Arşivi Araç Finansmanına Ücretsiz HGS Etiketi Kuveyt Türk'te! Kuveyt Türk'ten araç finansmanı kullanın, ücretsiz HGS etiketi fırsatını yakalayın! Kampanya Tarihleri 1.04.2025 - 31.12.2025 K …;;;
kuveyt-turk--kampanya-arsivi-arac-finansmanina-ucretsiz-hgs-etiketi-kuveyt-turkte;kuveyt-turk;odul_miktari;;;;;Ana Sayfa Kampanyalar Kampanya Arşivi Araç Finansmanına Ücretsiz HGS Etiketi Kuveyt Türk'te! Kuveyt Türk'ten araç finansmanı kullanın, ücretsiz HGS etiketi fırsatını yakalayın! Kampanya Tarihleri 1.04.2025 - 31.12.2025 K …;;;
kuveyt-turk--kampanya-arsivi-arac-finansmanina-ucretsiz-hgs-etiketi-kuveyt-turkte;kuveyt-turk;indirim_orani;;;;;Ana Sayfa Kampanyalar Kampanya Arşivi Araç Finansmanına Ücretsiz HGS Etiketi Kuveyt Türk'te! Kuveyt Türk'ten araç finansmanı kullanın, ücretsiz HGS etiketi fırsatını yakalayın! Kampanya Tarihleri 1.04.2025 - 31.12.2025 K …;;;
kuveyt-turk--kampanya-arsivi-arac-finansmanina-ucretsiz-hgs-etiketi-kuveyt-turkte;kuveyt-turk;alisveris_puani;;;;;Ana Sayfa Kampanyalar Kampanya Arşivi Araç Finansmanına Ücretsiz HGS Etiketi Kuveyt Türk'te! Kuveyt Türk'ten araç finansmanı kullanın, ücretsiz HGS etiketi fırsatını yakalayın! Kampanya Tarihleri 1.04.2025 - 31.12.2025 K …;;;
kuveyt-turk--kampanya-arsivi-arac-finansmanina-ucretsiz-hgs-etiketi-kuveyt-turkte;kuveyt-turk;hedef_kitle;;;;;Ana Sayfa Kampanyalar Kampanya Arşivi Araç Finansmanına Ücretsiz HGS Etiketi Kuveyt Türk'te! Kuveyt Türk'ten araç finansmanı kullanın, ücretsiz HGS etiketi fırsatını yakalayın! Kampanya Tarihleri 1.04.2025 - 31.12.2025 K …;;;
kuveyt-turk--kampanya-arsivi-babalar-gunu-hediyenize-1000-tl-nakit-iade;kuveyt-turk;kar_payi_orani;;;;;Ana Sayfa Kampanyalar Kampanya Arşivi Babalar Günü Hediyenize 1.000 TL Nakit İade! Kuveyt Türk Mobil'den müşterimiz olun, Sağlam Nakit Kart'la e-ticaret alışverişlerinizden kazançlı çıkın. Kampanya Tarihleri 18.06.2026 - …;;;
kuveyt-turk--kampanya-arsivi-babalar-gunu-hediyenize-1000-tl-nakit-iade;kuveyt-turk;finansman_tutari;;;;;Ana Sayfa Kampanyalar Kampanya Arşivi Babalar Günü Hediyenize 1.000 TL Nakit İade! Kuveyt Türk Mobil'den müşterimiz olun, Sağlam Nakit Kart'la e-ticaret alışverişlerinizden kazançlı çıkın. Kampanya Tarihleri 18.06.2026 - …;;;
kuveyt-turk--kampanya-arsivi-babalar-gunu-hediyenize-1000-tl-nakit-iade;kuveyt-turk;vade_ay;;;;;Ana Sayfa Kampanyalar Kampanya Arşivi Babalar Günü Hediyenize 1.000 TL Nakit İade! Kuveyt Türk Mobil'den müşterimiz olun, Sağlam Nakit Kart'la e-ticaret alışverişlerinizden kazançlı çıkın. Kampanya Tarihleri 18.06.2026 - …;;;
kuveyt-turk--kampanya-arsivi-babalar-gunu-hediyenize-1000-tl-nakit-iade;kuveyt-turk;taksit_sayisi;;;;;Ana Sayfa Kampanyalar Kampanya Arşivi Babalar Günü Hediyenize 1.000 TL Nakit İade! Kuveyt Türk Mobil'den müşterimiz olun, Sağlam Nakit Kart'la e-ticaret alışverişlerinizden kazançlı çıkın. Kampanya Tarihleri 18.06.2026 - …;;;
kuveyt-turk--kampanya-arsivi-babalar-gunu-hediyenize-1000-tl-nakit-iade;kuveyt-turk;tahsis_ucreti;;;;;Ana Sayfa Kampanyalar Kampanya Arşivi Babalar Günü Hediyenize 1.000 TL Nakit İade! Kuveyt Türk Mobil'den müşterimiz olun, Sağlam Nakit Kart'la e-ticaret alışverişlerinizden kazançlı çıkın. Kampanya Tarihleri 18.06.2026 - …;;;
kuveyt-turk--kampanya-arsivi-babalar-gunu-hediyenize-1000-tl-nakit-iade;kuveyt-turk;masraf_durumu;;;;;Ana Sayfa Kampanyalar Kampanya Arşivi Babalar Günü Hediyenize 1.000 TL Nakit İade! Kuveyt Türk Mobil'den müşterimiz olun, Sağlam Nakit Kart'la e-ticaret alışverişlerinizden kazançlı çıkın. Kampanya Tarihleri 18.06.2026 - …;;;
kuveyt-turk--kampanya-arsivi-babalar-gunu-hediyenize-1000-tl-nakit-iade;kuveyt-turk;indirim_orani;;;;;Ana Sayfa Kampanyalar Kampanya Arşivi Babalar Günü Hediyenize 1.000 TL Nakit İade! Kuveyt Türk Mobil'den müşterimiz olun, Sağlam Nakit Kart'la e-ticaret alışverişlerinizden kazançlı çıkın. Kampanya Tarihleri 18.06.2026 - …;;;
kuveyt-turk--kampanya-arsivi-babalar-gunu-hediyenize-1000-tl-nakit-iade;kuveyt-turk;alisveris_puani;;;;;Ana Sayfa Kampanyalar Kampanya Arşivi Babalar Günü Hediyenize 1.000 TL Nakit İade! Kuveyt Türk Mobil'den müşterimiz olun, Sağlam Nakit Kart'la e-ticaret alışverişlerinizden kazançlı çıkın. Kampanya Tarihleri 18.06.2026 - …;;;
kuveyt-turk--kampanya-arsivi-babalar-gunu-hediyenize-1000-tl-nakit-iade;kuveyt-turk;hedef_kitle;;;;;Ana Sayfa Kampanyalar Kampanya Arşivi Babalar Günü Hediyenize 1.000 TL Nakit İade! Kuveyt Türk Mobil'den müşterimiz olun, Sağlam Nakit Kart'la e-ticaret alışverişlerinizden kazançlı çıkın. Kampanya Tarihleri 18.06.2026 - …;;;
kuveyt-turk--konut;kuveyt-turk;finansman_tutari;;;;;Konut Finansmanı Kampanyası. Kuveyt Türk ile hayalinizdeki eve kavuşun. Konut finansmanında kâr payı oranı %1,89'dan başlayan oranlarla, 120 aya kadar vade imkânı. Tahsis ücreti 750 TL. Kampanya 31.12.2026 tarihine kadar …;;;
kuveyt-turk--konut;kuveyt-turk;taksit_sayisi;;;;;Konut Finansmanı Kampanyası. Kuveyt Türk ile hayalinizdeki eve kavuşun. Konut finansmanında kâr payı oranı %1,89'dan başlayan oranlarla, 120 aya kadar vade imkânı. Tahsis ücreti 750 TL. Kampanya 31.12.2026 tarihine kadar …;;;
kuveyt-turk--konut;kuveyt-turk;odul_miktari;;;;;Konut Finansmanı Kampanyası. Kuveyt Türk ile hayalinizdeki eve kavuşun. Konut finansmanında kâr payı oranı %1,89'dan başlayan oranlarla, 120 aya kadar vade imkânı. Tahsis ücreti 750 TL. Kampanya 31.12.2026 tarihine kadar …;;;
kuveyt-turk--konut;kuveyt-turk;indirim_orani;;;;;Konut Finansmanı Kampanyası. Kuveyt Türk ile hayalinizdeki eve kavuşun. Konut finansmanında kâr payı oranı %1,89'dan başlayan oranlarla, 120 aya kadar vade imkânı. Tahsis ücreti 750 TL. Kampanya 31.12.2026 tarihine kadar …;;;
kuveyt-turk--konut;kuveyt-turk;alisveris_puani;;;;;Konut Finansmanı Kampanyası. Kuveyt Türk ile hayalinizdeki eve kavuşun. Konut finansmanında kâr payı oranı %1,89'dan başlayan oranlarla, 120 aya kadar vade imkânı. Tahsis ücreti 750 TL. Kampanya 31.12.2026 tarihine kadar …;;;
kuveyt-turk--konut;kuveyt-turk;kampanya_kosullari;;;;;Konut Finansmanı Kampanyası. Kuveyt Türk ile hayalinizdeki eve kavuşun. Konut finansmanında kâr payı oranı %1,89'dan başlayan oranlarla, 120 aya kadar vade imkânı. Tahsis ücreti 750 TL. Kampanya 31.12.2026 tarihine kadar …;;;
kuveyt-turk--konut;kuveyt-turk;hedef_kitle;;;;;Konut Finansmanı Kampanyası. Kuveyt Türk ile hayalinizdeki eve kavuşun. Konut finansmanında kâr payı oranı %1,89'dan başlayan oranlarla, 120 aya kadar vade imkânı. Tahsis ücreti 750 TL. Kampanya 31.12.2026 tarihine kadar …;;;
turkiye-emlak-katilim--kampanya-emlak-katilim-paraftan-tabii-premium-uyeligi-hediye;turkiye-emlak-katilim;kar_payi_orani;;;;;Türkiye Emlak Katılım Bankası A.Ş. internet sitesini ziyaretiniz esnasında kullanılabilecek çerezler ve benzeri teknolojiler hakkında bilgi vermek amacıyla işbu Çerez Politikası'nı hazırlanmıştır. Ana sayfa Bireysel Kamp …;;;
turkiye-emlak-katilim--kampanya-emlak-katilim-paraftan-tabii-premium-uyeligi-hediye;turkiye-emlak-katilim;finansman_tutari;;;;;Türkiye Emlak Katılım Bankası A.Ş. internet sitesini ziyaretiniz esnasında kullanılabilecek çerezler ve benzeri teknolojiler hakkında bilgi vermek amacıyla işbu Çerez Politikası'nı hazırlanmıştır. Ana sayfa Bireysel Kamp …;;;
turkiye-emlak-katilim--kampanya-emlak-katilim-paraftan-tabii-premium-uyeligi-hediye;turkiye-emlak-katilim;vade_ay;;;;;Türkiye Emlak Katılım Bankası A.Ş. internet sitesini ziyaretiniz esnasında kullanılabilecek çerezler ve benzeri teknolojiler hakkında bilgi vermek amacıyla işbu Çerez Politikası'nı hazırlanmıştır. Ana sayfa Bireysel Kamp …;;;
turkiye-emlak-katilim--kampanya-emlak-katilim-paraftan-tabii-premium-uyeligi-hediye;turkiye-emlak-katilim;taksit_sayisi;;;;;Türkiye Emlak Katılım Bankası A.Ş. internet sitesini ziyaretiniz esnasında kullanılabilecek çerezler ve benzeri teknolojiler hakkında bilgi vermek amacıyla işbu Çerez Politikası'nı hazırlanmıştır. Ana sayfa Bireysel Kamp …;;;
turkiye-emlak-katilim--kampanya-emlak-katilim-paraftan-tabii-premium-uyeligi-hediye;turkiye-emlak-katilim;tahsis_ucreti;;;;;Türkiye Emlak Katılım Bankası A.Ş. internet sitesini ziyaretiniz esnasında kullanılabilecek çerezler ve benzeri teknolojiler hakkında bilgi vermek amacıyla işbu Çerez Politikası'nı hazırlanmıştır. Ana sayfa Bireysel Kamp …;;;
turkiye-emlak-katilim--kampanya-emlak-katilim-paraftan-tabii-premium-uyeligi-hediye;turkiye-emlak-katilim;odul_miktari;;;;;Türkiye Emlak Katılım Bankası A.Ş. internet sitesini ziyaretiniz esnasında kullanılabilecek çerezler ve benzeri teknolojiler hakkında bilgi vermek amacıyla işbu Çerez Politikası'nı hazırlanmıştır. Ana sayfa Bireysel Kamp …;;;
turkiye-emlak-katilim--kampanya-emlak-katilim-paraftan-tabii-premium-uyeligi-hediye;turkiye-emlak-katilim;indirim_orani;;;;;Türkiye Emlak Katılım Bankası A.Ş. internet sitesini ziyaretiniz esnasında kullanılabilecek çerezler ve benzeri teknolojiler hakkında bilgi vermek amacıyla işbu Çerez Politikası'nı hazırlanmıştır. Ana sayfa Bireysel Kamp …;;;
turkiye-emlak-katilim--kampanya-emlak-katilim-paraftan-tabii-premium-uyeligi-hediye;turkiye-emlak-katilim;alisveris_puani;;;;;Türkiye Emlak Katılım Bankası A.Ş. internet sitesini ziyaretiniz esnasında kullanılabilecek çerezler ve benzeri teknolojiler hakkında bilgi vermek amacıyla işbu Çerez Politikası'nı hazırlanmıştır. Ana sayfa Bireysel Kamp …;;;
turkiye-emlak-katilim--kampanya-emlak-katilim-paraftan-tabii-premium-uyeligi-hediye;turkiye-emlak-katilim;hedef_kitle;;;;;Türkiye Emlak Katılım Bankası A.Ş. internet sitesini ziyaretiniz esnasında kullanılabilecek çerezler ve benzeri teknolojiler hakkında bilgi vermek amacıyla işbu Çerez Politikası'nı hazırlanmıştır. Ana sayfa Bireysel Kamp …;;;
turkiye-emlak-katilim--kampanya-enterprise-arac-kiralamalarinda-35-indirim-firsati;turkiye-emlak-katilim;kar_payi_orani;;;;;Türkiye Emlak Katılım Bankası A.Ş. internet sitesini ziyaretiniz esnasında kullanılabilecek çerezler ve benzeri teknolojiler hakkında bilgi vermek amacıyla işbu Çerez Politikası'nı hazırlanmıştır. Ana sayfa Bireysel Kamp …;;;
turkiye-emlak-katilim--kampanya-enterprise-arac-kiralamalarinda-35-indirim-firsati;turkiye-emlak-katilim;finansman_tutari;;;;;Türkiye Emlak Katılım Bankası A.Ş. internet sitesini ziyaretiniz esnasında kullanılabilecek çerezler ve benzeri teknolojiler hakkında bilgi vermek amacıyla işbu Çerez Politikası'nı hazırlanmıştır. Ana sayfa Bireysel Kamp …;;;
turkiye-emlak-katilim--kampanya-enterprise-arac-kiralamalarinda-35-indirim-firsati;turkiye-emlak-katilim;vade_ay;;;;;Türkiye Emlak Katılım Bankası A.Ş. internet sitesini ziyaretiniz esnasında kullanılabilecek çerezler ve benzeri teknolojiler hakkında bilgi vermek amacıyla işbu Çerez Politikası'nı hazırlanmıştır. Ana sayfa Bireysel Kamp …;;;
turkiye-emlak-katilim--kampanya-enterprise-arac-kiralamalarinda-35-indirim-firsati;turkiye-emlak-katilim;taksit_sayisi;;;;;Türkiye Emlak Katılım Bankası A.Ş. internet sitesini ziyaretiniz esnasında kullanılabilecek çerezler ve benzeri teknolojiler hakkında bilgi vermek amacıyla işbu Çerez Politikası'nı hazırlanmıştır. Ana sayfa Bireysel Kamp …;;;
turkiye-emlak-katilim--kampanya-enterprise-arac-kiralamalarinda-35-indirim-firsati;turkiye-emlak-katilim;tahsis_ucreti;;;;;Türkiye Emlak Katılım Bankası A.Ş. internet sitesini ziyaretiniz esnasında kullanılabilecek çerezler ve benzeri teknolojiler hakkında bilgi vermek amacıyla işbu Çerez Politikası'nı hazırlanmıştır. Ana sayfa Bireysel Kamp …;;;
turkiye-emlak-katilim--kampanya-enterprise-arac-kiralamalarinda-35-indirim-firsati;turkiye-emlak-katilim;masraf_durumu;;;;;Türkiye Emlak Katılım Bankası A.Ş. internet sitesini ziyaretiniz esnasında kullanılabilecek çerezler ve benzeri teknolojiler hakkında bilgi vermek amacıyla işbu Çerez Politikası'nı hazırlanmıştır. Ana sayfa Bireysel Kamp …;;;
turkiye-emlak-katilim--kampanya-enterprise-arac-kiralamalarinda-35-indirim-firsati;turkiye-emlak-katilim;odul_miktari;;;;;Türkiye Emlak Katılım Bankası A.Ş. internet sitesini ziyaretiniz esnasında kullanılabilecek çerezler ve benzeri teknolojiler hakkında bilgi vermek amacıyla işbu Çerez Politikası'nı hazırlanmıştır. Ana sayfa Bireysel Kamp …;;;
turkiye-emlak-katilim--kampanya-enterprise-arac-kiralamalarinda-35-indirim-firsati;turkiye-emlak-katilim;alisveris_puani;;;;;Türkiye Emlak Katılım Bankası A.Ş. internet sitesini ziyaretiniz esnasında kullanılabilecek çerezler ve benzeri teknolojiler hakkında bilgi vermek amacıyla işbu Çerez Politikası'nı hazırlanmıştır. Ana sayfa Bireysel Kamp …;;;
turkiye-emlak-katilim--kampanya-enterprise-arac-kiralamalarinda-35-indirim-firsati;turkiye-emlak-katilim;hedef_kitle;;;;;Türkiye Emlak Katılım Bankası A.Ş. internet sitesini ziyaretiniz esnasında kullanılabilecek çerezler ve benzeri teknolojiler hakkında bilgi vermek amacıyla işbu Çerez Politikası'nı hazırlanmıştır. Ana sayfa Bireysel Kamp …;;;
turkiye-emlak-katilim--kampanya-mobilya-dekorasyon-ve-yapi-marketi-alisverisinize-4000-tlye-varan-paraf;turkiye-emlak-katilim;kar_payi_orani;;;;;Türkiye Emlak Katılım Bankası A.Ş. internet sitesini ziyaretiniz esnasında kullanılabilecek çerezler ve benzeri teknolojiler hakkında bilgi vermek amacıyla işbu Çerez Politikası'nı hazırlanmıştır. Ana sayfa Bireysel Kamp …;;;
turkiye-emlak-katilim--kampanya-mobilya-dekorasyon-ve-yapi-marketi-alisverisinize-4000-tlye-varan-paraf;turkiye-emlak-katilim;vade_ay;;;;;Türkiye Emlak Katılım Bankası A.Ş. internet sitesini ziyaretiniz esnasında kullanılabilecek çerezler ve benzeri teknolojiler hakkında bilgi vermek amacıyla işbu Çerez Politikası'nı hazırlanmıştır. Ana sayfa Bireysel Kamp …;;;
turkiye-emlak-katilim--kampanya-mobilya-dekorasyon-ve-yapi-marketi-alisverisinize-4000-tlye-varan-paraf;turkiye-emlak-katilim;taksit_sayisi;;;;;Türkiye Emlak Katılım Bankası A.Ş. internet sitesini ziyaretiniz esnasında kullanılabilecek çerezler ve benzeri teknolojiler hakkında bilgi vermek amacıyla işbu Çerez Politikası'nı hazırlanmıştır. Ana sayfa Bireysel Kamp …;;;
turkiye-emlak-katilim--kampanya-mobilya-dekorasyon-ve-yapi-marketi-alisverisinize-4000-tlye-varan-paraf;turkiye-emlak-katilim;tahsis_ucreti;;;;;Türkiye Emlak Katılım Bankası A.Ş. internet sitesini ziyaretiniz esnasında kullanılabilecek çerezler ve benzeri teknolojiler hakkında bilgi vermek amacıyla işbu Çerez Politikası'nı hazırlanmıştır. Ana sayfa Bireysel Kamp …;;;
turkiye-emlak-katilim--kampanya-mobilya-dekorasyon-ve-yapi-marketi-alisverisinize-4000-tlye-varan-paraf;turkiye-emlak-katilim;indirim_orani;;;;;Türkiye Emlak Katılım Bankası A.Ş. internet sitesini ziyaretiniz esnasında kullanılabilecek çerezler ve benzeri teknolojiler hakkında bilgi vermek amacıyla işbu Çerez Politikası'nı hazırlanmıştır. Ana sayfa Bireysel Kamp …;;;
turkiye-emlak-katilim--kampanya-mobilya-dekorasyon-ve-yapi-marketi-alisverisinize-4000-tlye-varan-paraf;turkiye-emlak-katilim;alisveris_puani;;;;;Türkiye Emlak Katılım Bankası A.Ş. internet sitesini ziyaretiniz esnasında kullanılabilecek çerezler ve benzeri teknolojiler hakkında bilgi vermek amacıyla işbu Çerez Politikası'nı hazırlanmıştır. Ana sayfa Bireysel Kamp …;;;
turkiye-emlak-katilim--kampanya-mobilya-dekorasyon-ve-yapi-marketi-alisverisinize-4000-tlye-varan-paraf;turkiye-emlak-katilim;hedef_kitle;;;;;Türkiye Emlak Katılım Bankası A.Ş. internet sitesini ziyaretiniz esnasında kullanılabilecek çerezler ve benzeri teknolojiler hakkında bilgi vermek amacıyla işbu Çerez Politikası'nı hazırlanmıştır. Ana sayfa Bireysel Kamp …;;;
turkiye-emlak-katilim--kampanya-paraf-ile-adv-magazalarinda-1000-tl-parafpara;turkiye-emlak-katilim;kar_payi_orani;;;;;Türkiye Emlak Katılım Bankası A.Ş. internet sitesini ziyaretiniz esnasında kullanılabilecek çerezler ve benzeri teknolojiler hakkında bilgi vermek amacıyla işbu Çerez Politikası'nı hazırlanmıştır. Ana sayfa Bireysel Kamp …;;;
turkiye-emlak-katilim--kampanya-paraf-ile-adv-magazalarinda-1000-tl-parafpara;turkiye-emlak-katilim;finansman_tutari;;;;;Türkiye Emlak Katılım Bankası A.Ş. internet sitesini ziyaretiniz esnasında kullanılabilecek çerezler ve benzeri teknolojiler hakkında bilgi vermek amacıyla işbu Çerez Politikası'nı hazırlanmıştır. Ana sayfa Bireysel Kamp …;;;
turkiye-emlak-katilim--kampanya-paraf-ile-adv-magazalarinda-1000-tl-parafpara;turkiye-emlak-katilim;vade_ay;;;;;Türkiye Emlak Katılım Bankası A.Ş. internet sitesini ziyaretiniz esnasında kullanılabilecek çerezler ve benzeri teknolojiler hakkında bilgi vermek amacıyla işbu Çerez Politikası'nı hazırlanmıştır. Ana sayfa Bireysel Kamp …;;;
turkiye-emlak-katilim--kampanya-paraf-ile-adv-magazalarinda-1000-tl-parafpara;turkiye-emlak-katilim;taksit_sayisi;;;;;Türkiye Emlak Katılım Bankası A.Ş. internet sitesini ziyaretiniz esnasında kullanılabilecek çerezler ve benzeri teknolojiler hakkında bilgi vermek amacıyla işbu Çerez Politikası'nı hazırlanmıştır. Ana sayfa Bireysel Kamp …;;;
turkiye-emlak-katilim--kampanya-paraf-ile-adv-magazalarinda-1000-tl-parafpara;turkiye-emlak-katilim;tahsis_ucreti;;;;;Türkiye Emlak Katılım Bankası A.Ş. internet sitesini ziyaretiniz esnasında kullanılabilecek çerezler ve benzeri teknolojiler hakkında bilgi vermek amacıyla işbu Çerez Politikası'nı hazırlanmıştır. Ana sayfa Bireysel Kamp …;;;
turkiye-emlak-katilim--kampanya-paraf-ile-adv-magazalarinda-1000-tl-parafpara;turkiye-emlak-katilim;indirim_orani;;;;;Türkiye Emlak Katılım Bankası A.Ş. internet sitesini ziyaretiniz esnasında kullanılabilecek çerezler ve benzeri teknolojiler hakkında bilgi vermek amacıyla işbu Çerez Politikası'nı hazırlanmıştır. Ana sayfa Bireysel Kamp …;;;
turkiye-emlak-katilim--kampanya-paraf-ile-adv-magazalarinda-1000-tl-parafpara;turkiye-emlak-katilim;alisveris_puani;;;;;Türkiye Emlak Katılım Bankası A.Ş. internet sitesini ziyaretiniz esnasında kullanılabilecek çerezler ve benzeri teknolojiler hakkında bilgi vermek amacıyla işbu Çerez Politikası'nı hazırlanmıştır. Ana sayfa Bireysel Kamp …;;;
turkiye-emlak-katilim--kampanya-paraf-ile-adv-magazalarinda-1000-tl-parafpara;turkiye-emlak-katilim;hedef_kitle;;;;;Türkiye Emlak Katılım Bankası A.Ş. internet sitesini ziyaretiniz esnasında kullanılabilecek çerezler ve benzeri teknolojiler hakkında bilgi vermek amacıyla işbu Çerez Politikası'nı hazırlanmıştır. Ana sayfa Bireysel Kamp …;;;
turkiye-emlak-katilim--kampanya-paraf-ile-hepsiburadada-pesin-fiyatina-9-aya-varan-taksit-firsati;turkiye-emlak-katilim;kar_payi_orani;;;;;Türkiye Emlak Katılım Bankası A.Ş. internet sitesini ziyaretiniz esnasında kullanılabilecek çerezler ve benzeri teknolojiler hakkında bilgi vermek amacıyla işbu Çerez Politikası'nı hazırlanmıştır. Ana sayfa Bireysel Kamp …;;;
turkiye-emlak-katilim--kampanya-paraf-ile-hepsiburadada-pesin-fiyatina-9-aya-varan-taksit-firsati;turkiye-emlak-katilim;finansman_tutari;;;;;Türkiye Emlak Katılım Bankası A.Ş. internet sitesini ziyaretiniz esnasında kullanılabilecek çerezler ve benzeri teknolojiler hakkında bilgi vermek amacıyla işbu Çerez Politikası'nı hazırlanmıştır. Ana sayfa Bireysel Kamp …;;;
turkiye-emlak-katilim--kampanya-paraf-ile-hepsiburadada-pesin-fiyatina-9-aya-varan-taksit-firsati;turkiye-emlak-katilim;tahsis_ucreti;;;;;Türkiye Emlak Katılım Bankası A.Ş. internet sitesini ziyaretiniz esnasında kullanılabilecek çerezler ve benzeri teknolojiler hakkında bilgi vermek amacıyla işbu Çerez Politikası'nı hazırlanmıştır. Ana sayfa Bireysel Kamp …;;;
turkiye-emlak-katilim--kampanya-paraf-ile-hepsiburadada-pesin-fiyatina-9-aya-varan-taksit-firsati;turkiye-emlak-katilim;masraf_durumu;;;;;Türkiye Emlak Katılım Bankası A.Ş. internet sitesini ziyaretiniz esnasında kullanılabilecek çerezler ve benzeri teknolojiler hakkında bilgi vermek amacıyla işbu Çerez Politikası'nı hazırlanmıştır. Ana sayfa Bireysel Kamp …;;;
turkiye-emlak-katilim--kampanya-paraf-ile-hepsiburadada-pesin-fiyatina-9-aya-varan-taksit-firsati;turkiye-emlak-katilim;odul_miktari;;;;;Türkiye Emlak Katılım Bankası A.Ş. internet sitesini ziyaretiniz esnasında kullanılabilecek çerezler ve benzeri teknolojiler hakkında bilgi vermek amacıyla işbu Çerez Politikası'nı hazırlanmıştır. Ana sayfa Bireysel Kamp …;;;
turkiye-emlak-katilim--kampanya-paraf-ile-hepsiburadada-pesin-fiyatina-9-aya-varan-taksit-firsati;turkiye-emlak-katilim;indirim_orani;;;;;Türkiye Emlak Katılım Bankası A.Ş. internet sitesini ziyaretiniz esnasında kullanılabilecek çerezler ve benzeri teknolojiler hakkında bilgi vermek amacıyla işbu Çerez Politikası'nı hazırlanmıştır. Ana sayfa Bireysel Kamp …;;;
turkiye-emlak-katilim--kampanya-paraf-ile-hepsiburadada-pesin-fiyatina-9-aya-varan-taksit-firsati;turkiye-emlak-katilim;alisveris_puani;;;;;Türkiye Emlak Katılım Bankası A.Ş. internet sitesini ziyaretiniz esnasında kullanılabilecek çerezler ve benzeri teknolojiler hakkında bilgi vermek amacıyla işbu Çerez Politikası'nı hazırlanmıştır. Ana sayfa Bireysel Kamp …;;;
turkiye-emlak-katilim--kampanya-paraf-ile-hepsiburadada-pesin-fiyatina-9-aya-varan-taksit-firsati;turkiye-emlak-katilim;hedef_kitle;;;;;Türkiye Emlak Katılım Bankası A.Ş. internet sitesini ziyaretiniz esnasında kullanılabilecek çerezler ve benzeri teknolojiler hakkında bilgi vermek amacıyla işbu Çerez Politikası'nı hazırlanmıştır. Ana sayfa Bireysel Kamp …;;;
